# OMNI 1-min, GSM, time-shifted to bow shock nose
# yr mo dy hr mn sc msec  Bx[nT] By[nT] Bz[nT]  Vx[km/s] Vy[km/s] Vz[km/s]  N[/cc] T[K]
#START
2015  3 16  0  2 00 000    2.150   -0.800    5.020   -309.70      1.10      9.00  20.380     43456.0
2015  3 16  0  3 00 000    3.460   -1.440    3.880   -304.00     -5.10      7.00  19.790     44798.0
2015  3 16  0  4 00 000    3.940   -2.410    3.810   -299.40     -1.60     10.40  17.980     44820.0
2015  3 16  0  5 00 000    3.920   -2.040    3.930   -297.90     -1.40     13.00  17.320     43555.0
2015  3 16  0  7 00 000    4.700   -2.210    2.970   -296.40      1.30     11.60  17.150     37994.0
2015  3 16  0  8 00 000    3.790   -2.380    3.530   -301.30      1.80     12.80  17.800     39894.0
2015  3 16  0  9 00 000    3.180   -2.340    4.130   -305.90      1.10     13.30  20.030     45357.0
2015  3 16  0 10 00 000    2.900   -1.730    4.700   -302.70     -1.50     11.40  22.640     49577.0
2015  3 16  0 11 00 000    2.690   -1.930    5.170   -310.80      3.40     10.20  19.250     40023.0
2015  3 16  0 12 00 000    3.530   -2.120    4.630   -309.90      1.70     11.10  18.980     40498.0
2015  3 16  0 13 00 000    2.560   -2.220    4.660   -307.80     -2.10     13.20  18.360     41584.0
2015  3 16  0 15 00 000    3.170   -2.380    5.170   -308.10     -0.80     14.20  19.670     41688.0
2015  3 16  0 16 00 000    3.710   -1.710    4.700   -308.10     -0.80     14.20  19.670     41688.0
2015  3 16  0 17 00 000    4.650   -3.130    4.860   -308.50     -1.10     14.40  19.930     41684.0
2015  3 16  0 18 00 000    2.990   -1.890    5.450   -313.70     -1.90     15.00  22.330     41688.0
2015  3 16  0 19 00 000    3.420   -5.840    1.270   -313.70     -4.70     16.80  21.600     41387.0
2015  3 16  0 20 00 000    3.170   -2.870    3.670   -312.60     -6.30     13.60  24.630     45795.0
2015  3 16  0 21 00 000    3.880   -2.950    2.520   -309.70     -0.40      9.40  21.860     48676.0
2015  3 16  0 22 00 000    3.990   -3.510    0.900   -301.20      3.70      7.90  19.770     48905.0
2015  3 16  0 23 00 000    2.260   -6.210   -3.900   -300.20      2.70     11.00  22.130     50629.0
2015  3 16  0 24 00 000    2.520   -4.470   -0.220   -318.60    -22.80     -0.70  25.440     50559.0
2015  3 16  0 25 00 000    3.660   -4.620    4.620   -313.80    -10.70     16.00  25.170     45534.0
2015  3 16  0 26 00 000    3.990   -6.280    3.890   -314.40     -4.20     27.90  25.040     40339.0
2015  3 16  0 27 00 000    3.760   -6.330    3.670   -314.80     -5.90     20.70  24.650     41892.0
2015  3 16  0 28 00 000    3.620   -5.170    4.780   -314.80     -9.20     24.00  23.380     37909.0
2015  3 16  0 29 00 000    2.830   -2.110    5.380   -311.70      4.80     12.20  19.830     42134.0
2015  3 16  0 30 00 000    2.860   -2.080    5.610   -311.60      1.40     19.70  21.410     42215.0
2015  3 16  0 31 00 000    4.510   -5.430    5.160   -311.60      4.20     14.80  21.340     43738.0
2015  3 16  0 32 00 000    3.870   -5.280    5.080   -314.50      2.20     14.60  23.000     42154.0
2015  3 16  0 33 00 000    4.020   -6.610    5.520   -319.20     -5.40     22.30  26.560     38359.0
2015  3 16  0 34 00 000    3.350   -5.160    4.750   -319.20     -5.40     22.30  26.560     38359.0
2015  3 16  0 35 00 000    3.890   -6.570    5.390   -318.20     -3.70     24.10  24.720     38237.0
2015  3 16  0 36 00 000    4.160   -6.230    6.280   -317.70     -3.80     26.40  25.140     36078.0
2015  3 16  0 37 00 000    3.230   -3.610    5.360   -317.30     -3.90     27.90  25.430     34616.0
2015  3 16  0 39 00 000    2.910   -0.210    1.570   -315.80     -4.10     25.30  25.130     34752.0
2015  3 16  0 40 00 000    4.650   -5.980    5.890   -320.50      8.60      8.30  30.020     44910.0
2015  3 16  0 41 00 000    3.660   -2.150    2.320   -323.10     15.50     -0.80  32.650     50356.0
2015  3 16  0 42 00 000    3.550   -2.150    2.700   -313.50     -3.70     24.80  24.240     32785.0
2015  3 16  0 43 00 000    3.560    0.240    0.260   -309.30     -2.90     17.60  22.210     38569.0
2015  3 16  0 44 00 000    4.030   -1.380    1.800   -305.60     -2.30     11.30  20.470     43551.0
2015  3 16  0 45 00 000    3.830    0.160    0.200   -313.20     -6.40     28.20  23.420     31810.0
2015  3 16  0 46 00 000    3.930   -1.720    2.880   -317.30     -0.20     18.60  26.480     37101.0
2015  3 16  0 47 00 000    4.100   -1.680    2.610   -325.50     12.10     -0.60  32.600     47621.0
2015  3 16  0 48 00 000    3.820    0.040    0.580   -313.10     -6.10     28.20  23.800     31313.0
2015  3 16  0 49 00 000    3.640   -1.480    1.910   -313.10     -6.10     28.20  23.800     31313.0
2015  3 16  0 50 00 000    4.160   -4.140    4.950   -315.80     -2.90     22.70  25.780     34066.0
2015  3 16  0 51 00 000    3.310   -2.710    3.980   -319.60      4.10     12.20  30.060     41526.0
2015  3 16  0 52 00 000    3.330   -2.880    3.240   -320.30     -0.60     15.50  29.960     41162.0
2015  3 16  0 53 00 000    3.390   -3.760    3.230   -324.60      7.00      7.30  31.920     44069.0
2015  3 16  0 54 00 000    3.130   -3.750    3.690   -322.30      2.80     13.30  31.800     45977.0
2015  3 16  0 55 00 000    2.440   -0.240   -0.890   -322.10      3.40     12.20  30.920     43882.0
2015  3 16  0 56 00 000    2.350    0.030    0.710   -325.90      8.40      6.10  32.170     45383.0
2015  3 16  0 57 00 000    2.660   -3.200    3.140   -325.20      3.60     10.40  34.980     48089.0
2015  3 16  0 58 00 000    1.820    3.350   -3.950   -327.40      9.20      5.30  31.810     47097.0
2015  3 16  0 59 00 000    2.140    1.570   -2.270   -328.40     11.80      2.90  30.290     46455.0
2015  3 16  1  0 00 000    2.050   -1.160   -1.660   -324.70     -2.40     12.10  33.740     43421.0
2015  3 16  1  1 00 000    2.490   -7.450    1.430   -324.50     -3.60     12.20  32.790     43032.0
2015  3 16  1  2 00 000    2.790    3.480    0.070   -318.10      9.00      9.40  31.690     45731.0
2015  3 16  1  3 00 000    5.130    5.670   -3.520   -313.40     19.80      7.20  31.920     48214.0
2015  3 16  1  6 00 000    5.350    3.960   -1.610   -322.80     14.40     -1.20  34.390     47908.0
2015  3 16  1  7 00 000    4.890    1.750   -0.460   -321.20     15.50     -0.00  35.370     46021.0
2015  3 16  1  8 00 000    3.280   -2.950   -0.530   -319.00      5.00     11.30  33.050     41182.0
2015  3 16  1  9 00 000    4.100   -2.990   -0.200   -322.20     -9.70     19.40  27.380     42390.0
2015  3 16  1 10 00 000    4.070    0.980   -1.040   -322.10     -3.20     14.90  28.720     51791.0
2015  3 16  1 11 00 000    3.320    0.320   -1.520   -319.60      9.60      8.40  33.720     48224.0
2015  3 16  1 12 00 000    3.410    1.800   -1.120   -317.30     21.10      2.50  38.230     45024.0
2015  3 16  1 14 00 000    3.630    0.580   -0.840   -317.10     21.40      1.30  37.530     43778.0
2015  3 16  1 15 00 000    4.110    1.090   -0.550   -319.40     20.20      0.80  36.740     44542.0
2015  3 16  1 16 00 000    3.820   -0.070    0.300   -328.10     15.80     -1.00  33.770     47398.0
2015  3 16  1 17 00 000    4.380    2.170   -0.680   -317.50     18.60      0.00  37.510     50696.0
2015  3 16  1 18 00 000    5.040    4.350   -0.920   -316.70     18.60      0.30  37.730     50995.0
2015  3 16  1 19 00 000    4.780    0.690    0.790   -325.40     -0.80     17.30  29.420     51757.0
2015  3 16  1 20 00 000    4.030   -0.140    0.410   -325.50     -0.90     17.40  29.350     51762.0
2015  3 16  1 21 00 000    4.970    4.350   -1.040   -319.00     20.50      2.80  33.340     42294.0
2015  3 16  1 22 00 000    3.600    0.590   -0.450   -319.00     20.50      2.80  33.340     42294.0
2015  3 16  1 24 00 000    5.820   -0.900    2.030   -326.60     13.10     -1.90  34.220     48831.0
2015  3 16  1 25 00 000    3.450   -4.130   -0.890   -325.20      4.40      5.00  30.980     49557.0
2015  3 16  1 26 00 000    3.200   -2.180    0.270   -323.00      1.80      4.40  29.560     47146.0
2015  3 16  1 27 00 000    3.710   -1.760   -0.140   -323.20     13.40      6.40  33.890     46749.0
2015  3 16  1 28 00 000    4.000   -2.180    0.090   -326.60      2.30      5.50  35.920     43551.0
2015  3 16  1 29 00 000    4.530   -0.480   -0.160   -322.80     16.50      8.20  32.230     42587.0
2015  3 16  1 30 00 000    4.760    1.660    0.500   -322.80     16.90      7.90  32.470     43284.0
2015  3 16  1 31 00 000    4.070    1.190    0.170   -323.10     20.80      0.60  37.640     57471.0
2015  3 16  1 32 00 000    4.010    0.970    0.040   -324.30     16.20     -0.40  36.630     50957.0
2015  3 16  1 33 00 000    3.510    1.430   -0.940   -318.90     24.90      4.20  38.690     47781.0
2015  3 16  1 34 00 000    4.090    1.090   -0.020   -322.40     14.40      4.00  38.400     49388.0
2015  3 16  1 35 00 000    2.560    0.070   -1.840   -326.40      6.00      2.20  37.210     45268.0
2015  3 16  1 36 00 000    2.960    0.160   -1.500   -328.60     10.10     -1.80  35.540     47879.0
2015  3 16  1 37 00 000    0.320    3.010   -3.210   -330.50     11.30     -3.20  36.600     42377.0
2015  3 16  1 38 00 000    2.200    1.340   -1.970   -328.80     10.50     -1.10  36.610     43645.0
2015  3 16  1 39 00 000    2.550    5.800   -2.640   -325.20     12.60      1.50  35.540     46510.0
2015  3 16  1 41 00 000    5.750    2.910    6.040   -319.30     25.10      8.60  38.620     50042.0
2015  3 16  1 42 00 000    5.330    2.730    6.090   -319.30     25.10      8.60  38.620     50042.0
2015  3 16  1 43 00 000    5.210    2.850    6.030   -321.00     25.80      8.30  38.300     47976.0
2015  3 16  1 44 00 000    5.150    2.820    6.360   -321.00     25.80      8.30  38.300     47976.0
2015  3 16  1 45 00 000    4.320    0.350    5.270   -321.00     25.80      8.30  38.300     47976.0
2015  3 16  1 46 00 000    4.820    1.670    7.050   -327.40     18.60      4.70  34.990     57654.0
2015  3 16  1 47 00 000    4.290    0.070    7.900   -327.40     18.60      4.70  34.990     57654.0
2015  3 16  1 48 00 000    4.540    0.330    7.280   -327.40     18.60      4.70  34.990     57654.0
2015  3 16  1 49 00 000    4.440    2.240    6.730   -323.90     24.70     10.90  35.700     42614.0
2015  3 16  1 50 00 000    4.240    2.290    6.530   -323.90     24.70     10.90  35.700     42614.0
2015  3 16  1 51 00 000    3.790    0.850    6.260   -323.90     24.70     10.90  35.700     42614.0
2015  3 16  1 53 00 000    3.870    0.410    5.880   -324.80     22.40     13.10  41.970     48146.0
2015  3 16  1 54 00 000    3.840    0.270    6.050   -324.80     22.40     13.10  41.970     48146.0
2015  3 16  1 57 00 000    3.790    3.740    5.860   -327.20     24.50      7.80  41.340     43583.0
2015  3 16  1 58 00 000    3.690    3.030    5.720   -327.20     24.50      7.80  41.340     43583.0
2015  3 16  1 59 00 000    3.580    2.800    5.600   -327.20     24.50      7.80  41.340     43583.0
2015  3 16  2  1 00 000    3.960    1.680    5.530   -325.30     26.00     11.30  43.640     47297.0
2015  3 16  2  2 00 000    3.970    2.340    5.710   -325.30     26.00     11.30  43.640     47297.0
2015  3 16  2  3 00 000    3.910    3.110    5.690   -325.30     26.00     11.30  43.640     47297.0
2015  3 16  2  5 00 000    3.320   -0.440    7.160   -326.50     19.20     17.00  40.200     48900.0
2015  3 16  2  6 00 000    3.900   -0.180    7.210   -327.20     18.00     15.70  40.590     51365.0
2015  3 16  2  7 00 000    3.260   -0.930    6.890   -328.10     17.60     14.20  42.240     51415.0
2015  3 16  2  8 00 000    2.690   -1.480    6.790   -328.60     18.20     13.10  43.520     49838.0
2015  3 16  2  9 00 000    2.690   -3.100    5.800   -329.60     20.10     11.10  43.830     48728.0
2015  3 16  2 10 00 000    2.690   -1.750    6.700   -330.50     16.70     11.40  44.550     49701.0
2015  3 16  2 11 00 000    2.850    0.720    6.450   -329.60     18.50     10.90  45.560     47282.0
2015  3 16  2 12 00 000    3.760    1.210    4.930   -328.50     20.70     10.00  47.050     45147.0
2015  3 16  2 13 00 000    3.970    4.090    2.440   -328.40     22.60      6.20  51.410     47771.0
2015  3 16  2 14 00 000    3.390    4.360    2.140   -329.80     23.30     -0.00  49.740     47523.0
2015  3 16  2 15 00 000    2.740    5.100    0.660   -330.30     23.60     -2.30  49.130     47432.0
2015  3 16  2 16 00 000    0.960    3.900   -1.660   -333.70     16.80      0.30  47.130     49764.0
2015  3 16  2 17 00 000    0.980    4.860   -2.320   -333.70     16.80      0.30  47.140     49742.0
2015  3 16  2 18 00 000    2.880    4.050    2.230   -332.20     18.40      5.40  49.710     42486.0
2015  3 16  2 19 00 000    2.850    4.330    2.000   -332.50     17.60      4.00  49.820     41990.0
2015  3 16  2 20 00 000    1.950    2.530    1.060   -333.00     16.60      2.20  49.950     41340.0
2015  3 16  2 21 00 000    3.680    1.960    4.070   -329.70     18.60      8.90  49.810     42564.0
2015  3 16  2 22 00 000    0.500    0.170    0.920   -330.40     17.80      9.30  49.220     41608.0
2015  3 16  2 23 00 000   -3.350    1.080   -6.890   -331.30     16.90     13.90  41.060     35584.0
2015  3 16  2 24 00 000   -3.200    3.700   -8.560   -330.40     18.00     15.80  37.610     34105.0
2015  3 16  2 25 00 000   -3.330    3.190   -8.140   -329.50     18.40     14.80  33.570     31145.0
2015  3 16  2 26 00 000   -3.470    2.410   -7.890   -329.60     18.40     14.60  33.070     31049.0
2015  3 16  2 27 00 000   -3.120    3.690   -8.450   -330.80     16.30     11.40  27.770     28303.0
2015  3 16  2 28 00 000   -2.230    5.070   -8.920   -331.00     15.90     10.90  27.020     27836.0
2015  3 16  2 35 00 000   -2.420    4.420   -9.180   -331.00     18.10      7.80  26.970     32564.0
2015  3 16  2 36 00 000   -2.010    4.520   -9.190   -331.00     18.10      7.80  26.970     32564.0
2015  3 16  2 37 00 000   -2.400    4.340   -8.760   -331.00     18.10      7.80  26.970     32564.0
2015  3 16  2 38 00 000   -3.010    3.690   -8.560   -329.70     18.30      9.40  24.670     28332.0
2015  3 16  2 39 00 000   -3.030    4.010   -8.620   -331.20     16.90      9.10  25.640     33857.0
2015  3 16  2 40 00 000   -3.100    3.700   -8.600   -331.90     16.10      8.90  26.100     36546.0
2015  3 16  2 41 00 000   -2.050    4.820   -7.360   -332.90     13.90      9.90  26.130     38359.0
2015  3 16  2 42 00 000   -1.250    5.730   -6.290   -332.90     13.90      9.90  26.130     38359.0
2015  3 16  2 43 00 000   -2.460    4.280   -7.690   -332.40     14.70      9.30  25.550     36642.0
2015  3 16  2 44 00 000   -0.890    6.880   -5.960   -334.90     12.10      5.00  26.530     35526.0
2015  3 16  2 45 00 000   -0.800    6.630   -5.710   -340.50      6.70     -5.50  30.990     34842.0
2015  3 16  2 46 00 000   -2.930    3.790   -5.850   -341.40      5.90     -5.90  29.310     33868.0
2015  3 16  2 48 00 000   -3.490   -0.880   -4.290   -338.20      9.60     -3.00  37.210     45090.0
2015  3 16  2 49 00 000   -3.870   -0.190   -4.230   -338.20      9.60     -3.00  37.210     45090.0
2015  3 16  2 50 00 000   -3.530    0.330   -4.230   -338.90     10.00     -2.20  37.430     45445.0
2015  3 16  2 51 00 000   -3.450    0.000   -3.890   -339.00     10.00     -2.10  37.460     45487.0
2015  3 16  2 57 00 000   -2.340    3.530   -4.520   -335.00     14.10      0.40  37.240     44081.0
2015  3 16  2 58 00 000   -2.180    3.580   -4.470   -338.20     13.20     -0.50  36.770     41304.0
2015  3 16  2 59 00 000   -2.830    2.260   -4.440   -338.70     12.00     -1.50  36.330     41281.0
2015  3 16  3  0 00 000   -2.240    2.890   -4.220   -338.60     11.50     -1.70  35.350     40174.0
2015  3 16  3  5 00 000   -2.400    3.390   -5.720   -343.30     10.80     -0.80  35.190     37541.0
2015  3 16  3 18 00 000   -0.690    3.550   -4.700   -343.00      6.10     -3.70  39.160     33241.0
2015  3 16  3 22 00 000   -1.540    3.180   -3.880   -343.20      8.70     -7.10  41.170     27919.0
2015  3 16  3 23 00 000   -1.860    3.510   -3.050   -342.90      9.00     -6.70  40.550     29202.0
2015  3 16  3 24 00 000   -1.190    4.150   -3.980   -342.20      9.10     -5.80  38.410     31825.0
2015  3 16  3 25 00 000   -1.280    5.390   -4.510   -343.20     10.70    -10.20  33.640     33382.0
2015  3 16  3 26 00 000   -0.680    3.840   -2.860   -343.20     10.70    -10.20  33.640     33383.0
2015  3 16  3 27 00 000   -1.500    4.940   -4.150   -342.90     11.50     -6.70  32.370     36404.0
2015  3 16  3 28 00 000   -0.230    2.750   -0.860   -343.30     10.60     -6.10  33.810     38518.0
2015  3 16  3 29 00 000    2.500   -2.330    4.670   -343.70     10.30     -3.30  35.120     39741.0
2015  3 16  3 30 00 000    1.390   -1.560    2.480   -343.90     12.30     -2.50  33.550     38168.0
2015  3 16  3 31 00 000    2.160   -0.150    4.570   -343.00     15.00     -6.80  38.000     42640.0
2015  3 16  3 32 00 000    0.910   -2.190    1.740   -344.50     13.10     -3.70  36.510     38605.0
2015  3 16  3 33 00 000    2.420   -0.830    5.100   -344.90     12.50     -3.30  36.090     38268.0
2015  3 16  3 41 00 000    0.560    0.910   -0.120   -347.00     10.20     -3.40  35.380     35314.0
2015  3 16  3 42 00 000    2.810   -1.520    4.480   -347.00     10.20     -3.40  35.380     35314.0
2015  3 16  3 44 00 000    2.070   -0.860    2.720   -343.10      9.60     -8.30  34.720     32564.0
2015  3 16  3 45 00 000    1.940   -0.800    2.540   -343.10      9.60     -8.30  34.720     32564.0
2015  3 16  3 46 00 000    3.260   -1.910    4.480   -345.80     11.40     -4.20  36.310     38925.0
2015  3 16  3 47 00 000    3.110   -2.010    4.590   -346.00     11.50     -3.80  36.440     39464.0
2015  3 16  3 50 00 000    3.440   -2.920    4.150   -344.90     13.00     -2.90  35.270     36208.0
2015  3 16  3 51 00 000    3.300   -3.180    4.010   -344.40     12.80     -4.20  35.500     37503.0
2015  3 16  3 52 00 000    3.370   -3.410    3.930   -344.30     13.20     -4.50  35.140     38259.0
2015  3 16  3 53 00 000    3.110   -3.710    3.870   -344.40     14.70     -3.90  33.530     38927.0
2015  3 16  3 54 00 000    3.010   -2.890    4.190   -345.40     13.70     -3.90  33.530     37360.0
2015  3 16  3 55 00 000    2.990   -3.370    4.160   -346.30     13.70     -6.60  35.180     40267.0
2015  3 16  3 56 00 000    2.620   -3.960    4.500   -345.50     15.70     -6.10  33.900     45441.0
2015  3 16  3 57 00 000    3.810   -3.880    4.720   -346.70     14.60     -5.70  32.450     43942.0
2015  3 16  3 58 00 000    4.120   -3.830    4.620   -343.90     19.00     -4.00  32.470     42738.0
2015  3 16  3 59 00 000    3.730   -4.260    5.030   -344.10     17.50     -3.70  31.230     40871.0
2015  3 16  4  0 00 000    3.420   -4.360    5.340   -344.70     13.00     -3.20  28.030     36162.0
2015  3 16  4  1 00 000    3.910   -4.490    6.340   -344.90     13.40     -2.50  26.330     32886.0
2015  3 16  4  2 00 000    3.600   -5.200    5.700   -344.60     12.80     -3.30  25.120     36174.0
2015  3 16  4  3 00 000    3.450   -5.860    4.460   -345.60     14.50     -5.30  25.240     37741.0
2015  3 16  4  4 00 000    3.500   -4.680    4.560   -348.80     19.80     -9.90  27.040     37873.0
2015  3 16  4  5 00 000    3.440   -3.980    5.410   -346.80     11.00     -5.80  27.100     34703.0
2015  3 16  4  6 00 000    3.680   -3.340    4.830   -348.80     10.60     -9.20  29.870     35434.0
2015  3 16  4  7 00 000    3.370   -3.820    4.940   -350.50     10.20    -12.20  32.330     36078.0
2015  3 16  4  8 00 000    3.020   -4.340    4.600   -346.80     15.50    -11.20  30.850     33668.0
2015  3 16  4  9 00 000    2.190   -5.170    4.790   -347.70     15.90    -11.70  30.640     36437.0
2015  3 16  4 10 00 000    2.420   -3.960    5.480   -348.40     15.10    -12.10  30.530     37983.0
2015  3 16  4 11 00 000    3.010   -3.800    5.800   -349.30      8.30    -11.90  30.680     35288.0
2015  3 16  4 12 00 000    2.460   -4.660    5.580   -350.50      8.50    -10.90  26.520     30353.0
2015  3 16  4 13 00 000    2.680   -4.350    5.940   -348.90      9.10     -9.70  26.910     30892.0
2015  3 16  4 14 00 000    2.450   -4.270    5.610   -345.60     10.40     -7.50  28.180     32535.0
2015  3 16  4 15 00 000    2.200   -4.660    5.720   -348.50      8.70    -10.40  28.550     29212.0
2015  3 16  4 16 00 000    1.930   -4.720    5.700   -348.10      8.30    -10.10  28.320     29535.0
2015  3 16  4 17 00 000    2.500   -4.500    6.120   -346.80      7.50     -9.00  27.600     30928.0
2015  3 16  4 18 00 000    1.970   -5.140    5.730   -345.20      7.00    -10.50  27.480     29167.0
2015  3 16  4 19 00 000    2.520   -5.360    4.990   -345.50      6.70    -10.10  27.670     29412.0
2015  3 16  4 20 00 000    2.570   -5.040    4.480   -347.30      7.40     -8.20  28.290     31020.0
2015  3 16  4 21 00 000    2.870   -5.900    5.250   -348.30     10.40     -8.20  28.340     31423.0
2015  3 16  4 22 00 000    2.630   -4.850    6.050   -349.80      0.60    -12.00  25.700     32255.0
2015  3 16  4 23 00 000    1.690   -3.830    6.870   -349.80      0.60    -12.00  25.700     32255.0
2015  3 16  4 24 00 000    2.880   -6.510    5.050   -349.20      4.10    -14.00  26.260     33668.0
2015  3 16  4 25 00 000    2.390   -5.610    6.080   -349.20      4.10    -14.00  26.260     33668.0
2015  3 16  4 26 00 000    2.280   -5.240    6.330   -349.20      4.10    -14.00  26.260     33668.0
2015  3 16  4 27 00 000    2.290   -3.050    7.780   -347.30     -6.10    -14.30  26.280     27037.0
2015  3 16  4 28 00 000    1.540   -5.460    6.800   -346.80     -2.00    -14.40  26.000     28619.0
2015  3 16  4 29 00 000    1.300   -6.210    6.190   -346.50      1.00    -14.40  25.790     29790.0
2015  3 16  4 31 00 000    1.020   -6.640    6.240   -344.80      2.20    -16.20  24.540     29549.0
2015  3 16  4 32 00 000    1.360   -6.830    5.970   -344.80      2.20    -16.20  24.540     29549.0
2015  3 16  4 33 00 000    1.320   -7.050    5.770   -344.80      2.20    -16.20  24.540     29549.0
2015  3 16  4 34 00 000    0.950   -7.650    5.350   -343.80      3.00    -15.10  24.770     30710.0
2015  3 16  4 35 00 000    0.350   -8.480    4.530   -343.80      3.00    -15.10  24.770     30710.0
2015  3 16  4 36 00 000    0.060   -8.870    3.440   -340.00      7.00     -9.50  23.500     27629.0
2015  3 16  4 37 00 000    0.720   -8.070    2.800   -340.00      7.00     -9.50  23.500     27629.0
2015  3 16  4 38 00 000    1.820   -3.440    4.200   -343.60      7.30    -10.20  25.690     35470.0
2015  3 16  4 39 00 000    2.930   -2.200    5.000   -343.80      6.70    -10.00  26.560     37412.0
2015  3 16  4 40 00 000    2.190   -4.020    3.870   -344.90      2.70     -8.80  31.790     47867.0
2015  3 16  4 41 00 000    0.340   -5.570    0.940   -346.10     -5.40     -6.70  32.310     41557.0
2015  3 16  4 42 00 000   -0.050   -6.490   -0.870   -345.20     -4.10     -5.90  32.210     40577.0
2015  3 16  4 43 00 000   -0.370   -6.450   -0.560   -347.00    -10.10     -6.10  32.000     35695.0
2015  3 16  4 44 00 000   -0.110   -6.050   -0.330   -346.80    -11.70     -9.90  31.510     33782.0
2015  3 16  4 45 00 000   -0.010   -5.970   -0.490   -346.80    -11.70     -9.90  31.510     33782.0
2015  3 16  4 46 00 000    0.580   -4.030    1.730   -345.70     -8.50     -4.00  35.090     35720.0
2015  3 16  4 47 00 000    0.470   -4.330    1.680   -345.40     -7.90     -2.80  35.680     36123.0
2015  3 16  4 48 00 000    0.100   -4.340    1.510   -345.30     -7.00      2.70  37.150     39083.0
2015  3 16  4 49 00 000    0.460   -4.300    1.720   -346.50     -9.00     -0.80  35.170     33791.0
2015  3 16  4 50 00 000   -0.320   -4.380    1.290   -344.10     -6.40      1.80  36.290     40637.0
2015  3 16  4 51 00 000   -0.130   -4.610    1.390   -344.10     -6.20      2.20  36.410     41917.0
2015  3 16  4 52 00 000   -0.970   -4.210    0.010   -347.20     -9.30      0.10  35.410     35756.0
2015  3 16  4 53 00 000   -1.760   -2.500   -1.630   -343.90     -5.40      3.80  36.160     38493.0
2015  3 16  4 54 00 000   -1.700   -2.840   -0.550   -345.80     -5.30      1.60  36.530     36796.0
2015  3 16  4 55 00 000   -2.970   -1.980   -2.400   -347.50     -6.50     -2.60  35.190     32620.0
2015  3 16  4 56 00 000   -3.270   -1.760   -2.740   -347.30     -6.30     -2.40  35.300     33037.0
2015  3 16  4 57 00 000   -2.040   -1.410   -1.500   -344.70     -4.30      0.70  36.560     38359.0
2015  3 16  4 58 00 000   -2.780   -0.460   -3.590   -345.60     -4.60     -0.10  36.780     35875.0
2015  3 16  4 59 00 000   -2.830   -0.730   -3.980   -346.70     -5.10     -1.00  36.770     32726.0
2015  3 16  5  0 00 000   -2.630   -0.720   -3.880   -345.70     -2.50     -2.10  36.990     32268.0
2015  3 16  5  1 00 000   -3.240    0.690   -4.840   -344.10      2.10     -4.40  38.580     31258.0
2015  3 16  5  4 00 000   -3.320    0.570   -5.500   -345.10      1.20     -6.00  35.860     33925.0
2015  3 16  5  5 00 000   -3.030    0.980   -4.810   -345.00      1.30     -5.20  35.910     33711.0
2015  3 16  5  6 00 000   -4.140    1.590   -5.080   -344.60      2.00     -1.50  36.050     33005.0
2015  3 16  5  7 00 000   -4.010    1.040   -4.990   -346.40      1.80     -4.00  34.880     35913.0
2015  3 16  5  8 00 000   -3.200    0.820   -5.250   -343.90      3.40     -2.00  36.490     31866.0
2015  3 16  5  9 00 000   -3.350    0.150   -4.710   -342.80      3.00     -1.60  37.020     32192.0
2015  3 16  5 10 00 000   -3.480    0.500   -5.020   -341.10      2.40     -1.20  37.750     32798.0
2015  3 16  5 11 00 000   -3.720    0.830   -5.570   -341.80      2.40     -1.00  37.100     31876.0
2015  3 16  5 12 00 000   -3.470    1.010   -5.890   -341.80      1.40     -0.60  36.200     32460.0
2015  3 16  5 13 00 000   -3.390    1.720   -6.990   -345.80      0.70     -6.50  31.520     32381.0
2015  3 16  5 14 00 000   -3.170    1.980   -7.140   -346.30      0.70     -6.90  31.780     33132.0
2015  3 16  5 15 00 000   -3.180    2.110   -7.110   -346.30      0.70     -6.80  31.920     33241.0
2015  3 16  5 17 00 000   -3.460    1.940   -6.770   -346.40      1.40     -6.30  30.620     28410.0
2015  3 16  5 18 00 000   -3.440    1.730   -6.750   -346.40      1.40     -6.30  30.620     28410.0
2015  3 16  5 19 00 000   -3.210    1.640   -6.560   -346.40      1.40     -6.30  30.620     28410.0
2015  3 16  5 21 00 000   -2.960    1.480   -6.490   -344.80      0.10     -5.10  33.370     30874.0
2015  3 16  5 22 00 000   -2.840    0.820   -6.130   -344.80      0.10     -5.10  33.370     30874.0
2015  3 16  5 23 00 000   -2.940    0.850   -6.050   -344.80      0.10     -5.10  33.370     30874.0
2015  3 16  5 25 00 000   -2.510    2.350   -6.160   -344.20     -0.60     -3.40  34.290     30194.0
2015  3 16  5 26 00 000   -2.510    2.340   -6.160   -344.20     -0.60     -3.40  34.290     30194.0
2015  3 16  5 27 00 000   -2.380    2.660   -6.340   -344.20     -0.60     -3.40  34.290     30194.0
2015  3 16  5 31 00 000   -2.620    3.020   -6.070   -345.30     -0.20     -5.40  33.900     32986.0
2015  3 16  5 35 00 000   -2.600    2.370   -5.400   -344.90     -0.50     -4.30  34.790     32255.0
2015  3 16  5 36 00 000   -2.530    2.700   -5.060   -344.90     -0.60     -4.30  34.840     32248.0
2015  3 16  5 37 00 000   -2.420    3.060   -4.970   -342.70     -5.20     -1.50  38.750     31686.0
2015  3 16  5 38 00 000   -2.530    2.700   -5.270   -344.00     -3.30     -2.10  38.780     31879.0
2015  3 16  5 39 00 000   -2.480    2.260   -6.020   -344.90     -2.00     -2.50  38.690     32075.0
2015  3 16  5 40 00 000   -2.340    2.420   -6.190   -347.40      0.00     -2.20  40.460     34587.0
2015  3 16  5 41 00 000   -2.030    2.200   -5.960   -347.40      0.00     -2.20  40.460     34587.0
2015  3 16  5 46 00 000   -2.550    3.590   -5.380   -349.50     -2.10     -2.20  41.790     36019.0
2015  3 16  5 47 00 000   -2.450    3.800   -5.230   -349.50     -2.10     -2.20  41.790     36019.0
2015  3 16  5 48 00 000   -2.390    3.900   -5.140   -351.30      2.40      5.40  47.310     42775.0
2015  3 16  5 49 00 000   -2.480    3.960   -5.130   -350.80     -1.90      0.80  44.930     38334.0
2015  3 16  5 50 00 000   -2.420    4.390   -4.790   -350.40     -4.80     -2.40  43.310     35314.0
2015  3 16  5 51 00 000   -2.060    4.210   -4.950   -350.30     -2.60     -2.40  43.950     37060.0
2015  3 16  5 52 00 000   -2.060    3.250   -5.570   -350.30     -2.60     -2.40  43.950     37060.0
2015  3 16  5 53 00 000   -2.160    2.970   -5.750   -350.30     -2.60     -2.40  43.950     37060.0
2015  3 16  5 55 00 000   -2.110    3.880   -5.060   -351.00     -2.30     -2.70  45.290     36078.0
2015  3 16  5 56 00 000   -2.090    4.070   -5.190   -351.00     -2.30     -2.70  45.290     36078.0
2015  3 16  5 58 00 000   -1.460    3.550   -4.930   -352.50      0.00      1.80  44.550     33354.0
2015  3 16  5 59 00 000   -1.660    3.280   -4.990   -352.50      0.00      1.80  44.550     33354.0
2015  3 16  6  1 00 000   -1.470    0.810   -5.830   -353.30     -2.00      0.60  45.410     33553.0
2015  3 16  6  2 00 000   -2.110    2.260   -6.020   -353.30     -2.00      0.60  45.410     33553.0
2015  3 16  6  4 00 000   -1.690    1.520   -5.920   -352.00      2.90      2.10  39.830     34327.0
2015  3 16  6  5 00 000   -1.910    1.270   -5.680   -352.00      2.90      2.10  39.830     34327.0
2015  3 16  6  6 00 000   -2.990    4.240   -4.880   -352.30     -3.90     -0.40  47.880     37323.0
2015  3 16  6  7 00 000   -0.880   -0.050   -3.980   -352.00     -3.60     -0.90  47.890     38292.0
2015  3 16  6  8 00 000    1.800   -4.800   -5.250   -347.20    -28.10     -8.00  36.290     34510.0
2015  3 16  6  9 00 000    1.230   -4.160   -4.330   -352.20     -4.80      2.90  31.910     46292.0
2015  3 16  6 10 00 000    4.730   -7.640   -3.550   -351.90     -0.80      2.60  33.540     53709.0
2015  3 16  6 11 00 000    2.260   -9.400   -5.360   -352.90     -2.60      1.80  32.820     55371.0
2015  3 16  6 12 00 000    1.380   -9.510   -5.900   -356.80     -7.80     -0.10  30.100     52671.0
2015  3 16  6 13 00 000    1.760   -9.900   -5.380   -355.90     -8.30      5.00  30.460     56287.0
2015  3 16  6 14 00 000    1.580   -9.650   -5.780   -355.60     -8.30      5.70  30.560     56768.0
2015  3 16  6 15 00 000    1.640   -9.870   -5.200   -356.60     -8.90      3.80  28.660     49536.0
2015  3 16  6 16 00 000    1.700   -9.640   -5.480   -359.10     -8.30      2.00  30.190     49661.0
2015  3 16  6 17 00 000    1.840  -10.000   -5.710   -357.60    -10.30     -1.10  29.050     49852.0
2015  3 16  6 18 00 000    2.010  -10.280   -5.180   -357.10    -10.40      0.50  28.990     52140.0
2015  3 16  6 19 00 000    2.810  -12.120   -4.530   -355.40    -10.10     10.20  29.480     63667.0
2015  3 16  6 20 00 000    2.810  -12.650   -4.950   -358.00      9.10     18.20  14.840     78316.0
2015  3 16  6 21 00 000    1.560   -8.510  -10.170   -360.50     12.10      9.50  14.500     77376.0
2015  3 16  6 22 00 000    0.720   -5.280  -12.400   -364.00     15.60     -4.10  14.780     75175.0
2015  3 16  6 24 00 000    0.780   -7.330  -11.090   -366.70     18.40    -12.30  13.660     75151.0
2015  3 16  6 25 00 000    0.880   -6.030  -11.460   -366.80     18.70    -11.10  13.740     76707.0
2015  3 16  6 26 00 000    0.530   -8.330   -9.830   -366.50     11.60    -18.70  15.780     88929.0
2015  3 16  6 27 00 000    0.580   -8.790   -9.690   -369.20     15.50    -12.60  14.260     86318.0
2015  3 16  6 28 00 000    1.440   -8.510   -9.840   -367.20     15.00     -6.00  13.440     80777.0
2015  3 16  6 29 00 000    2.300   -8.760   -9.440   -365.20     16.40    -11.80  12.880     80042.0
2015  3 16  6 30 00 000    1.470   -9.320   -9.180   -365.40     14.10    -11.90  12.150     74783.0
2015  3 16  6 31 00 000    0.950   -9.860   -8.090   -368.00     19.20      0.10  11.710     84171.0
2015  3 16  6 32 00 000    0.900   -9.650   -8.050   -369.80     22.70      8.20  11.430     90563.0
2015  3 16  6 33 00 000    0.820   -9.560   -8.610   -370.30     26.70      0.30  11.450     89863.0
2015  3 16  6 34 00 000    0.950   -9.170   -8.830   -370.30     26.70      0.30  11.450     89863.0
2015  3 16  6 35 00 000    1.030   -9.340   -8.090   -370.40     24.10      3.00  12.520    109845.0
2015  3 16  6 36 00 000    0.710   -9.160   -7.910   -370.40     24.10      3.00  12.520    109845.0
2015  3 16  6 37 00 000    0.650   -8.960   -7.850   -370.40     21.00      0.10  13.130    105052.0
2015  3 16  6 38 00 000    0.280   -8.400   -7.170   -370.40     21.00      0.10  13.130    105052.0
2015  3 16  6 39 00 000    0.970   -8.620   -7.560   -371.60     17.00      0.70  12.090    105394.0
2015  3 16  6 40 00 000    0.900   -9.700   -7.900   -370.90     17.70      1.60  12.510    105905.0
2015  3 16  6 41 00 000    0.800   -9.770   -7.780   -369.40     20.20      2.80  13.510    106620.0
2015  3 16  6 42 00 000    0.680  -10.540   -7.380   -365.40     17.70      0.90  12.660    110102.0
2015  3 16  6 43 00 000    0.670  -10.380   -7.340   -366.70     24.90      0.70  11.500    110454.0
2015  3 16  6 44 00 000    0.590  -10.420   -7.340   -367.70     30.40      0.50  10.610    110723.0
2015  3 16  6 52 00 000   -0.740    0.920   10.280   -359.90     37.40    -11.00  10.400    104447.0
2015  3 16  6 53 00 000   -1.310    2.820   10.750   -359.90     37.40    -11.00  10.400    104447.0
2015  3 16  6 54 00 000   -1.690    4.480   10.340   -361.00     35.90      1.10  11.430     99891.0
2015  3 16  6 55 00 000   -1.190    4.230    9.950   -361.50     35.20      7.00  11.930     97673.0
2015  3 16  6 56 00 000   -1.390    3.750   10.160   -362.20     28.40      9.80  11.810     95209.0
2015  3 16  6 57 00 000   -1.830    3.960   10.740   -362.20     28.40      9.80  11.810     95209.0
2015  3 16  7 16 00 000    1.490    1.040   12.090   -358.70     18.90      3.60  12.350     61720.0
2015  3 16  7 17 00 000    1.280    1.650   12.410   -358.70     18.70      3.60  12.390     61446.0
2015  3 16  7 18 00 000    2.540   -0.070   12.600   -358.90     15.00      2.80  13.880     53427.0
2015  3 16  7 19 00 000    1.000    1.500   12.470   -358.90     15.50      2.50  14.180     55212.0
2015  3 16  7 20 00 000    0.470    2.040   12.370   -358.80     14.60      4.10  14.080     61334.0
2015  3 16  7 21 00 000    0.320    2.460   12.370   -354.60     15.70      4.30  10.870     67896.0
2015  3 16  7 22 00 000    0.250    2.500   12.680   -354.60     15.70      4.30  10.870     67896.0
2015  3 16  7 23 00 000   -0.150    2.780   12.570   -354.60     15.70      4.30  10.870     67896.0
2015  3 16  7 31 00 000    4.390   -4.740   11.080   -362.30     -0.40     -9.80  13.520     64336.0
2015  3 16  7 32 00 000    4.400   -4.900   10.900   -362.10      3.20    -11.10  13.450     63623.0
2015  3 16  7 33 00 000    4.490   -5.000   10.820   -361.90      6.70    -12.40  13.390     62924.0
2015  3 16  7 36 00 000    5.270   -6.350   10.110   -360.60      7.20     -3.00  12.450     55398.0
2015  3 16  7 37 00 000    5.270   -6.290   10.230   -360.30      5.60     -6.80  12.700     62657.0
2015  3 16  7 38 00 000    5.340   -6.870    9.790   -358.20      3.50     -3.10  12.970     65626.0
2015  3 16  7 39 00 000    5.300   -6.850    9.770   -357.40      3.10     -0.40  13.010     64692.0
2015  3 16  7 41 00 000    5.240   -7.400    9.490   -359.20      0.00     -0.30  12.410     62029.0
2015  3 16  7 45 00 000    4.590   -7.960    6.550   -366.50     12.50    -17.50  18.300     57897.0
2015  3 16  7 46 00 000    5.100   -7.590    6.740   -365.10     14.20    -16.70  17.500     56422.0
2015  3 16  7 47 00 000    5.050   -7.020    6.190   -366.90     16.00    -16.80  17.690     48200.0
2015  3 16  7 48 00 000    5.070   -7.180    5.940   -367.30     15.90    -17.00  17.830     47466.0
2015  3 16  7 49 00 000    4.760   -7.690    5.930   -362.30      6.90    -11.00  23.160     57318.0
2015  3 16  7 50 00 000    4.890   -7.540    6.130   -362.30      6.90    -11.00  23.160     57318.0
2015  3 16  7 51 00 000    5.210   -7.660    5.700   -362.30      6.90    -11.00  23.160     57318.0
2015  3 16  7 52 00 000    5.630   -8.700    4.840   -367.10     19.20    -10.70  19.900     53531.0
2015  3 16  7 53 00 000    5.620  -10.760    3.520   -365.90     17.30    -10.70  18.530     54995.0
2015  3 16  7 54 00 000    5.930  -10.460    3.790   -361.60     11.90    -10.30  13.890     62089.0
2015  3 16  7 55 00 000    5.660  -10.500    4.360   -361.60      6.20     -9.20  14.760     57757.0
2015  3 16  7 56 00 000    5.640  -10.020    5.470   -361.60      5.80     -9.10  14.830     57393.0
2015  3 16  7 58 00 000    5.930  -10.470    3.370   -360.60      8.90     -6.80  13.550     51939.0
2015  3 16  7 59 00 000    5.570  -10.710    2.260   -361.50     11.10    -10.20  13.520     52983.0
2015  3 16  8  0 00 000    4.890  -11.260   -0.130   -360.90      7.90     -6.60  12.150     50995.0
2015  3 16  8  3 00 000    4.910  -11.420   -0.090   -362.00      8.80     -4.40  11.930     47398.0
2015  3 16  8  4 00 000    4.920  -11.460    0.040   -362.00      8.80     -4.40  11.930     47398.0
2015  3 16  8  6 00 000    4.680  -11.600   -0.180   -358.80      6.20      0.10  11.230     51832.0
2015  3 16  8  7 00 000    4.670  -11.250    1.280   -358.70      6.00     -2.60  11.410     50742.0
2015  3 16  8  8 00 000    5.170  -10.440    3.710   -358.60      5.40    -10.10  11.900     47669.0
2015  3 16  8  9 00 000    4.980  -10.600    3.390   -358.60      5.40    -10.10  11.900     47669.0
2015  3 16  8 11 00 000    5.400  -10.230    3.790   -357.80      4.60    -13.60  12.500     51797.0
2015  3 16  8 12 00 000    5.360  -10.260    4.160   -358.00      4.90    -13.50  12.510     52196.0
2015  3 16  8 13 00 000    5.220  -10.320    4.120   -360.80      8.20    -11.80  12.600     56828.0
2015  3 16  8 14 00 000    4.870  -10.370    4.300   -360.90      8.30    -11.80  12.600     56946.0
2015  3 16  8 16 00 000    4.490   -9.590    6.010   -361.40      4.80     -7.30  12.990     61373.0
2015  3 16  8 17 00 000    4.260   -9.900    5.880   -362.80      7.00     -6.00  12.370     61123.0
2015  3 16  8 18 00 000    4.760   -9.670    5.760   -367.30     13.90     -2.00  10.460     60329.0
2015  3 16  8 19 00 000    4.140   -8.880    7.040   -359.80      2.40    -14.90  12.620     56428.0
2015  3 16  8 20 00 000    3.890   -8.240    8.240   -362.70      7.10    -10.50  12.330     54973.0
2015  3 16  8 21 00 000    3.170   -7.250    9.360   -364.50     10.00     -7.70  12.140     54049.0
2015  3 16  8 22 00 000    2.910   -6.360   10.210   -366.30     17.30      0.60  10.360     50565.0
2015  3 16  8 23 00 000    3.250   -7.570    9.160   -368.80     19.50     -3.00  10.640     52443.0
2015  3 16  8 24 00 000    3.110   -7.980    8.970   -370.20     20.80     -5.10  10.800     53546.0
2015  3 16  8 25 00 000    3.020   -7.940    8.950   -366.50     12.10      0.80  10.810     42486.0
2015  3 16  8 26 00 000    3.230   -8.410    8.370   -366.50     12.10      0.80  10.810     42486.0
2015  3 16  8 27 00 000    4.020   -9.710    6.460   -366.10      6.00      1.80  12.110     51408.0
2015  3 16  8 28 00 000    4.030  -10.010    5.750   -366.10      6.00      1.80  12.110     51408.0
2015  3 16  8 29 00 000    4.660   -9.390    3.280   -374.90     10.00    -16.80  20.480     87715.0
2015  3 16  8 30 00 000    4.190   -9.700    5.640   -373.90     10.30    -14.50  19.760     83428.0
2015  3 16  8 31 00 000    3.970   -9.280    5.830   -367.80     10.40      1.40  13.980     47229.0
2015  3 16  8 32 00 000    4.110   -9.460    5.790   -367.80     10.40      1.40  13.980     47229.0
2015  3 16  8 34 00 000    4.280   -9.340    6.490   -364.60     10.40     -0.40  15.660     48866.0
2015  3 16  8 35 00 000    4.480   -8.940    6.640   -364.60     10.40     -0.40  15.660     48866.0
2015  3 16  8 38 00 000    3.320   -7.600    5.880   -367.00     13.80     -5.70  15.260     49038.0
2015  3 16  8 39 00 000    3.310   -8.030    5.200   -370.10     13.80     -2.70  17.200     74787.0
2015  3 16  8 40 00 000    3.050   -7.570    5.380   -368.10     13.10     -7.10  16.160     61842.0
2015  3 16  8 41 00 000    2.600   -6.920    4.300   -366.60     12.80     -9.60  15.280     50530.0
2015  3 16  8 44 00 000    2.710   -6.590    5.270   -367.30     23.10     -5.20  18.230    103494.0
2015  3 16  8 45 00 000    2.500   -5.420    7.030   -367.30     23.10     -5.20  18.230    103494.0
2015  3 16  8 46 00 000    2.340   -4.960    7.070   -367.30     23.10     -5.20  18.230    103494.0
2015  3 16  8 47 00 000   -0.950   -0.240    6.530   -365.50     -3.70      7.70  19.710     88320.0
2015  3 16  8 48 00 000    1.770   -4.600    6.630   -366.40     -1.80      6.70  19.420     88735.0
2015  3 16  8 51 00 000   -2.020   -0.810    5.890   -374.10     22.90    -44.10  17.430     81932.0
2015  3 16  8 52 00 000    0.000   -2.320    5.800   -372.60     21.50    -34.70  17.430     81076.0
2015  3 16  8 53 00 000   -0.300    0.090    3.680   -366.60     15.80      3.30  17.450     77626.0
2015  3 16  8 54 00 000    0.220   -0.160    3.900   -354.90    -11.80     27.40  23.170    109298.0
2015  3 16  8 55 00 000   -3.070   -0.170    5.400   -352.40    -17.60     32.40  24.370    115907.0
2015  3 16  8 56 00 000   -3.700    4.000    1.950   -352.40    -17.60     32.40  24.370    115907.0
2015  3 16  8 57 00 000   -3.260    4.690    0.130   -354.80     -8.00      8.20  21.570     72344.0
2015  3 16  8 58 00 000   -3.650    5.630   -1.420   -352.60     -7.80      1.50  21.090     74207.0
2015  3 16  8 59 00 000   -5.800    7.000    0.160   -354.60     -7.20    -13.90  21.570     71990.0
2015  3 16  9  0 00 000   -7.480    9.350    2.750   -362.00     -6.20    -19.00  19.980     62571.0
2015  3 16  9  1 00 000   -7.110    9.890    0.860   -362.40     -8.40    -18.50  18.290     63949.0
2015  3 16  9  2 00 000   -6.630    6.410    4.000   -362.30    -12.60    -12.80  17.940     64613.0
2015  3 16  9  3 00 000   -7.060    9.740   -0.430   -362.80    -15.80    -10.30  19.310     65246.0
2015  3 16  9  4 00 000   -7.730    3.160    6.920   -365.40     -7.50    -16.40  18.850     65463.0
2015  3 16  9  5 00 000   -7.180    3.170    8.000   -371.00     16.80    -39.00  18.100     71338.0
2015  3 16  9  6 00 000   -5.970    3.960    8.660   -371.30      2.60    -33.10  18.900     76474.0
2015  3 16  9  7 00 000   -7.360    4.500    6.310   -379.80     13.70    -36.90  18.000    108343.0
2015  3 16  9  8 00 000   -5.610    6.500    5.760   -366.70      5.40    -28.80  19.170     76325.0
2015  3 16  9  9 00 000   -5.460    5.710    7.000   -365.50     -8.30    -27.50  18.970     72237.0
2015  3 16  9 10 00 000   -6.140    6.290    5.440   -377.20      6.80    -48.10  17.760     88701.0
2015  3 16  9 11 00 000   -7.970    9.310    1.360   -377.20      6.80    -48.10  17.760     88701.0
2015  3 16  9 12 00 000   -7.230    7.410    4.030   -361.20     -5.30    -19.70  18.820     63197.0
2015  3 16  9 13 00 000   -7.980    9.270   -0.200   -360.80    -10.00    -15.00  18.780     63385.0
2015  3 16  9 14 00 000   -7.300    8.330   -0.490   -360.40    -14.10    -10.80  18.750     63550.0
2015  3 16  9 15 00 000   -7.080    7.240    2.220   -364.30     -7.60    -12.40  18.420     65964.0
2015  3 16  9 16 00 000   -8.300    7.790    3.550   -364.30     -7.60    -12.40  18.420     65964.0
2015  3 16  9 17 00 000   -6.680    5.360    4.050   -364.60    -12.70    -20.90  19.310     85671.0
2015  3 16  9 18 00 000   -6.990    6.760    3.260   -363.70     -7.80    -26.40  18.910     94611.0
2015  3 16  9 19 00 000   -6.190    5.910    6.000   -372.70     12.20    -36.30  17.240     89001.0
2015  3 16  9 20 00 000   -9.640    6.190    0.220   -377.10     18.40    -39.20  16.780     84987.0
2015  3 16  9 22 00 000   -6.530    4.440    6.340   -379.90     10.20    -29.10  21.720    100070.0
2015  3 16  9 28 00 000   -8.450    7.140    3.550   -364.10     -4.10     -6.50  14.880     53510.0
2015  3 16  9 29 00 000   -8.450    6.350    4.940   -358.20      4.30    -10.40  15.780     76906.0
2015  3 16  9 30 00 000   -6.980    4.520    7.160   -354.60      9.40    -13.30  16.360     90734.0
2015  3 16  9 31 00 000   -7.710    5.300    7.340   -360.40     -1.90    -36.90  16.650     49383.0
2015  3 16  9 32 00 000   -8.130    5.600    6.820   -360.40     -1.90    -36.90  16.650     49383.0
2015  3 16  9 37 00 000   -7.360    5.990    7.510   -372.30      4.80    -43.80  19.130     75112.0
2015  3 16  9 38 00 000   -6.610    6.340    7.740   -372.90      5.80    -44.70  19.010     75367.0
2015  3 16  9 39 00 000   -6.290    5.450    8.050   -379.70     17.10    -33.60  27.320    136837.0
2015  3 16  9 40 00 000   -5.460    4.310    8.200   -379.70     17.10    -33.60  27.320    136848.0
2015  3 16  9 41 00 000   -7.030    5.150    8.030   -372.70      7.40    -29.60  22.990    109381.0
2015  3 16  9 42 00 000   -6.770    5.540    6.650   -370.70      6.00    -35.60  21.130     96883.0
2015  3 16  9 43 00 000   -5.620    3.780   10.160   -368.50      4.30    -42.40  18.990     82441.0
2015  3 16  9 44 00 000   -5.240    3.750   10.050   -371.10      6.60    -44.70  17.710     62418.0
2015  3 16  9 49 00 000    0.110   -0.690    9.620   -392.20     26.40    -42.10  21.310     75709.0
2015  3 16  9 50 00 000   -2.580    0.990    8.950   -382.20     18.00    -44.30  21.060     77992.0
2015  3 16  9 51 00 000   -0.090   -3.100    8.760   -378.60     19.30    -46.90  22.300     75965.0
2015  3 16  9 52 00 000   -1.840   -1.480    8.910   -391.60     31.50    -47.70  24.010     73867.0
2015  3 16  9 53 00 000   -3.000   -1.050    9.300   -379.20     18.20    -47.30  21.160     70763.0
2015  3 16  9 54 00 000   -4.010    0.850    9.190   -371.10      5.50    -49.00  19.030     70763.0
2015  3 16  9 56 00 000   -0.080   -5.020    8.610   -387.80     36.40    -49.60  25.680     83408.0
2015  3 16  9 57 00 000    0.720   -4.420    8.620   -387.80     36.40    -49.60  25.680     83408.0
2015  3 16  9 58 00 000    0.570   -4.480    8.460   -387.80     36.40    -49.60  25.680     83408.0
2015  3 16 10  0 00 000   -1.110   -3.870    8.690   -386.60     33.10    -49.10  25.050     73352.0
2015  3 16 10  1 00 000   -2.470   -2.830    8.560   -386.60     33.10    -49.10  25.050     73352.0
2015  3 16 10  2 00 000   -3.670    0.740    8.940   -386.60     33.10    -49.10  25.050     73352.0
2015  3 16 10  5 00 000   -2.910   -1.330    7.520   -383.70     34.20    -51.70  25.630     76331.0
2015  3 16 10  6 00 000    0.050   -6.920    5.870   -383.70     34.20    -51.70  25.630     76331.0
2015  3 16 10  7 00 000   -0.440   -6.380    5.510   -383.70     34.20    -51.70  25.630     76331.0
2015  3 16 10 10 00 000   -0.600   -4.820    8.120   -385.50     30.70    -44.00  23.940     82646.0
2015  3 16 10 14 00 000    1.690   -5.710    7.920   -372.50      9.20    -49.20  26.420     61875.0
2015  3 16 10 15 00 000    1.170   -6.610    6.490   -375.30     18.70    -49.10  24.690     60251.0
2015  3 16 10 16 00 000    0.750   -7.300    5.550   -375.80     23.30    -45.50  24.380     62593.0
2015  3 16 10 17 00 000    1.050   -6.930    5.900   -375.30     24.90    -46.10  25.420     66538.0
2015  3 16 10 18 00 000    1.310   -8.890    3.560   -379.00     25.80    -47.60  25.220     67208.0
2015  3 16 10 19 00 000    1.280  -11.170    1.590   -372.80     16.40    -34.30  17.960     61697.0
2015  3 16 10 20 00 000   -0.340  -11.930   -0.450   -374.00     11.60    -31.40  16.320     67562.0
2015  3 16 10 21 00 000   -0.860  -10.620    2.100   -376.30     18.10    -31.90  15.370     71523.0
2015  3 16 10 22 00 000    0.530   -3.870    8.740   -378.80     23.50    -46.60  23.760     67937.0
2015  3 16 10 23 00 000    1.390   -4.230    8.620   -378.80     23.50    -46.60  23.760     67937.0
2015  3 16 10 24 00 000    0.240   -7.840    5.160   -378.80     23.50    -46.60  23.760     67937.0
2015  3 16 10 26 00 000   -0.950  -13.470    1.280   -375.20     12.00    -34.20  11.040     53008.0
2015  3 16 10 27 00 000   -1.090  -13.970    0.880   -376.00     13.90    -36.00  12.850     56079.0
2015  3 16 10 28 00 000   -1.000  -14.820    0.210   -378.40     16.50    -37.70  15.040     63148.0
2015  3 16 10 29 00 000   -0.100  -13.840    0.890   -376.50     10.20    -36.00  10.820     56512.0
2015  3 16 10 30 00 000    0.460  -11.310    3.650   -379.80     23.90    -40.30  14.450     70268.0
2015  3 16 10 31 00 000    0.440  -12.710    3.120   -379.80     23.90    -40.30  14.450     70268.0
2015  3 16 10 32 00 000    0.030  -15.020    1.880   -377.50     21.10    -42.10  15.080     71468.0
2015  3 16 10 33 00 000    0.030  -15.930    1.540   -377.60     21.10    -42.10  15.180     71288.0
2015  3 16 10 34 00 000    1.800  -12.540    3.930   -380.70     20.90    -42.00  20.810     58817.0
2015  3 16 10 35 00 000    3.260  -12.480    4.860   -372.90     23.30    -39.10  15.280     55691.0
2015  3 16 10 36 00 000    2.600  -12.730    4.700   -381.80     20.60    -48.20  23.570     65470.0
2015  3 16 10 37 00 000    4.530  -13.030    5.760   -374.60     15.50    -36.10  22.100     66431.0
2015  3 16 10 38 00 000    3.320  -11.350    5.980   -373.20     14.60    -33.80  21.790     66565.0
2015  3 16 10 39 00 000    5.260  -14.190    5.930   -378.50     16.20    -39.70  23.660     74112.0
2015  3 16 10 40 00 000    3.910  -11.890    6.360   -378.50     16.20    -39.70  23.660     74112.0
2015  3 16 10 41 00 000    5.480  -13.970    6.710   -375.30     13.00    -36.70  22.380     69938.0
2015  3 16 10 42 00 000    4.670  -12.680    7.400   -376.40     14.00    -36.30  20.820     74816.0
2015  3 16 10 43 00 000    4.080  -12.300    7.480   -378.10     15.60    -35.70  18.300     82735.0
2015  3 16 10 44 00 000    4.820  -13.320    7.090   -378.10     15.60    -35.70  18.300     82735.0
2015  3 16 10 46 00 000    4.120  -14.740    7.120   -375.70     14.90    -39.90  19.030     70474.0
2015  3 16 10 47 00 000    4.320  -14.840    7.130   -375.60     15.00    -39.70  19.020     70541.0
2015  3 16 10 48 00 000    5.360  -13.920    8.120   -373.70     20.20    -33.60  18.440     76908.0
2015  3 16 10 49 00 000    7.280  -11.640   10.780   -374.70     18.40    -36.50  18.480     77604.0
2015  3 16 10 53 00 000    8.440  -10.170   12.320   -370.10     15.90    -31.10  20.870     80513.0
2015  3 16 10 54 00 000    6.660   -9.150   11.140   -371.70     15.40    -34.80  19.670     72070.0
2015  3 16 10 55 00 000    7.900  -10.450   12.340   -373.70     14.80    -39.40  18.140     61615.0
2015  3 16 10 56 00 000    7.450  -10.400   12.740   -369.70     15.80    -31.70  19.350     76290.0
2015  3 16 10 57 00 000    7.500  -10.350   12.650   -368.30     16.60    -30.10  19.570     77723.0
2015  3 16 10 58 00 000    6.360   -6.190   11.480   -369.70     17.00    -29.70  20.120     75005.0
2015  3 16 10 59 00 000    7.900   -9.870   12.200   -369.70     17.00    -29.70  20.120     75005.0
2015  3 16 11  0 00 000    6.760   -4.940   11.810   -369.70     17.00    -29.70  20.120     75005.0
2015  3 16 11  3 00 000    6.540   -3.390   12.350   -372.40     16.90    -29.10  20.360     75005.0
2015  3 16 11  4 00 000    4.800   -4.480   11.770   -372.90     17.70    -31.50  21.680     74828.0
2015  3 16 11  5 00 000    4.820   -2.180   11.810   -376.40     22.60    -46.90  30.210     73690.0
2015  3 16 11  6 00 000    2.300   -1.060   11.350   -376.40     22.60    -46.90  30.210     73690.0
2015  3 16 11  7 00 000    1.940   -2.200   11.150   -374.70     23.60    -49.00  30.140     73943.0
2015  3 16 11  8 00 000    4.800   -3.150   11.790   -374.70     23.60    -49.00  30.140     73943.0
2015  3 16 11  9 00 000    1.520   -2.780   11.080   -374.70     23.60    -49.00  30.140     73943.0
2015  3 16 11 11 00 000    5.010   -6.140   12.330   -373.50     17.70    -31.40  21.820     75377.0
2015  3 16 11 12 00 000    4.290   -5.140   12.050   -374.20     20.30    -38.70  25.240     77002.0
2015  3 16 11 13 00 000    4.740   -5.470   12.690   -373.20     20.20    -34.50  22.990     73194.0
2015  3 16 11 14 00 000    5.910   -6.410   12.960   -372.30     22.30    -33.60  21.420     71545.0
2015  3 16 11 15 00 000    6.530   -5.930   13.030   -371.90     23.40    -28.20  19.760     73398.0
2015  3 16 11 16 00 000    6.920   -7.500   13.230   -369.90     28.20    -31.00  20.950     76988.0
2015  3 16 11 17 00 000    6.220   -4.760   13.040   -369.90     24.20    -29.20  20.820     70591.0
2015  3 16 11 18 00 000    6.520   -2.820   13.280   -368.90     27.00    -33.50  21.740     64865.0
2015  3 16 11 19 00 000    6.780    0.000   13.240   -367.80     26.50    -33.80  23.230     73563.0
2015  3 16 11 20 00 000    5.820   -1.690   12.690   -371.00     27.40    -40.80  27.190     73847.0
2015  3 16 11 21 00 000    5.890    0.600   13.330   -375.00     28.60    -49.50  32.110     74197.0
2015  3 16 11 28 00 000    6.000    0.670   13.450   -375.70     24.90    -34.40  22.190     64021.0
2015  3 16 11 29 00 000    0.270   -3.260   10.660   -375.70     24.90    -34.40  22.190     64021.0
2015  3 16 11 37 00 000    1.110   -3.470   10.340   -374.10     27.90    -50.30  31.120     69527.0
2015  3 16 11 54 00 000    0.670   -3.620   10.530   -373.70     28.40    -53.80  29.650     69240.0
2015  3 16 11 55 00 000    0.460   -3.120   11.120   -373.80     28.30    -53.70  29.320     69934.0
2015  3 16 11 56 00 000   -0.230   -1.010   11.670   -374.60     28.40    -53.70  28.420     71884.0
2015  3 16 11 57 00 000   -1.090    0.470   11.990   -372.20     21.30    -48.60  26.150     77854.0
2015  3 16 11 58 00 000   -0.990    0.420   12.100   -371.60     19.70    -47.60  25.680     79063.0
2015  3 16 12  0 00 000   -1.000    1.080   11.880   -371.30     20.90    -51.90  24.970     72428.0
2015  3 16 12  1 00 000   -0.790    1.700   11.720   -371.40     20.80    -51.70  25.290     73661.0
2015  3 16 12  2 00 000   -0.820    0.740   11.820   -372.30     19.90    -50.80  27.180     80999.0
2015  3 16 12  3 00 000   -1.020    0.570   12.010   -372.30     19.90    -50.80  27.180     80999.0
2015  3 16 12  4 00 000   -0.950    1.590   11.840   -371.90     20.70    -54.70  26.930     79545.0
2015  3 16 12  5 00 000   -1.020    1.160   12.070   -371.90     20.70    -54.70  26.930     79545.0
2015  3 16 12  6 00 000   -1.300    1.210   12.160   -371.90     20.70    -54.70  26.930     79545.0
2015  3 16 12  8 00 000   -1.120    1.390   11.780   -370.80     20.50    -57.30  25.450     75559.0
2015  3 16 12  9 00 000   -1.210    0.990   11.940   -371.00     20.30    -56.30  25.510     75269.0
2015  3 16 12 10 00 000   -1.510    2.190   11.490   -372.10     19.40    -51.80  25.780     73906.0
2015  3 16 12 11 00 000   -1.810    2.500   11.340   -370.90     18.10    -50.30  26.060     78633.0
2015  3 16 12 12 00 000   -1.580    2.210   11.460   -370.90     18.10    -50.30  26.060     78670.0
2015  3 16 12 13 00 000   -2.120    2.760   11.510   -369.40     16.50    -47.00  24.840     76374.0
2015  3 16 12 14 00 000   -2.200    2.780   11.460   -369.60     16.30    -46.80  25.650     76619.0
2015  3 16 12 15 00 000   -2.500    3.680   11.140   -369.30     14.80    -46.00  26.130     76938.0
2015  3 16 12 16 00 000   -3.430    5.990    9.580   -367.50     11.00    -46.10  24.280     73045.0
2015  3 16 12 17 00 000   -4.050    7.420    8.400   -366.80      9.30    -46.10  23.940     71885.0
2015  3 16 12 18 00 000   -2.490    4.050   11.120   -364.50      0.60    -42.80  24.550     76891.0
2015  3 16 12 19 00 000   -1.790    3.590   11.420   -364.50      0.60    -42.80  24.550     76891.0
2015  3 16 12 20 00 000   -1.280    3.940   11.320   -371.20      6.60    -51.10  24.020     73690.0
2015  3 16 12 21 00 000   -2.880    5.730    9.950   -371.20      6.60    -51.10  24.020     73690.0
2015  3 16 12 22 00 000   -2.500    4.920   10.490   -371.20      6.60    -51.10  24.020     73690.0
2015  3 16 12 24 00 000   -2.490    5.080   10.460   -367.70      4.00    -47.90  25.810     75773.0
2015  3 16 12 25 00 000   -2.350    5.000   10.390   -367.70      4.00    -47.90  25.810     75773.0
2015  3 16 12 26 00 000   -2.900    5.710    9.850   -367.70      4.00    -47.90  25.810     75773.0
2015  3 16 12 28 00 000   -2.930    5.620   10.030   -365.70      1.90    -45.50  24.650     71178.0
2015  3 16 12 29 00 000   -2.720    5.870    9.730   -365.70      1.90    -45.50  24.650     71178.0
2015  3 16 12 34 00 000   -2.920    5.470    9.950   -366.00      2.50    -43.50  23.660     65168.0
2015  3 16 12 35 00 000   -2.930    6.180    9.460   -366.00      2.50    -43.50  23.660     65168.0
2015  3 16 12 38 00 000   -4.920    7.380    8.060   -360.10     -0.50    -38.40  22.160     83495.0
2015  3 16 12 39 00 000   -4.800    7.670    7.730   -361.30     -1.00    -40.50  22.580     78536.0
2015  3 16 12 40 00 000   -4.380    7.210    8.460   -362.40      0.80    -36.40  22.070     86796.0
2015  3 16 12 41 00 000   -4.320    7.000    8.690   -359.70      3.60    -42.50  22.040     62614.0
2015  3 16 12 42 00 000   -4.710    6.520    8.860   -359.40      2.90    -46.10  22.200     64186.0
2015  3 16 12 43 00 000   -5.240    7.280    7.780   -359.20      0.60    -46.90  22.600     65552.0
2015  3 16 12 44 00 000   -5.200    9.410    5.840   -356.00     -6.40    -38.30  21.640     65545.0
2015  3 16 12 45 00 000   -5.400   10.170    4.050   -356.10    -13.30    -34.80  20.780     66867.0
2015  3 16 12 46 00 000   -5.710    9.940    3.870   -355.90    -15.50    -31.00  20.730     68401.0
2015  3 16 12 47 00 000   -5.460    9.910    3.250   -356.70    -12.60    -27.30  21.660     69757.0
2015  3 16 12 48 00 000   -5.300    9.760    2.370   -360.50     -9.60    -20.50  23.580     79676.0
2015  3 16 12 49 00 000   -5.260    9.400    3.210   -362.30    -10.70     -7.40  25.030     82485.0
2015  3 16 12 50 00 000   -5.260    9.310    3.080   -362.50    -11.20     -7.90  25.190     85372.0
2015  3 16 12 51 00 000   -5.010    9.320    2.370   -363.20    -13.50    -17.40  25.590    102994.0
2015  3 16 12 52 00 000   -4.910    8.950    3.060   -363.20    -13.50    -17.40  25.590    102994.0
2015  3 16 12 54 00 000   -6.470    5.260    6.990   -360.40     10.10    -30.20  25.900     95786.0
2015  3 16 12 55 00 000   -5.070    5.020    8.510   -360.50     10.00    -30.80  25.900     95503.0
2015  3 16 12 56 00 000   -4.240    2.040   10.240   -363.50      7.60    -46.70  26.000     88533.0
2015  3 16 12 57 00 000   -4.170    1.860    9.940   -365.10     11.80    -42.70  25.150     82403.0
2015  3 16 12 58 00 000   -2.290   -1.390    8.470   -364.70     11.70    -41.30  24.770     82983.0
2015  3 16 12 59 00 000   -0.330   -5.310    7.130   -373.90     17.40    -27.40  24.320     89957.0
2015  3 16 13  0 00 000    0.660   -7.220    6.310   -372.90     22.30    -40.50  23.540     78333.0
2015  3 16 13  2 00 000    1.610   -9.090    4.330   -378.80      6.90      1.90  23.480     80160.0
2015  3 16 13  3 00 000    1.400   -8.920    4.610   -378.80      6.90      1.90  23.480     80160.0
2015  3 16 13  4 00 000    1.630   -9.210    4.000   -378.80      6.90      1.90  23.480     80160.0
2015  3 16 13  5 00 000    2.230   -9.340    3.550   -378.40      5.30     -1.30  22.090     79589.0
2015  3 16 13  6 00 000    2.820   -9.410    3.220   -378.40      5.30     -1.30  22.090     79589.0
2015  3 16 13  7 00 000    2.300  -10.440    3.420   -371.50     -9.20     -5.60  16.330     62963.0
2015  3 16 13  8 00 000    3.570  -11.320    2.920   -371.50     -9.20     -5.60  16.330     62963.0
2015  3 16 13  9 00 000    3.640  -11.220    2.770   -371.50     -9.20     -5.60  16.330     62963.0
2015  3 16 13 15 00 000    3.380   -8.550    1.560   -376.40      8.60     -7.50  20.230     90003.0
2015  3 16 13 16 00 000    3.740   -8.830    1.920   -376.40      8.60     -7.50  20.230     90003.0
2015  3 16 13 17 00 000    3.690   -8.080    1.850   -376.40      8.60     -7.50  20.230     90003.0
2015  3 16 13 21 00 000   -3.290   -6.260    7.210   -372.40      5.60    -12.10  20.420     84918.0
2015  3 16 13 22 00 000   -2.860   -6.180    7.190   -372.00      2.00    -11.50  20.550     94551.0
2015  3 16 13 23 00 000   -3.920   -5.430    8.530   -373.60      8.70    -13.70  19.470     90283.0
2015  3 16 13 24 00 000   -3.820   -5.100    8.000   -371.40      6.80    -11.20  15.620     65287.0
2015  3 16 13 25 00 000   -3.490   -4.430    7.380   -374.30      8.60    -18.10  18.030     86665.0
2015  3 16 13 26 00 000   -4.030   -1.380    9.090   -378.80     18.50    -23.60  25.080    139797.0
2015  3 16 13 27 00 000   -3.900   -6.200    8.910   -375.80     16.00    -17.20  20.170     86990.0
2015  3 16 13 28 00 000   -2.960   -5.250    8.520   -369.40     10.40    -12.10  15.370     71806.0
2015  3 16 13 30 00 000   -2.060   -4.360    8.660   -378.70     17.20    -14.90  23.450     90657.0
2015  3 16 13 31 00 000   -1.150   -6.050    7.620   -378.70     17.20    -14.90  23.450     90657.0
2015  3 16 13 32 00 000   -0.600   -7.450    6.620   -375.60     11.50      0.80  16.490     83542.0
2015  3 16 13 33 00 000   -1.030   -6.800    6.520   -376.80     12.60     -3.20  19.230     91402.0
2015  3 16 13 34 00 000   -0.360   -8.200    6.220   -377.50     13.20     -5.70  20.900     96217.0
2015  3 16 13 35 00 000    0.020   -8.260    5.400   -381.90      5.20      4.20  19.560     91590.0
2015  3 16 13 36 00 000   -0.790   -8.410    4.270   -375.90      1.90      0.10  19.370     82255.0
2015  3 16 13 37 00 000   -1.590   -8.220    3.970   -376.00     10.20     -4.00  20.660     97778.0
2015  3 16 13 38 00 000   -0.620   -8.740    4.600   -378.80     12.60     -1.30  20.740    102285.0
2015  3 16 13 39 00 000   -0.920   -8.700    4.440   -381.30      0.00     14.50  17.280     75793.0
2015  3 16 13 40 00 000   -1.380   -8.310    3.660   -372.90     10.40     -4.80  19.510     86555.0
2015  3 16 13 41 00 000   -1.740   -8.560    4.310   -375.00     13.70     -7.30  20.370     92450.0
2015  3 16 13 42 00 000    1.960   -7.840    7.790   -383.00     -4.50     15.30  15.450     90049.0
2015  3 16 13 43 00 000    1.630   -8.390    6.830   -383.00     -4.50     15.30  15.450     90049.0
2015  3 16 13 44 00 000    0.710   -8.680    6.690   -383.00     -4.50     15.30  15.450     90049.0
2015  3 16 13 47 00 000    0.980   -8.470    5.690   -381.90      6.00     15.40  16.790     82735.0
2015  3 16 13 48 00 000    1.170   -8.700    5.670   -381.90      6.00     15.40  16.790     82735.0
2015  3 16 13 49 00 000    0.700   -8.690    5.230   -381.90      6.00     15.40  16.790     82735.0
2015  3 16 13 51 00 000    0.770   -9.350    1.990   -382.20      1.80      3.40  15.260    109896.0
2015  3 16 13 52 00 000    0.950   -9.410    1.770   -382.20      1.80      3.40  15.260    109896.0
2015  3 16 13 55 00 000    0.420   -9.440    2.990   -384.10     -0.70      6.90  14.900    106468.0
2015  3 16 13 56 00 000    0.200   -9.540    3.120   -384.10     -0.70      6.90  14.900    106468.0
2015  3 16 13 57 00 000    0.060   -9.610    2.740   -384.10     -0.70      6.90  14.900    106468.0
2015  3 16 14  1 00 000   -1.240   -8.940    4.880   -383.10     -4.20     12.30  16.050     94586.0
2015  3 16 14  2 00 000   -1.130   -8.420    5.140   -383.10     -4.20     12.30  16.050     94586.0
2015  3 16 14  7 00 000   -1.070   -8.210    4.300   -383.00     -4.10      9.00  16.320    110723.0
2015  3 16 14  8 00 000   -1.870   -7.690    4.930   -383.00     -4.10      9.00  16.320    110723.0
2015  3 16 14 10 00 000   -1.710   -8.910    4.030   -382.40      1.50      3.70  16.200    111930.0
2015  3 16 14 11 00 000   -2.890   -9.120    5.460   -387.80     -6.50      1.10  14.080     72517.0
2015  3 16 14 12 00 000   -4.880   -9.260    7.520   -389.20     -2.30      4.70  14.610     64606.0
2015  3 16 14 13 00 000   -3.660   -9.770    6.880   -386.30     -1.60      5.50  13.120     53602.0
2015  3 16 14 14 00 000   -3.330   -9.750    6.600   -389.70     -1.70      6.90  10.790     28404.0
2015  3 16 14 15 00 000   -1.990   -8.890    5.460   -386.50      2.30      1.60  14.810     71238.0
2015  3 16 14 16 00 000   -4.390   -9.140    7.400   -389.00      3.00      0.10  14.600     59328.0
2015  3 16 14 17 00 000   -4.780   -9.240    8.080   -398.60      0.40      4.20  12.180     24731.0
2015  3 16 14 18 00 000   -4.960   -8.130    8.360   -394.00      2.70      4.30  12.930     35444.0
2015  3 16 14 19 00 000   -5.130   -8.640    8.300   -394.00      6.80      0.60  13.430     41360.0
2015  3 16 14 20 00 000   -5.720   -8.220    8.490   -394.00      6.90      0.50  13.430     41371.0
2015  3 16 14 22 00 000   -6.110   -8.120    9.720   -392.70     18.10      9.90  12.160     22342.0
2015  3 16 14 23 00 000   -6.490   -9.120    9.230   -396.00     16.30      9.50  12.170     26914.0
2015  3 16 14 24 00 000   -6.210   -8.010    9.650   -396.10     23.50     11.30  13.930     57064.0
2015  3 16 14 25 00 000   -6.350   -7.550   10.020   -397.10      9.60      9.10  11.640     23557.0
2015  3 16 14 26 00 000   -6.960   -4.510   11.350   -403.10     28.50      9.70  17.730     20104.0
2015  3 16 14 27 00 000   -6.890   -4.030   11.270   -401.60     29.50     10.30  16.610     21979.0
2015  3 16 14 28 00 000   -6.770   -4.010   11.060   -401.60     26.00     12.70  15.650     27189.0
2015  3 16 14 29 00 000   -7.090   -4.560   11.340   -399.60     25.70     13.30  13.570     40936.0
2015  3 16 14 30 00 000   -7.170   -5.060   11.210   -401.90     23.10      9.00  17.920     19059.0
2015  3 16 14 31 00 000   -7.380   -3.690   11.620   -401.30     24.30      8.60  18.460     18938.0
2015  3 16 14 32 00 000   -7.320   -3.070   11.740   -404.40     31.10      8.00  18.300     18698.0
2015  3 16 14 33 00 000   -7.430   -3.610   11.440   -404.40     31.10      8.00  18.300     18698.0
2015  3 16 14 34 00 000   -7.390   -3.700   11.420   -404.40     31.10      8.00  18.300     18698.0
2015  3 16 14 36 00 000   -7.460   -4.210   11.290   -405.70     30.20      8.50  19.490     23005.0
2015  3 16 14 37 00 000   -7.560   -4.230   11.160   -405.70     30.20      8.50  19.490     23005.0
2015  3 16 14 38 00 000   -7.620   -4.170   11.140   -405.70     30.20      8.50  19.490     23005.0
2015  3 16 14 41 00 000   -7.530   -4.980   11.010   -407.20     31.50     10.20  18.270     18170.0
2015  3 16 14 42 00 000   -7.460   -5.530   10.770   -407.20     31.50     10.20  18.270     18170.0
2015  3 16 14 47 00 000   -7.110   -4.160   11.100   -410.30     37.00      8.50  21.060     21134.0
2015  3 16 14 48 00 000   -7.060   -4.630   10.940   -410.30     37.00      8.50  21.060     21134.0
2015  3 16 14 53 00 000   -6.890   -4.850   10.870   -412.90     38.70     10.00  20.860     18954.0
2015  3 16 14 54 00 000   -6.630   -5.320   10.930   -413.40     38.60     10.60  19.810     18785.0
2015  3 16 14 55 00 000   -7.090   -4.810   10.700   -414.30     38.40     11.50  18.260     18616.0
2015  3 16 14 56 00 000   -7.630   -3.490   10.730   -415.00     37.70     10.10  20.240     23829.0
2015  3 16 14 57 00 000   -7.700   -3.220   10.800   -414.40     37.80     10.80  20.170     24170.0
2015  3 16 14 58 00 000   -8.130   -2.780   10.590   -416.70     40.50      9.20  19.570     22840.0
2015  3 16 14 59 00 000   -8.100   -1.950   10.920   -416.40     40.20      9.40  19.490     22663.0
2015  3 16 15  0 00 000   -8.090   -1.460   11.010   -411.90     34.90     12.20  18.200     19752.0
2015  3 16 15  1 00 000   -7.960   -1.930   10.960   -411.30     37.90     11.00  18.290     19077.0
2015  3 16 15  2 00 000   -8.030   -1.470   11.080   -411.50     36.40     12.30  18.420     22093.0
2015  3 16 15  3 00 000   -8.270   -1.080   11.090   -410.10     36.20     10.50  18.070     20108.0
2015  3 16 15  4 00 000   -8.470   -0.980   10.980   -410.00     36.10     10.30  18.050     20128.0
2015  3 16 15  7 00 000   -8.430   -0.580   11.020   -410.80     38.10     13.10  18.300     18380.0
2015  3 16 15  8 00 000   -8.350   -0.530   11.070   -410.80     38.10     13.10  18.300     18380.0
2015  3 16 15 10 00 000   -8.120   -0.570   11.190   -411.80     39.40     11.00  18.130     18486.0
2015  3 16 15 11 00 000   -8.290   -0.270   11.050   -411.80     39.40     11.00  18.130     18486.0
2015  3 16 15 12 00 000   -8.040   -0.900   11.070   -411.80     39.40     11.00  18.130     18486.0
2015  3 16 15 13 00 000   -8.030   -0.840   11.050   -411.00     38.00     12.90  19.220     19580.0
2015  3 16 15 14 00 000   -8.040   -0.600   11.030   -411.00     38.00     12.90  19.220     19580.0
2015  3 16 15 15 00 000   -8.040    0.070   10.770   -409.70     35.80     12.70  19.930     18528.0
2015  3 16 15 16 00 000   -7.900    0.370   10.580   -409.70     35.80     12.70  19.930     18528.0
2015  3 16 15 17 00 000   -7.870    0.780   10.510   -406.40     36.80      6.90  24.750     20706.0
2015  3 16 15 18 00 000   -7.950    0.980   10.410   -406.40     36.80      6.90  24.750     20706.0
2015  3 16 15 20 00 000   -8.050    2.040   10.110   -405.70     37.80      4.70  24.850     23896.0
2015  3 16 15 21 00 000   -8.180    2.680    9.870   -405.70     37.40      4.40  24.720     22233.0
2015  3 16 15 22 00 000   -8.110    3.170    9.610   -405.20     36.80      5.20  23.770     19792.0
2015  3 16 15 23 00 000   -8.110    2.940    9.770   -404.90     36.50      3.10  24.490     19515.0
2015  3 16 15 24 00 000   -8.110    3.550    9.790   -404.90     33.60      4.50  22.600     20078.0
2015  3 16 15 25 00 000   -8.130    3.290    9.770   -403.90     32.90      3.70  21.470     19689.0
2015  3 16 15 26 00 000   -7.980    3.740    9.750   -404.00     32.60      4.20  22.440     20581.0
2015  3 16 15 27 00 000   -8.170    3.810    9.610   -404.00     32.50      4.30  22.380     20613.0
2015  3 16 15 28 00 000   -7.980    3.920    9.830   -404.50     30.70      6.00  21.160     20563.0
2015  3 16 15 29 00 000   -8.000    4.060    9.870   -405.00     32.30      3.20  21.490     19961.0
2015  3 16 15 30 00 000   -7.700    4.630    9.910   -403.70     31.40      1.10  20.070     20976.0
2015  3 16 15 31 00 000   -7.920    2.980   10.510   -403.40     30.70      0.80  19.680     21551.0
2015  3 16 15 32 00 000   -7.740    3.180   10.700   -403.90     27.20      3.30  19.990     24031.0
2015  3 16 15 33 00 000   -7.570    3.090   10.740   -402.30     26.70      3.50  19.320     21810.0
2015  3 16 15 34 00 000   -7.690    2.640   10.450   -401.70     25.50      4.60  19.310     21129.0
2015  3 16 15 35 00 000   -8.370    2.590    9.780   -405.10     20.90      7.50  21.500     25604.0
2015  3 16 15 36 00 000   -7.580    4.030   10.020   -406.70     19.50      4.50  21.600     25947.0
2015  3 16 15 38 00 000   -7.760    3.940   10.100   -402.10     25.20      3.50  21.660     23671.0
2015  3 16 15 39 00 000   -7.940    3.740   10.000   -402.10     25.20      3.50  21.660     23671.0
2015  3 16 15 40 00 000   -7.930    4.040    9.940   -401.60     23.60      4.20  21.270     24418.0
2015  3 16 15 41 00 000   -8.210    3.840    9.820   -401.30     24.40      3.60  21.470     24557.0
2015  3 16 15 42 00 000   -7.620    5.080    9.770   -400.70     25.90      2.40  21.810     24809.0
2015  3 16 15 43 00 000   -7.440    5.760    9.330   -400.50     28.90      1.80  23.450     25965.0
2015  3 16 15 44 00 000   -7.340    4.920    9.770   -400.50     29.60      1.70  23.820     26225.0
2015  3 16 15 45 00 000   -7.740    5.530    9.570   -400.50     29.60      1.70  23.820     26225.0
2015  3 16 15 46 00 000   -7.650    5.620    9.680   -398.10     26.10      1.10  23.290     21156.0
2015  3 16 15 47 00 000   -7.630    6.250    9.380   -398.10     26.10      1.10  23.290     21156.0
2015  3 16 15 49 00 000   -7.420    7.060    8.820   -398.30     29.40     -2.30  23.240     19190.0
2015  3 16 15 50 00 000   -7.450    6.960    8.880   -398.30     29.40     -2.30  23.240     19190.0
2015  3 16 15 51 00 000   -7.500    7.040    8.720   -398.50     23.80     -1.60  23.560     25277.0
2015  3 16 15 52 00 000   -7.260    7.160    8.830   -398.50     23.80     -1.60  23.560     25277.0
2015  3 16 15 53 00 000   -7.220    7.270    8.850   -398.60     23.30     -1.10  23.430     18740.0
2015  3 16 15 54 00 000   -7.320    7.030    8.870   -398.60     23.30     -1.10  23.430     18740.0
2015  3 16 15 55 00 000   -7.470    7.950    8.110   -399.00     20.70     -3.10  21.110     20984.0
2015  3 16 15 56 00 000   -7.740    7.640    7.850   -399.10     20.70     -2.50  22.610     20982.0
2015  3 16 15 57 00 000   -7.760    7.610    7.890   -399.50     21.10     -2.30  22.880     21409.0
2015  3 16 15 58 00 000   -7.380    7.750    8.260   -398.70     21.90     -2.00  22.690     21760.0
2015  3 16 15 59 00 000   -7.360    7.680    8.190   -399.20     21.90     -5.30  24.620     21294.0
2015  3 16 16  0 00 000   -7.320    7.720    8.130   -399.20     21.90     -5.50  24.690     21270.0
2015  3 16 16  2 00 000   -6.980    7.740    8.450   -399.90     15.20      1.50  24.010     25128.0
2015  3 16 16  3 00 000   -6.960    7.580    8.560   -399.90     15.20      1.50  24.010     25128.0
2015  3 16 16  4 00 000   -7.370    7.200    8.220   -398.80     14.80      0.80  26.440     22349.0
2015  3 16 16  5 00 000   -7.210    7.850    8.120   -398.80     14.80      0.80  26.440     22349.0
2015  3 16 16  6 00 000   -7.700    8.230    8.190   -401.50     22.10     -0.10  21.540     18023.0
2015  3 16 16  7 00 000   -7.030    8.820    8.130   -401.50     22.10     -0.10  21.540     18023.0
2015  3 16 16  8 00 000   -6.330    9.700    7.630   -397.80     22.20     -1.50  21.810     18804.0
2015  3 16 16  9 00 000   -5.960   10.010    7.230   -397.80     22.20     -1.50  21.820     18847.0
2015  3 16 16 10 00 000   -6.260    9.950    6.720   -396.80     23.40     -2.30  22.000     20239.0
2015  3 16 16 11 00 000   -6.600    9.550    6.930   -396.80     23.40     -2.30  22.000     20239.0
2015  3 16 16 12 00 000   -7.100    8.570    6.940   -395.50     28.30     -3.90  25.650     30499.0
2015  3 16 16 13 00 000   -7.050    7.750    7.330   -395.70     28.40     -4.80  26.210     31407.0
2015  3 16 16 14 00 000   -7.290    7.460    7.530   -396.60     28.80     -8.80  28.830     35607.0
2015  3 16 16 15 00 000   -7.090    7.320    7.610   -395.90     26.00     -5.70  25.760     35872.0
2015  3 16 16 16 00 000   -8.750    2.430    8.820   -396.80     25.80     -5.10  24.900     35164.0
2015  3 16 16 17 00 000   -9.200   -0.610    9.500   -401.60     24.70     -1.60  20.280     31336.0
2015  3 16 16 18 00 000   -9.230   -0.850    9.500   -402.40     24.50     -1.10  19.550     30737.0
2015  3 16 16 19 00 000   -8.990   -0.660    9.840   -403.10     27.50      2.00  24.030     26554.0
2015  3 16 16 20 00 000   -8.890   -0.290    9.950   -403.10     27.50      2.00  24.030     26554.0
2015  3 16 16 21 00 000   -9.160   -0.380    9.730   -403.70     28.00      1.40  22.970     29389.0
2015  3 16 16 22 00 000   -8.990   -0.790    9.750   -403.70     27.80      1.20  23.050     28955.0
2015  3 16 16 23 00 000   -8.620   -0.660   10.060   -404.70     26.40     -0.30  23.120     25690.0
2015  3 16 16 24 00 000   -8.520   -0.660   10.280   -405.00     26.50     -1.50  23.500     25064.0
2015  3 16 16 25 00 000   -8.910    0.000    9.580   -404.60     26.60     -1.00  23.930     25298.0
2015  3 16 16 28 00 000   -8.620   -0.030    9.830   -402.90     27.50     -0.60  21.410     27681.0
2015  3 16 16 29 00 000   -8.730    0.180    9.740   -402.90     27.50     -0.60  21.410     27681.0
2015  3 16 16 34 00 000   -8.550   -0.140    9.710   -402.80     26.00      2.70  22.000     24516.0
2015  3 16 16 35 00 000   -8.860   -0.250    9.480   -402.80     26.00      2.70  22.000     24516.0
2015  3 16 16 37 00 000   -8.640    1.040    9.880   -403.10     27.60     -0.70  21.070     31148.0
2015  3 16 16 38 00 000   -8.500    1.410    9.790   -403.10     27.60     -0.70  21.070     31148.0
2015  3 16 16 39 00 000   -8.470    1.410    9.620   -402.80     30.40     -1.90  21.970     30956.0
2015  3 16 16 40 00 000   -8.410    1.410    9.770   -402.80     30.40     -1.90  21.970     30956.0
2015  3 16 16 41 00 000   -7.940    0.710    9.200   -400.50     24.30      2.90  23.570     25193.0
2015  3 16 16 42 00 000   -7.820    0.830    9.060   -400.30     26.20      1.90  23.240     26776.0
2015  3 16 16 43 00 000   -7.350   -0.970    8.750   -400.70     27.00      2.30  23.040     35647.0
2015  3 16 16 46 00 000   -7.780    6.170    7.210   -396.80     18.10     -1.10  24.080     33810.0
2015  3 16 16 47 00 000   -6.940    8.050    5.230   -396.80     18.10     -1.10  24.080     33810.0
2015  3 16 16 49 00 000   -7.670    5.470    7.860   -398.10     21.80     -1.20  22.180     29255.0
2015  3 16 16 50 00 000   -6.430    0.600    9.230   -398.10     21.80     -1.20  22.180     29255.0
2015  3 16 16 51 00 000   -7.320    1.980    8.150   -397.30     20.60      2.90  20.420     29893.0
2015  3 16 16 52 00 000   -7.220    3.560    8.150   -398.70     24.20     -1.20  20.910     31025.0
2015  3 16 16 53 00 000   -7.540    3.890    6.910   -399.60     26.60     -4.00  21.240     31782.0
2015  3 16 16 55 00 000   -7.690    3.750    8.010   -399.60     22.30      1.70  17.360     32255.0
2015  3 16 16 56 00 000   -7.360    8.430    4.980   -398.70     22.40     -0.80  16.990     34924.0
2015  3 16 16 57 00 000   -6.850    9.390    4.870   -396.70     18.80     -1.90  17.190     37048.0
2015  3 16 16 58 00 000   -6.620    9.710    4.500   -396.60     18.50     -1.70  17.370     36791.0
2015  3 16 16 59 00 000   -6.750    9.550    4.860   -401.20     18.00      5.80  13.640     40929.0
2015  3 16 17  0 00 000   -7.040   10.370    5.660   -401.20     18.00      5.80  13.640     40920.0
2015  3 16 17  1 00 000   -7.840    9.800    6.350   -401.10     19.60      5.90   9.040     29469.0
2015  3 16 17  2 00 000   -7.780    9.870    6.890   -403.80     20.10      8.70   9.490     31158.0
2015  3 16 17  3 00 000   -8.020    9.420    6.770   -405.80     20.50     10.70   9.830     32395.0
2015  3 16 17  4 00 000   -7.760    9.080    6.850   -405.10     20.20     11.40  10.030     33042.0
2015  3 16 17  5 00 000   -7.720    9.240    6.840   -405.70     19.80     10.80   9.810     32990.0
2015  3 16 17  6 00 000   -8.270    9.520    6.430   -406.00     19.20     10.30   9.720     32677.0
2015  3 16 17  7 00 000   -8.100    9.440    6.600   -405.10     17.00      9.60  10.050     31010.0
2015  3 16 17  8 00 000   -8.150    9.430    6.610   -404.80     17.20      9.90  10.010     30999.0
2015  3 16 17  9 00 000   -8.170    9.580    6.620   -403.40     18.20     11.30   9.840     30956.0
2015  3 16 17 10 00 000   -8.390    9.480    6.820   -403.50     16.30     11.70  10.280     31321.0
2015  3 16 17 11 00 000   -8.210    9.530    6.380   -404.30     15.00     11.60  10.400     31763.0
2015  3 16 17 12 00 000   -8.050    9.420    6.070   -405.80     13.90     10.90  10.270     32311.0
2015  3 16 17 13 00 000   -6.830    4.500    6.040   -404.10     15.00     11.90   9.580     31368.0
2015  3 16 17 14 00 000   -7.030    2.220    7.580   -404.10     15.00     11.90   9.580     31368.0
2015  3 16 17 15 00 000   -7.670    1.340    9.720   -402.80      8.80     17.70  14.490     48044.0
2015  3 16 17 16 00 000   -7.310   -1.240   10.500   -402.80      8.80     17.70  14.490     48044.0
2015  3 16 17 17 00 000   -6.240   -1.420   10.960   -402.80      8.80     17.70  14.490     48044.0
2015  3 16 17 20 00 000   -3.530   -7.280    6.390   -399.10     14.20      7.80  39.070     34327.0
2015  3 16 17 21 00 000   -4.210   -7.250    6.990   -399.60     14.10      7.10  39.390     34058.0
2015  3 16 17 22 00 000   -4.250   -8.130    7.070   -399.80     14.00      6.70  39.470     33967.0
2015  3 16 17 23 00 000   -4.160   -8.860    5.860   -393.90     10.00     11.50  23.220     42894.0
2015  3 16 17 24 00 000   -3.890   -7.060    6.110   -397.00     10.70     10.20  35.990     37005.0
2015  3 16 17 25 00 000   -4.340   -5.540    7.370   -399.30     13.90      6.00  39.450     39032.0
2015  3 16 17 26 00 000   -4.960   -5.190    8.180   -399.30     13.90      6.00  39.450     39032.0
2015  3 16 17 27 00 000   -5.160   -5.530    8.560   -399.30     13.90      6.00  39.450     39032.0
2015  3 16 17 29 00 000   -5.860   -4.660    9.220   -402.80     17.70      8.10  31.610     25104.0
2015  3 16 17 30 00 000   -6.070   -4.110    9.450   -402.80     17.70      8.10  31.610     25104.0
2015  3 16 17 31 00 000   -6.410   -3.460    9.520   -403.60     18.80      8.80  29.850     23052.0
2015  3 16 17 32 00 000   -6.210   -3.340    9.530   -403.60     18.80      8.80  29.850     23052.0
2015  3 16 17 33 00 000   -5.990   -3.620    9.500   -403.60     18.80      8.80  29.850     23052.0
2015  3 16 17 36 00 000   -5.930   -3.560    9.080   -401.10     17.60      7.00  32.560     26271.0
2015  3 16 17 37 00 000   -6.520   -1.620    9.090   -402.70     21.20      4.30  33.230     32374.0
2015  3 16 17 38 00 000   -6.880   -0.850    9.490   -403.50     22.80      3.10  33.530     35168.0
2015  3 16 17 40 00 000   -6.900   -1.770    9.840   -402.20     19.10     12.10  28.840     32451.0
2015  3 16 17 41 00 000   -6.950   -3.270   10.010   -402.20     19.10     12.10  28.840     32451.0
2015  3 16 17 42 00 000   -7.470   -2.920    9.970   -406.70     19.50     11.20  24.030     28619.0
2015  3 16 17 43 00 000   -7.340   -3.000    9.930   -407.30     19.60     11.10  23.400     28137.0
2015  3 16 17 44 00 000   -7.210   -3.180   10.330   -407.00     18.50     13.40  21.890     30791.0
2015  3 16 17 45 00 000   -7.570   -2.440   10.240   -407.10     20.90     13.40  20.920     28433.0
2015  3 16 17 46 00 000   -7.890   -1.560   10.080   -408.70     24.20      9.90  21.470     28323.0
2015  3 16 17 47 00 000   -7.840   -1.580    9.980   -409.50     26.50      8.70  21.340     31659.0
2015  3 16 17 48 00 000   -7.390   -0.780    9.730   -406.50     22.70      9.70  25.460     28688.0
2015  3 16 17 49 00 000   -7.400   -0.360    9.400   -406.60     24.90      7.10  25.990     27182.0
2015  3 16 17 50 00 000   -7.140   -0.500    9.560   -406.50     24.80      6.10  27.890     27922.0
2015  3 16 17 51 00 000   -7.400    0.250    9.200   -406.80     25.10      5.60  28.700     28275.0
2015  3 16 17 53 00 000   -7.520   -1.600    9.560   -410.00     19.00     11.00  20.000     31727.0
2015  3 16 17 54 00 000   -7.350    0.100    9.210   -410.00     19.00     11.00  20.000     31727.0
2015  3 16 18  0 00 000   -7.730   -3.340    9.590   -411.20     23.80     12.80  18.750     28647.0
2015  3 16 18  1 00 000   -7.900   -2.460    9.780   -411.50     23.50     12.20  18.780     29404.0
2015  3 16 18  2 00 000   -7.280   -4.190    8.910   -412.10     22.90     10.90  18.850     30928.0
2015  3 16 18  3 00 000   -7.710   -3.380    9.320   -412.10     22.90     10.90  18.850     30928.0
2015  3 16 18  5 00 000   -8.530    0.620    7.870   -421.40     30.20     10.40  24.420     40365.0
2015  3 16 18  6 00 000   -8.440    0.250    8.090   -421.40     30.20     10.40  24.420     40365.0
2015  3 16 18  7 00 000   -8.490    0.160    8.360   -421.40     30.20     10.40  24.420     40365.0
2015  3 16 18 11 00 000   -8.040   -1.250    8.890   -419.00     29.50     11.00  23.670     40178.0
2015  3 16 18 12 00 000   -8.250   -0.520    8.940   -418.90     29.40     11.00  23.620     40137.0
2015  3 16 18 13 00 000   -8.150   -0.900    9.040   -414.50     24.10     11.20  21.330     38198.0
2015  3 16 18 14 00 000   -8.220   -0.380    9.040   -419.20     30.80     10.70  23.070     39281.0
2015  3 16 18 15 00 000   -7.290   -1.280    8.690   -420.40     32.50     10.60  22.460     38603.0
2015  3 16 18 16 00 000   -7.330   -1.360    8.790   -415.80     31.50      8.80  27.390     48728.0
2015  3 16 18 17 00 000   -7.080   -1.320    8.550   -415.80     31.50      8.80  27.390     48728.0
2015  3 16 18 18 00 000   -7.050   -1.340    8.570   -415.80     31.50      8.80  27.390     48728.0
2015  3 16 18 28 00 000   -6.960   -1.340    8.470   -414.40     29.20      5.90  27.070     49729.0
2015  3 16 18 29 00 000   -6.870   -1.460    8.500   -414.40     29.20      5.90  27.070     49729.0
2015  3 16 18 34 00 000   -6.570   -1.440    8.460   -412.90     29.00      5.20  27.720     48385.0
2015  3 16 18 35 00 000   -6.790   -1.590    8.490   -412.90     29.00      5.20  27.720     48385.0
2015  3 16 18 37 00 000   -6.550   -1.290    8.150   -418.40     28.30     -1.00  28.880     43551.0
2015  3 16 18 38 00 000   -6.880   -0.330    8.320   -417.80     28.90     -0.60  28.220     44541.0
2015  3 16 18 39 00 000   -7.010   -0.340    8.290   -416.10     31.40      0.70  26.910     47533.0
2015  3 16 18 40 00 000   -6.900   -0.530    7.680   -416.10     31.60      0.50  27.800     47495.0
2015  3 16 18 41 00 000   -6.860   -0.890    7.950   -416.50     30.40      2.20  30.120     48515.0
2015  3 16 18 42 00 000   -7.040   -0.940    7.760   -416.20     29.80      4.90  30.970     48591.0
2015  3 16 18 43 00 000   -6.570   -0.610    7.950   -414.60     31.60      0.50  30.300     55508.0
2015  3 16 18 44 00 000   -6.740   -1.610    8.400   -414.30     30.40      1.30  29.040     51787.0
2015  3 16 18 45 00 000   -6.830   -1.570    8.430   -412.30     29.00      4.70  28.290     50569.0
2015  3 16 18 46 00 000   -7.140   -1.150    8.460   -412.10     29.00      4.90  28.270     50251.0
2015  3 16 18 48 00 000   -7.630   -0.790    8.690   -417.30     31.40      2.40  25.160     41752.0
2015  3 16 18 49 00 000   -7.680   -0.820    8.660   -417.30     31.40      2.40  25.160     41752.0
2015  3 16 18 51 00 000   -7.600   -0.970    8.540   -417.20     32.10      2.70  25.110     41688.0
2015  3 16 18 52 00 000   -7.220   -0.720    7.950   -417.20     32.10      2.70  25.110     41688.0
2015  3 16 18 53 00 000   -7.450   -1.400    8.540   -417.20     32.10      2.70  25.110     41688.0
2015  3 16 18 54 00 000   -7.480   -1.800    8.540   -416.60     28.70      5.10  25.050     47531.0
2015  3 16 18 55 00 000   -7.460    0.240    7.920   -416.60     29.00      4.80  24.870     45570.0
2015  3 16 18 56 00 000   -7.280    0.630    7.860   -416.30     31.80      3.00  28.340     44834.0
2015  3 16 18 57 00 000   -7.480   -0.600    7.980   -416.20     32.60      2.50  29.710     45487.0
2015  3 16 18 58 00 000   -7.600   -0.790    8.080   -417.80     29.20      7.10  28.390     43876.0
2015  3 16 18 59 00 000   -7.560   -0.370    8.000   -417.30     28.50      5.40  27.450     43589.0
2015  3 16 19  0 00 000   -7.740    0.690    7.850   -417.90     30.50      3.70  26.200     42994.0
2015  3 16 19  1 00 000   -7.730   -0.420    8.260   -419.10     31.30      2.90  25.780     42100.0
2015  3 16 19  2 00 000   -7.640    0.490    7.970   -419.50     28.50      5.40  25.330     40677.0
2015  3 16 19  3 00 000   -8.070    0.080    7.630   -419.00     28.80      2.50  27.420     41530.0
2015  3 16 19  4 00 000   -7.930    0.510    7.650   -419.00     28.80      2.50  27.420     41530.0
2015  3 16 19  5 00 000   -7.500    0.870    7.750   -419.00     28.80      2.50  27.420     41530.0
2015  3 16 19  6 00 000   -7.590    0.970    7.890   -417.70     33.30      1.30  27.600     43259.0
2015  3 16 19  7 00 000   -7.840    1.880    7.680   -417.70     33.30      1.30  27.600     43259.0
2015  3 16 19  8 00 000   -6.200   -0.410    6.840   -418.50     29.10     -2.70  26.290     39753.0
2015  3 16 19  9 00 000   -6.420   -0.320    6.960   -419.10     26.20     -4.70  25.610     38277.0
2015  3 16 19 10 00 000   -6.070   -0.630    6.770   -419.40     25.20     -2.80  25.200     40273.0
2015  3 16 19 11 00 000   -6.610   -0.520    6.870   -419.80     22.80     -4.70  24.820     39223.0
2015  3 16 19 12 00 000   -4.660   -1.340    6.000   -420.60     17.30     -8.80  24.340     36285.0
2015  3 16 19 15 00 000   -6.140   -0.970    6.470   -421.30     16.60     -9.00  24.530     41784.0
2015  3 16 19 16 00 000   -5.700   -1.680    6.590   -421.30     16.60     -9.00  24.530     41784.0
2015  3 16 19 17 00 000   -6.550   -2.290    7.480   -420.30     22.70     10.80  26.200     38647.0
2015  3 16 19 18 00 000   -6.480   -2.080    7.470   -420.30     22.80     11.10  26.220     38603.0
2015  3 16 19 19 00 000   -6.280   -1.590    7.310   -422.60     27.60      9.80  25.020     34517.0
2015  3 16 19 20 00 000   -6.270   -1.630    7.320   -421.80     24.40      4.20  24.930     34771.0
2015  3 16 19 21 00 000   -6.180   -1.650    7.140   -419.90     16.70     -9.00  24.750     35336.0
2015  3 16 19 22 00 000   -5.770   -1.620    6.690   -423.00     25.50      5.90  25.590     32132.0
2015  3 16 19 23 00 000   -6.330   -1.740    7.190   -420.30     18.80     -7.80  24.660     36883.0
2015  3 16 19 24 00 000   -6.290   -1.970    7.400   -421.50     23.30      4.10  24.260     36481.0
2015  3 16 19 25 00 000   -6.320   -1.620    7.420   -422.70     24.70      6.10  24.830     35257.0
2015  3 16 19 26 00 000   -6.580   -1.780    7.570   -421.90     25.60      8.00  22.200     32095.0
2015  3 16 19 27 00 000   -5.410   -1.480    6.560   -420.80     23.40      4.20  21.710     32480.0
2015  3 16 19 28 00 000   -5.680   -1.480    6.740   -420.40     16.70     -9.60  24.820     35680.0
2015  3 16 19 29 00 000   -5.710   -1.370    7.030   -420.40     20.10     -2.30  25.290     40885.0
2015  3 16 19 30 00 000   -5.460   -1.270    6.920   -420.40     20.40     -2.00  25.270     40945.0
2015  3 16 19 31 00 000   -5.380   -0.900    6.890   -420.90     26.40      4.90  24.210     38694.0
2015  3 16 19 32 00 000   -5.280   -1.050    6.280   -420.50     18.90     -7.40  24.700     37599.0
2015  3 16 19 33 00 000   -5.460   -1.070    6.440   -422.20     16.80     -6.90  24.490     36846.0
2015  3 16 19 34 00 000   -5.570   -1.110    6.320   -422.40     16.10     -7.00  24.810     37440.0
2015  3 16 19 35 00 000   -5.120   -1.080    6.190   -422.10     19.50     -4.70  23.690     36413.0
2015  3 16 19 36 00 000   -5.000   -1.050    6.450   -423.00     17.10     -6.40  24.340     36044.0
2015  3 16 19 37 00 000   -4.890   -1.110    6.270   -421.90     15.70     -9.20  24.970     38166.0
2015  3 16 19 38 00 000   -5.120   -1.150    6.200   -421.70     19.30     -6.10  25.120     37058.0
2015  3 16 19 39 00 000   -5.210   -1.360    6.370   -421.00     17.30     -7.90  24.940     37844.0
2015  3 16 19 40 00 000   -5.680   -1.250    6.490   -422.80     20.30     -2.70  24.760     36841.0
2015  3 16 19 41 00 000   -6.170   -0.950    6.320   -424.70     21.80     -0.70  23.810     36606.0
2015  3 16 19 42 00 000   -5.820   -0.900    5.910   -427.80     23.70      0.60  20.870     35918.0
2015  3 16 19 43 00 000   -5.650   -1.290    5.840   -426.60     22.50     -1.50  21.560     35866.0
2015  3 16 19 44 00 000   -5.640   -1.200    5.730   -422.20     19.20     -8.20  24.430     35656.0
2015  3 16 19 45 00 000   -5.840   -1.440    5.710   -428.00     23.80      1.40  21.900     35068.0
2015  3 16 19 46 00 000   -5.590   -1.170    5.780   -427.80     22.40      1.30  21.500     35384.0
2015  3 16 19 47 00 000   -5.620   -1.530    5.600   -426.50     21.50     -1.20  22.300     35536.0
2015  3 16 19 48 00 000   -5.760   -0.720    5.570   -422.50     20.50     -9.00  25.210     35738.0
2015  3 16 19 49 00 000   -5.670   -0.450    5.590   -426.00     24.40     -3.50  23.470     35961.0
2015  3 16 19 50 00 000   -5.520   -0.590    5.510   -427.10     23.10     -1.00  21.790     38279.0
2015  3 16 19 51 00 000   -5.250   -1.060    5.480   -422.90     20.50     -7.80  25.110     39304.0
2015  3 16 19 52 00 000   -5.160   -1.190    5.390   -424.90     20.40     -2.70  24.460     34048.0
2015  3 16 19 53 00 000   -5.410   -0.920    5.270   -424.60     20.20     -3.60  24.570     33665.0
2015  3 16 19 54 00 000   -5.010   -1.550    5.450   -424.50     20.50     -7.90  25.920     33525.0
2015  3 16 19 55 00 000   -5.010   -1.780    5.450   -423.30     18.60     -4.90  25.100     35025.0
2015  3 16 19 56 00 000   -4.820   -2.110    5.490   -423.10     18.40     -4.50  24.980     34942.0
2015  3 16 19 57 00 000   -4.960   -2.160    5.340   -422.50     17.10     -3.90  24.340     34748.0
2015  3 16 19 58 00 000   -5.040   -1.340    5.320   -422.30     15.30     -6.60  25.780     35921.0
2015  3 16 19 59 00 000   -5.250   -1.070    5.210   -422.00     14.50     -7.80  26.650     36315.0
2015  3 16 20  0 00 000   -5.440   -1.070    5.110   -422.00     14.50     -7.80  26.650     36315.0
2015  3 16 20  1 00 000   -5.320   -1.000    5.100   -422.90     14.60     -8.40  27.570     36940.0
2015  3 16 20  2 00 000   -5.270   -1.130    5.120   -422.90     14.60     -8.40  27.570     36940.0
2015  3 16 20  3 00 000   -5.500   -1.110    4.910   -423.00     13.40     -7.30  26.800     36137.0
2015  3 16 20  4 00 000   -5.540   -1.130    4.820   -423.00     13.40     -7.30  26.800     36137.0
2015  3 16 20  9 00 000   -5.320   -1.150    5.710   -423.30     13.20     -9.00  27.260     39186.0
2015  3 16 20 10 00 000   -5.550   -1.250    5.600   -423.30     13.20     -9.00  27.260     39186.0
2015  3 16 20 16 00 000   -6.000   -1.510    5.800   -427.90     14.10     -1.80  22.140     43194.0
2015  3 16 20 17 00 000   -5.940   -1.510    5.800   -427.90     14.10     -1.80  22.140     43194.0
2015  3 16 20 20 00 000   -6.320   -1.550    5.710   -430.30     13.30     -0.60  20.540     34321.0
2015  3 16 20 21 00 000   -6.390   -2.050    5.430   -429.90     13.90     -0.40  21.070     34884.0
2015  3 16 20 22 00 000   -6.430   -2.170    5.260   -429.30     14.80      0.00  21.790     36019.0
2015  3 16 20 23 00 000   -6.520   -2.140    5.150   -430.30     12.00     -2.30  21.880     33498.0
2015  3 16 20 24 00 000   -6.420   -2.130    5.070   -430.00     13.10     -1.80  21.940     34801.0
2015  3 16 20 26 00 000   -6.500   -2.320    4.590   -429.60     11.00     -2.00  22.240     33771.0
2015  3 16 20 27 00 000   -6.650   -2.400    4.440   -429.80     10.80     -4.70  22.970     32634.0
2015  3 16 20 28 00 000   -6.770   -2.640    4.250   -430.40     10.40     -5.10  22.550     32807.0
2015  3 16 20 29 00 000   -6.750   -2.500    4.060   -430.30     10.30     -4.70  22.990     34404.0
2015  3 16 20 30 00 000   -6.660   -2.750    3.840   -430.20      9.90     -4.60  22.900     33846.0
2015  3 16 20 31 00 000   -6.640   -2.790    3.710   -427.90      8.80     -7.20  23.710     33348.0
2015  3 16 20 32 00 000   -6.680   -2.770    3.730   -427.00      9.70     -7.90  25.070     35316.0
2015  3 16 20 33 00 000   -6.550   -2.700    3.500   -426.80      9.60     -8.80  25.820     36824.0
2015  3 16 20 34 00 000   -6.790   -2.700    3.580   -427.90      9.80     -6.20  23.250     41952.0
2015  3 16 20 35 00 000   -6.900   -2.850    3.600   -430.00      6.40     -7.30  21.720     35731.0
2015  3 16 20 36 00 000   -6.910   -2.870    4.130   -429.80      3.30     -7.40  22.420     32507.0
2015  3 16 20 38 00 000   -7.380   -2.970    4.780   -435.30      3.00     -5.20  18.500     33184.0
2015  3 16 20 39 00 000   -7.030   -3.060    4.540   -435.30      3.00     -5.20  18.500     33184.0
2015  3 16 20 40 00 000   -6.530   -2.550    4.530   -435.30      3.00     -5.20  18.500     33184.0
2015  3 16 20 42 00 000   -6.820   -2.840    4.600   -432.50      0.00     -5.70  21.280     31148.0
2015  3 16 20 43 00 000   -7.400   -3.050    4.970   -432.50      0.00     -5.70  21.280     31148.0
2015  3 16 20 44 00 000   -7.540   -3.210    4.920   -432.50      0.00     -5.70  21.280     31148.0
2015  3 16 21  0 00 000   -6.950   -3.210    4.690   -437.10    -13.20     -8.20  18.660     34142.0
2015  3 16 21  1 00 000   -7.110   -3.140    4.870   -437.80    -13.90     -7.50  18.640     36153.0
2015  3 16 21  2 00 000   -7.070   -3.240    4.850   -436.00    -13.40     -7.50  17.970     29928.0
2015  3 16 21  3 00 000   -7.000   -3.170    5.010   -435.80    -11.30     -8.30  18.180     35660.0
2015  3 16 21  4 00 000   -7.080   -3.240    5.000   -435.40    -12.20     -7.70  17.870     28221.0
2015  3 16 21  5 00 000   -6.980   -3.140    4.900   -436.70    -12.00     -7.50  17.990     33644.0
2015  3 16 21  6 00 000   -6.980   -3.160    4.880   -435.30    -10.10     -8.30  18.380     30258.0
2015  3 16 21  7 00 000   -7.050   -3.140    4.960   -435.70    -11.50     -7.70  18.370     34497.0
2015  3 16 21  8 00 000   -7.140   -3.050    5.080   -435.50    -10.50     -8.00  17.620     30216.0
2015  3 16 21  9 00 000   -7.130   -3.180    5.340   -435.00     -8.50     -8.20  17.080     32638.0
2015  3 16 21 10 00 000   -7.150   -3.220    5.300   -433.50     -9.60     -7.50  17.280     26359.0
2015  3 16 21 11 00 000   -7.060   -3.180    4.990   -433.70    -10.20     -7.60  16.860     30349.0
2015  3 16 21 12 00 000   -6.010   -2.770    4.350   -434.80     -8.20     -9.40  18.810     35752.0
2015  3 16 21 13 00 000   -6.030   -2.650    4.350   -434.40     -8.40     -9.70  18.900     41542.0
2015  3 16 21 14 00 000   -6.010   -2.640    4.470   -434.40     -8.40     -9.70  18.900     41552.0
2015  3 16 21 15 00 000   -6.120   -2.730    4.520   -433.60     -7.60    -10.00  18.470     41866.0
2015  3 16 21 16 00 000   -5.810   -2.590    4.360   -434.10     -8.30     -9.90  18.020     40103.0
2015  3 16 21 17 00 000   -6.030   -2.850    4.540   -434.60     -8.80     -9.70  17.960     41382.0
2015  3 16 21 18 00 000   -6.420   -2.830    5.070   -434.00     -8.40     -9.30  17.540     41511.0
2015  3 16 21 19 00 000   -6.540   -2.790    5.130   -432.50     -7.60     -8.70  16.800     40051.0
2015  3 16 21 20 00 000   -6.630   -2.890    5.180   -432.50     -8.80     -8.20  16.480     38730.0
2015  3 16 21 21 00 000   -6.840   -3.100    5.090   -432.70     -8.90     -8.30  16.150     32528.0
2015  3 16 21 22 00 000   -6.840   -3.090    5.300   -432.70     -8.00     -8.30  16.020     35983.0
2015  3 16 21 23 00 000   -6.850   -3.060    5.360   -432.50     -9.60     -7.60  15.390     30746.0
2015  3 16 21 24 00 000   -7.080   -3.190    5.060   -432.30     -8.70     -7.90  15.430     34011.0
2015  3 16 21 25 00 000   -6.920   -3.050    5.470   -432.70     -7.20     -8.00  15.310     29886.0
2015  3 16 21 26 00 000   -6.890   -3.010    5.560   -432.50     -7.10     -7.70  14.120     32309.0
2015  3 16 21 27 00 000   -6.810   -2.970    5.560   -432.00     -6.60     -7.90  14.680     31095.0
2015  3 16 21 28 00 000   -6.850   -2.830    5.540   -431.40     -5.70     -8.20  14.860     33635.0
2015  3 16 21 29 00 000   -6.720   -2.860    5.560   -431.20     -5.40     -8.20  14.890     34400.0
2015  3 16 21 30 00 000   -6.570   -2.770    5.590   -429.60     -6.30     -8.20  15.640     35995.0
2015  3 16 21 31 00 000   -6.560   -2.850    5.750   -429.60     -6.30     -8.20  15.640     35995.0
2015  3 16 21 32 00 000   -6.550   -2.920    5.650   -429.70     -6.00     -8.00  14.840     28727.0
2015  3 16 21 33 00 000   -6.300   -2.960    5.620   -428.20     -6.50     -8.20  15.440     34036.0
2015  3 16 21 34 00 000   -6.320   -2.960    5.340   -427.90     -6.80     -8.30  15.910     33788.0
2015  3 16 21 35 00 000   -6.220   -3.090    5.100   -427.50     -7.20     -8.40  16.500     33390.0
2015  3 16 21 36 00 000   -6.140   -2.910    5.140   -427.10     -8.60     -8.30  16.260     34855.0
2015  3 16 21 37 00 000   -6.080   -2.870    5.500   -423.60     -6.90     -9.70  16.610     39516.0
2015  3 16 21 38 00 000   -5.910   -3.040    5.560   -423.00     -8.70     -9.10  16.590     42467.0
2015  3 16 21 39 00 000   -5.960   -3.360    5.730   -423.20     -9.00     -8.90  16.020     43348.0
2015  3 16 21 40 00 000   -6.270   -2.650    5.830   -425.10     -6.90     -9.20  15.070     45053.0
2015  3 16 21 41 00 000   -6.680   -2.020    5.970   -426.80     -3.60    -10.20  16.500     43888.0
2015  3 16 21 42 00 000   -6.470   -2.410    6.070   -427.30     -3.40     -9.50  15.210     39327.0
2015  3 16 21 43 00 000   -6.230   -2.610    6.000   -427.90     -3.90     -9.30  14.650     38913.0
2015  3 16 21 44 00 000   -5.930   -2.630    6.280   -427.00     -4.30     -9.30  14.530     41178.0
2015  3 16 21 45 00 000   -5.990   -2.530    6.160   -426.70     -4.20     -9.20  14.440     41276.0
2015  3 16 21 46 00 000   -6.090   -2.470    6.100   -427.00     -3.70     -9.20  14.340     39378.0
2015  3 16 21 47 00 000   -6.110   -2.350    6.110   -426.40     -4.50     -9.10  14.470     40139.0
2015  3 16 21 48 00 000   -5.900   -2.430    6.230   -425.80     -4.80     -9.00  13.650     39149.0
2015  3 16 21 49 00 000   -6.020   -2.160    6.240   -425.80     -4.80     -9.00  13.650     39149.0
2015  3 16 21 50 00 000   -6.200   -2.100    6.440   -427.40     -2.60     -8.90  13.550     37235.0
2015  3 16 21 51 00 000   -6.250   -2.650    6.260   -426.80     -2.20     -8.70  13.910     37209.0
2015  3 16 21 52 00 000   -6.080   -1.920    6.380   -427.20     -0.30     -9.00  13.460     35366.0
2015  3 16 21 53 00 000   -6.100   -1.970    6.630   -427.20     -0.80     -8.90  13.540     36496.0
2015  3 16 21 54 00 000   -6.100   -2.030    6.680   -427.40     -1.30     -8.90  13.570     36065.0
2015  3 16 21 55 00 000   -6.140   -1.820    6.820   -427.50     -1.90     -9.00  13.580     34699.0
2015  3 16 21 56 00 000   -6.040   -1.860    6.460   -427.60     -2.30     -8.60  14.010     33413.0
2015  3 16 21 57 00 000   -6.180   -1.310    6.230   -427.90     -1.50     -8.90  13.930     33880.0
2015  3 16 21 58 00 000   -6.050   -1.770    6.290   -429.00     -3.00     -8.90  15.020     38484.0
2015  3 16 21 59 00 000   -6.030   -2.120    6.070   -428.90     -3.10     -8.70  14.410     36874.0
2015  3 16 22  0 00 000   -5.830   -1.880    6.150   -427.80     -4.00     -8.10  13.640     36561.0
2015  3 16 22  1 00 000   -5.360   -2.270    6.420   -427.30     -4.30     -8.00  13.400     36491.0
2015  3 16 22  2 00 000   -5.720   -2.520    5.950   -426.50     -4.30     -7.80  13.700     36773.0
2015  3 16 22  3 00 000   -5.410   -2.330    6.090   -423.50     -0.00     -8.70  13.390     38083.0
2015  3 16 22  4 00 000   -5.510   -2.320    6.120   -424.30     -3.30     -8.00  13.120     35065.0
2015  3 16 22  5 00 000   -5.410   -2.300    6.040   -425.90     -0.40     -8.80  14.520     41449.0
2015  3 16 22  6 00 000   -5.350   -2.200    6.180   -423.90      0.50     -8.90  14.280     39498.0
2015  3 16 22  7 00 000   -5.260   -2.200    6.170   -423.20      0.80     -9.00  14.160     39075.0
2015  3 16 22  8 00 000   -5.430   -1.900    5.990   -422.10      1.80     -9.00  14.020     40043.0
2015  3 16 22  9 00 000   -5.880   -1.480    6.000   -425.60      1.30     -9.20  14.470     40321.0
2015  3 16 22 12 00 000   -5.850   -1.730    6.740   -418.90     -2.30     -8.10  13.780     24141.0
2015  3 16 22 13 00 000   -6.480   -1.850    7.140   -418.90     -2.00     -8.10  13.780     24089.0
2015  3 16 22 14 00 000   -6.470   -1.920    6.820   -419.70      2.90     -9.40  13.680     23640.0
2015  3 16 22 15 00 000   -6.240   -2.310    6.650   -421.40      2.40     -9.30  14.350     30454.0
2015  3 16 22 16 00 000   -6.050   -1.680    7.070   -421.30      3.90     -9.40  13.840     29727.0
2015  3 16 22 17 00 000   -5.970   -1.750    7.000   -421.90      6.10     -9.80  13.950     34072.0
2015  3 16 22 18 00 000   -6.000   -1.670    6.980   -420.20      5.80     -9.70  14.520     32871.0
2015  3 16 22 19 00 000   -6.370   -1.520    6.930   -419.80      5.60     -9.60  14.570     32337.0
2015  3 16 22 20 00 000   -6.400   -1.310    6.740   -418.40      4.60     -9.10  13.860     28816.0
2015  3 16 22 21 00 000   -6.810   -0.970    6.520   -420.00      3.60     -9.20  13.480     29298.0
2015  3 16 22 23 00 000   -5.910   -1.950    7.100   -421.50      6.70    -10.30  16.070     30099.0
2015  3 16 22 24 00 000   -6.310   -0.940    6.820   -422.50      5.30    -10.10  16.720     26361.0
2015  3 16 22 25 00 000   -6.230   -1.490    7.030   -422.50      5.30    -10.10  16.730     26307.0
2015  3 16 22 26 00 000   -6.730   -0.700    6.780   -421.30      4.70    -10.20  13.920     19529.0
2015  3 16 22 27 00 000   -6.570   -1.120    7.030   -421.30      4.70    -10.20  13.920     19529.0
2015  3 16 22 28 00 000   -6.640   -0.820    7.000   -418.40      4.90     -9.70  15.540     20516.0
2015  3 16 22 29 00 000   -6.570   -0.960    6.850   -418.40      4.90     -9.70  15.540     20516.0
2015  3 16 22 30 00 000   -6.260   -1.260    7.190   -416.90      3.00     -9.00  13.840     20761.0
2015  3 16 22 31 00 000   -6.310   -0.920    7.190   -417.10      3.10     -9.00  14.310     21189.0
2015  3 16 22 32 00 000   -5.920   -0.520    7.400   -417.90      3.80     -9.00  15.810     22530.0
2015  3 16 22 34 00 000   -6.250   -1.480    7.170   -418.00     10.00    -10.30  14.750     21207.0
2015  3 16 22 35 00 000   -6.220   -1.350    7.410   -417.70     10.30    -10.30  15.540     17574.0
2015  3 16 22 36 00 000   -6.630   -1.170    6.850   -418.30      7.30     -9.90  15.540     18247.0
2015  3 16 22 37 00 000   -7.110   -0.110    6.620   -418.80      5.20     -9.60  15.300     19786.0
2015  3 16 22 38 00 000   -6.590   -0.740    7.180   -413.20      4.30     -8.90  12.770     13822.0
2015  3 16 22 39 00 000   -6.240   -1.350    7.420   -415.90      5.30     -9.40  14.430     17244.0
2015  3 16 22 40 00 000   -6.180   -1.010    7.280   -417.30      5.20     -9.60  15.260     19567.0
2015  3 16 22 41 00 000   -6.980   -0.990    6.560   -419.50      1.00     -8.90  15.980     25676.0
2015  3 16 22 43 00 000   -6.340   -1.270    7.400   -417.60      5.80     -9.70  16.370     22343.0
2015  3 16 22 44 00 000   -6.690   -0.570    7.360   -416.90      4.40     -9.50  15.960     21435.0
2015  3 16 22 45 00 000   -5.680   -2.490    7.340   -415.90      2.30     -9.30  15.300     20011.0
2015  3 16 22 46 00 000   -5.440   -2.290    7.500   -417.20     -0.60     -9.10  16.280     27186.0
2015  3 16 22 47 00 000   -6.250   -1.410    6.990   -417.20     -0.60     -9.10  16.280     27186.0
2015  3 16 22 49 00 000   -6.450   -1.190    7.310   -412.10      6.30     -9.60  14.580     20039.0
2015  3 16 22 50 00 000   -6.630   -1.070    7.080   -414.70      3.40     -9.50  15.600     22412.0
2015  3 16 22 52 00 000   -5.960   -1.350    7.390   -412.20      2.40     -9.20  15.210     19729.0
2015  3 16 22 53 00 000   -5.740   -1.140    7.840   -411.30      3.10     -9.20  14.210     25743.0
2015  3 16 22 54 00 000   -6.010   -1.380    7.240   -411.30      3.10     -9.20  14.140     26106.0
2015  3 16 22 55 00 000   -5.640   -2.340    7.480   -410.30      2.70     -9.10  14.900     23244.0
2015  3 16 22 56 00 000   -5.550   -1.980    7.740   -413.70      2.40     -9.30  15.250     22679.0
2015  3 16 22 57 00 000   -5.210   -1.470    8.040   -407.30      6.80     -9.30  14.210     25032.0
2015  3 16 22 58 00 000   -4.930   -2.720    7.860   -410.20      2.20     -8.90  14.600     25187.0
2015  3 16 22 59 00 000   -4.800   -2.380    8.010   -410.50      2.80     -9.10  14.900     24543.0
2015  3 16 23  0 00 000   -5.550   -0.880    7.920   -410.60      7.10     -9.80  16.000     22038.0
2015  3 16 23  1 00 000   -6.530   -0.590    7.490   -409.10      3.50     -9.20  14.440     24129.0
2015  3 16 23  2 00 000   -6.360   -0.150    7.500   -409.10      3.50     -9.20  14.440     24129.0
2015  3 16 23  5 00 000   -6.340   -0.230    7.510   -413.40     -0.20     -8.90  14.800     26026.0
2015  3 16 23  6 00 000   -6.240   -0.790    7.450   -413.40     -0.20     -8.90  14.800     26026.0
2015  3 16 23  7 00 000   -5.760   -0.500    7.660   -408.10      2.50     -8.80  15.790     22661.0
2015  3 16 23  8 00 000   -6.050   -0.690    7.750   -408.70      1.70     -8.90  14.860     24483.0
2015  3 16 23  9 00 000   -6.320   -2.060    7.740   -409.40      0.70     -9.00  13.770     26605.0
2015  3 16 23 10 00 000   -5.800   -1.600    7.730   -408.50      4.40     -9.10  16.780     22337.0
2015  3 16 23 11 00 000   -5.610   -1.990    8.280   -409.00     -1.20     -8.30  15.980     27660.0
2015  3 16 23 12 00 000   -5.970   -1.730    7.300   -410.90     -3.80     -7.60  13.400     25830.0
2015  3 16 23 13 00 000   -6.270    0.050    7.360   -410.90     -3.90     -7.50  13.250     25673.0
2015  3 16 23 14 00 000   -6.680    0.040    7.140   -408.80      3.00     -8.90  13.420     20138.0
2015  3 16 23 15 00 000   -6.420   -0.090    7.580   -408.90      3.00     -8.90  13.450     20313.0
2015  3 16 23 16 00 000   -6.630    0.490    7.330   -411.10      4.80     -9.70  14.460     27795.0
2015  3 16 23 17 00 000   -6.650   -0.590    7.300   -409.90      8.60     -9.40  15.120     21511.0
2015  3 16 23 18 00 000   -6.520    0.150    7.350   -409.90      8.60     -9.40  15.120     21511.0
2015  3 16 23 22 00 000   -7.240   -0.000    7.450   -410.20      7.70     -9.50  11.990     14809.0
2015  3 16 23 23 00 000   -7.020    0.950    8.070   -411.90      5.40     -9.20  11.720     15941.0
2015  3 16 23 24 00 000   -7.630    1.270    7.220   -412.50      4.60     -9.20  11.630     16327.0
2015  3 16 23 25 00 000   -7.290   -0.010    7.190   -414.40      6.70     -9.50  13.240     21068.0
2015  3 16 23 26 00 000   -6.640    0.190    7.540   -413.30      8.10     -9.50  13.210     20680.0
2015  3 16 23 27 00 000   -6.450    0.870    7.720   -408.30     14.70     -9.60  13.620     18559.0
2015  3 16 23 28 00 000   -6.340    0.160    8.000   -414.10      7.50     -9.40  17.700     20583.0
2015  3 16 23 29 00 000   -6.830    0.270    7.640   -415.90      7.70     -9.60  18.320     24624.0
2015  3 16 23 30 00 000   -6.570    0.670    7.960   -409.90     12.60     -9.70  13.970     20534.0
2015  3 16 23 31 00 000   -6.410    0.480    7.980   -413.10      9.30     -9.90  15.140     21377.0
2015  3 16 23 32 00 000   -6.900    0.920    7.420   -413.80      6.60     -9.80  14.740     14078.0
2015  3 16 23 34 00 000   -6.580    0.210    7.520   -416.30      9.40     -9.80  13.300     37152.0
2015  3 16 23 35 00 000   -6.100    0.010    7.780   -416.30      9.40     -9.80  13.300     37152.0
2015  3 16 23 36 00 000   -6.840    0.720    6.940   -416.50     14.00    -10.30  13.580     31325.0
2015  3 16 23 37 00 000   -6.820    0.660    7.210   -416.60     13.70    -10.30  13.690     30386.0
2015  3 16 23 38 00 000   -6.010    0.740    7.200   -419.80     11.00    -11.50  14.670     27831.0
2015  3 16 23 39 00 000   -5.270   -0.510    7.400   -420.90      8.50    -11.50  14.940     34298.0
2015  3 16 23 40 00 000   -4.890   -0.370    7.380   -419.00     11.80    -11.40  14.440     36580.0
2015  3 16 23 41 00 000   -5.920    0.560    7.090   -417.50     12.10    -11.20  12.700     31541.0
2015  3 16 23 42 00 000   -6.370    1.550    6.310   -423.20     13.00    -10.50  11.000     39027.0
2015  3 16 23 43 00 000   -6.360    1.690    6.280   -424.70     12.60    -10.50  10.420     37083.0
2015  3 16 23 44 00 000   -6.140    0.710    6.730   -423.50     13.90    -11.70  11.200     31812.0
2015  3 16 23 45 00 000   -6.240    1.160    6.640   -424.60     14.10    -11.80  11.580     30468.0
2015  3 16 23 47 00 000   -5.910    1.470    6.070   -422.00     11.90    -11.80  13.400     33703.0
2015  3 16 23 48 00 000   -5.870    1.770    5.330   -422.00     11.90    -11.80  13.400     33703.0
2015  3 16 23 49 00 000   -6.010    2.200    5.200   -423.00     15.20    -12.40  11.210     34120.0
2015  3 16 23 50 00 000   -5.860    2.440    4.680   -423.80     13.10    -12.90  12.350     35563.0
2015  3 16 23 51 00 000   -5.580    2.580    4.430   -430.10     16.50    -13.70  13.460     47378.0
2015  3 16 23 52 00 000   -5.280    2.700    3.530   -427.80     15.10    -13.30  12.860     42177.0
2015  3 16 23 54 00 000   -4.660   -0.050    6.590   -431.90     15.10    -14.20  14.480     49442.0
2015  3 16 23 55 00 000   -4.560   -0.110    6.710   -426.50     11.10    -13.00  13.160     43255.0
2015  3 16 23 56 00 000   -4.390   -0.240    6.830   -424.40     10.30    -13.10  13.290     39212.0
2015  3 16 23 57 00 000   -4.410   -0.320    6.170   -422.70      7.90    -12.00  12.910     43296.0
2015  3 16 23 58 00 000   -5.890    1.960    3.140   -424.40      7.60    -12.60  13.680     48428.0
2015  3 16 23 59 00 000   -4.910    1.130    3.520   -425.30      7.80    -13.90  14.370     50190.0
2015  3 17  0  0 00 000   -0.780   -1.290    3.450   -423.70      5.80    -12.50  13.130     51261.0
2015  3 17  0  5 00 000   -2.530   -0.060    4.150   -408.50     -2.00    -14.20  13.410    101488.0
2015  3 17  0  6 00 000   -3.210   -0.230    5.460   -408.50     -2.00    -14.20  13.410    101488.0
2015  3 17  0  7 00 000   -3.790   -0.910    5.070   -415.30      5.10    -12.40  10.630     67109.0
2015  3 17  0  8 00 000   -4.000    0.050    5.920   -417.60      4.30    -12.30  11.810     68090.0
2015  3 17  0  9 00 000   -4.200    0.360    5.980   -417.60      4.20    -12.30  11.840     68123.0
2015  3 17  0 10 00 000   -4.280    0.540    5.180   -421.20     10.60    -12.40  11.500     58100.0
2015  3 17  0 11 00 000   -5.370    1.550    4.580   -423.00      8.70    -14.10  12.760     59090.0
2015  3 17  0 12 00 000   -4.890    0.980    4.370   -423.90     10.90    -15.70  13.560     65675.0
2015  3 17  0 13 00 000   -5.810    0.530    4.550   -424.50     12.50    -15.30  13.210     64739.0
2015  3 17  0 14 00 000   -5.470    0.850    3.970   -421.00     10.40    -17.10  13.770     70782.0
2015  3 17  0 15 00 000   -5.640    2.720    5.080   -425.40     17.50    -16.40  14.430     54364.0
2015  3 17  0 16 00 000   -5.180    3.370    5.180   -425.00     19.00    -16.80  14.610     53873.0
2015  3 17  0 17 00 000   -5.780    2.740    4.820   -425.10     22.10    -17.40  14.860     59077.0
2015  3 17  0 18 00 000   -4.870    3.420    5.230   -424.30     20.30    -15.20  15.940     63159.0
2015  3 17  0 20 00 000   -4.870    3.040    5.490   -419.30     17.40    -14.90  15.910     64743.0
2015  3 17  0 21 00 000   -4.880    3.470    5.140   -420.40     14.00    -15.00  16.770     71083.0
2015  3 17  0 22 00 000   -4.900    3.870    4.840   -420.50     13.90    -15.00  16.790     71291.0
2015  3 17  0 23 00 000   -4.620    4.000    5.140   -421.10     19.30    -16.40  15.760     66424.0
2015  3 17  0 24 00 000   -4.620    3.870    5.160   -421.10     19.30    -16.40  15.760     66424.0
2015  3 17  0 26 00 000   -4.490    3.740    5.530   -420.30     20.80    -16.50  15.500     70293.0
2015  3 17  0 27 00 000   -4.530    4.060    5.310   -420.30     20.80    -16.50  15.500     70293.0
2015  3 17  0 29 00 000   -4.810    4.150    5.430   -420.20     22.60    -18.30  17.330     60262.0
2015  3 17  0 30 00 000   -5.460    3.410    5.500   -420.20     22.60    -18.30  17.330     60262.0
2015  3 17  0 32 00 000   -5.150    3.200    5.850   -421.00     20.30    -15.20  15.560     64917.0
2015  3 17  0 33 00 000   -5.180    2.920    5.710   -420.60     21.10    -14.70  15.270     64845.0
2015  3 17  0 34 00 000   -5.390    2.660    5.440   -420.10     19.90    -14.70  15.420     65422.0
2015  3 17  0 35 00 000   -5.550    2.490    5.300   -417.50     13.50    -15.40  16.340     68517.0
2015  3 17  0 36 00 000   -5.380    2.460    5.620   -416.60     14.10    -15.90  16.150     63448.0
2015  3 17  0 37 00 000   -5.400    2.480    5.720   -414.90     15.70    -15.20  15.770     65937.0
2015  3 17  0 38 00 000   -5.210    2.620    5.870   -414.70     15.80    -15.20  15.730     66153.0
2015  3 17  0 39 00 000   -5.440    2.510    6.090   -415.80     17.50    -16.00  15.590     68819.0
2015  3 17  0 40 00 000   -5.640    2.130    6.350   -417.20     17.70    -16.30  14.600     72698.0
2015  3 17  0 41 00 000   -6.140    1.520    6.370   -417.80     12.60    -16.00  13.160     67567.0
2015  3 17  0 42 00 000   -6.060    1.100    6.130   -416.40     11.50    -16.00  13.200     72991.0
2015  3 17  0 43 00 000   -5.920    1.480    6.030   -417.80     12.00    -15.40  14.200     74383.0
2015  3 17  0 44 00 000   -5.980    1.180    6.050   -419.60     13.10    -15.00  15.310     72868.0
2015  3 17  0 45 00 000   -6.070    1.420    5.960   -418.30     14.70    -14.00  12.910     67353.0
2015  3 17  0 46 00 000   -6.300    2.300    5.730   -418.30     14.70    -14.00  12.910     67353.0
2015  3 17  0 47 00 000   -5.730    1.620    6.430   -421.30     16.10    -14.60  14.350     69865.0
2015  3 17  0 48 00 000   -6.300    0.910    6.580   -421.30     16.10    -14.60  14.340     69838.0
2015  3 17  0 49 00 000   -6.210    1.200    6.610   -424.00     15.50    -13.20  10.880     56843.0
2015  3 17  0 50 00 000   -6.490    1.310    6.360   -425.80     17.90    -12.80  11.660     60689.0
2015  3 17  0 51 00 000   -6.600    1.370    6.170   -426.00     17.00    -13.20  11.710     59339.0
2015  3 17  0 52 00 000   -6.330    1.130    6.560   -426.30     15.60    -13.90  11.780     57181.0
2015  3 17  0 53 00 000   -6.440    1.040    6.270   -424.70     17.10    -13.50  11.620     59866.0
2015  3 17  0 54 00 000   -6.540    1.140    6.170   -425.10     17.00    -13.50  11.600     57926.0
2015  3 17  0 55 00 000   -6.670    1.350    5.910   -425.90     16.80    -13.60  11.590     54811.0
2015  3 17  0 56 00 000   -6.790    1.850    5.520   -426.60     14.80    -14.10  12.110     58218.0
2015  3 17  0 57 00 000   -6.930    1.960    5.600   -425.40     14.00    -14.40  12.310     46479.0
2015  3 17  0 58 00 000   -6.950    1.680    5.690   -425.40     14.00    -14.40  12.310     46479.0
2015  3 17  0 59 00 000   -6.850    1.420    5.860   -424.70     14.20    -13.30  12.950     43072.0
2015  3 17  1  0 00 000   -6.830    1.040    6.000   -424.40     10.40    -12.90  12.760     41559.0
2015  3 17  1  1 00 000   -6.920    0.780    5.900   -425.20      9.60    -12.90  12.580     42770.0
2015  3 17  1  2 00 000   -6.930    0.700    5.810   -425.40      9.50    -12.90  12.510     43187.0
2015  3 17  1  3 00 000   -7.050    0.410    5.730   -426.80     11.60    -13.70  11.320     51069.0
2015  3 17  1  4 00 000   -6.930    0.480    5.790   -428.00      6.50    -13.10  11.360     56374.0
2015  3 17  1  5 00 000   -6.860    0.590    5.880   -426.20      9.70    -13.50  10.990     53742.0
2015  3 17  1  6 00 000   -6.800    0.380    5.910   -426.10      9.70    -13.50  10.990     53742.0
2015  3 17  1  7 00 000   -6.680    0.590    6.040   -426.20      9.70    -13.70  11.470     59239.0
2015  3 17  1  8 00 000   -6.590    0.160    6.120   -425.60      7.70    -13.30  11.250     57663.0
2015  3 17  1  9 00 000   -6.540    0.240    6.050   -425.40      7.10    -13.20  11.170     57172.0
2015  3 17  1 10 00 000   -6.490   -0.000    6.150   -424.50      7.60    -13.50  11.190     62230.0
2015  3 17  1 11 00 000   -6.600   -0.050    6.140   -424.80      8.20    -13.20  11.070     56472.0
2015  3 17  1 12 00 000   -6.110    0.710    5.610   -424.70      8.20    -13.30  11.090     56312.0
2015  3 17  1 13 00 000   -6.900    1.580    5.000   -420.60      5.10    -14.50  13.220     52300.0
2015  3 17  1 14 00 000   -6.910    0.820    5.180   -418.70      4.70    -14.30  13.100     60164.0
2015  3 17  1 15 00 000   -7.080    1.120    4.610   -417.00      6.50    -15.00  13.240     62473.0
2015  3 17  1 16 00 000   -6.900    0.940    4.980   -426.30     10.30    -15.70  14.650     75134.0
2015  3 17  1 17 00 000   -6.740    1.650    4.970   -422.10      7.60    -14.50  13.870     57568.0
2015  3 17  1 18 00 000   -6.620    1.000    5.450   -421.10      7.40    -14.40  12.990     49847.0
2015  3 17  1 19 00 000   -6.620   -0.460    5.670   -421.40      4.20    -13.10  11.480     48011.0
2015  3 17  1 20 00 000   -6.890   -0.700    5.320   -422.50      2.80    -12.90  11.760     48977.0
2015  3 17  1 21 00 000   -6.850   -0.930    5.190   -422.90      0.40    -12.40  11.160     56431.0
2015  3 17  1 22 00 000   -6.750   -0.730    4.870   -424.20     -1.30    -11.90  11.740     59571.0
2015  3 17  1 23 00 000   -6.900   -0.480    4.850   -425.20      0.50    -12.00  12.260     70461.0
2015  3 17  1 24 00 000   -7.060   -2.120    4.410   -424.60     -1.20    -11.80  13.200     64385.0
2015  3 17  1 25 00 000   -7.030   -2.730    4.200   -424.60     -1.20    -11.80  13.200     64385.0
2015  3 17  1 27 00 000   -5.320   -0.550    6.280   -417.70      0.10    -13.70  11.550     58427.0
2015  3 17  1 28 00 000   -6.210   -0.800    5.650   -416.60      3.60    -14.50  10.390     58427.0
2015  3 17  1 29 00 000   -6.990   -1.640    3.940   -422.10     -3.00    -12.60  11.960     60638.0
2015  3 17  1 30 00 000   -7.020    0.520    4.730   -422.50      3.30    -13.70  11.190     58438.0
2015  3 17  1 31 00 000   -6.820    0.240    4.640   -422.40      5.00    -14.00  10.940     57957.0
2015  3 17  1 32 00 000   -6.800   -0.090    4.450   -422.60      2.80    -13.80  11.450     55666.0
2015  3 17  1 33 00 000   -6.530    0.310    4.820   -421.80      0.10    -14.50  12.830     69369.0
2015  3 17  1 34 00 000   -6.350   -0.130    5.010   -421.30      0.30    -14.50  12.750     69735.0
2015  3 17  1 35 00 000   -6.070   -0.380    5.390   -418.80      1.60    -14.30  12.390     71669.0
2015  3 17  1 36 00 000   -6.090   -1.100    5.020   -418.00      2.00    -13.70  12.670     60406.0
2015  3 17  1 37 00 000   -6.160   -1.660    4.820   -413.60     -2.00    -14.90  11.680     82837.0
2015  3 17  1 38 00 000   -6.280   -2.620    4.470   -414.60     -1.10    -14.90  12.300     85124.0
2015  3 17  1 40 00 000   -6.350   -2.400    4.440   -416.10     -3.60    -13.80  12.170     71349.0
2015  3 17  1 41 00 000   -6.230   -2.970    4.130   -416.00     -3.70    -13.80  12.130     71209.0
2015  3 17  1 42 00 000   -6.030   -2.150    4.490   -413.60     -6.20    -13.60  11.370     66860.0
2015  3 17  1 43 00 000   -5.930   -1.510    4.890   -413.60     -2.50    -14.40  10.430     68954.0
2015  3 17  1 44 00 000   -5.500   -0.820    5.410   -413.50     -2.90    -14.20  12.120     71926.0
2015  3 17  1 45 00 000   -6.160   -0.890    5.030   -412.80      0.60    -15.10  13.270     64908.0
2015  3 17  1 46 00 000   -7.370   -4.150    1.570   -430.40    -17.80     -7.70  12.460     62428.0
2015  3 17  1 47 00 000   -7.310   -4.760    0.930   -428.90    -20.20     -7.10  12.500     63588.0
2015  3 17  1 48 00 000   -7.500   -4.690    0.580   -429.30    -17.40     -8.30  12.420     66043.0
2015  3 17  1 49 00 000   -6.980   -2.360    3.330   -427.60    -21.60     -8.10  13.340     65246.0
2015  3 17  1 50 00 000   -7.280   -2.550    2.960   -424.30    -12.90    -10.10  12.730     68399.0
2015  3 17  1 51 00 000   -6.610    0.250    5.730   -421.40     -2.90    -12.80  11.710     75261.0
2015  3 17  1 52 00 000   -6.880   -0.810    5.330   -422.30     -2.00    -12.40  13.070     70182.0
2015  3 17  1 54 00 000   -6.970   -1.370    4.910   -422.00     -5.00    -12.00  13.210     79103.0
2015  3 17  1 55 00 000   -6.870   -1.880    4.650   -420.70     -4.20    -12.50  12.570     74587.0
2015  3 17  1 56 00 000   -6.810   -1.410    4.810   -424.10     -4.30    -11.90  11.530     74472.0
2015  3 17  1 57 00 000   -6.010    0.410    5.910   -421.20      2.60    -13.40  10.280     67935.0
2015  3 17  1 58 00 000   -5.780    0.370    5.770   -421.10      2.70    -13.40  10.270     67849.0
2015  3 17  1 59 00 000   -6.120   -0.160    5.610   -420.30     -2.40    -13.30  10.350     68225.0
2015  3 17  2  0 00 000   -3.970    2.080    6.400   -417.90      1.70    -16.30  10.300     64937.0
2015  3 17  2  1 00 000   -5.110    0.720    6.220   -411.40      4.40    -16.40  11.900     72801.0
2015  3 17  2  2 00 000   -6.110   -0.620    5.500   -411.30      2.70    -15.90  12.300     72484.0
2015  3 17  2  3 00 000   -6.150   -1.490    5.240   -416.90     -6.20    -14.00  12.310     64484.0
2015  3 17  2  4 00 000   -6.000   -1.490    5.120   -416.80     -6.40    -14.20  12.780     67258.0
2015  3 17  2  5 00 000   -6.440   -0.950    4.880   -417.10     -6.10    -14.10  12.170     67333.0
2015  3 17  2  6 00 000   -6.630   -0.480    4.760   -420.00     -7.00    -15.80  13.300     67015.0
2015  3 17  2  7 00 000   -6.240   -2.860    3.860   -418.90    -11.70    -13.70  12.110     67329.0
2015  3 17  2  8 00 000   -6.380   -3.020    3.200   -417.50    -12.10    -14.20  12.490     73494.0
2015  3 17  2  9 00 000   -6.300   -3.300    3.360   -416.80    -12.50    -14.30  12.550     76898.0
2015  3 17  2 10 00 000   -6.590   -2.620    3.910   -415.60    -14.30    -14.10  12.000     85059.0
2015  3 17  2 11 00 000   -7.120   -2.570    3.170   -415.40    -11.90    -15.40  13.330     98203.0
2015  3 17  2 12 00 000   -6.880   -3.730    2.100   -415.90    -21.30    -15.50  13.840     85327.0
2015  3 17  2 13 00 000   -6.420   -4.300    0.850   -415.90    -21.30    -15.50  13.840     85327.0
2015  3 17  2 14 00 000   -5.260   -4.630   -0.030   -411.50    -26.70    -14.10  13.190     78179.0
2015  3 17  2 15 00 000   -3.870   -5.030   -1.290   -401.20    -35.00    -20.30  13.420     75668.0
2015  3 17  2 16 00 000   -5.210   -3.760    0.310   -409.40    -30.00    -16.90  14.810     81752.0
2015  3 17  2 17 00 000   -6.350   -3.620    1.150   -413.40    -25.00    -16.90  14.880     81711.0
2015  3 17  2 18 00 000   -6.440   -2.880    1.460   -409.30    -25.70    -17.30  15.660     94885.0
2015  3 17  2 19 00 000   -6.720   -2.800    0.420   -420.40    -27.30    -12.50  17.650     94885.0
2015  3 17  2 25 00 000   -5.220   -4.340    0.760   -414.00    -33.50     -9.90  17.640     60504.0
2015  3 17  2 26 00 000   -4.430   -5.310    0.230   -416.10    -30.60    -11.20  17.160     61537.0
2015  3 17  2 27 00 000   -5.120   -4.350    0.630   -416.40    -30.10    -12.00  15.810     61587.0
2015  3 17  2 28 00 000   -7.470   -2.380    2.270   -425.40    -18.30    -15.00  15.210     49400.0
2015  3 17  2 29 00 000   -7.310   -2.410    2.580   -426.30    -18.30    -14.40  15.850     44789.0
2015  3 17  2 30 00 000   -6.120   -2.670    2.700   -425.80    -17.20    -14.60  14.550     44168.0
2015  3 17  2 31 00 000   -4.450   -3.980    1.580   -425.80    -17.00    -14.70  14.390     44095.0
2015  3 17  2 32 00 000   -5.700   -1.200    3.060   -418.30    -14.50    -16.10  16.420     72699.0
2015  3 17  2 33 00 000   -4.960   -0.740    5.270   -421.20    -12.40    -19.50  17.100     72699.0
2015  3 17  2 35 00 000   -5.090   -0.840    5.180   -412.50     -6.00    -16.40  14.330     66441.0
2015  3 17  2 36 00 000   -4.760   -0.220    5.590   -412.50     -6.00    -16.40  14.330     66441.0
2015  3 17  2 37 00 000   -5.040   -2.230    3.840   -414.10     -6.70    -15.70  16.360     66603.0
2015  3 17  2 38 00 000   -5.900   -3.940    0.400   -414.10     -6.70    -15.70  16.360     66603.0
2015  3 17  2 39 00 000   -6.090   -3.700   -0.140   -415.90    -26.90    -20.70  15.720     62877.0
2015  3 17  2 40 00 000   -6.460   -3.110    0.200   -415.90    -26.90    -20.70  15.720     62877.0
2015  3 17  2 41 00 000   -6.300   -3.950    0.560   -418.40    -30.20    -16.50  15.800     63639.0
2015  3 17  2 42 00 000   -6.380   -3.850   -0.190   -418.40    -30.20    -16.50  15.800     63639.0
2015  3 17  2 43 00 000   -6.330   -3.880    0.440   -417.80    -33.10    -16.70  15.420     64295.0
2015  3 17  2 44 00 000   -6.320   -4.270    0.770   -419.40    -33.70    -16.30  14.880     63982.0
2015  3 17  2 45 00 000   -6.100   -4.270    0.930   -419.80    -33.80    -16.20  14.790     63896.0
2015  3 17  2 46 00 000   -6.440   -4.390    0.960   -418.90    -33.90    -15.60  16.050     63687.0
2015  3 17  2 47 00 000   -6.120   -4.850   -0.060   -420.10    -35.40    -13.80  16.790     55632.0
2015  3 17  2 48 00 000   -6.040   -3.850    1.160   -419.90    -32.30    -14.00  16.810     52454.0
2015  3 17  2 49 00 000   -6.430   -0.840    5.120   -419.40    -20.80    -14.80  16.900     40604.0
2015  3 17  2 50 00 000   -7.100   -2.220    4.100   -420.70    -23.10    -11.80  17.880     37356.0
2015  3 17  2 51 00 000   -6.410   -1.650    5.240   -417.70    -15.70    -12.50  19.170     37494.0
2015  3 17  2 52 00 000   -6.630   -1.950    5.070   -418.60    -16.60    -10.90  17.400     36095.0
2015  3 17  2 53 00 000   -6.630   -2.440    5.140   -418.70    -16.70    -10.90  17.340     36055.0
2015  3 17  2 54 00 000   -6.790   -2.230    4.900   -420.00    -17.50    -10.40  16.320     33752.0
2015  3 17  2 55 00 000   -6.830   -2.080    5.100   -418.90    -20.80     -9.50  16.510     35200.0
2015  3 17  2 56 00 000   -6.750   -2.260    4.860   -419.40    -18.60     -9.50  15.880     31488.0
2015  3 17  2 57 00 000   -6.330   -1.830    5.450   -417.40    -18.10     -9.70  16.220     39080.0
2015  3 17  2 58 00 000   -5.960   -1.640    5.900   -416.40    -17.00    -11.10  17.290     35546.0
2015  3 17  2 59 00 000   -5.700   -1.530    6.200   -415.90    -16.60     -9.40  16.280     37014.0
2015  3 17  3  0 00 000   -5.820   -1.640    6.080   -416.20    -16.60     -9.70  17.050     33649.0
2015  3 17  3  1 00 000   -5.650   -1.830    6.360   -414.80    -15.20     -9.70  15.900     35494.0
2015  3 17  3  2 00 000   -5.540   -1.710    6.420   -414.40    -15.40     -9.30  15.900     34798.0
2015  3 17  3  3 00 000   -5.830   -1.400    6.180   -415.40    -15.60     -9.30  15.940     35240.0
2015  3 17  3  4 00 000   -6.290   -0.930    5.770   -416.50    -14.20    -10.60  16.350     34293.0
2015  3 17  3  5 00 000   -6.770   -0.270    5.330   -418.00    -14.10    -13.90  16.920     40068.0
2015  3 17  3  6 00 000   -6.400   -0.480    5.580   -417.30    -11.70    -12.80  16.440     35922.0
2015  3 17  3  7 00 000   -6.550   -0.990    5.260   -418.70     -9.20    -14.20  16.350     36809.0
2015  3 17  3  8 00 000   -6.110   -1.050    5.750   -417.90    -14.00    -10.10  16.510     36489.0
2015  3 17  3  9 00 000   -6.200   -0.960    5.800   -417.90    -14.00    -10.10  16.510     36489.0
2015  3 17  3 10 00 000   -6.160   -1.560    5.750   -417.00    -17.80     -9.10  16.630     35455.0
2015  3 17  3 11 00 000   -6.160   -1.780    5.960   -416.40    -17.10     -9.60  17.010     35065.0
2015  3 17  3 12 00 000   -5.460   -1.450    6.530   -416.90    -15.30    -10.10  16.860     35466.0
2015  3 17  3 13 00 000   -5.490   -1.240    6.290   -416.20    -13.60    -10.40  17.130     34510.0
2015  3 17  3 14 00 000   -5.100   -1.200    6.590   -415.00    -12.60    -10.60  17.720     33166.0
2015  3 17  3 15 00 000   -4.820   -1.090    6.720   -411.40    -12.20     -9.60  17.160     35109.0
2015  3 17  3 16 00 000   -5.010   -1.160    6.410   -411.20    -14.20     -9.00  17.270     34399.0
2015  3 17  3 17 00 000   -5.000   -1.090    6.400   -411.10    -15.80     -8.50  17.280     33858.0
2015  3 17  3 18 00 000   -4.350   -1.480    6.900   -410.90    -14.80     -8.50  15.700     35430.0
2015  3 17  3 19 00 000   -4.550   -1.400    6.790   -407.90    -14.10     -8.00  15.630     30426.0
2015  3 17  3 20 00 000   -4.260   -1.400    7.030   -406.80    -14.50     -7.90  14.940     31114.0
2015  3 17  3 21 00 000   -3.630   -1.670    7.250   -405.20    -15.00     -7.80  13.980     32056.0
2015  3 17  3 22 00 000   -4.250   -1.580    7.070   -409.60    -17.90     -5.90  16.320     34040.0
2015  3 17  3 23 00 000   -4.430   -1.340    7.330   -408.00    -15.30     -7.50  16.510     33342.0
2015  3 17  3 24 00 000   -3.870   -1.300    7.530   -407.50    -10.10     -9.00  16.990     31328.0
2015  3 17  3 25 00 000   -4.480   -1.660    7.090   -407.60    -10.50     -8.90  16.950     31687.0
2015  3 17  3 26 00 000   -4.720   -1.510    7.200   -409.20    -13.20     -8.20  16.570     34648.0
2015  3 17  3 27 00 000   -4.800   -1.390    7.330   -413.60    -12.70     -9.10  17.440     36015.0
2015  3 17  3 28 00 000   -4.560   -0.910    7.770   -415.20     -9.80    -10.40  18.010     40304.0
2015  3 17  3 29 00 000   -4.650   -1.150    7.530   -410.10    -12.40     -8.00  15.150     31556.0
2015  3 17  3 30 00 000   -3.640   -0.870    8.180   -409.00    -11.70     -7.70  12.970     33269.0
2015  3 17  3 31 00 000   -4.510   -1.300    7.730   -409.00    -11.70     -7.70  12.970     33274.0
2015  3 17  3 32 00 000   -4.910   -1.270    8.000   -414.90     -9.20     -9.50  13.100     34409.0
2015  3 17  3 33 00 000   -5.300   -0.990    7.640   -414.90     -9.20     -9.50  13.100     34409.0
2015  3 17  3 34 00 000   -5.000   -1.040    7.490   -416.40    -15.30     -7.70  14.750     31310.0
2015  3 17  3 35 00 000   -5.110   -0.650    7.230   -415.10    -13.70     -8.20  14.680     32669.0
2015  3 17  3 36 00 000   -4.660   -0.610    7.420   -414.40    -12.80     -8.40  14.650     33372.0
2015  3 17  3 37 00 000   -3.990   -0.020    7.930   -411.50    -16.50     -6.80  13.050     36655.0
2015  3 17  3 38 00 000   -4.140   -1.350    7.940   -411.70    -12.50     -7.80  13.940     31895.0
2015  3 17  3 39 00 000   -4.160   -1.190    8.000   -416.10    -13.60     -6.80  12.600     42372.0
2015  3 17  3 41 00 000   -4.110   -2.200    7.970   -412.00    -18.80     -5.80  14.900     37680.0
2015  3 17  3 42 00 000   -3.900   -1.940    8.190   -412.40    -17.90     -5.20  15.700     35229.0
2015  3 17  3 43 00 000   -3.620   -3.840    6.790   -412.90    -20.40     -6.40  17.100     37941.0
2015  3 17  3 44 00 000   -3.660   -1.510    8.060   -411.50    -17.20     -7.30  16.980     36244.0
2015  3 17  3 45 00 000   -3.960   -1.130    8.560   -408.60     -9.60     -9.00  16.240     31826.0
2015  3 17  3 46 00 000   -3.940   -1.180    8.260   -407.40    -12.90     -7.60  15.390     32477.0
2015  3 17  3 47 00 000   -3.690   -1.270    8.670   -408.40    -13.80     -7.30  16.040     32431.0
2015  3 17  3 48 00 000   -3.810   -1.030    8.700   -410.60    -15.60     -6.70  17.370     32337.0
2015  3 17  3 49 00 000   -3.870   -1.130    8.760   -407.60    -14.70     -7.00  14.600     32714.0
2015  3 17  3 50 00 000   -4.570   -1.980    8.500   -411.60    -14.10     -7.50  14.850     33430.0
2015  3 17  3 51 00 000   -4.500   -1.620    8.490   -412.70    -15.60     -7.10  14.090     36371.0
2015  3 17  3 52 00 000   -4.450   -1.290    8.240   -411.90    -14.30     -7.90  13.560     37293.0
2015  3 17  3 53 00 000   -4.800   -1.760    8.170   -413.70    -17.20     -6.20  14.350     43527.0
2015  3 17  3 54 00 000   -3.830   -2.040    8.740   -410.90    -17.20     -6.60  15.560     38898.0
2015  3 17  3 55 00 000   -2.700   -0.550    9.200   -409.40    -17.10     -6.80  16.210     36431.0
2015  3 17  3 56 00 000   -3.440   -0.920    8.820   -406.80    -13.80     -7.10  15.800     40017.0
2015  3 17  3 57 00 000   -3.510   -0.360    9.190   -408.30     -8.10     -9.00  15.200     37373.0
2015  3 17  3 58 00 000   -2.990    0.010    9.630   -410.60     -5.60     -8.90  14.310     35186.0
2015  3 17  3 59 00 000   -2.850   -0.300    9.580   -408.30     -5.50     -8.90  13.500     35150.0
2015  3 17  4  0 00 000   -3.170   -0.110    9.510   -407.00     -7.70     -7.90  12.420     33597.0
2015  3 17  4  1 00 000   -4.940   -0.650    8.420   -413.50     -8.80     -8.80  14.190     35561.0
2015  3 17  4  2 00 000   -5.600   -0.950    7.540   -415.50    -11.60     -8.30  13.920     34249.0
2015  3 17  4  3 00 000   -4.900   -0.650    7.650   -415.50    -11.60     -8.30  13.920     34249.0
2015  3 17  4  5 00 000   -1.400   -0.110    9.080   -400.70     -3.50    -10.10  16.670     46260.0
2015  3 17  4  6 00 000   -1.200    0.700    8.730   -400.80     -5.50    -10.10  16.170     42843.0
2015  3 17  4  7 00 000   -1.730    0.210    8.820   -401.80     -5.80    -10.40  13.950     38760.0
2015  3 17  4  8 00 000   -1.770    0.270    8.810   -400.00     -3.20    -10.00  10.310     48802.0
2015  3 17  4  9 00 000   -1.070    0.010    9.040   -403.40     -0.60    -10.10  10.380     40261.0
2015  3 17  4 11 00 000   -2.500   -0.440    7.580   -401.20     -0.10     -9.70  11.710     36496.0
2015  3 17  4 12 00 000   -1.780    0.840    8.170   -398.20     -1.00     -9.00  11.000     36703.0
2015  3 17  4 14 00 000   -3.010   -0.670    7.520   -394.00      1.00     -8.80  10.090     36894.0
2015  3 17  4 15 00 000   -2.430   -0.660    7.840   -394.00      1.00     -8.80  10.090     36894.0
2015  3 17  4 16 00 000   -3.140   -0.220    8.550   -398.50     -1.40     -8.20  11.090     30328.0
2015  3 17  4 17 00 000   -3.430   -0.300    8.880   -398.50      2.00     -9.50  13.940     37185.0
2015  3 17  4 18 00 000   -2.830    0.570    8.960   -398.50      2.20     -9.60  14.080     37545.0
2015  3 17  4 19 00 000   -1.820   -0.040    9.060   -395.50     -0.30     -8.80  10.790     28096.0
2015  3 17  4 20 00 000   -2.200    0.520    8.500   -401.80     -4.40     -7.80  12.660     33681.0
2015  3 17  4 21 00 000   -1.800    0.330    8.250   -397.20      0.70     -9.20  12.220     32464.0
2015  3 17  4 22 00 000   -2.670    0.230    9.100   -396.60      1.30     -9.30  12.090     32059.0
2015  3 17  4 23 00 000   -2.000    1.220    9.830   -406.40     -6.60     -7.00  15.350     36276.0
2015  3 17  4 24 00 000   -2.430    0.290    9.170   -406.40     -6.60     -7.00  15.350     36276.0
2015  3 17  4 27 00 000   -2.280    0.330    9.190   -399.10     -6.10     -7.70  12.650     32970.0
2015  3 17  4 28 00 000   -3.350    0.180    9.230   -399.10     -6.10     -7.70  12.660     32580.0
2015  3 17  4 29 00 000   -3.070    0.470    9.230   -399.30     -6.10     -7.60  12.980     27353.0
2015  3 17  4 30 00 000   -2.600    0.450    9.440   -401.10     -8.20     -6.70  13.840     35268.0
2015  3 17  4 31 00 000   -2.870    0.200    8.960   -403.70     -9.20     -6.70  12.460     28552.0
2015  3 17  4 32 00 000   -4.110   -0.040    8.720   -412.80     -8.20     -8.10  13.050     26659.0
2015  3 17  4 33 00 000   -2.770   -0.580    9.000   -418.00     -6.90     -9.10  14.290     28960.0
2015  3 17  4 35 00 000   -1.830    1.420    9.480   -398.90     -6.90     -7.70  13.890     34944.0
2015  3 17  4 36 00 000   -2.540    0.430    9.890   -398.60     -5.90     -7.70  12.400     32467.0
2015  3 17  4 37 00 000   -1.160    0.140    9.800   -403.70    -13.40     -5.40  11.580     29377.0
2015  3 17  4 38 00 000   -1.650    0.530    9.550   -402.70     -4.30     -8.30  12.160     29898.0
2015  3 17  4 39 00 000   -2.500    0.860    9.480   -403.30     -1.20     -9.40  12.860     32391.0
2015  3 17  4 40 00 000   -2.390    0.090    9.670   -395.60     -4.70     -7.90  10.710     27651.0
2015  3 17  4 41 00 000   -2.550    1.270   10.340   -401.00     -1.00     -8.00  17.840     31021.0
2015  3 17  4 42 00 000   -1.090    2.740    8.090   -401.60      2.90     -9.80  15.150     37044.0
2015  3 17  4 43 00 000   -0.720    2.690    8.550   -399.50      8.30     -9.60  11.990     77488.0
2015  3 17  4 44 00 000   -1.530    0.650    9.430   -409.30     -6.00     -7.00  17.580     51284.0
2015  3 17  4 45 00 000    0.030    1.800   13.680   -417.90     -9.40     -5.70  14.040     60397.0
2015  3 17  4 46 00 000   -0.760    1.280   11.380   -430.80     -5.20     -5.70  13.390     85935.0
2015  3 17  4 47 00 000    0.190    3.380   16.430   -401.00      5.10     -8.50   9.870     68927.0
2015  3 17  4 49 00 000    2.670    6.050   26.520   -503.20    -29.60      8.60  14.940    135838.0
2015  3 17  4 50 00 000    2.680    6.310   26.930   -502.60    -21.10      2.50  13.700    149171.0
2015  3 17  4 51 00 000    2.780    3.530   25.990   -502.50    -19.80      1.60  13.520    151073.0
2015  3 17  4 52 00 000    2.970    3.410   25.290   -494.70    -16.80      4.00  16.910    172924.0
2015  3 17  4 53 00 000    0.210    5.090   25.520   -494.70    -16.80      4.00  16.910    172924.0
2015  3 17  4 54 00 000    4.000    5.520   25.530   -487.00    -33.50     12.30  15.270    129515.0
2015  3 17  4 55 00 000    3.600    5.390   26.190   -487.00    -33.50     12.30  15.270    129515.0
2015  3 17  4 56 00 000    2.310    3.810   25.920   -486.00    -39.30     15.10  13.230    146126.0
2015  3 17  4 57 00 000    4.370    0.920   25.190   -475.50    -70.70     49.90  13.050    150162.0
2015  3 17  4 58 00 000    5.210    1.200   24.940   -484.40    -60.00     36.20  14.430    133973.0
2015  3 17  4 59 00 000    3.990    2.060   23.850   -498.70    -79.20     55.60  20.200    127239.0
2015  3 17  5  0 00 000    3.910    3.310   23.460   -504.30    -75.30     48.70  21.290    126121.0
2015  3 17  5  1 00 000    3.480    2.480   24.030   -496.80    -78.90     54.50  26.150    122346.0
2015  3 17  5  2 00 000    1.700    3.440   23.880   -496.80    -78.90     54.50  26.150    122346.0
2015  3 17  5  4 00 000    0.840    2.330   24.110   -500.30    -75.60     47.40  27.730    124233.0
2015  3 17  5  5 00 000    0.240    6.630   22.760   -502.50    -75.10     49.00  25.650    126897.0
2015  3 17  5  6 00 000    0.290    5.960   23.580   -502.20    -70.10     40.70  30.210    104221.0
2015  3 17  5  7 00 000    0.080    6.040   23.080   -502.20    -73.10     43.40  33.180    115708.0
2015  3 17  5  8 00 000    0.240    5.100   23.910   -505.10    -76.40     45.70  32.910    122443.0
2015  3 17  5  9 00 000    0.790    7.350   22.820   -506.10    -76.80     45.70  32.130    121883.0
2015  3 17  5 10 00 000    0.150    5.780   23.360   -499.40    -74.70     42.70  31.980    125114.0
2015  3 17  5 11 00 000    0.350    9.040   22.940   -505.10    -73.60     41.20  35.270    127289.0
2015  3 17  5 12 00 000    0.470   10.290   22.710   -508.70    -78.50     51.00  30.840    120560.0
2015  3 17  5 13 00 000    0.260    8.930   23.570   -499.90    -78.50     51.20  31.850    106668.0
2015  3 17  5 14 00 000    2.870    5.110   23.710   -501.00    -81.80     54.70  31.570    129911.0
2015  3 17  5 15 00 000    2.320    6.690   23.160   -502.20    -81.90     56.30  34.320    123679.0
2015  3 17  5 16 00 000    0.430    9.150   22.190   -502.80    -82.00     57.10  35.770    120492.0
2015  3 17  5 17 00 000    2.880    5.240   24.670   -502.60    -80.20     46.80  36.520    135190.0
2015  3 17  5 18 00 000    6.740   -3.980   25.970   -504.90    -80.30     48.40  30.150    118194.0
2015  3 17  5 19 00 000    4.870    0.480   25.560   -504.80    -81.50     48.30  30.650    120035.0
2015  3 17  5 20 00 000    5.090    3.460   27.340   -506.70    -75.00     47.10  25.580    106783.0
2015  3 17  5 21 00 000    5.770    0.470   26.980   -506.20    -75.70     47.60  25.810    113662.0
2015  3 17  5 22 00 000    6.820   -0.640   27.230   -505.20    -76.80     48.40  26.130    125043.0
2015  3 17  5 23 00 000    7.960   -3.460   26.800   -503.70    -76.10     47.90  21.440    125421.0
2015  3 17  5 24 00 000    8.460   -4.740   25.700   -498.40    -82.20     53.10  24.330    117564.0
2015  3 17  5 25 00 000    5.200   -5.040   25.340   -501.30    -78.20     47.60  26.760    132413.0
2015  3 17  5 26 00 000    7.410   -6.330   24.960   -501.40    -78.00     47.30  26.890    133239.0
2015  3 17  5 28 00 000    6.230   -6.800   24.470   -506.30    -73.70     42.30  24.010    109938.0
2015  3 17  5 29 00 000    6.600   -7.110   24.180   -505.50    -73.00     41.70  26.270    116519.0
2015  3 17  5 30 00 000    6.130   -6.230   22.890   -506.00    -71.70     36.90  24.120    108699.0
2015  3 17  5 31 00 000    6.970  -10.290   21.700   -506.20    -71.30     35.50  23.480    106352.0
2015  3 17  5 32 00 000    4.920   -8.020   22.930   -504.10    -75.10     39.20  28.880    115553.0
2015  3 17  5 33 00 000    5.060   -9.090   22.050   -504.10    -75.10     39.20  28.880    115553.0
2015  3 17  5 35 00 000    6.250  -10.990   21.350   -498.60    -76.40     37.20  26.890    102367.0
2015  3 17  5 36 00 000    8.250  -10.470   21.040   -498.60    -76.40     37.20  26.890    102367.0
2015  3 17  5 37 00 000    8.950  -10.910   21.060   -492.40    -72.60     35.00  27.140     97858.0
2015  3 17  5 38 00 000    8.930  -10.760   21.200   -492.30    -72.60     35.00  27.140     97858.0
2015  3 17  5 39 00 000    9.330  -11.040   20.690   -492.40    -72.60     35.00  27.140     97858.0
2015  3 17  5 40 00 000    8.360  -10.620   19.770   -493.00    -77.10     37.50  29.750     99643.0
2015  3 17  5 41 00 000    8.460  -10.380   20.520   -493.00    -77.10     37.50  29.750     99643.0
2015  3 17  5 47 00 000    2.150  -11.930   15.800   -504.40    -82.60     34.60  35.170    134840.0
2015  3 17  5 48 00 000    3.070  -12.390   16.980   -504.40    -82.60     34.60  35.170    134840.0
2015  3 17  5 50 00 000    3.480  -13.650   17.430   -498.70    -83.40     44.40  31.630    133917.0
2015  3 17  5 51 00 000    3.500  -11.710   19.320   -498.70    -83.40     44.40  31.630    133917.0
2015  3 17  5 52 00 000    7.370   -9.230   18.850   -502.30    -93.70     52.40  30.560    158092.0
2015  3 17  5 53 00 000    7.870  -10.500   17.050   -498.60    -96.50     55.10  28.190    165087.0
2015  3 17  5 54 00 000    8.110   -8.790   16.440   -493.70   -100.30     64.70  23.830    199101.0
2015  3 17  5 55 00 000   10.270   -8.440   14.820   -490.60   -100.10     69.70  23.480    212684.0
2015  3 17  5 56 00 000   12.170   -8.250   12.980   -488.20    -92.70     59.30  22.100    143554.0
2015  3 17  5 57 00 000   12.950   -6.680   14.090   -484.40    -98.20     67.90  23.570    153444.0
2015  3 17  5 58 00 000    6.220  -16.420   -0.590   -483.70   -100.20     81.00  23.250    180073.0
2015  3 17  5 59 00 000    5.320  -18.600   -5.600   -493.50   -106.80     81.40  26.490    205482.0
2015  3 17  6  0 00 000    3.280  -13.620   -2.060   -493.70    -80.20     66.10  41.570    255062.0
2015  3 17  6  1 00 000    2.630  -14.980   -2.690   -495.20    -79.40     63.60  40.770    246693.0
2015  3 17  6  2 00 000    2.740  -16.180   -3.530   -501.00    -76.50     54.20  37.820    215411.0
2015  3 17  6  3 00 000    4.670  -14.420   -0.220   -499.80    -75.60     55.60  37.840    215537.0
2015  3 17  6  4 00 000    4.370  -14.280   -2.390   -488.20    -66.30     70.00  38.080    216785.0
2015  3 17  6  5 00 000    0.440  -14.850   -8.960   -493.30    -72.40     61.00  38.730    218712.0
2015  3 17  6  6 00 000   -3.660  -11.150  -17.190   -497.90    -75.70     53.40  37.920    214199.0
2015  3 17  6  7 00 000   -4.720   -6.980  -17.210   -509.40    -74.50     36.30  29.630    174658.0
2015  3 17  6  8 00 000   -5.290   -6.080  -18.380   -516.40    -66.70     22.80  31.440    224799.0
2015  3 17  6  9 00 000   -3.310  -12.090  -17.890   -512.20    -68.80     32.60  30.380    218098.0
2015  3 17  6 10 00 000   -5.990   -9.930  -19.880   -501.10    -74.80     58.10  27.600    195669.0
2015  3 17  6 11 00 000   -4.600   -7.550  -20.210   -515.80    -62.30     36.60  29.710    262722.0
2015  3 17  6 12 00 000   -4.480  -13.530  -16.090   -515.90    -63.20     36.80  30.310    245648.0
2015  3 17  6 13 00 000   -4.300  -12.210  -17.770   -516.10    -66.40     37.80  32.520    180558.0
2015  3 17  6 14 00 000   -6.040  -10.630  -18.260   -513.50    -69.20     44.70  32.900    173207.0
2015  3 17  6 15 00 000   -6.820   -7.280  -19.790   -514.60    -68.10     43.10  31.850    166989.0
2015  3 17  6 16 00 000   -6.050  -10.360  -18.460   -518.40    -64.60     37.30  28.360    146747.0
2015  3 17  6 17 00 000   -3.370  -12.030  -17.340   -518.40    -64.60     37.30  28.370    146911.0
2015  3 17  6 18 00 000   -3.600  -11.680  -17.400   -512.50    -75.00     27.20  32.120    190746.0
2015  3 17  6 19 00 000   -4.500   -9.950  -18.970   -512.80    -69.30     28.40  31.880    198757.0
2015  3 17  6 20 00 000   -3.920  -11.410  -18.470   -513.10    -62.90     29.80  31.610    207896.0
2015  3 17  6 21 00 000   -2.470  -13.030  -17.410   -502.80    -80.80     40.20  30.050    187288.0
2015  3 17  6 22 00 000   -3.990  -12.940  -17.150   -502.40    -81.40     40.60  30.000    186557.0
2015  3 17  6 23 00 000   -2.750  -12.950  -17.740   -505.00    -70.10     34.40  29.720    182189.0
2015  3 17  6 24 00 000   -3.900  -13.140  -16.860   -507.10    -61.10     29.50  29.500    178712.0
2015  3 17  6 25 00 000   -3.340  -14.690  -15.230   -510.00    -79.80     40.90  28.850    173619.0
2015  3 17  6 26 00 000   -2.690  -15.440  -13.870   -509.80    -80.90     42.80  28.980    174090.0
2015  3 17  6 27 00 000   -3.250  -15.850  -12.780   -507.50    -84.70     58.30  30.440    180519.0
2015  3 17  6 28 00 000   -3.900  -15.500  -11.410   -513.50    -82.90     53.70  29.910    186738.0
2015  3 17  6 29 00 000   -8.890   -9.660  -12.700   -519.00    -80.20     57.50  32.040    230316.0
2015  3 17  6 30 00 000   -5.500  -11.770  -12.270   -519.70    -83.00     45.90  31.840    159423.0
2015  3 17  6 31 00 000   -3.190  -13.300  -11.420   -519.90    -84.00     42.00  31.770    135299.0
2015  3 17  6 32 00 000   -1.980  -13.190  -11.700   -518.70    -84.10     37.60  29.380    148320.0
2015  3 17  6 33 00 000   -0.610  -15.140   -9.490   -518.10    -84.20     35.60  28.310    154107.0
2015  3 17  6 34 00 000    1.140  -16.840   -7.690   -514.50    -78.70     57.20  29.930    230789.0
2015  3 17  6 35 00 000    1.380  -17.070   -6.750   -514.40    -78.60     57.80  29.980    232787.0
2015  3 17  6 36 00 000    1.080  -17.030   -7.080   -514.50    -83.80     54.90  31.110    192107.0
2015  3 17  6 37 00 000    1.390  -16.920   -6.600   -514.50    -83.80     54.90  31.110    192107.0
2015  3 17  6 38 00 000    1.500  -16.890   -6.380   -514.50    -83.80     54.90  31.110    192107.0
2015  3 17  6 39 00 000    2.310  -17.180   -5.730   -510.20    -75.60     46.30  30.250    182082.0
2015  3 17  6 40 00 000    2.120  -17.550   -0.990   -510.20    -75.60     46.30  30.250    182082.0
2015  3 17  6 43 00 000    2.550  -16.900    2.190   -506.30    -85.10     51.30  34.940    144313.0
2015  3 17  6 44 00 000    3.860  -17.150    1.780   -506.30    -85.10     51.30  34.940    144313.0
2015  3 17  6 45 00 000    4.190  -17.750    1.570   -506.30    -85.10     51.30  34.940    144313.0
2015  3 17  6 46 00 000    4.400  -17.720    0.570   -498.10    -91.30     60.10  29.960    220202.0
2015  3 17  6 47 00 000    1.550  -17.440    4.010   -497.80    -85.60     66.30  30.460    225897.0
2015  3 17  6 48 00 000    0.720  -14.190    3.360   -505.10    -64.20     91.20  31.590    246362.0
2015  3 17  6 49 00 000   -0.340   -6.800   15.500   -513.70    -57.30    100.10  31.340    252034.0
2015  3 17  6 50 00 000    1.330   -9.660   14.330   -515.40    -61.00     89.50  26.750    300444.0
2015  3 17  6 51 00 000    4.690  -14.180   -2.100   -515.40    -61.00     89.50  26.750    300460.0
2015  3 17  6 52 00 000    5.010  -13.000   -9.360   -509.70    -67.20     99.80  34.080    354339.0
2015  3 17  6 53 00 000    4.910  -11.980  -12.030   -509.70    -67.20     99.80  34.080    354339.0
2015  3 17  6 54 00 000    4.930  -14.210  -12.880   -503.40    -74.40     76.50  27.790    372057.0
2015  3 17  6 55 00 000    3.660  -13.760   -1.510   -503.40    -74.40     76.50  27.790    372057.0
2015  3 17  6 56 00 000    6.450   -4.570   11.670   -515.50    -31.80     93.80  31.150    233395.0
2015  3 17  6 57 00 000    4.460   -5.090   19.140   -516.20    -29.80     90.40  31.110    239702.0
2015  3 17  6 58 00 000    0.900  -11.820   14.020   -517.40    -27.60     85.00  30.920    250535.0
2015  3 17  6 59 00 000    1.530   -8.750   13.420   -519.70    -63.30     66.40  26.580    332763.0
2015  3 17  7  0 00 000    1.620   -8.840   12.750   -517.50    -63.70     69.30  28.850    346210.0
2015  3 17  7  3 00 000   -0.510   -5.730   13.120   -511.80    -73.10     71.70  27.530    326836.0
2015  3 17  7  4 00 000    1.990  -11.260    4.920   -511.80    -73.10     71.70  27.530    326836.0
2015  3 17  7  5 00 000    4.410  -13.300   -5.940   -513.80    -54.80     72.80  30.490    327459.0
2015  3 17  7  6 00 000    5.080  -13.120   -6.430   -514.50    -54.30     72.90  29.870    336961.0
2015  3 17  7  7 00 000    3.710  -13.200   -7.180   -516.30    -53.00     73.20  28.270    361412.0
2015  3 17  7  8 00 000    2.850  -14.500   -7.620   -516.30    -53.00     73.20  28.270    361412.0
2015  3 17  7  9 00 000    8.830  -10.840   -4.590   -507.60    -61.20     80.80  30.390    441443.0
2015  3 17  7 10 00 000    7.070  -10.620   -4.160   -507.60    -61.20     80.80  30.390    441260.0
2015  3 17  7 11 00 000    5.130  -10.410   -7.300   -502.50    -66.30     66.10  28.770    373545.0
2015  3 17  7 12 00 000    4.590  -12.950   -4.530   -503.60    -62.90     74.90  28.900    370093.0
2015  3 17  7 13 00 000    1.740   -6.730  -12.490   -500.20    -66.00     81.70  28.040    337175.0
2015  3 17  7 14 00 000    1.720   -4.620  -12.840   -496.20    -48.40     59.10  28.070    357215.0
2015  3 17  7 15 00 000    7.050  -12.270    0.060   -493.80    -47.80     75.30  28.560    370028.0
2015  3 17  7 16 00 000    2.720  -11.280   -8.280   -493.90    -53.50     86.80  28.060    350679.0
2015  3 17  7 17 00 000    8.710  -12.530   -2.400   -497.00    -62.40     82.10  26.780    306874.0
2015  3 17  7 18 00 000    7.730  -12.170    2.230   -487.80    -52.40    102.50  29.710    363941.0
2015  3 17  7 19 00 000   10.800  -10.590    2.810   -490.50    -44.60     96.20  27.360    326210.0
2015  3 17  7 20 00 000   10.320  -10.560    4.880   -490.80    -43.60     95.40  27.050    321257.0
2015  3 17  7 23 00 000   10.200  -10.540    5.750   -483.40    -47.20     96.20  29.250    338048.0
2015  3 17  7 24 00 000   11.420   -8.930    8.730   -483.60    -46.50     96.30  29.110    335172.0
2015  3 17  7 25 00 000   12.140   -7.240    8.700   -485.70    -38.20     97.60  27.290    300103.0
2015  3 17  7 26 00 000   10.220   -5.280   11.360   -485.70    -38.20     97.60  27.290    300103.0
2015  3 17  7 27 00 000   10.690   -5.420   10.990   -479.10    -30.70    104.90  30.340    357308.0
2015  3 17  7 28 00 000   10.700   -4.810   11.600   -479.10    -30.70    104.90  30.340    357308.0
2015  3 17  7 29 00 000    9.010   -3.740    9.980   -479.10    -30.70    104.90  30.340    357308.0
2015  3 17  7 30 00 000    4.160  -10.000   -9.840   -480.00    -16.80    106.70  27.910    412538.0
2015  3 17  7 31 00 000   -0.220  -11.040  -16.700   -489.50    -22.10    100.30  23.430    418262.0
2015  3 17  7 32 00 000   -1.590   -7.270  -18.110   -499.40    -27.60     93.70  18.890    424119.0
2015  3 17  7 33 00 000   -2.270   -6.030  -17.560   -505.20    -36.00     87.60  23.920    647054.0
2015  3 17  7 34 00 000   -4.560   -2.810  -17.890   -503.50    -28.00     83.00  21.950    581084.0
2015  3 17  7 35 00 000   -6.280   -0.360  -16.750   -515.70    -15.60     76.20  20.300    555216.0
2015  3 17  7 36 00 000   -6.350   -0.290  -17.610   -516.30    -15.40     76.10  20.310    556871.0
2015  3 17  7 37 00 000   -5.300   -1.610  -18.430   -519.30     -0.50     70.60  21.160    626976.0
2015  3 17  7 44 00 000   -5.940   -1.410  -18.040   -521.90      0.30     55.00  20.770    513743.0
2015  3 17  7 45 00 000   -6.910   -0.190  -17.620   -521.90      0.30     55.00  20.770    513743.0
2015  3 17  7 46 00 000   -7.760    2.150  -18.160   -538.60     14.40     57.00  20.870    597401.0
2015  3 17  7 47 00 000   -8.800    1.320  -17.730   -538.60     14.40     57.00  20.870    597401.0
2015  3 17  7 48 00 000   -8.890    0.980  -17.670   -538.60     14.40     57.00  20.870    597401.0
2015  3 17  7 50 00 000   -5.040    0.230  -18.180   -533.00     16.90     48.50  18.830    482997.0
2015  3 17  7 51 00 000   -2.270   -1.880  -17.630   -533.00     16.90     48.50  18.830    482997.0
2015  3 17  7 53 00 000    2.100   -2.260  -14.540   -536.50     34.40     54.20  18.280    717482.0
2015  3 17  7 54 00 000    1.740   -3.260  -16.760   -536.10     34.00     54.40  18.310    715990.0
2015  3 17  7 55 00 000    6.550   -5.830  -14.470   -511.40     10.40     66.80  20.620    619607.0
2015  3 17  7 56 00 000    6.580   -6.290   -9.090   -511.40     10.40     66.80  20.620    619607.0
2015  3 17  7 58 00 000    2.680   -8.520  -12.560   -536.80     13.70     83.30  21.560    899370.0
2015  3 17  7 59 00 000    4.230   -8.090  -10.200   -542.60     10.90     92.00  21.790    949268.0
2015  3 17  8  0 00 000    5.810   -8.800   -6.960   -509.60     19.30     86.70  20.760    767112.0
2015  3 17  8  1 00 000    3.210   -8.930  -13.610   -529.50     25.30     70.80  19.820    760689.0
2015  3 17  8  2 00 000    0.240   -8.120  -16.100   -541.60     16.60     82.60  21.920    869588.0
2015  3 17  8  5 00 000    1.750   -5.780  -14.140   -512.70     30.30     58.00  18.770    829601.0
2015  3 17  8 25 00 000   -0.900   -4.590  -17.100   -584.00     79.70     32.20  19.060    705437.0
2015  3 17  8 26 00 000    7.750   -9.080  -12.920   -551.70     47.00     36.80  18.840    711169.0
2015  3 17  8 27 00 000    6.340   -9.100  -13.440   -516.20     10.90     41.80  18.590    717043.0
2015  3 17  8 28 00 000    3.410   -7.010  -14.210   -538.20     26.30     34.30  17.360    607076.0
2015  3 17  8 29 00 000    5.910  -10.050  -14.500   -565.60     49.20     26.70  18.330    679457.0
2015  3 17  8 30 00 000    2.360   -7.470  -15.520   -564.50     41.50      3.10  19.210    681006.0
2015  3 17  8 31 00 000    1.560   -5.820  -17.740   -514.20     20.70     -9.90  20.050    928585.0
2015  3 17  8 32 00 000   -2.800   -2.190  -18.320   -561.70     57.80     10.00  19.370    756060.0
2015  3 17  8 33 00 000   -3.370   -1.880  -18.630   -562.10     67.90     26.20  18.350    669997.0
2015  3 17  8 34 00 000   -2.300   -3.220  -19.320   -579.80     69.10     16.50  18.330    596118.0
2015  3 17  8 35 00 000   -3.560   -1.760  -20.320   -562.80     57.10      7.70  18.920    682157.0
2015  3 17  8 36 00 000   -2.500   -1.970  -20.950   -571.80     63.80     16.00  19.310    605874.0
2015  3 17  8 37 00 000   -2.620   -2.470  -21.460   -565.90     62.50     12.40  18.410    673005.0
2015  3 17  8 38 00 000   -3.190   -3.080  -20.390   -569.30     63.10      1.10  18.920    676846.0
2015  3 17  8 39 00 000   -3.150   -4.390  -19.960   -572.00     62.50     -3.20  19.330    650598.0
2015  3 17  8 40 00 000   -2.960   -8.520  -18.810   -566.20     36.00     10.50  20.200    731713.0
2015  3 17  8 41 00 000   -1.160   -9.860  -17.900   -562.90     37.60      2.20  20.390    727145.0
2015  3 17  8 42 00 000   -0.750   -9.000  -17.980   -557.70     40.20    -10.60  20.700    720120.0
2015  3 17  8 43 00 000    0.680  -11.000  -17.250   -553.80     25.30     19.50  19.840    807085.0
2015  3 17  8 44 00 000    2.580  -13.520  -12.400   -553.80     25.30     19.50  19.840    807085.0
2015  3 17  8 45 00 000    1.710  -12.720  -13.640   -553.80     25.30     19.50  19.840    807085.0
2015  3 17  8 46 00 000    1.230  -12.760  -16.450   -544.80     27.50     43.70  22.800    981961.0
2015  3 17  8 47 00 000    1.650  -12.810  -16.430   -544.80     27.50     43.70  22.800    981961.0
2015  3 17  8 49 00 000    1.400   -9.420  -18.720   -557.00     57.20     14.00  20.960    877018.0
2015  3 17  8 50 00 000    0.170   -7.510  -19.650   -557.00     57.20     14.00  20.960    877018.0
2015  3 17  8 51 00 000   -0.310   -6.970  -19.220   -577.70     89.10     15.40  19.200    733382.0
2015  3 17  8 52 00 000   -2.490   -4.350  -19.620   -575.40     87.80     13.60  19.300    726000.0
2015  3 17  8 53 00 000   -5.590   -7.280  -18.990   -571.90     72.00     -0.10  20.390    701722.0
2015  3 17  8 54 00 000   -7.360   -7.060  -18.990   -586.80     61.80     -3.20  20.960    731845.0
2015  3 17  8 57 00 000   -7.920   -2.860  -20.120   -588.90     74.90    -15.10  21.150    980420.0
2015  3 17  8 58 00 000   -4.760   -8.570  -17.920   -588.90     74.90    -15.10  21.150    980343.0
2015  3 17  8 59 00 000   -4.780   -9.540  -17.850   -607.50     43.50    -17.00  22.730    643091.0
2015  3 17  9  0 00 000   -1.370  -13.450  -16.230   -607.50     43.50    -17.00  22.730    643091.0
2015  3 17  9  3 00 000    3.620  -17.180  -10.630   -560.40     60.00      7.00  23.740    839549.0
2015  3 17  9  4 00 000    3.150  -11.640  -14.570   -560.40     60.00      7.00  23.740    839549.0
2015  3 17  9  5 00 000    2.760  -13.140  -13.450   -560.60     70.80     -4.30  23.690    726736.0
2015  3 17  9  6 00 000    3.330  -11.920  -13.480   -560.60     70.80     -4.30  23.690    726736.0
2015  3 17  9  7 00 000    2.820   -5.900  -17.670   -571.70     68.50     -5.90  20.640    757916.0
2015  3 17  9  8 00 000    5.810  -14.050  -15.720   -568.60     65.70     -2.30  21.130    776647.0
2015  3 17  9  9 00 000    8.130  -16.790  -12.160   -558.40     55.60      8.90  23.560    881227.0
2015  3 17  9 10 00 000    9.160  -17.770   -9.860   -551.00     46.00     17.70  26.050   1009511.0
2015  3 17  9 11 00 000    9.500  -17.770   -8.360   -553.80     45.60     23.40  24.110    929058.0
2015  3 17  9 12 00 000    9.720  -18.030   -7.400   -550.10     44.60     23.60  22.820    831905.0
2015  3 17  9 15 00 000    4.070   -9.440  -12.810   -557.90     71.80     46.70  25.170    838124.0
2015  3 17  9 16 00 000    5.890  -11.160   -9.990   -557.90     71.70     46.70  25.170    837936.0
2015  3 17  9 17 00 000    7.280  -11.000   -8.550   -549.80     47.00     49.90  26.730    814399.0
2015  3 17  9 18 00 000    6.710  -11.280  -10.640   -548.90     41.50     65.90  26.480    865055.0
2015  3 17  9 19 00 000   10.620  -13.860   -5.680   -548.00     47.20     57.10  26.030    846831.0
2015  3 17  9 20 00 000   11.730  -14.520   -2.890   -537.90     28.90     53.10  28.020    925296.0
2015  3 17  9 21 00 000   13.020  -14.970    0.580   -539.30     46.50     72.60  26.760    904153.0
2015  3 17  9 22 00 000   11.650  -15.640   -3.290   -540.60     55.70     83.90  25.920    890603.0
2015  3 17  9 23 00 000   12.570  -15.550   -3.940   -544.50     -2.80     53.60  24.080    768274.0
2015  3 17  9 24 00 000   11.520  -17.510   -4.360   -534.80      3.30     46.90  23.610    685024.0
2015  3 17  9 25 00 000   12.480  -16.590   -1.220   -532.70     17.50     54.70  24.860    775331.0
2015  3 17  9 26 00 000   11.710  -17.500   -4.390   -541.30     33.20     57.00  23.820    814184.0
2015  3 17  9 27 00 000   12.280  -17.330   -3.960   -539.30     32.20     56.40  24.000    845697.0
2015  3 17  9 28 00 000   12.370  -17.680   -4.510   -535.10     32.90     59.60  23.930    827512.0
2015  3 17  9 29 00 000   13.360  -15.350    0.100   -552.20     52.30     83.70  26.530    925922.0
2015  3 17  9 30 00 000   13.030  -15.530   -0.150   -552.40     52.50     84.00  26.560    927250.0
2015  3 17  9 46 00 000   15.270  -12.070   -1.240   -529.30    -30.90     62.50  30.070   1185800.0
2015  3 17 10  9 00 000   13.610  -13.970    0.050   -538.00     53.80     96.20  28.220   1039826.0
2015  3 17 10 10 00 000   13.320  -14.420    0.000   -538.00     53.80     96.20  28.220   1039826.0
2015  3 17 10 12 00 000   16.970  -12.920   -0.770   -529.90     14.70     55.20  25.440   1044591.0
2015  3 17 10 13 00 000   15.810  -13.950   -0.370   -530.30      7.60     55.70  25.580   1013745.0
2015  3 17 10 14 00 000   15.140  -13.400    0.250   -531.90    -24.80     58.00  26.210    874199.0
2015  3 17 10 15 00 000   15.230  -13.800    0.560   -531.90    -24.80     58.00  26.210    874106.0
2015  3 17 10 16 00 000   14.910  -13.710   -0.680   -533.80     10.30     63.40  26.490    875562.0
2015  3 17 10 17 00 000   15.040  -12.200   -1.850   -536.40     28.30     87.90  24.840    749923.0
2015  3 17 10 18 00 000   10.580   -4.000   -8.180   -522.50    -13.40     75.30  30.810   1075825.0
2015  3 17 10 19 00 000   13.790  -12.140   -2.210   -521.10      4.00     63.30  29.790   1100834.0
2015  3 17 10 20 00 000   12.710  -10.170   -2.340   -522.30     27.40     57.90  27.830   1058949.0
2015  3 17 10 23 00 000   13.070  -13.060    0.310   -533.60     34.10     84.10  26.490    762983.0
2015  3 17 10 24 00 000   12.300  -14.810    4.020   -533.60     34.10     84.10  26.490    762983.0
2015  3 17 10 25 00 000   13.270  -15.120    5.600   -550.70     45.90     88.90  23.180    659776.0
2015  3 17 10 26 00 000   15.530  -15.120    5.460   -551.30     47.20     87.30  22.760    649773.0
2015  3 17 10 27 00 000   15.130  -13.510    2.750   -537.20     45.70     73.30  23.040    675952.0
2015  3 17 10 28 00 000   16.360  -14.180    5.840   -529.90     43.10     73.10  24.330    712221.0
2015  3 17 10 29 00 000   15.370  -15.900    3.480   -539.30     55.90     82.50  24.240    854695.0
2015  3 17 10 30 00 000   16.210  -12.840    8.660   -548.60     59.50     64.90  22.100    738810.0
2015  3 17 10 31 00 000   16.120  -11.710   10.100   -560.30     64.10     36.40  20.720    663454.0
2015  3 17 10 32 00 000   16.770   -8.370   11.490   -576.40     78.10     22.50  21.690    626976.0
2015  3 17 10 33 00 000   16.690   -8.740   11.430   -578.00     74.10     24.20  21.670    625816.0
2015  3 17 10 34 00 000   16.880  -10.130   12.080   -582.60     59.80     30.80  21.180    597943.0
2015  3 17 10 35 00 000   15.980  -12.990   12.240   -579.90     60.50     37.70  19.240    562483.0
2015  3 17 10 36 00 000   16.740  -12.140    9.900   -565.30     53.70     61.60  18.860    576661.0
2015  3 17 10 37 00 000   12.460  -11.550   12.430   -553.50     52.00     74.60  19.320    578871.0
2015  3 17 10 38 00 000   14.180  -10.080   13.360   -573.50     57.60     72.30  21.810    570244.0
2015  3 17 10 39 00 000   13.480  -10.490   13.930   -567.00     59.00     71.10  23.130    639395.0
2015  3 17 10 40 00 000   14.360  -10.670   14.840   -573.70     68.00     64.00  20.400    539986.0
2015  3 17 10 41 00 000   12.600   -9.940   14.270   -582.30     54.70     53.60  18.800    535516.0
2015  3 17 10 42 00 000   13.290  -10.670   13.460   -581.60     54.10     56.70  21.460    688023.0
2015  3 17 10 43 00 000   12.360  -12.050   11.440   -589.40     57.90     39.50  23.560    785722.0
2015  3 17 10 44 00 000   12.210  -12.250   12.040   -594.00     58.30     30.60  24.110    822948.0
2015  3 17 10 45 00 000   14.070  -12.170   13.010   -591.80     57.20     27.70  22.740    874470.0
2015  3 17 10 46 00 000   14.660  -12.140   13.020   -581.70     58.40     38.40  20.770    665232.0
2015  3 17 10 47 00 000   15.710  -12.860   12.920   -567.50     59.20     61.80  20.220    611830.0
2015  3 17 10 48 00 000   15.320  -12.670   12.950   -563.60     52.80     69.00  20.470    631443.0
2015  3 17 10 49 00 000   15.640  -12.930   12.180   -572.30     55.50     52.50  19.840    610214.0
2015  3 17 10 50 00 000   16.200  -14.340   10.750   -577.80     58.80     36.20  19.310    485717.0
2015  3 17 10 51 00 000   15.980  -13.760    9.190   -568.30     43.10     37.70  18.630    430995.0
2015  3 17 10 52 00 000   15.710  -12.510   12.350   -568.00     42.60     37.70  18.610    430963.0
2015  3 17 10 55 00 000   14.640  -14.110   12.890   -574.90     51.60     50.80  19.440    570227.0
2015  3 17 10 56 00 000   14.360  -12.990   15.300   -584.30     54.20     48.30  19.370    611192.0
2015  3 17 10 57 00 000   14.400  -13.680   16.490   -593.80     61.50     52.70  20.870    790760.0
2015  3 17 11  3 00 000   15.080  -13.900   11.620   -581.90     33.90     24.80  19.290    623286.0
2015  3 17 11  4 00 000   13.800  -14.480   12.390   -581.90     33.90     24.80  19.290    623286.0
2015  3 17 11  5 00 000   12.940   -7.720   14.120   -569.90    116.30     76.30  20.000    805688.0
2015  3 17 11  6 00 000   14.220   -7.770   13.580   -571.20    108.20     68.50  20.170    785401.0
2015  3 17 11  7 00 000   16.040   -8.140   12.090   -576.40     76.50     37.50  20.820    705853.0
2015  3 17 11  8 00 000   16.110   -9.580   13.450   -571.60     84.80     26.10  20.610    741886.0
2015  3 17 11  9 00 000    9.700    2.910   14.000   -571.50     85.00     25.80  20.610    742737.0
2015  3 17 11 11 00 000    7.660    6.670   15.910   -587.30    152.50     42.10  28.040   1049366.0
2015  3 17 11 12 00 000    8.720    1.680   15.550   -579.80    132.10     46.10  27.610   1144035.0
2015  3 17 11 13 00 000    3.420   15.470   10.820   -559.00     75.40     57.30  26.400   1406780.0
2015  3 17 11 15 00 000    0.240   21.370    3.540   -613.10    162.70     -1.80  27.850    871200.0
2015  3 17 11 16 00 000   -0.420   21.080    3.270   -613.10    162.70     -1.80  27.850    871200.0
2015  3 17 11 17 00 000   -1.020   21.090    3.820   -603.00    174.80    -11.80  30.000    921267.0
2015  3 17 11 18 00 000   -0.450   21.490    2.210   -603.00    174.80    -11.80  30.000    921267.0
2015  3 17 11 20 00 000   -2.430   23.310   -2.670   -597.30    141.40      7.40  27.810   1013034.0
2015  3 17 11 21 00 000   -2.900   24.110   -2.900   -597.30    141.40      7.40  27.810   1013034.0
2015  3 17 11 22 00 000   -2.280   23.770   -2.100   -593.40    129.90     31.80  28.110   1058949.0
2015  3 17 11 23 00 000   -0.930   18.950    2.750   -593.40    129.90     31.80  28.110   1058949.0
2015  3 17 11 24 00 000   -1.480   19.240    0.550   -593.40    129.90     31.80  28.110   1058949.0
2015  3 17 11 26 00 000    1.000    7.330   11.340   -599.70    131.80     16.30  27.910   1145492.0
2015  3 17 11 27 00 000   -2.080   20.670    0.860   -599.70    131.80     16.30  27.910   1145492.0
2015  3 17 11 30 00 000   -3.040   21.150    1.810   -590.60    182.20     -4.40  29.560    937765.0
2015  3 17 11 31 00 000   -3.830   20.560    1.840   -590.60    182.20     -4.40  29.560    937765.0
2015  3 17 11 32 00 000   -1.120   22.160    0.220   -595.30    169.90    -11.10  29.040    925752.0
2015  3 17 11 33 00 000   -6.290   14.000    7.020   -602.40    164.10     -6.90  29.470    996406.0
2015  3 17 11 34 00 000   -2.720   14.430   11.890   -625.90    145.90      9.20  30.850   1214072.0
2015  3 17 11 35 00 000   -7.710    8.790   14.140   -596.30    178.50      5.90  29.000    807728.0
2015  3 17 11 36 00 000   -4.690    1.040   18.070   -596.10    178.70      5.90  28.990    805688.0
2015  3 17 11 38 00 000    0.150  -15.190   14.020   -604.10    155.00     26.00  24.250    741986.0
2015  3 17 11 39 00 000    2.080  -11.730   16.420   -598.50    140.50     46.10  24.930    867400.0
2015  3 17 11 40 00 000    3.440    4.070   17.000   -603.40    127.80     33.80  23.980    834664.0
2015  3 17 11 41 00 000    2.100    2.930   19.160   -608.20    127.20      8.10  30.270    894587.0
2015  3 17 11 42 00 000    3.550  -11.120   17.560   -608.30    127.20      7.70  30.390    896059.0
2015  3 17 11 43 00 000    3.280  -13.970   15.950   -595.90    133.10     62.80  25.570    922761.0
2015  3 17 11 44 00 000    2.730  -15.540   13.850   -595.90    133.10     62.80  25.570    922761.0
2015  3 17 11 45 00 000    5.220  -11.260   15.490   -591.50    140.40     43.60  22.710    911437.0
2015  3 17 11 46 00 000    3.930    7.240    9.390   -582.70    155.20      5.20  17.000    888711.0
2015  3 17 11 47 00 000   -1.460   19.910   -0.420   -603.50    153.00     15.30  23.050    938868.0
2015  3 17 11 48 00 000   -3.560   21.450    5.400   -606.20    152.70     16.60  23.840    945312.0
2015  3 17 11 50 00 000   -0.270   22.030   -3.640   -571.20    233.30    -21.60  25.280   1033491.0
2015  3 17 11 51 00 000   -1.230   21.940   -2.490   -571.20    233.30    -21.60  25.280   1033491.0
2015  3 17 11 52 00 000   -2.940   20.700   -1.970   -571.20    233.30    -21.60  25.280   1033491.0
2015  3 17 11 54 00 000   -2.860   18.170    0.920   -589.70    227.80    -54.40  27.230   1003661.0
2015  3 17 11 55 00 000   -3.880   20.070   -0.480   -589.70    227.80    -54.40  27.230   1003661.0
2015  3 17 11 56 00 000   -2.290   20.940   -1.080   -590.30    196.70    -43.40  24.660   1050960.0
2015  3 17 11 57 00 000   -2.050   20.850    0.220   -590.40    195.00    -42.10  24.660   1043665.0
2015  3 17 11 58 00 000   -2.290   20.700    1.340   -591.10    170.30    -23.10  24.680    940780.0
2015  3 17 11 59 00 000   -3.290   20.640   -0.920   -591.10    170.30    -23.10  24.680    940780.0
2015  3 17 12  1 00 000   -6.070   22.830   -0.540   -585.70    154.30    -15.30  17.620    720120.0
2015  3 17 12  2 00 000   -5.830   24.850   -1.380   -585.70    154.30    -15.30  17.620    720120.0
2015  3 17 12  3 00 000   -7.040   24.820   -0.210   -585.70    154.30    -15.30  17.620    720120.0
2015  3 17 12  6 00 000   -2.660   24.570   -2.940   -593.10    134.40     -3.10  17.320    712221.0
2015  3 17 12  7 00 000   -3.260   24.370   -4.270   -593.10    134.40     -3.10  17.320    712221.0
2015  3 17 12 10 00 000   -1.990   24.900   -4.650   -584.30    109.10     -9.80  17.790    722763.0
2015  3 17 12 11 00 000   -3.070   25.150   -4.830   -584.30    109.10     -9.80  17.790    722763.0
2015  3 17 12 12 00 000   -3.190   25.250   -4.940   -584.30    109.10     -9.80  17.790    722763.0
2015  3 17 12 17 00 000   -3.100   24.790   -4.830   -575.10    117.20     -8.50  18.790    790402.0
2015  3 17 12 18 00 000   -3.100   24.790   -4.820   -575.10    117.20     -8.50  18.790    790402.0
2015  3 17 12 19 00 000   -3.530   25.100   -4.810   -575.10    117.20     -8.50  18.790    790402.0
2015  3 17 12 23 00 000   -7.440   22.530   -3.110   -576.70    137.60    -27.80  22.480   1030934.0
2015  3 17 12 24 00 000   -6.940   22.600   -3.090   -573.60    141.10    -33.40  22.070   1013613.0
2015  3 17 12 25 00 000   -7.570   22.990   -2.120   -581.70    146.60    -25.90  20.960    819139.0
2015  3 17 12 26 00 000   -6.580   23.050   -1.950   -574.70    155.40    -30.10  20.990    751315.0
2015  3 17 12 27 00 000   -6.460   23.450   -1.080   -585.50    142.50    -23.90  20.570    883236.0
2015  3 17 12 28 00 000   -6.750   22.520   -1.840   -578.10    129.10    -20.70  19.400    953772.0
2015  3 17 12 29 00 000   -5.530   23.350   -4.990   -579.60    142.70    -33.70  20.440    904505.0
2015  3 17 12 30 00 000   -4.910   23.430   -4.500   -574.80    116.20    -15.20  21.210    954481.0
2015  3 17 12 31 00 000   -5.010   23.510  -11.290   -587.20     95.10     -3.10  18.260    850683.0
2015  3 17 12 32 00 000   -5.090   23.500  -12.540   -594.10     98.70    -11.30  14.800    775428.0
2015  3 17 12 33 00 000   -6.790   23.180  -13.570   -578.90    136.00    -28.30  15.980    826672.0
2015  3 17 12 34 00 000   -6.330   22.840  -14.850   -575.70    111.00    -27.20  12.920    775262.0
2015  3 17 12 35 00 000   -6.680   24.380  -14.420   -575.20    110.60    -26.80  13.050    785342.0
2015  3 17 12 36 00 000   -6.310   20.600  -14.530   -575.30    116.50    -24.80  15.890    824132.0
2015  3 17 12 37 00 000   -6.440   20.520  -15.030   -578.40    126.30    -24.70  18.710    811818.0
2015  3 17 12 40 00 000   -6.300   20.010  -14.830   -577.50    139.60    -37.30  18.190    816058.0
2015  3 17 12 41 00 000   -6.600   19.900  -15.090   -590.30    132.00    -50.30  18.020    973850.0
2015  3 17 12 42 00 000   -5.590   20.790  -13.720   -595.20    129.10    -55.40  17.950   1035073.0
2015  3 17 12 43 00 000   -7.430   16.240  -20.210   -597.70    130.10    -75.40  16.790    861066.0
2015  3 17 12 44 00 000   -7.210   16.700  -20.160   -589.80    121.60    -37.90  16.140    791299.0
2015  3 17 12 45 00 000   -7.320   16.580  -22.530   -584.50    115.90    -12.60  15.690    744078.0
2015  3 17 12 46 00 000   -6.920   18.560  -21.440   -582.20    121.50     -6.80  14.530    754852.0
2015  3 17 12 47 00 000   -6.570   16.900  -22.560   -582.20    121.50     -6.80  14.530    754852.0
2015  3 17 12 48 00 000   -4.760   12.310  -24.960   -592.40    124.20    -29.60  13.940    722515.0
2015  3 17 12 49 00 000   -6.040   15.160  -23.880   -594.80    124.90    -35.00  13.800    714849.0
2015  3 17 12 50 00 000   -7.160   16.340  -24.250   -578.30    107.80    -35.70  12.680    720120.0
2015  3 17 12 51 00 000   -7.280   16.500  -23.470   -578.30    107.80    -35.70  12.680    720120.0
2015  3 17 12 52 00 000   -7.180   17.000  -22.940   -579.00    105.50    -38.60  13.100    730713.0
2015  3 17 12 53 00 000   -7.060   18.650  -19.960   -580.60     99.90    -45.70  14.080    756204.0
2015  3 17 12 54 00 000   -7.440   17.230  -19.690   -585.90     98.60    -51.10  14.460    761892.0
2015  3 17 12 55 00 000   -5.920   13.420  -22.140   -587.50     98.80    -54.40  14.190    780521.0
2015  3 17 12 56 00 000   -5.950   11.960  -22.350   -586.30    101.30    -62.20  13.630    798940.0
2015  3 17 12 57 00 000   -6.160   10.790  -22.670   -586.60     84.40    -63.80  14.210    969667.0
2015  3 17 12 58 00 000   -6.220   12.310  -22.190   -586.60     84.40    -63.80  14.210    969667.0
2015  3 17 13  1 00 000   -6.410   16.020  -21.380   -579.50     66.80    -57.00  13.270    786258.0
2015  3 17 13  2 00 000   -6.840   16.410  -21.250   -579.50     66.80    -57.00  13.270    786258.0
2015  3 17 13  3 00 000   -7.700   12.530  -22.790   -579.50     66.80    -57.00  13.270    786258.0
2015  3 17 13  4 00 000   -9.070   12.160  -24.350   -585.20     67.20    -44.20  12.710    692664.0
2015  3 17 13  5 00 000   -8.750   13.810  -23.300   -583.50     69.30    -47.00  12.990    711366.0
2015  3 17 13  6 00 000   -8.980    9.600  -25.830   -581.40     71.80    -50.40  13.300    733382.0
2015  3 17 13  7 00 000   -8.790    9.790  -25.980   -574.40     84.30    -42.10  12.900    587691.0
2015  3 17 13  8 00 000   -9.090   11.850  -25.590   -574.40     84.40    -42.00  12.900    586748.0
2015  3 17 13  9 00 000   -8.600   16.750  -23.020   -577.00     91.20    -44.50  13.020    642551.0
2015  3 17 13 10 00 000   -9.340   26.580   -9.430   -578.50    105.80    -35.70  13.290    600190.0
2015  3 17 13 11 00 000   -8.770   29.020   -1.610   -568.40    123.40     13.70  18.900    345685.0
2015  3 17 13 12 00 000   -8.430   28.920   -4.640   -566.10    126.10     23.80  20.110    293999.0
2015  3 17 13 17 00 000   -9.150   25.790  -13.300   -574.50    122.20    -39.10  19.590    380742.0
2015  3 17 13 18 00 000   -6.630   29.500   -4.190   -572.40    119.30    -29.70  18.400    353370.0
2015  3 17 13 19 00 000   -6.890   31.330   -4.050   -571.10    115.40    -21.00  17.340    323176.0
2015  3 17 13 20 00 000   -7.920   29.990   -5.280   -576.00    109.80    -21.70  17.740    285168.0
2015  3 17 13 21 00 000   -8.710   25.830  -11.110   -576.70    112.90    -25.30  18.090    291228.0
2015  3 17 13 22 00 000   -9.180   25.430  -11.870   -583.10    110.20    -64.50  19.590    286123.0
2015  3 17 13 23 00 000   -9.730   25.620  -15.800   -583.10    110.20    -64.50  19.590    286123.0
2015  3 17 13 24 00 000  -10.170   19.630  -19.310   -579.20     91.20    -54.10  25.200    267092.0
2015  3 17 13 25 00 000   -9.660   21.140  -16.380   -574.20     87.00    -47.50  27.560    210362.0
2015  3 17 13 26 00 000   -9.180   21.200  -16.030   -574.60     90.60    -49.00  26.590    208812.0
2015  3 17 13 27 00 000   -9.670   22.230  -15.090   -565.20     55.60    -22.90  36.530    192936.0
2015  3 17 13 28 00 000   -7.780   27.130  -12.550   -569.40     56.90    -24.50  32.840    200312.0
2015  3 17 13 29 00 000   -6.810   26.600  -14.790   -570.80     79.30    -34.70  21.780    149804.0
2015  3 17 13 30 00 000   -9.300   21.390  -19.640   -569.30     84.60    -35.40  23.290    166868.0
2015  3 17 13 31 00 000   -9.420   22.100  -18.170   -574.90     79.00    -41.90  24.930    129258.0
2015  3 17 13 32 00 000  -11.110   17.300  -20.310   -572.80     59.10    -37.80  34.060    137194.0
2015  3 17 13 33 00 000   -7.700   20.690  -16.140   -562.00     40.20     -9.80  48.350    135757.0
2015  3 17 13 34 00 000   -7.050   23.520  -11.820   -561.90     39.00    -10.70  49.670    118837.0
2015  3 17 13 35 00 000   -6.440   23.720  -13.480   -561.80     38.20    -11.30  50.550    107486.0
2015  3 17 13 37 00 000    8.390   26.800    9.150   -577.50     29.10    -52.70  48.700    104086.0
2015  3 17 13 38 00 000   11.710   27.240   13.790   -597.40     23.30    -70.50  37.360     73937.0
2015  3 17 13 39 00 000   11.380   27.680   12.470   -615.40     11.10    -72.80  27.330     48081.0
2015  3 17 13 40 00 000    7.450   30.710    6.460   -606.60      2.10    -61.60  28.600     50574.0
2015  3 17 13 41 00 000    7.230   30.800    6.210   -601.40     -3.20    -55.00  29.350     52045.0
2015  3 17 13 42 00 000    6.920   30.910    5.560   -600.00     -5.00    -54.30  29.310     49138.0
2015  3 17 13 43 00 000    2.430   28.750    0.940   -586.80     21.00    -42.50  30.550     47054.0
2015  3 17 13 44 00 000    4.170   29.710    3.870   -576.40     42.10    -34.30  31.470     46975.0
2015  3 17 13 45 00 000   -2.260   26.850   -5.770   -595.80      1.40    -66.50  28.710     62807.0
2015  3 17 13 46 00 000    9.380   29.270   11.890   -595.80      1.40    -66.50  28.710     62807.0
2015  3 17 13 47 00 000    5.250   30.540    7.170   -592.70    -14.00    -68.80  27.360     78321.0
2015  3 17 13 48 00 000    0.140   29.940   -3.180   -589.90    -10.50    -58.90  35.430     69127.0
2015  3 17 13 49 00 000   -6.020   23.980  -12.510   -582.80      2.90    -40.90  50.240     57594.0
2015  3 17 13 50 00 000  -13.010   18.390  -18.970   -566.30     49.40    -28.20  60.540     76820.0
2015  3 17 13 51 00 000  -12.370   21.710  -18.620   -578.80     50.40    -49.30  41.740     60106.0
2015  3 17 13 52 00 000  -12.170   22.060  -18.390   -578.30     49.00    -37.10  42.270     49759.0
2015  3 17 13 53 00 000  -11.900   22.430  -18.200   -577.90     48.50    -32.70  42.770     46555.0
2015  3 17 13 54 00 000   -8.650   25.660  -16.870   -571.60     38.70    -29.60  30.670     49951.0
2015  3 17 13 55 00 000   -6.730   27.120  -16.130   -572.00     37.80    -28.30  30.040     49720.0
2015  3 17 13 56 00 000   -5.910   27.700  -16.090   -572.50     34.00    -18.90  24.980     50705.0
2015  3 17 13 57 00 000   -5.960   27.930  -15.910   -572.40     31.30    -17.80  24.650     52472.0
2015  3 17 13 58 00 000   -5.580   28.290  -15.700   -571.40     32.10    -17.90  22.710     59380.0
2015  3 17 13 59 00 000   -6.840   27.160  -16.770   -569.80     33.30    -18.10  19.740     70020.0
2015  3 17 14  0 00 000  -11.280   20.540  -22.020   -569.90     56.10    -37.40  21.780     68391.0
2015  3 17 14  1 00 000  -13.060   17.840  -21.350   -569.40     64.00    -45.40  24.280     69027.0
2015  3 17 14  2 00 000  -17.640   12.820  -22.880   -569.00     77.10    -59.30  26.840     68054.0
2015  3 17 14  3 00 000   -6.900   26.710  -17.760   -569.50     77.70    -60.60  25.380     66019.0
2015  3 17 14  5 00 000  -14.710   15.020  -22.240   -598.80     75.10    -95.00  17.340     48420.0
2015  3 17 14  6 00 000  -16.430   14.860  -23.200   -594.90     82.10    -95.30  17.940     45839.0
2015  3 17 14  7 00 000  -14.440   19.820  -20.340   -577.90    109.20    -84.60  20.040     34937.0
2015  3 17 14  8 00 000  -11.130   23.840  -18.910   -571.70    119.10    -75.20  20.040     31368.0
2015  3 17 14  9 00 000  -13.440   20.670  -20.460   -561.50     93.80    -60.60  20.140     40804.0
2015  3 17 14 10 00 000  -14.720   18.600  -21.060   -562.20     95.20    -62.80  20.190     41058.0
2015  3 17 14 11 00 000   -2.270   28.400  -15.470   -563.70     80.20    -57.80  17.350     41440.0
2015  3 17 14 12 00 000   -2.530   28.240  -15.510   -561.80     75.60    -55.30  15.260     55052.0
2015  3 17 14 13 00 000   -1.420   28.210  -15.730   -565.80     69.10    -53.00  15.260     39983.0
2015  3 17 14 14 00 000   -0.260   27.760  -16.460   -566.00     69.00    -52.90  15.240     39309.0
2015  3 17 14 15 00 000   -0.700   28.040  -16.040   -565.20     67.20    -55.30  14.150     33582.0
2015  3 17 14 16 00 000   -1.360   28.360  -15.450   -565.20     67.20    -55.30  14.150     33582.0
2015  3 17 14 17 00 000   -1.780   28.820  -14.410   -565.90     67.10    -55.30  14.270     33574.0
2015  3 17 14 18 00 000   -2.240   28.910  -13.860   -571.90     66.20    -54.80  15.260     33496.0
2015  3 17 14 19 00 000   -1.260   29.470  -12.530   -571.90     66.20    -54.80  15.260     33496.0
2015  3 17 14 20 00 000   -1.830   29.160  -12.900   -576.70     62.60    -59.00  15.660     36553.0
2015  3 17 14 21 00 000   -3.140   28.320  -13.600   -576.70     62.60    -59.00  15.660     36553.0
2015  3 17 14 22 00 000   -9.720   23.690  -18.280   -590.30     49.40    -66.70  21.940     40553.0
2015  3 17 14 23 00 000  -11.550   22.560  -19.110   -590.30     49.40    -66.70  21.940     40553.0
2015  3 17 14 24 00 000  -10.600   23.310  -18.640   -590.30     49.40    -66.70  21.940     40553.0
2015  3 17 14 26 00 000  -11.330   22.300  -19.320   -602.30     29.00    -65.80  18.870     36642.0
2015  3 17 14 27 00 000   -9.970   23.140  -18.910   -602.30     29.00    -65.80  18.870     36642.0
2015  3 17 14 29 00 000  -10.780   22.160  -19.520   -590.40     34.20    -61.10  20.730     37000.0
2015  3 17 14 30 00 000  -10.490   22.890  -19.040   -590.10     33.70    -60.80  20.510     37816.0
2015  3 17 14 31 00 000  -10.140   23.440  -18.330   -583.40     22.80    -53.60  16.160     54523.0
2015  3 17 14 32 00 000  -11.230   21.140  -19.100   -586.50     34.80    -53.00  18.680     41142.0
2015  3 17 14 33 00 000  -12.310   19.630  -19.650   -587.00     36.80    -52.90  19.120     38848.0
2015  3 17 14 34 00 000  -12.320   19.420  -19.910   -595.50     35.70    -65.70  24.940     52436.0
2015  3 17 14 35 00 000  -11.820   19.450  -19.420   -595.50     35.70    -65.70  24.940     52436.0
2015  3 17 14 36 00 000   -9.540   20.660  -17.950   -594.80     27.20    -59.20  29.290     74669.0
2015  3 17 14 37 00 000   -9.730   20.530  -18.010   -596.60     26.00    -59.60  29.420     76899.0
2015  3 17 14 38 00 000   -9.450   20.620  -18.390   -599.20     25.50    -60.60  29.160     77611.0
2015  3 17 14 39 00 000   -9.250   20.270  -18.800   -594.80     29.10    -58.20  29.010     72648.0
2015  3 17 14 40 00 000   -8.380   20.090  -18.960   -593.80     29.90    -58.70  28.650     76409.0
2015  3 17 14 41 00 000   -7.710   19.530  -18.840   -591.40     30.30    -59.00  33.340     85434.0
2015  3 17 14 42 00 000   -8.690   19.170  -19.050   -591.10     29.30    -61.10  34.210     85723.0
2015  3 17 14 43 00 000   -8.460   19.700  -18.750   -590.70     28.30    -62.90  34.370     84551.0
2015  3 17 14 44 00 000   -7.870   20.750  -18.600   -588.20     28.40    -62.10  33.010     81427.0
2015  3 17 14 45 00 000   -8.780   20.450  -18.900   -584.20     33.60    -61.10  28.980     90167.0
2015  3 17 14 46 00 000  -11.290   19.150  -18.830   -586.10     31.30    -61.70  26.350     77122.0
2015  3 17 14 47 00 000  -11.510   18.860  -19.010   -585.70     32.70    -60.00  27.480     79142.0
2015  3 17 14 48 00 000  -10.250   19.390  -19.350   -585.70     32.70    -60.00  27.500     79194.0
2015  3 17 14 55 00 000   -8.590   19.180  -19.610   -581.00     40.20    -65.50  26.960     77930.0
2015  3 17 14 56 00 000   -9.890   18.130  -19.870   -581.00     40.20    -65.50  26.960     77932.0
2015  3 17 14 57 00 000  -10.830   17.020  -20.040   -578.90     40.50    -66.20  25.660     81309.0
2015  3 17 14 58 00 000  -11.210   16.020  -20.230   -578.30     40.20    -66.70  25.730     81264.0
2015  3 17 14 59 00 000   -9.880   18.410  -18.410   -576.00     39.20    -68.70  26.020     81088.0
2015  3 17 15  0 00 000   -7.320   19.510  -17.960   -568.60     49.80    -58.10  25.890     80162.0
2015  3 17 15  1 00 000   -8.980   17.470  -18.940   -570.00     55.70    -59.00  24.180     81874.0
2015  3 17 15  2 00 000  -12.520    7.310  -20.950   -574.30     59.20    -63.80  22.170     84257.0
2015  3 17 15  3 00 000  -17.500    0.130  -19.320   -603.60     11.20    -72.10  21.500    136503.0
2015  3 17 15  4 00 000  -16.540   -5.450  -16.370   -599.10      9.40    -62.10  26.800    195374.0
2015  3 17 15  5 00 000  -16.810   -7.590  -15.090   -591.10      7.60    -47.30  32.990    241434.0
2015  3 17 15  6 00 000  -16.460   -5.520  -16.150   -590.90      8.90    -49.60  30.100    189372.0
2015  3 17 15  7 00 000  -16.100   -4.390  -16.410   -593.70     20.80    -61.40  28.420    193610.0
2015  3 17 15  8 00 000  -16.200   -3.200  -16.810   -593.90     21.90    -60.40  28.100    192685.0
2015  3 17 15  9 00 000  -16.270   -2.360  -17.500   -595.10     27.00    -55.90  26.620    188375.0
2015  3 17 15 10 00 000  -16.050   -1.750  -17.960   -595.10     27.00    -55.90  26.620    188375.0
2015  3 17 15 11 00 000  -15.580   -0.380  -17.480   -593.20     31.10    -69.30  29.590    193815.0
2015  3 17 15 12 00 000  -15.570   -0.220  -16.680   -593.20     31.10    -69.30  29.590    193815.0
2015  3 17 15 13 00 000  -15.240   -1.270  -16.120   -593.20     31.10    -69.30  29.590    193815.0
2015  3 17 15 14 00 000  -13.860   -1.640  -15.150   -597.00     18.80    -66.80  31.860    231214.0
2015  3 17 15 15 00 000  -13.520   -4.020  -12.860   -597.00     18.80    -66.80  31.860    231214.0
2015  3 17 15 25 00 000  -17.600   -8.140  -17.240   -606.70      2.60    -72.80  15.780     80380.0
2015  3 17 15 26 00 000  -20.180   -3.720  -17.440   -606.70      2.60    -72.80  15.780     80380.0
2015  3 17 15 27 00 000  -19.930   -5.460  -17.520   -606.70      2.60    -72.80  15.780     80380.0
2015  3 17 15 30 00 000  -20.240   -8.260  -15.260   -623.30     -6.50    -62.70  16.340     99972.0
2015  3 17 15 31 00 000  -20.130   -9.200  -14.950   -623.30     -6.50    -62.70  16.340     99972.0
2015  3 17 15 36 00 000  -20.520   -4.610  -15.970   -615.60     22.30    -63.30  24.000    105556.0
2015  3 17 15 37 00 000  -19.790   -5.200  -16.280   -615.60     22.30    -63.30  24.000    105556.0
2015  3 17 15 38 00 000  -17.140   -8.570  -17.770   -615.60     22.30    -63.30  24.000    105556.0
2015  3 17 15 48 00 000  -19.520   -6.290  -15.880   -610.70    -20.70    -56.00  25.320     98843.0
2015  3 17 15 49 00 000  -19.730   -4.670  -15.920   -610.70    -20.70    -56.00  25.320     98843.0
2015  3 17 15 52 00 000  -18.310   -4.460  -17.330   -606.20    -24.80    -66.30  21.440    116809.0
2015  3 17 15 53 00 000  -18.360   -2.660  -17.670   -606.10    -21.70    -65.90  22.080    111831.0
2015  3 17 15 54 00 000  -18.830   -0.520  -17.620   -605.40     -1.30    -63.00  26.300     79194.0
2015  3 17 15 55 00 000  -18.080   -2.320  -17.810   -605.60     -3.40    -62.90  30.120     77949.0
2015  3 17 15 56 00 000  -17.430   -5.320  -17.640   -605.60     -3.90    -62.90  30.980     77669.0
2015  3 17 15 58 00 000  -18.470   -2.560  -17.510   -615.00    -43.40    -65.80  14.500     60911.0
2015  3 17 15 59 00 000  -19.620    1.950  -15.870   -615.00    -43.40    -65.80  14.500     60911.0
2015  3 17 16  0 00 000  -18.960   -0.790  -16.850   -615.00    -43.40    -65.80  14.500     60911.0
2015  3 17 16  2 00 000  -19.060    2.270  -16.180   -621.40      0.30    -73.10  14.950     65406.0
2015  3 17 16  3 00 000  -18.940    3.990  -14.860   -620.40      2.50    -73.00  14.860     56428.0
2015  3 17 16  4 00 000  -17.750    3.280  -15.800   -619.10      5.70    -72.70  14.780     44350.0
2015  3 17 16  5 00 000  -19.080    3.490  -15.410   -620.30      5.20    -71.00  15.200     50951.0
2015  3 17 16  6 00 000  -18.300    3.050  -15.850   -620.30      5.20    -71.00  15.200     50951.0
2015  3 17 16  8 00 000  -18.660    2.900  -14.790   -620.00      3.60    -62.30  18.220     61065.0
2015  3 17 16  9 00 000  -18.690    1.560  -15.100   -620.00      3.60    -62.30  18.220     61065.0
2015  3 17 16 10 00 000  -18.420   -1.460  -14.790   -620.00      3.60    -62.30  18.220     61065.0
2015  3 17 16 12 00 000  -17.910    2.070  -15.540   -601.10     -4.60    -68.80  28.910    100464.0
2015  3 17 16 13 00 000  -17.690    4.150  -16.000   -598.60     -1.70    -73.50  28.150    101813.0
2015  3 17 16 14 00 000  -17.610    4.230  -17.270   -594.90     10.00    -65.70  30.110     85296.0
2015  3 17 16 16 00 000  -17.740    0.510  -16.970   -591.00    -22.30    -41.70  30.260     78844.0
2015  3 17 16 17 00 000  -19.980   11.660  -10.940   -591.00    -22.30    -41.70  30.260     78844.0
2015  3 17 16 18 00 000  -21.510    9.370  -11.020   -624.80     37.80    -43.00  17.250     95065.0
2015  3 17 16 19 00 000  -20.950    7.870  -13.270   -624.80     37.80    -43.00  17.250     95065.0
2015  3 17 16 20 00 000  -20.380    8.070  -13.930   -624.80     37.80    -43.00  17.250     95065.0
2015  3 17 16 21 00 000  -18.370    9.840  -15.530   -616.40     30.90    -40.50  15.770     55948.0
2015  3 17 16 22 00 000  -18.070   10.140  -15.740   -616.40     30.90    -40.50  15.770     55948.0
2015  3 17 16 25 00 000  -21.300    8.160  -13.180   -630.30     16.60    -41.50  14.820     31065.0
2015  3 17 16 26 00 000  -18.780    9.130  -15.630   -623.50     23.60    -53.40  15.390     54179.0
2015  3 17 16 27 00 000  -22.260    8.020  -12.550   -612.90     34.50    -71.90  16.260     89956.0
2015  3 17 16 31 00 000  -19.670    9.680  -15.090   -613.40     36.70    -63.10  15.240     49521.0
2015  3 17 16 32 00 000  -18.880    8.750  -16.520   -613.40     36.70    -63.10  15.240     49521.0
2015  3 17 16 33 00 000  -19.380   10.480  -14.520   -613.40     36.70    -63.10  15.240     49521.0
2015  3 17 16 34 00 000  -19.200   11.270  -14.230   -610.30     34.80    -57.50  16.200     41276.0
2015  3 17 16 35 00 000  -18.840   12.190  -14.000   -610.30     34.80    -57.50  16.200     41276.0
2015  3 17 16 38 00 000  -17.930   11.550  -15.130   -603.40     36.60    -71.60  17.040     40334.0
2015  3 17 16 39 00 000  -17.400   11.500  -15.190   -603.40     36.60    -71.60  17.040     40334.0
2015  3 17 16 40 00 000  -15.690   12.240  -16.050   -603.40     36.60    -71.60  17.040     40334.0
2015  3 17 16 46 00 000  -18.090   12.620  -14.960   -604.50     38.60    -73.00  14.820     41232.0
2015  3 17 16 47 00 000  -19.990   14.080  -11.200   -610.40     47.30    -56.40  14.020     39186.0
2015  3 17 16 48 00 000  -18.630   14.420  -12.510   -612.80     70.60    -38.50  12.970     49136.0
2015  3 17 16 49 00 000  -17.960   14.710  -13.340   -612.50     74.50    -37.00  12.850     51655.0
2015  3 17 16 53 00 000  -17.090   13.110   -9.900   -601.20     56.10    -50.60  18.000     48180.0
2015  3 17 16 54 00 000  -17.010    9.210  -14.400   -597.00     43.40    -50.10  26.340     49442.0
2015  3 17 16 55 00 000  -13.710    5.620  -15.450   -579.50      8.60    -45.90  52.010     62289.0
2015  3 17 16 56 00 000  -15.130    6.960  -16.800   -572.90     21.80    -41.10  47.710     78675.0
2015  3 17 16 57 00 000  -14.170    6.880  -16.930   -606.30     34.40    -61.20  13.910     46821.0
2015  3 17 16 58 00 000   -7.930   -1.530  -21.750   -584.10     -8.40    -66.30  17.440     74099.0
2015  3 17 16 59 00 000   -7.760   -1.510  -20.450   -564.80    -19.30    -51.60  22.180     91766.0
2015  3 17 17  0 00 000   -5.530   -3.280  -22.850   -575.00    -23.50    -52.60  21.850    106316.0
2015  3 17 17  1 00 000   -8.380   -1.620  -21.420   -559.50    -14.60    -51.50  20.950    118196.0
2015  3 17 17  2 00 000  -11.430    2.210  -20.800   -569.20    -13.80    -57.90  18.980    120089.0
2015  3 17 17  3 00 000  -11.910    5.340  -20.490   -583.50     -4.20    -74.30  17.120    105081.0
2015  3 17 17  4 00 000   -9.650    3.880  -22.150   -589.80      4.20    -85.00  16.810     89536.0
2015  3 17 17  5 00 000   -9.960    4.270  -22.010   -576.70     15.50    -77.90  15.600     80168.0
2015  3 17 17  6 00 000  -11.420    3.750  -21.280   -576.40      9.70    -84.80  14.330     71196.0
2015  3 17 17  7 00 000  -10.810    4.350  -21.380   -575.90      1.70    -82.30  15.730     74340.0
2015  3 17 17  8 00 000  -12.650    5.300  -19.540   -583.00     12.20    -78.20  17.040     73982.0
2015  3 17 17  9 00 000   -9.410    1.580  -20.970   -584.00     14.00    -71.20  17.200     78586.0
2015  3 17 17 10 00 000   -9.410    4.120  -19.530   -574.00     23.40    -71.20  22.880    150585.0
2015  3 17 17 11 00 000   -8.650    5.020  -19.250   -571.80     26.50    -66.50  23.710    156859.0
2015  3 17 17 12 00 000   -6.620    3.590  -18.350   -551.60     54.50    -24.40  31.280    213357.0
2015  3 17 17 13 00 000   -9.490    2.570  -18.700   -565.60     18.50    -27.50  34.430    164507.0
2015  3 17 17 14 00 000  -10.600    3.130  -18.150   -570.90      9.40    -30.50  32.480    161027.0
2015  3 17 17 15 00 000  -12.800    1.740  -17.600   -576.20     37.80    -29.10  32.210    118024.0
2015  3 17 17 16 00 000  -10.960   10.580  -14.760   -576.50     41.20    -28.80  32.300    113483.0
2015  3 17 17 21 00 000  -10.470   14.920  -12.790   -570.30     35.70    -40.20  25.170    136273.0
2015  3 17 17 22 00 000  -10.260   12.000  -15.170   -570.30     35.70    -40.20  25.170    136273.0
2015  3 17 17 23 00 000   -9.140   14.260  -12.590   -566.80     49.40    -49.10  23.630     77305.0
2015  3 17 17 24 00 000   -8.300   12.270  -13.900   -566.50     50.80    -50.00  23.480     71510.0
2015  3 17 17 27 00 000   -8.340    6.580  -16.840   -560.90     45.30    -46.40  34.600     98746.0
2015  3 17 17 28 00 000   -7.450    5.210  -18.250   -560.90     45.30    -46.40  34.600     98746.0
2015  3 17 17 29 00 000   -8.290    7.110  -16.850   -560.90     45.30    -46.40  34.600     98746.0
2015  3 17 17 30 00 000   -8.780    8.420  -17.560   -566.40     46.50    -63.80  19.910     51171.0
2015  3 17 17 31 00 000   -9.390   12.950  -15.990   -562.10     60.20    -63.80  19.550     51345.0
2015  3 17 17 32 00 000   -9.200   12.620  -15.890   -558.90     69.10    -55.80  21.960     60167.0
2015  3 17 17 33 00 000   -8.880   13.360  -16.050   -562.90     48.10    -63.00  20.810     62783.0
2015  3 17 17 34 00 000   -2.960   19.160  -12.210   -549.30     70.50    -69.40  18.290     50371.0
2015  3 17 17 35 00 000   -2.950   17.960  -14.370   -550.90     77.20    -68.30  20.280     48013.0
2015  3 17 17 36 00 000   -1.580   18.330  -13.980   -546.80     75.80    -66.60  18.850     45925.0
2015  3 17 17 37 00 000    0.330   18.290  -14.310   -535.00     79.00    -65.10  17.260     41105.0
2015  3 17 17 42 00 000   -4.860   17.480  -14.260   -551.90     67.40    -85.90  18.150     44596.0
2015  3 17 17 43 00 000   -4.010   17.160  -14.750   -549.60     72.20    -83.40  17.580     46364.0
2015  3 17 17 44 00 000   -5.340   16.860  -14.950   -542.20     87.50    -75.50  15.760     52045.0
2015  3 17 17 45 00 000   -7.540   16.890  -13.530   -542.20     87.50    -75.50  15.760     52045.0
2015  3 17 17 48 00 000  -10.720   15.760  -13.160   -578.20     52.20    -66.60  17.050     42486.0
2015  3 17 17 49 00 000  -11.390   16.330  -12.380   -584.00     60.30    -66.50  15.650     48166.0
2015  3 17 17 50 00 000   -8.250   20.210   -7.570   -582.00     78.00    -54.90  17.150     58499.0
2015  3 17 17 51 00 000  -11.700   15.970  -12.720   -576.90     89.90    -44.20  19.340     65009.0
2015  3 17 17 56 00 000   -7.710   17.000  -13.650   -588.50     21.70    -67.50  15.640     46723.0
2015  3 17 17 57 00 000   -6.150   18.450  -12.060   -588.50     21.70    -67.50  15.640     46723.0
2015  3 17 18  0 00 000  -13.160   12.510  -14.490   -567.40     38.60    -88.00  18.610    124349.0
2015  3 17 18  1 00 000  -12.800   12.200  -15.090   -567.40     38.60    -88.00  18.610    124349.0
2015  3 17 18  2 00 000  -12.540   13.500  -14.360   -567.40     38.60    -88.00  18.610    124349.0
2015  3 17 18  4 00 000   -5.600   17.490  -14.680   -539.40     49.10    -93.10  19.970     79498.0
2015  3 17 18  5 00 000   -5.150   16.940  -14.720   -540.10     43.80    -95.80  19.520     76185.0
2015  3 17 18  6 00 000   -6.900   17.090  -14.110   -550.40     42.50    -82.70  17.340    100800.0
2015  3 17 18  7 00 000   -5.510   17.110  -14.680   -557.30     42.40    -80.80  17.030     83487.0
2015  3 17 18  8 00 000   -7.430   16.950  -14.050   -554.20     39.00    -80.30  17.770     91100.0
2015  3 17 18  9 00 000  -12.750   14.720  -11.780   -559.70     40.30    -84.10  16.140    129815.0
2015  3 17 18 10 00 000  -14.200   14.270  -10.520   -569.00     35.50    -82.50  14.970    184547.0
2015  3 17 18 11 00 000  -15.320   12.590  -10.240   -570.50     30.10    -80.10  15.350    212464.0
2015  3 17 18 12 00 000  -17.780   11.180   -8.020   -575.90     29.40    -72.20  13.590    258828.0
2015  3 17 18 13 00 000  -17.700   11.870   -6.490   -570.90     43.20    -70.30  13.680    283562.0
2015  3 17 18 14 00 000  -18.680   10.450   -6.060   -578.80     37.70    -61.60  12.990    346373.0
2015  3 17 18 16 00 000  -17.370   11.750   -8.360   -578.20     30.90    -71.20  14.310    254029.0
2015  3 17 18 17 00 000  -16.030   12.870   -9.940   -578.20     30.90    -71.20  14.310    254029.0
2015  3 17 18 19 00 000  -15.390   13.940   -9.050   -563.10     35.00    -82.40  14.930    183505.0
2015  3 17 18 20 00 000  -14.560   13.880  -11.050   -567.30     37.20    -77.30  14.830    207104.0
2015  3 17 18 21 00 000  -13.300   13.730  -11.240   -560.70     21.40    -90.60  15.590    149420.0
2015  3 17 18 22 00 000  -14.430   14.290   -8.780   -568.80     30.50    -66.00  14.960    256315.0
2015  3 17 18 23 00 000  -18.040   12.550   -4.160   -576.30     37.10    -61.90  14.070    240974.0
2015  3 17 18 24 00 000  -17.450   13.110   -5.170   -579.30     37.60    -52.70  11.910    285999.0
2015  3 17 18 25 00 000  -16.920   13.180   -6.390   -576.70     32.30    -60.50  11.850    246410.0
2015  3 17 18 27 00 000  -14.520   14.980   -7.870   -571.70     37.50    -72.50  13.850    173478.0
2015  3 17 18 28 00 000  -14.360   15.110   -7.960   -571.70     37.50    -72.50  13.850    173478.0
2015  3 17 18 30 00 000   -8.510   17.630  -11.410   -550.30     44.60    -95.50  16.300     96060.0
2015  3 17 18 31 00 000   -7.400   16.410  -12.310   -550.30     44.60    -95.50  16.300     96060.0
2015  3 17 18 32 00 000   -8.420   15.460  -12.260   -558.50     31.90    -94.90  18.860     95817.0
2015  3 17 18 33 00 000   -7.710   15.990  -12.490   -556.60     32.80   -100.90  20.390     79482.0
2015  3 17 18 34 00 000   -7.530   15.170  -14.150   -556.50     32.80   -101.20  20.470     78750.0
2015  3 17 18 35 00 000   -6.680   16.190  -13.120   -553.00     40.80   -100.30  20.530     82819.0
2015  3 17 18 36 00 000   -7.320   16.460  -11.570   -553.20     40.70    -99.40  20.260     83662.0
2015  3 17 18 37 00 000   -6.610   18.010  -10.700   -556.30     46.50    -91.70  17.480     86848.0
2015  3 17 18 38 00 000  -10.030   18.270   -6.660   -557.60     52.30    -83.70  15.920     89415.0
2015  3 17 18 39 00 000   -8.920   18.820   -6.220   -551.20     58.60    -84.10  14.310     99944.0
2015  3 17 18 40 00 000   -8.520   18.530   -5.670   -553.20     61.60    -80.30  16.460    105155.0
2015  3 17 18 41 00 000   -8.670   18.420   -5.570   -554.30     62.10    -78.90  17.270    107109.0
2015  3 17 18 43 00 000   -5.120   17.660   -9.260   -543.90     56.50    -94.90  16.610     88088.0
2015  3 17 18 44 00 000   -2.180   16.260  -12.450   -537.80     47.90    -87.80  17.220     68092.0
2015  3 17 18 45 00 000   -2.930   17.330  -12.610   -538.90     50.10    -81.60  18.900     71532.0
2015  3 17 18 46 00 000   -3.850   15.530  -15.900   -544.90     49.30    -82.10  21.300     55815.0
2015  3 17 18 47 00 000   -4.530   12.750  -18.170   -551.80     38.90    -89.30  19.260     77398.0
2015  3 17 18 48 00 000   -6.040   15.610  -14.650   -552.20     40.30    -88.50  19.020     79143.0
2015  3 17 18 49 00 000   -5.620   16.320  -13.000   -554.30     48.70    -82.70  17.540     87995.0
2015  3 17 18 50 00 000   -4.270   13.880  -15.020   -549.20     40.70    -73.70  16.070     85311.0
2015  3 17 18 51 00 000   -6.360   10.500  -19.420   -539.50      3.70    -81.00  13.730     65398.0
2015  3 17 18 52 00 000   -5.580   10.370  -19.870   -543.10     -3.90    -75.40   9.340     51438.0
2015  3 17 18 53 00 000   -4.810   10.030  -20.100   -537.20     -7.50    -72.80  12.240     54029.0
2015  3 17 18 54 00 000   -4.160    9.560  -20.420   -533.90     -3.00    -73.30  10.890     53139.0
2015  3 17 18 55 00 000   -3.650    8.600  -21.290   -533.50     -2.90    -73.80  10.700     51978.0
2015  3 17 18 56 00 000   -3.040    8.230  -21.890   -531.70     -3.20    -76.90   9.760     43925.0
2015  3 17 18 57 00 000   -6.070    8.590  -20.710   -533.40    -16.50    -80.90  12.940     60018.0
2015  3 17 18 58 00 000  -11.910   14.300  -17.480   -544.00      6.80    -66.40  11.550    160295.0
2015  3 17 18 59 00 000  -15.330   16.960  -13.690   -548.50     10.80    -63.00  11.340    185728.0
2015  3 17 19  2 00 000   -3.790   23.440    0.510   -528.10     52.90    -38.10  10.440     78324.0
2015  3 17 19  3 00 000   -5.960   21.580    4.070   -536.00     42.20    -32.00   9.060    110764.0
2015  3 17 19  7 00 000   -2.180   13.820  -10.450   -517.00    -28.10    -73.30  19.510    202267.0
2015  3 17 19  8 00 000   -2.070   12.310  -12.430   -517.00    -28.10    -73.30  19.510    202267.0
2015  3 17 19  9 00 000   -2.810   12.160  -11.700   -517.40    -34.30    -59.00  16.390    263660.0
2015  3 17 19 10 00 000   -3.350   12.560  -11.650   -523.00    -35.50    -65.10  15.770    210613.0
2015  3 17 19 11 00 000   -4.530   12.270   -9.750   -530.90    -32.50    -60.70  15.870    228823.0
2015  3 17 19 12 00 000   -4.530    9.650  -12.240   -539.00    -39.10    -58.10  12.510    233678.0
2015  3 17 19 13 00 000   -4.950    8.700  -11.800   -543.80    -34.10    -52.50  11.990    210179.0
2015  3 17 19 14 00 000   -4.770    9.220  -11.870   -543.80    -34.10    -52.50  11.990    210163.0
2015  3 17 19 15 00 000   -6.170    7.280  -11.610   -543.00    -46.30    -56.70  11.900    237140.0
2015  3 17 19 16 00 000   -5.090    6.610  -12.590   -543.70    -43.20    -57.10  11.950    229060.0
2015  3 17 19 17 00 000   -5.220    6.840  -12.430   -544.90    -38.20    -57.80  12.030    215977.0
2015  3 17 19 18 00 000   -5.240    6.980  -12.630   -547.20    -39.30    -58.10   9.990    194254.0
2015  3 17 19 19 00 000   -4.840    5.690  -13.470   -548.60    -28.10    -55.80  10.970    201935.0
2015  3 17 19 20 00 000   -4.900    6.410  -13.600   -554.50    -21.80    -58.70   8.890    172169.0
2015  3 17 19 21 00 000   -5.410    6.700  -13.440   -553.80    -20.50    -59.50   9.070    169523.0
2015  3 17 19 22 00 000   -5.220    7.520  -12.880   -551.30    -16.40    -61.40   9.570    162948.0
2015  3 17 19 23 00 000   -5.020    7.370  -12.690   -553.20    -18.10    -56.00   8.860    181522.0
2015  3 17 19 24 00 000   -5.550    5.340  -12.950   -552.40    -14.80    -55.30   9.320    188731.0
2015  3 17 19 25 00 000   -5.920    4.640  -13.110   -550.60    -10.00    -57.30   9.810    189148.0
2015  3 17 19 26 00 000   -6.840    2.390  -12.760   -551.20     -7.90    -58.40   9.840    187166.0
2015  3 17 19 27 00 000   -7.420    3.260  -12.670   -551.80    -14.60    -55.30   9.540    189999.0
2015  3 17 19 28 00 000   -4.800    6.960  -13.790   -551.80     -8.30    -56.20   9.120    175422.0
2015  3 17 19 29 00 000   -4.300    7.780  -14.660   -553.40     -9.60    -56.80   7.460    139529.0
2015  3 17 19 30 00 000   -5.390    7.490  -14.310   -551.30     -5.50    -67.30   6.960    104068.0
2015  3 17 19 31 00 000   -5.380    6.860  -14.100   -549.90     -0.80    -66.10   7.680    115695.0
2015  3 17 19 32 00 000   -5.720    6.810  -14.080   -549.50      0.70    -65.70   7.910    119448.0
2015  3 17 19 33 00 000   -5.800    6.360  -13.880   -548.10      2.90    -79.00   9.190     91432.0
2015  3 17 19 34 00 000   -6.780    7.810  -13.260   -552.60     -2.40    -71.50   7.600    108473.0
2015  3 17 19 35 00 000   -6.930    7.730  -13.390   -559.30     -0.20    -73.30   6.240     93640.0
2015  3 17 19 36 00 000   -6.380    6.460  -14.280   -557.80     -5.60    -73.70   6.360     96597.0
2015  3 17 19 37 00 000   -6.460    5.890  -14.450   -554.40    -14.90    -73.20   6.040     88431.0
2015  3 17 19 38 00 000   -6.440    6.420  -14.420   -553.50    -24.60    -70.50   5.350    101667.0
2015  3 17 19 39 00 000   -5.530    5.220  -14.650   -552.70     -8.00    -71.20   6.340     92594.0
2015  3 17 19 40 00 000   -5.380    3.700  -15.040   -548.20    -22.40    -65.90   5.990    111446.0
2015  3 17 19 41 00 000   -5.140    4.350  -15.070   -549.80    -18.20    -65.40   6.140    100373.0
2015  3 17 19 42 00 000   -5.140    3.030  -15.420   -549.10    -37.10    -59.70   5.770    101265.0
2015  3 17 19 43 00 000   -5.060    3.430  -15.720   -551.00    -38.80    -57.70   5.440     90345.0
2015  3 17 19 44 00 000   -4.910    3.490  -15.820   -550.70    -35.40    -58.10   5.420     95758.0
2015  3 17 19 45 00 000   -5.040    5.590  -14.870   -548.50    -26.70    -62.40   5.620    103894.0
2015  3 17 19 46 00 000   -5.370    6.170  -14.740   -550.80    -21.30    -68.60   5.780    105623.0
2015  3 17 19 47 00 000   -6.990    1.720  -13.790   -561.40    -34.80    -59.50   7.620    119707.0
2015  3 17 19 48 00 000   -6.250    6.690  -14.170   -563.00    -28.30    -68.20   6.630    103348.0
2015  3 17 19 49 00 000   -6.130    5.220  -14.790   -566.30    -36.70    -66.30   6.310     96982.0
2015  3 17 19 50 00 000   -5.630    4.380  -15.230   -567.10    -39.10    -61.70   6.080     94971.0
2015  3 17 19 51 00 000   -5.660    6.040  -14.840   -567.10    -39.20    -61.50   6.070     94915.0
2015  3 17 19 52 00 000   -5.150    7.170  -14.220   -565.40    -32.60    -75.10   7.460    119669.0
2015  3 17 19 53 00 000   -5.840    6.350  -14.500   -565.40    -32.90    -74.40   7.260    115390.0
2015  3 17 19 54 00 000   -4.820    4.670  -15.400   -565.40    -34.60    -69.50   5.890     87186.0
2015  3 17 19 55 00 000   -5.270    3.870  -15.450   -561.50    -36.90    -73.30   7.230    108381.0
2015  3 17 19 56 00 000   -5.730    3.670  -15.530   -563.20    -39.00    -62.10   6.400     86317.0
2015  3 17 19 57 00 000   -5.940    3.400  -15.410   -564.50    -33.70    -60.40   6.050     92910.0
2015  3 17 19 58 00 000   -6.520    3.020  -14.990   -568.00    -32.60    -70.40   6.860     92970.0
2015  3 17 19 59 00 000   -6.090    1.340  -15.150   -572.90    -32.40    -67.50   6.760     95151.0
2015  3 17 20  0 00 000   -5.690    1.510  -15.250   -559.10    -42.60    -55.70   7.770     88382.0
2015  3 17 20  1 00 000   -5.550    1.590  -15.110   -558.10    -40.70    -55.90   7.730     92928.0
2015  3 17 20  2 00 000   -5.530    2.930  -15.110   -554.50    -33.60    -56.70   7.620    109147.0
2015  3 17 20  3 00 000   -5.760    1.500  -15.510   -555.10    -28.30    -62.00   7.050     95989.0
2015  3 17 20  4 00 000   -6.140    1.050  -15.430   -555.60    -24.30    -57.60   6.120     88721.0
2015  3 17 20  5 00 000   -5.950    1.040  -15.440   -555.20    -18.80    -62.50   6.500     83730.0
2015  3 17 20  6 00 000   -5.550    0.740  -15.230   -561.60    -16.30    -60.80   6.950     93105.0
2015  3 17 20  7 00 000   -6.070    1.760  -14.810   -566.00    -16.50    -60.10   7.950    110696.0
2015  3 17 20  8 00 000   -6.200    3.590  -14.470   -565.20    -17.90    -65.70   7.610     99566.0
2015  3 17 20  9 00 000   -6.770    3.980  -14.080   -566.80    -16.10    -60.60   8.020     93535.0
2015  3 17 20 10 00 000   -6.390    4.610  -14.210   -558.60    -30.10    -60.30   7.550    100497.0
2015  3 17 20 11 00 000   -6.410    5.180  -14.190   -557.60    -33.90    -58.80   7.540     95531.0
2015  3 17 20 12 00 000   -6.340    4.960  -14.710   -560.70    -30.40    -61.90   7.070     94495.0
2015  3 17 20 13 00 000   -6.440    5.100  -14.860   -563.40    -26.70    -63.00   6.540     95464.0
2015  3 17 20 14 00 000   -6.320    5.410  -14.730   -562.80    -28.40    -62.90   6.550     96546.0
2015  3 17 20 15 00 000   -6.270    5.690  -14.760   -559.60    -34.60    -63.70   7.130     99192.0
2015  3 17 20 16 00 000   -6.520    6.810  -14.150   -559.60    -32.00    -54.30   7.070     88476.0
2015  3 17 20 17 00 000   -6.710    7.190  -13.730   -556.40    -45.70    -54.60   7.140     97427.0
2015  3 17 20 18 00 000   -6.620    7.510  -13.900   -557.50    -42.60    -48.90   7.130     93271.0
2015  3 17 20 19 00 000   -7.310    7.200  -13.650   -557.30    -37.90    -48.40   6.400     95700.0
2015  3 17 20 20 00 000   -6.400    3.500  -14.740   -558.20    -39.10    -42.30   6.860     95555.0
2015  3 17 20 21 00 000   -5.430    2.360  -15.280   -554.40    -48.60    -39.20   7.700    107724.0
2015  3 17 20 22 00 000   -5.830    2.430  -15.200   -552.60    -44.90    -44.90   7.650    129649.0
2015  3 17 20 23 00 000   -6.160   -0.500  -15.090   -555.80    -43.20    -39.90   7.000    140017.0
2015  3 17 20 24 00 000   -6.120    4.980  -14.330   -552.40    -20.30    -45.00   7.830    125107.0
2015  3 17 20 25 00 000   -6.050    4.550  -14.730   -552.40    -20.30    -45.00   7.830    125107.0
2015  3 17 20 26 00 000   -6.290    2.460  -15.140   -552.60    -14.60    -43.40   8.080    124955.0
2015  3 17 20 27 00 000   -6.400    3.270  -15.210   -552.80     -4.70    -40.40   7.320    122965.0
2015  3 17 20 28 00 000   -6.330    2.410  -15.680   -554.60    -13.30    -39.60   6.510    115706.0
2015  3 17 20 29 00 000   -6.370    2.950  -15.550   -558.10    -16.40    -38.80   6.300    117121.0
2015  3 17 20 30 00 000   -5.780    3.080  -15.850   -558.10     -8.70    -41.80   6.950    117471.0
2015  3 17 20 31 00 000   -5.750    4.130  -15.670   -554.40     -8.70    -44.40   6.590    120749.0
2015  3 17 20 32 00 000   -5.620    3.330  -16.070   -552.10     -0.20    -48.80   6.660    109084.0
2015  3 17 20 33 00 000   -5.350    3.030  -16.290   -551.00     -7.30    -43.30   5.930    106979.0
2015  3 17 20 34 00 000   -5.760    2.850  -16.250   -548.70     -5.50    -46.30   6.390    117803.0
2015  3 17 20 35 00 000   -5.440    1.980  -16.270   -547.40     -9.80    -43.60   6.330    119624.0
2015  3 17 20 36 00 000   -5.850    0.910  -16.160   -544.70    -10.80    -39.10   7.030    111475.0
2015  3 17 20 37 00 000   -6.140    0.010  -16.600   -546.90    -13.20    -40.40   6.770    117446.0
2015  3 17 20 38 00 000   -6.520    0.040  -16.400   -548.20    -21.90    -45.00   6.000    122684.0
2015  3 17 20 39 00 000   -6.160    0.420  -16.470   -553.00    -21.30    -38.90   6.290    104145.0
2015  3 17 20 40 00 000   -6.420   -0.270  -16.360   -550.50    -19.40    -40.10   6.230    123947.0
2015  3 17 20 41 00 000   -6.920   -1.330  -16.090   -551.90    -24.90    -34.90   6.210    113063.0
2015  3 17 20 42 00 000   -7.870   -2.740  -15.270   -558.40    -28.00    -24.70   6.960     92719.0
2015  3 17 20 43 00 000   -8.440   -2.940  -14.890   -565.50    -29.60    -18.90   6.900     79443.0
2015  3 17 20 44 00 000   -7.180   -1.250  -15.880   -560.50    -31.10    -22.50   7.010     88636.0
2015  3 17 20 45 00 000   -6.060    1.770  -16.470   -550.30     -9.40    -39.10   7.950     99876.0
2015  3 17 20 46 00 000   -6.050    2.010  -16.410   -549.80    -16.40    -37.50   7.000    100190.0
2015  3 17 20 47 00 000   -5.790    3.340  -16.500   -545.40    -13.80    -38.40   7.040     97333.0
2015  3 17 20 48 00 000   -5.240    2.540  -17.010   -546.20    -15.30    -37.70   6.960     96057.0
2015  3 17 20 49 00 000   -5.190    2.610  -17.190   -548.60    -20.40    -35.60   6.680     91770.0
2015  3 17 20 50 00 000   -6.470    0.250  -16.970   -545.60    -18.90    -40.80   6.410     88157.0
2015  3 17 20 51 00 000   -7.460   -0.580  -16.300   -560.60    -26.10    -28.60   8.330     68952.0
2015  3 17 20 52 00 000   -5.630    0.100  -16.640   -565.70    -20.60    -25.80   8.340     67188.0
2015  3 17 20 53 00 000   -4.550    0.780  -17.320   -544.00    -16.30    -40.20   6.790     75614.0
2015  3 17 20 54 00 000   -3.700    2.190  -17.100   -544.80    -14.10    -42.40   6.790     79333.0
2015  3 17 20 55 00 000   -2.770    1.950  -17.570   -547.10     -7.50    -48.80   6.800     90135.0
2015  3 17 20 57 00 000   -2.620    0.980  -17.680   -538.40     -8.90    -46.40   6.970     78062.0
2015  3 17 20 58 00 000   -2.880    0.320  -17.570   -538.50     -9.00    -46.30   6.960     78433.0
2015  3 17 20 59 00 000   -5.070    5.460  -16.520   -540.70     -6.00    -46.80   6.840     92421.0
2015  3 17 21  0 00 000   -5.200    5.360  -16.810   -542.20     10.40    -52.10   7.370    110154.0
2015  3 17 21  1 00 000   -5.350    4.460  -16.930   -540.90     13.40    -51.90   6.600    122590.0
2015  3 17 21  2 00 000   -4.870    5.010  -16.700   -545.40      2.30    -48.40   7.120    104048.0
2015  3 17 21  3 00 000   -4.290    5.790  -16.650   -539.20     16.60    -47.70   6.840     94371.0
2015  3 17 21  4 00 000   -5.350    3.250  -16.980   -542.10     12.60    -47.50   6.230     90842.0
2015  3 17 21  5 00 000   -6.650    2.400  -16.850   -552.90     -9.50    -34.70   6.130     79081.0
2015  3 17 21  6 00 000   -6.890    2.810  -16.880   -556.90    -11.60    -34.40   6.140     67434.0
2015  3 17 21  7 00 000   -7.730    1.360  -16.860   -560.30    -18.10    -36.90   7.060     83552.0
2015  3 17 21  8 00 000   -7.880    1.420  -16.790   -560.30    -18.40    -37.10   7.120     84175.0
2015  3 17 21  9 00 000   -7.450    1.530  -16.910   -552.50    -10.80    -37.00   6.720     68169.0
2015  3 17 21 10 00 000   -5.700    2.330  -17.260   -544.50      3.10    -45.10   6.080     76329.0
2015  3 17 21 11 00 000   -5.850    2.730  -17.350   -544.70      0.10    -42.70   6.150     74566.0
2015  3 17 21 12 00 000   -6.190    0.390  -17.440   -546.70     -9.40    -38.00   6.680     78013.0
2015  3 17 21 13 00 000   -7.190    0.400  -17.340   -548.20    -13.30    -37.70   7.080     84627.0
2015  3 17 21 14 00 000   -7.010    2.180  -17.320   -556.90    -14.80    -39.30   6.210     68018.0
2015  3 17 21 15 00 000   -5.900    0.920  -17.710   -555.40    -14.60    -37.00   6.240     69520.0
2015  3 17 21 16 00 000   -5.320   -2.930  -17.750   -551.30    -10.30    -35.90   6.330     80972.0
2015  3 17 21 17 00 000   -4.780   -3.170  -17.900   -551.40    -26.40    -29.00   9.410     76937.0
2015  3 17 21 18 00 000   -5.170   -3.630  -17.700   -549.40    -27.90    -27.60   9.640     69288.0
2015  3 17 21 19 00 000   -5.390   -3.320  -17.870   -549.10    -27.20    -32.70   7.490     76940.0
2015  3 17 21 20 00 000   -5.430    0.080  -18.240   -552.10    -27.00    -31.00   7.920     62554.0
2015  3 17 21 21 00 000   -5.210    1.680  -18.210   -550.50    -19.90    -39.80   6.290     80161.0
2015  3 17 21 22 00 000   -5.510    3.830  -18.020   -551.80    -15.00    -42.00   6.200     81010.0
2015  3 17 21 23 00 000   -6.100    4.790  -17.720   -553.40    -13.70    -41.70   6.030     86396.0
2015  3 17 21 24 00 000   -6.190    5.280  -17.360   -552.90     -9.10    -42.20   5.980     82458.0
2015  3 17 21 25 00 000   -6.380    5.780  -17.220   -555.10     -5.40    -43.40   5.800     80182.0
2015  3 17 21 26 00 000   -6.940    6.620  -16.760   -557.20     -5.10    -43.30   5.810     82605.0
2015  3 17 21 27 00 000   -7.340    7.620  -16.290   -560.40     -4.90    -41.60   5.980     81824.0
2015  3 17 21 28 00 000   -8.070    5.650  -16.590   -561.50     -1.30    -41.80   6.040     83809.0
2015  3 17 21 29 00 000   -8.150    5.420  -16.720   -562.70     -1.30    -40.60   6.130     85540.0
2015  3 17 21 35 00 000   -7.020    9.660  -15.510   -549.90     41.10    -53.60   6.420     76899.0
2015  3 17 21 36 00 000   -7.530    8.040  -16.350   -554.40     43.60    -55.40   6.250     71840.0
2015  3 17 21 37 00 000   -8.270    9.430  -15.310   -559.90     42.10    -56.40   6.340     73168.0
2015  3 17 21 38 00 000   -6.270    5.760  -17.760   -560.20     41.60    -56.40   6.380     73806.0
2015  3 17 21 39 00 000   -3.030   -0.160  -19.760   -537.20    -24.80    -32.60   5.580     65770.0
2015  3 17 21 40 00 000   -5.150    1.770  -19.260   -547.30    -21.00    -30.60   6.630     52773.0
2015  3 17 21 41 00 000   -5.760    0.490  -19.020   -545.90    -16.30    -36.40   6.030     77289.0
2015  3 17 21 42 00 000   -4.160   -3.440  -19.420   -544.10    -32.70    -23.80   7.280     64969.0
2015  3 17 21 43 00 000   -4.880   -3.270  -19.330   -539.40    -39.40    -18.70   7.900     49618.0
2015  3 17 21 44 00 000   -4.910   -2.270  -19.480   -543.60    -27.40    -27.40   6.020     52754.0
2015  3 17 21 45 00 000   -3.690    0.180  -19.910   -537.30    -11.40    -41.70   4.940     60553.0
2015  3 17 21 46 00 000   -5.320   -1.200  -19.500   -544.60     -6.00    -45.10   5.470     71092.0
2015  3 17 21 47 00 000   -4.970    1.960  -19.140   -547.20    -15.60    -39.10   5.440     68593.0
2015  3 17 21 48 00 000   -5.020   -0.200  -19.460   -540.00    -18.80    -33.60   5.510     75667.0
2015  3 17 21 49 00 000   -4.970    0.410  -19.530   -540.00    -18.80    -33.60   5.510     75667.0
2015  3 17 21 50 00 000   -4.860    0.850  -19.670   -539.80     -7.20    -45.70   4.940     75242.0
2015  3 17 21 51 00 000   -4.560    1.910  -19.850   -539.80     -7.20    -45.70   4.940     75242.0
2015  3 17 21 52 00 000   -3.670    5.230  -19.500   -542.30     14.70    -54.00   5.850     70745.0
2015  3 17 21 53 00 000   -4.570    2.020  -19.740   -542.30     14.70    -54.00   5.850     70745.0
2015  3 17 21 54 00 000   -4.650    2.790  -19.610   -542.50     -2.00    -53.10   5.480     73810.0
2015  3 17 21 55 00 000   -3.850    3.910  -19.640   -538.40     -4.90    -51.60   5.510     70771.0
2015  3 17 21 56 00 000   -4.170    2.810  -19.560   -540.30    -11.70    -42.80   5.910     67754.0
2015  3 17 21 57 00 000   -4.440    7.070  -18.430   -539.60     16.90    -53.40   5.800     65536.0
2015  3 17 21 58 00 000   -5.100    6.570  -18.370   -540.70     25.80    -45.70   5.300     72633.0
2015  3 17 21 59 00 000   -4.910    7.470  -18.150   -536.10     33.70    -38.20   5.530     73843.0
2015  3 17 22  0 00 000   -5.100    7.040  -18.200   -538.70     22.00    -42.10   5.440     71739.0
2015  3 17 22  1 00 000   -5.140    6.070  -18.530   -542.60     10.60    -40.20   5.500     80072.0
2015  3 17 22  2 00 000   -5.500    6.630  -18.230   -542.90      9.80    -40.10   5.500     80666.0
2015  3 17 22  3 00 000   -4.840    5.680  -18.540   -542.70     -3.40    -39.60   6.620     73098.0
2015  3 17 22  4 00 000   -4.610    7.240  -18.070   -541.90      4.20    -29.50   7.050     64345.0
2015  3 17 22  5 00 000   -4.180    9.210  -17.090   -540.00      9.70    -30.00   7.860     64302.0
2015  3 17 22  6 00 000   -3.490   10.550  -16.400   -539.50     15.20    -33.00   7.710     66207.0
2015  3 17 22  7 00 000   -4.180    9.630  -16.690   -537.30     17.60    -35.50   7.690     70154.0
2015  3 17 22 10 00 000   -9.790    0.750  -17.950   -549.40    -10.00    -18.90   6.400     36458.0
2015  3 17 22 11 00 000  -10.680    1.880  -17.500   -560.40     -8.50    -13.80   7.280     38093.0
2015  3 17 22 12 00 000  -11.230    1.820  -17.240   -565.10     -7.10    -14.50   7.490     39914.0
2015  3 17 22 17 00 000  -10.360    3.530  -17.890   -555.70    -10.50    -21.00   6.960     40941.0
2015  3 17 22 18 00 000  -10.170    3.060  -18.120   -555.70    -10.50    -21.00   6.960     40941.0
2015  3 17 22 20 00 000   -8.530   -2.410  -17.810   -553.70    -12.90    -10.80   7.870     46521.0
2015  3 17 22 21 00 000   -6.810  -10.340  -16.760   -550.20    -25.80    -10.00   8.830     46422.0
2015  3 17 22 22 00 000   -7.200   -5.910  -18.550   -548.40    -27.90     -9.80   9.200     49042.0
2015  3 17 22 23 00 000   -7.410   -9.650  -16.450   -550.40    -27.80    -10.20   9.760     48808.0
2015  3 17 22 24 00 000   -6.080   -5.140  -19.140   -550.90    -24.10    -14.00   9.670     49150.0
2015  3 17 22 25 00 000   -6.680   -9.780  -17.000   -551.50    -22.80    -11.90  10.300     41732.0
2015  3 17 22 26 00 000   -6.970  -10.180  -16.660   -556.50    -29.10    -12.70  10.790     50853.0
2015  3 17 22 27 00 000   -7.170   -9.220  -17.130   -555.50    -27.90    -12.50  11.220     44941.0
2015  3 17 22 28 00 000   -7.760   -8.170  -17.390   -559.40    -27.20    -13.30  10.810     46670.0
2015  3 17 22 29 00 000   -7.860   -5.650  -18.170   -564.80    -21.50    -17.70  10.060     49621.0
2015  3 17 22 30 00 000   -7.930   -5.600  -18.080   -565.60    -17.50    -21.10   9.240     53963.0
2015  3 17 22 31 00 000   -8.070   -5.460  -18.130   -567.30    -20.00    -26.10   9.210     61296.0
2015  3 17 22 33 00 000   -8.560   -6.170  -17.540   -566.40    -18.20    -19.40  11.180     53177.0
2015  3 17 22 34 00 000   -8.730   -5.770  -17.650   -566.40    -18.20    -19.40  11.180     53177.0
2015  3 17 22 35 00 000   -7.780   -6.430  -17.840   -562.90    -22.00    -14.90  11.780     49241.0
2015  3 17 22 36 00 000   -7.240   -6.790  -17.900   -562.90    -22.00    -14.90  11.780     49241.0
2015  3 17 22 38 00 000   -6.410   -7.010  -18.220   -558.30    -18.20    -16.30  11.310     46698.0
2015  3 17 22 39 00 000   -7.690   -6.430  -17.900   -558.30    -18.20    -16.30  11.310     46698.0
2015  3 17 22 40 00 000   -5.750   -7.120  -18.340   -550.40    -23.90    -16.20  10.550     50176.0
2015  3 17 22 41 00 000   -5.690   -6.520  -18.690   -551.00    -23.30    -16.90  10.530     49481.0
2015  3 17 22 42 00 000   -7.350   -4.910  -18.850   -555.20    -20.80    -20.40   9.740     48505.0
2015  3 17 22 43 00 000   -8.430   -5.020  -18.470   -558.20    -22.80    -20.00   8.720     42267.0
2015  3 17 22 44 00 000   -8.520   -5.580  -18.420   -559.00    -24.60    -21.80   9.230     47616.0
2015  3 17 22 45 00 000   -7.730   -6.590  -18.480   -556.90    -25.20    -19.20   9.870     41740.0
2015  3 17 22 46 00 000   -8.190   -4.500  -18.970   -556.60    -25.30    -18.80   9.960     40728.0
2015  3 17 22 47 00 000   -6.700   -7.880  -18.430   -551.00    -19.20    -18.60  10.620     51991.0
2015  3 17 22 48 00 000   -5.670   -9.980  -17.840   -551.00    -19.20    -18.60  10.620     51991.0
2015  3 17 22 49 00 000   -6.110   -8.800  -18.410   -546.30    -21.90    -16.70   9.600     49984.0
2015  3 17 22 50 00 000   -5.590  -10.230  -17.740   -549.00    -20.00    -20.60   8.450     50521.0
2015  3 17 22 51 00 000   -6.700   -9.030  -18.040   -549.50    -18.10    -20.90   8.540     52693.0
2015  3 17 22 52 00 000   -7.530   -8.680  -17.980   -554.20    -21.50    -18.00  10.440     43266.0
2015  3 17 22 53 00 000   -8.230   -8.130  -17.920   -549.20    -26.40    -15.20   9.780     50490.0
2015  3 17 22 54 00 000   -8.060   -8.510  -17.820   -551.80    -24.40    -22.40   9.890     45399.0
2015  3 17 22 55 00 000   -7.660   -8.740  -17.940   -551.90    -24.30    -23.00   9.900     45002.0
2015  3 17 22 56 00 000   -8.530   -8.130  -17.800   -544.80    -24.10    -23.40   8.960     54481.0
2015  3 17 22 57 00 000   -7.570   -9.570  -17.640   -548.90    -23.30    -27.50   9.020     53675.0
2015  3 17 22 58 00 000   -8.360   -9.580  -17.190   -548.30    -21.00    -23.30   7.590     55745.0
2015  3 17 22 59 00 000   -8.220   -9.560  -17.320   -543.50    -22.00    -21.60   8.540     47363.0
2015  3 17 23  0 00 000   -8.670   -8.720  -17.230   -549.50    -20.30    -25.00   7.580     66550.0
2015  3 17 23  1 00 000   -9.360   -8.520  -17.270   -554.30    -25.00    -23.30   7.450     50327.0
2015  3 17 23  2 00 000   -8.890   -8.700  -17.620   -555.30    -26.20    -22.70   6.750     44027.0
2015  3 17 23  3 00 000   -8.800   -9.260  -17.420   -554.80    -26.80    -22.50   6.670     41276.0
2015  3 17 23  4 00 000   -7.320   -7.760  -18.970   -547.50    -31.50    -19.90   7.100     60589.0
2015  3 17 23  5 00 000   -7.870   -7.480  -18.920   -547.30    -31.30    -20.20   7.050     60505.0
2015  3 17 23  6 00 000   -8.510   -6.900  -18.810   -543.30    -28.60    -29.10   5.810     58614.0
2015  3 17 23  7 00 000   -8.750   -8.120  -18.250   -548.60    -29.00    -23.50   6.520     50555.0
2015  3 17 23  8 00 000   -9.360   -7.850  -18.030   -546.40    -27.00    -22.10   6.040     52357.0
2015  3 17 23  9 00 000   -9.060   -8.070  -18.030   -545.50    -27.70    -20.00   6.530     49512.0
2015  3 17 23 10 00 000   -7.880   -8.010  -18.540   -545.10    -28.40    -18.40   6.980     46806.0
2015  3 17 23 11 00 000   -7.380   -7.650  -18.980   -535.20    -29.80    -25.70   6.340     51746.0
2015  3 17 23 12 00 000   -7.160   -6.870  -19.410   -535.20    -29.80    -25.70   6.340     51746.0
2015  3 17 23 14 00 000  -10.270   -2.840  -18.720   -538.10    -26.70    -34.60   4.530     61030.0
2015  3 17 23 15 00 000  -11.550   -4.220  -17.710   -547.80    -22.40    -38.30   4.340     57275.0
2015  3 17 23 16 00 000   -9.830   -4.370  -18.750   -539.10    -29.00    -36.90   4.060     59024.0
2015  3 17 23 17 00 000   -7.730   -3.670  -19.900   -540.20    -23.00    -39.70   4.710     65871.0
2015  3 17 23 18 00 000   -8.720   -6.270  -18.870   -542.50    -21.60    -37.60   4.480     55606.0
2015  3 17 23 19 00 000   -8.840   -5.210  -19.170   -542.90    -28.20    -38.80   4.640     53195.0
2015  3 17 23 20 00 000   -8.190   -4.270  -19.770   -544.20    -22.50    -33.10   3.580     45734.0
2015  3 17 23 21 00 000   -7.950   -4.890  -19.620   -535.80    -21.50    -38.10   3.630     45048.0
2015  3 17 23 22 00 000   -6.340   -5.620  -20.080   -535.50    -21.20    -37.80   3.690     45088.0
2015  3 17 23 23 00 000   -8.550   -3.770  -19.610   -535.80    -29.00    -29.30   3.970     39238.0
2015  3 17 23 24 00 000   -7.560   -6.150  -19.000   -539.00    -33.60    -29.50   3.670     47281.0
2015  3 17 23 25 00 000   -3.180  -13.930  -15.570   -539.50    -32.90    -30.80   3.600     50081.0
2015  3 17 23 27 00 000   -4.210  -12.490  -16.430   -515.00    -28.60    -10.50   4.690     67025.0
2015  3 17 23 28 00 000   -4.350  -12.340  -16.540   -513.10    -40.00     -8.80   4.290     70301.0
2015  3 17 23 29 00 000   -4.390  -12.460  -16.470   -510.90    -52.40     -7.00   3.850     73894.0
2015  3 17 23 30 00 000   -4.070  -12.610  -16.510   -505.70    -49.90     -8.20   4.480     76296.0
2015  3 17 23 31 00 000   -3.880  -13.080  -16.340   -511.10    -40.90     -7.70   4.460     73854.0
2015  3 17 23 32 00 000   -4.570  -12.350  -16.710   -514.40    -41.80     -8.70   4.700     67085.0
2015  3 17 23 33 00 000   -4.670  -12.870  -16.120   -514.40    -41.80     -8.70   4.700     67085.0
2015  3 17 23 34 00 000   -5.060  -13.230  -15.710   -502.00    -43.10     -9.60   4.870     70805.0
2015  3 17 23 35 00 000   -4.800  -13.020  -16.240   -514.10    -37.40    -12.30   5.760     77160.0
2015  3 17 23 36 00 000   -4.620  -12.690  -16.480   -523.60    -29.30    -14.30   5.980     69713.0
2015  3 17 23 37 00 000   -3.190  -13.390  -16.010   -523.70    -29.20    -14.40   5.980     69520.0
2015  3 17 23 39 00 000   -2.120  -14.610  -15.250   -516.50    -26.30    -13.30   6.890     73380.0
2015  3 17 23 40 00 000   -2.210  -14.250  -15.340   -522.00    -24.30    -13.90   7.640     70225.0
2015  3 17 23 41 00 000   -1.450  -14.760  -15.050   -520.90    -24.50    -12.70   8.060     63713.0
2015  3 17 23 42 00 000   -0.740  -16.030  -14.240   -526.60    -24.80    -15.10   8.960     58050.0
2015  3 17 23 43 00 000   -0.500  -15.700  -14.640   -531.30    -25.30    -17.80   8.780     52693.0
2015  3 17 23 44 00 000   -1.110  -15.650  -14.630   -531.00    -25.40    -19.90   8.290     61485.0
2015  3 17 23 45 00 000    0.270  -16.360  -14.050   -532.80    -19.00    -25.40   7.170     63102.0
2015  3 17 23 46 00 000    0.650  -16.890  -13.450   -522.40    -14.20    -19.00   7.240     60456.0
2015  3 17 23 47 00 000    0.820  -17.100  -13.210   -516.70    -11.60    -15.50   7.270     59007.0
2015  3 17 23 48 00 000    1.250  -17.320  -13.280   -518.50     -2.40    -16.80   6.040     69636.0
2015  3 17 23 49 00 000    1.520  -17.930  -12.680   -518.80     -2.80    -17.30   5.880     68364.0
2015  3 17 23 50 00 000    1.060  -18.140  -12.460   -520.30     -5.20    -20.40   4.810     60052.0
2015  3 17 23 51 00 000    1.570  -17.900  -12.610   -517.70     -2.80    -24.30   5.350     67494.0
2015  3 17 23 52 00 000    2.860  -18.770  -10.590   -528.30      5.10    -15.90   5.290     67484.0
2015  3 17 23 53 00 000    3.580  -18.830   -9.740   -530.10     -0.90    -31.20   5.070     84658.0
2015  3 17 23 54 00 000    5.440  -19.050   -8.450   -534.20      4.30    -16.30   4.850     63856.0
2015  3 17 23 55 00 000    5.260  -18.650   -8.750   -538.20     -2.60    -29.20   4.970     67328.0
2015  3 17 23 56 00 000    5.680  -18.950   -7.530   -539.40      0.40    -29.20   5.080     67867.0
2015  3 17 23 57 00 000    5.140  -19.030   -7.260   -541.60    -11.10    -43.40   4.490     94236.0
2015  3 17 23 58 00 000    4.640  -18.940   -7.160   -544.90     -9.10    -45.70   4.690     97762.0
2015  3 17 23 59 00 000    4.040  -17.540   -7.380   -547.50     -6.40    -43.90   4.960     95101.0
2015  3 18  0  0 00 000    4.550  -19.130   -7.160   -549.00     -6.10    -36.20   5.130     79085.0
2015  3 18  0  1 00 000    4.200  -19.070   -7.150   -547.00     -5.40    -34.60   5.320     84205.0
2015  3 18  0  2 00 000    4.760  -19.030   -6.800   -542.60     -2.40    -31.60   5.810     81224.0
2015  3 18  0  3 00 000    4.550  -19.240   -6.550   -541.90     -1.30    -32.30   5.710     81258.0
2015  3 18  0  4 00 000    4.510  -19.530   -6.560   -542.00     -3.20    -31.60   5.150     81331.0
2015  3 18  0  5 00 000    4.230  -19.480   -7.100   -539.50     -5.00    -34.90   4.440     58309.0
2015  3 18  0  6 00 000    4.010  -18.940   -7.450   -545.30     -4.20    -41.90   4.840     79625.0
2015  3 18  0  7 00 000    3.200  -15.420   -7.000   -551.40     -5.30    -46.40   5.650    107821.0
2015  3 18  0  8 00 000    1.210   -9.570   -8.840   -558.20      1.70    -37.30  10.330    199401.0
2015  3 18  0  9 00 000    1.900   -9.890   -7.930   -574.20     13.90    -36.10  12.820    219737.0
2015  3 18  0 10 00 000    2.290  -10.820   -6.980   -574.20     13.90    -36.10  12.820    219737.0
2015  3 18  0 12 00 000    2.670  -11.440   -5.310   -575.00     14.60    -56.30  12.690    235505.0
2015  3 18  0 13 00 000    2.040  -10.520   -7.760   -575.00     14.60    -56.30  12.690    235505.0
2015  3 18  0 14 00 000    1.740  -10.040   -8.200   -575.00     14.60    -56.30  12.690    235505.0
2015  3 18  0 15 00 000    1.650   -9.480   -8.800   -572.70     -0.60    -43.60  12.290    204213.0
2015  3 18  0 16 00 000    2.390  -10.280   -7.830   -572.70     -0.60    -43.60  12.290    204213.0
2015  3 18  0 17 00 000    4.800  -11.680   -6.970   -591.50      2.50    -41.40   7.790    139225.0
2015  3 18  0 18 00 000    4.480  -11.950   -6.660   -584.60      6.30    -45.00   7.800    151730.0
2015  3 18  0 19 00 000    4.660  -12.030   -6.110   -595.80      6.60    -56.40   9.200    176452.0
2015  3 18  0 20 00 000    5.250  -12.150   -5.030   -582.40      5.00    -50.80  10.120    188526.0
2015  3 18  0 21 00 000    2.900  -11.010   -6.880   -581.50      6.50    -55.40  10.000    228516.0
2015  3 18  0 22 00 000    4.890  -11.600   -4.850   -596.40     10.90    -66.40   9.280    228516.0
2015  3 18  0 23 00 000    3.720  -11.510   -5.880   -602.00     10.90    -67.50   9.960    213683.0
2015  3 18  0 24 00 000    5.210  -12.930   -3.460   -596.40      6.70    -68.60   8.470    172975.0
2015  3 18  0 25 00 000    4.810  -13.000   -4.670   -595.50      3.70    -67.50   8.040    163999.0
2015  3 18  0 26 00 000    5.960  -11.870   -4.770   -604.50     -1.00    -65.90   8.570    175882.0
2015  3 18  0 27 00 000    6.620  -10.880   -3.910   -612.60     -3.10    -64.60   8.510    190036.0
2015  3 18  0 28 00 000    5.530   -9.980   -3.780   -615.60      1.70    -71.60  10.520    215216.0
2015  3 18  0 29 00 000    4.270  -11.030   -0.870   -615.60      1.70    -71.60  10.520    215216.0
2015  3 18  0 30 00 000    7.570  -12.250   -4.430   -608.20    -23.30    -70.50   5.810    165074.0
2015  3 18  0 31 00 000    7.250  -12.910   -3.950   -608.20    -23.30    -70.50   5.810    165074.0
2015  3 18  0 32 00 000    7.830  -12.440   -1.700   -608.40      4.70    -74.20   8.750    175119.0
2015  3 18  0 33 00 000    7.480  -13.420   -2.920   -609.40     -3.00    -69.40   7.240    156836.0
2015  3 18  0 34 00 000    5.580  -13.430   -6.770   -600.00    -16.70    -53.50   4.380    112859.0
2015  3 18  0 35 00 000    6.520  -13.830   -6.620   -589.80    -20.70    -33.00   3.650     86964.0
2015  3 18  0 36 00 000    6.500  -14.120   -6.570   -585.30    -32.70    -20.80   3.220     53720.0
2015  3 18  0 37 00 000    7.600  -13.690   -6.270   -588.10    -33.70    -19.50   3.390     51704.0
2015  3 18  0 38 00 000    7.580  -13.660   -6.460   -572.30    -27.60    -20.10   2.690     39694.0
2015  3 18  0 39 00 000    7.630  -13.700   -6.370   -576.90    -27.00    -19.10   3.150     43816.0
2015  3 18  0 40 00 000    7.540  -13.530   -6.920   -584.00    -33.10    -22.50   2.960     50816.0
2015  3 18  0 41 00 000    7.920  -13.600   -6.500   -583.70    -34.70    -23.20   2.730     50786.0
2015  3 18  0 42 00 000    7.680  -13.850   -6.150   -578.50    -30.60    -19.00   2.820     46101.0
2015  3 18  0 43 00 000    7.880  -13.890   -6.030   -581.60    -34.10    -18.20   3.130     34510.0
2015  3 18  0 44 00 000    7.600  -13.890   -6.390   -581.60    -34.10    -18.20   3.130     34510.0
2015  3 18  0 45 00 000    7.690  -13.730   -6.600   -581.80    -35.60    -19.30   3.210     52212.0
2015  3 18  0 46 00 000    8.000  -13.560   -6.700   -581.80    -35.60    -19.30   3.210     52212.0
2015  3 18  0 47 00 000    7.880  -13.610   -6.580   -572.10    -31.90    -19.70   2.790     55555.0
2015  3 18  0 48 00 000    8.070  -13.550   -6.240   -572.10    -31.90    -19.70   2.790     55555.0
2015  3 18  0 49 00 000    8.310  -13.470   -6.310   -565.30    -25.60    -18.80   3.170     44450.0
2015  3 18  0 50 00 000    8.590  -12.960   -7.080   -565.40    -28.50    -22.40   3.010     47108.0
2015  3 18  0 51 00 000    7.880  -13.500   -6.760   -565.80    -28.80    -22.90   3.010     47652.0
2015  3 18  0 52 00 000    7.500  -13.740   -6.630   -576.60    -24.20    -16.40   3.510     40008.0
2015  3 18  0 53 00 000    7.390  -13.880   -6.720   -581.50    -29.30    -15.90   3.080     25927.0
2015  3 18  0 54 00 000    8.330  -13.720   -5.720   -579.50    -28.90    -16.40   3.290     47527.0
2015  3 18  0 55 00 000    6.900  -13.900   -7.260   -575.50    -22.20    -15.20   3.700     53120.0
2015  3 18  0 56 00 000    7.970  -13.770   -6.620   -575.50    -22.20    -15.20   3.690     53120.0
2015  3 18  0 57 00 000    9.040  -13.530   -5.400   -562.80    -15.70    -10.60   2.660     40905.0
2015  3 18  0 58 00 000    9.180  -13.510   -5.240   -562.80    -15.70    -10.60   2.660     40905.0
2015  3 18  0 59 00 000    8.640  -13.650   -5.850   -552.20    -16.20    -10.60   2.900     40642.0
2015  3 18  1  0 00 000    8.260  -13.890   -5.600   -552.20    -16.20    -10.60   2.900     40642.0
2015  3 18  1  2 00 000    9.100  -13.160   -5.630   -554.90     -9.60    -23.40   3.360     55589.0
2015  3 18  1  3 00 000    8.930  -13.210   -5.790   -556.30    -12.50    -22.00   3.390     53880.0
2015  3 18  1  4 00 000    8.130  -13.660   -6.020   -563.90    -27.60    -14.40   3.640     48298.0
2015  3 18  1  5 00 000    9.090  -13.160   -5.960   -556.70    -25.90    -21.70   3.590     57643.0
2015  3 18  1  6 00 000    8.650  -14.100   -3.730   -553.70    -23.80    -23.00   3.300     45362.0
2015  3 18  1  7 00 000    8.640  -14.200   -2.970   -560.80    -17.00     -6.40   3.450     34026.0
2015  3 18  1  8 00 000    8.220  -14.250   -3.370   -560.80    -17.00     -6.40   3.450     34026.0
2015  3 18  1 10 00 000    9.700  -13.430   -3.500   -551.00    -12.10     -6.60   3.800     34382.0
2015  3 18  1 11 00 000   10.200  -13.220   -3.490   -551.00    -12.10     -6.60   3.800     34382.0
2015  3 18  1 12 00 000    8.100  -13.620   -5.610   -550.20    -14.90     -8.00   3.270     40207.0
2015  3 18  1 13 00 000    7.800  -13.830   -5.220   -567.80    -42.10    -15.50   3.550     41671.0
2015  3 18  1 14 00 000    7.140  -14.270   -4.800   -565.30    -36.30    -13.50   3.410     45088.0
2015  3 18  1 15 00 000    6.160  -14.340   -6.070   -565.40    -42.30    -14.90   3.480     45544.0
2015  3 18  1 16 00 000    6.470  -14.210   -6.100   -583.20    -50.60    -18.10   3.790     47189.0
2015  3 18  1 17 00 000    6.050  -14.180   -6.530   -578.40    -48.40    -18.10   3.910     43268.0
2015  3 18  1 18 00 000    5.150  -13.820   -7.730   -581.00    -49.30    -19.20   3.890     45139.0
2015  3 18  1 19 00 000    4.950  -13.570   -8.330   -597.20    -54.10    -24.30   3.790     54660.0
2015  3 18  1 20 00 000    6.160  -13.380   -7.650   -574.50    -43.20    -17.80   4.770     40475.0
2015  3 18  1 21 00 000    5.730  -13.540   -7.890   -577.10    -49.10    -22.90   3.820     42851.0
2015  3 18  1 22 00 000    6.610  -13.520   -7.470   -576.80    -48.70    -24.20   3.800     40256.0
2015  3 18  1 23 00 000    6.210  -14.060   -7.040   -572.40    -49.00    -22.50   3.610     35843.0
2015  3 18  1 24 00 000    5.750  -13.970   -7.410   -580.20    -51.50    -21.20   4.270     64781.0
2015  3 18  1 25 00 000    6.080  -14.470   -6.110   -583.00    -49.30    -18.00   3.570     47579.0
2015  3 18  1 26 00 000    6.250  -14.630   -5.780   -577.40    -48.40    -14.60   3.600     47487.0
2015  3 18  1 27 00 000    6.960  -14.100   -6.190   -577.30    -48.40    -14.60   3.600     47613.0
2015  3 18  1 28 00 000    7.480  -13.820   -5.880   -570.10    -43.50    -18.00   4.410     45617.0
2015  3 18  1 29 00 000    7.630  -13.810   -5.840   -566.30    -36.70    -15.50   4.230     43443.0
2015  3 18  1 30 00 000    7.790  -13.670   -5.950   -564.20    -36.20    -16.10   4.090     41362.0
2015  3 18  1 31 00 000    7.700  -13.840   -5.560   -558.30    -34.80    -18.10   3.660     35381.0
2015  3 18  1 32 00 000    8.320  -13.420   -5.790   -564.00    -38.10    -15.80   3.150     32416.0
2015  3 18  1 33 00 000    7.510  -14.010   -4.750   -562.00    -38.40    -14.70   3.470     50173.0
2015  3 18  1 34 00 000    8.120  -13.320   -4.950   -565.40    -37.90    -13.90   3.210     62923.0
2015  3 18  1 36 00 000    7.540  -13.380   -5.510   -564.90    -37.30    -17.30   3.700     67484.0
2015  3 18  1 37 00 000    9.140  -12.990   -2.720   -558.10    -29.60    -17.10   3.880     71228.0
2015  3 18  1 39 00 000    8.460  -14.000   -2.470   -554.90    -17.30     -6.80   4.290     29707.0
2015  3 18  1 40 00 000    9.070  -13.680   -2.550   -554.90    -17.30     -6.80   4.290     29707.0
2015  3 18  1 41 00 000    9.590  -13.200   -3.410   -547.90    -13.40     -5.30   4.250     34850.0
2015  3 18  1 42 00 000   10.520  -12.550   -3.880   -546.30    -13.80     -7.10   4.350     31598.0
2015  3 18  1 43 00 000   10.500  -12.200   -4.710   -546.90    -19.00    -11.40   4.310     37057.0
2015  3 18  1 44 00 000   10.080  -12.460   -4.850   -547.40    -21.30    -13.50   4.520     34696.0
2015  3 18  1 45 00 000    9.700  -13.090   -3.710   -555.30    -27.80    -14.60   4.490     34605.0
2015  3 18  1 46 00 000    9.760  -13.210   -3.110   -559.70    -31.00    -14.50   4.500     31913.0
2015  3 18  1 47 00 000   10.490  -12.670   -3.160   -541.90     -8.60    -10.00   4.110     30859.0
2015  3 18  1 48 00 000    9.750  -13.070   -3.570   -544.20     -9.50     -8.30   4.210     32290.0
2015  3 18  1 49 00 000    9.130  -13.320   -4.200   -552.30    -18.40    -11.20   4.640     32938.0
2015  3 18  1 50 00 000    9.460  -13.010   -4.430   -551.10    -18.60    -13.50   4.520     36418.0
2015  3 18  1 51 00 000    9.650  -13.070   -4.060   -549.00    -16.90    -13.40   4.410     38349.0
2015  3 18  1 52 00 000    9.920  -12.790   -4.080   -546.90    -14.80    -10.60   4.700     32288.0
2015  3 18  1 53 00 000    9.830  -12.820   -3.840   -544.10    -14.50    -12.10   4.430     43503.0
2015  3 18  1 54 00 000    9.960  -12.780   -3.670   -546.60    -13.70     -9.30   4.860     37244.0
2015  3 18  1 55 00 000   10.270  -12.490   -3.870   -541.80    -15.20    -10.70   4.440     33975.0
2015  3 18  1 56 00 000    9.830  -12.590   -4.590   -541.80    -15.90    -10.70   4.510     36264.0
2015  3 18  1 57 00 000    9.290  -13.080   -4.480   -547.40    -26.40    -20.90   4.250     42635.0
2015  3 18  1 58 00 000   10.080  -12.770   -3.800   -539.30    -15.90    -13.20   4.270     38080.0
2015  3 18  1 59 00 000    9.990  -13.020   -3.020   -540.10    -14.20    -11.50   4.330     37932.0
2015  3 18  2  0 00 000    9.560  -13.130   -3.480   -543.10    -11.70     -6.90   4.570     35639.0
2015  3 18  2  1 00 000    9.690  -13.320   -1.650   -543.30    -13.90     -7.40   4.560     34308.0
2015  3 18  2  2 00 000    9.730  -13.290   -2.300   -546.10     -8.10     -5.00   3.970     40481.0
2015  3 18  2  3 00 000    9.650  -13.550   -1.180   -546.40     -8.00     -4.40   3.880     40899.0
2015  3 18  2  4 00 000    9.310  -13.510   -2.440   -546.80    -10.20     -4.80   3.850     39995.0
2015  3 18  2  5 00 000    9.410  -13.380   -2.940   -546.60    -16.40     -8.50   4.150     36704.0
2015  3 18  2  6 00 000    9.160  -13.600   -2.530   -548.00    -16.20     -7.00   3.880     39608.0
2015  3 18  2  7 00 000   10.400  -12.030   -5.140   -549.90    -18.20     -5.90   3.950     34311.0
2015  3 18  2  9 00 000    8.290  -12.720   -6.800   -550.80    -35.00    -22.00   4.830     43051.0
2015  3 18  2 10 00 000    8.950  -12.730   -5.620   -548.40    -34.00    -24.10   4.120     48927.0
2015  3 18  2 11 00 000    9.260  -12.670   -5.240   -548.20    -33.90    -24.20   4.090     49199.0
2015  3 18  2 12 00 000    9.580  -12.690   -4.670   -543.50    -27.00    -14.80   4.120     47429.0
2015  3 18  2 13 00 000   10.370  -12.500   -3.310   -543.50    -27.00    -14.80   4.120     47429.0
2015  3 18  2 14 00 000   10.760  -12.370   -2.590   -536.60    -14.10     -9.90   3.760     42573.0
2015  3 18  2 15 00 000   10.630  -12.530   -2.440   -537.70    -12.70     -8.30   3.980     39635.0
2015  3 18  2 16 00 000   10.390  -12.590   -2.560   -537.40    -11.80     -7.80   4.040     39703.0
2015  3 18  2 17 00 000   10.360  -12.570   -3.040   -536.90    -11.60     -7.60   4.040     41057.0
2015  3 18  2 18 00 000   10.370  -12.600   -2.900   -538.10    -18.20    -11.60   3.780     47135.0
2015  3 18  2 19 00 000   10.500  -12.490   -3.030   -535.40    -16.00    -10.50   3.920     44753.0
2015  3 18  2 20 00 000   10.630  -12.250   -3.150   -536.40    -15.80     -9.90   3.890     47688.0
2015  3 18  2 21 00 000   10.510  -12.260   -2.750   -536.60    -15.80     -9.80   3.890     48360.0
2015  3 18  2 22 00 000   10.450  -12.090   -3.680   -535.60    -21.40    -12.40   4.020     50425.0
2015  3 18  2 23 00 000   10.000  -12.440   -3.800   -535.60    -21.40    -12.40   4.020     50425.0
2015  3 18  2 24 00 000    9.820  -12.510   -3.970   -537.70    -27.60    -18.00   3.750     53717.0
2015  3 18  2 25 00 000    9.890  -12.640   -2.930   -539.70    -22.60    -12.10   4.300     48266.0
2015  3 18  2 26 00 000    9.720  -12.860   -2.150   -539.90    -22.20    -11.60   4.350     47786.0
2015  3 18  2 29 00 000    9.690  -12.320   -4.320   -537.50    -27.80    -22.00   3.860     55067.0
2015  3 18  2 30 00 000    8.920  -13.130   -3.540   -543.90    -29.40    -13.70   4.790     72463.0
2015  3 18  2 31 00 000    9.350  -12.860   -3.440   -544.10    -29.40    -13.40   4.830     73161.0
2015  3 18  2 34 00 000    8.930  -12.880   -4.050   -541.00    -27.00    -14.00   4.480     47350.0
2015  3 18  2 35 00 000    9.480  -12.740   -2.950   -541.00    -27.00    -14.00   4.480     47350.0
2015  3 18  2 36 00 000    9.570  -12.660   -3.060   -537.40    -25.70    -14.50   3.910     53612.0
2015  3 18  2 37 00 000   10.570  -11.960   -2.650   -537.40    -22.90    -14.60   3.950     54930.0
2015  3 18  2 38 00 000   10.730  -12.090   -1.510   -537.00    -18.70    -13.60   3.960     54826.0
2015  3 18  2 39 00 000    9.370  -13.000   -2.580   -536.20    -14.90     -8.50   3.780     48527.0
2015  3 18  2 40 00 000    9.420  -12.960   -2.920   -540.50    -22.90    -11.00   3.600     50000.0
2015  3 18  2 41 00 000    9.730  -12.620   -1.910   -536.10    -29.60    -13.00   4.070     44203.0
2015  3 18  2 42 00 000    9.700  -12.640    0.280   -536.10    -29.60    -13.00   4.070     44203.0
2015  3 18  2 43 00 000    9.490  -12.740   -1.620   -532.10    -29.80    -16.10   4.660     54632.0
2015  3 18  2 44 00 000    8.530  -12.510   -4.520   -541.10    -33.60    -18.00   4.550     54293.0
2015  3 18  2 45 00 000    8.350  -13.490   -1.420   -539.90    -10.20     -5.30   3.590     53466.0
2015  3 18  2 46 00 000    8.730  -13.200   -1.620   -550.90    -28.70    -10.50   4.250     36785.0
2015  3 18  2 47 00 000    9.000  -12.970   -2.310   -550.90    -28.70    -10.50   4.250     36785.0
2015  3 18  2 49 00 000   10.580  -11.800   -2.130   -528.40    -17.20    -11.80   4.420     49433.0
2015  3 18  2 50 00 000    9.840  -11.820   -2.700   -536.10    -26.10    -13.80   4.380     51137.0
2015  3 18  2 51 00 000    9.310  -12.150   -3.020   -529.00    -20.20    -15.30   4.140     67467.0
2015  3 18  2 52 00 000    9.370  -12.350   -1.890   -538.40    -31.20    -13.60   4.140     62691.0
2015  3 18  2 53 00 000    9.350  -12.140   -1.200   -525.30    -26.70    -20.70   4.970     71899.0
2015  3 18  2 54 00 000    9.660  -12.140   -0.980   -539.00    -31.50    -12.90   4.550     51995.0
2015  3 18  2 55 00 000    9.820  -11.940   -1.290   -541.60    -27.00    -12.20   4.370     49716.0
2015  3 18  2 56 00 000    9.740  -12.020   -0.790   -527.30     -3.70     -0.90   3.540     56861.0
2015  3 18  2 57 00 000    9.450  -12.170   -0.020   -551.90    -44.90    -18.30   4.520     48077.0
2015  3 18  2 58 00 000   10.960  -11.120    1.170   -551.90    -44.90    -18.30   4.520     48077.0
2015  3 18  2 59 00 000   10.880  -11.140    1.050   -512.90      0.20     -9.90   3.970     57073.0
2015  3 18  3  0 00 000   10.610  -11.500   -0.670   -540.50    -25.80    -10.40   4.640     52665.0
2015  3 18  3  1 00 000    9.980  -11.870   -1.240   -520.90     -3.50     -5.20   4.120     63217.0
2015  3 18  3  2 00 000    9.930  -11.880   -1.250   -523.20    -10.70     -8.80   3.970     49226.0
2015  3 18  3  3 00 000   11.420  -10.650    0.510   -523.40    -10.80     -9.20   4.210     55086.0
2015  3 18  3  4 00 000    7.790  -13.070   -0.490   -562.80    -37.20     -9.60   3.400    100188.0
2015  3 18  3  5 00 000    7.150  -13.460   -1.590   -558.40    -44.80    -14.00   4.010     58714.0
2015  3 18  3  6 00 000    7.760  -12.980   -1.290   -554.00    -34.70    -10.50   3.800     54075.0
2015  3 18  3  7 00 000    6.760  -13.420   -2.170   -548.70    -39.80    -16.90   4.110     67070.0
2015  3 18  3  8 00 000    7.140  -13.240   -1.860   -520.10    -12.60    -16.10   3.750     70223.0
2015  3 18  3  9 00 000    6.720  -13.600   -2.330   -551.60    -46.20    -16.60   4.300     55261.0
2015  3 18  3 10 00 000    7.610  -12.330   -5.180   -556.40    -44.70    -12.50   3.820     48638.0
2015  3 18  3 11 00 000    7.760  -12.800   -4.050   -549.00    -46.20    -19.40   4.860     64610.0
2015  3 18  3 12 00 000    7.640  -12.690   -4.510   -549.00    -46.20    -19.40   4.860     64610.0
2015  3 18  3 13 00 000    7.380  -13.180   -3.460   -550.90    -46.30    -14.60   4.550     61516.0
2015  3 18  3 14 00 000    7.770  -12.890   -3.800   -549.60    -47.60    -16.80   4.570     62936.0
2015  3 18  3 15 00 000    8.490  -12.550   -3.260   -548.80    -48.50    -18.30   4.580     63829.0
2015  3 18  3 16 00 000    7.920  -12.610   -3.290   -536.30    -38.10    -23.40   4.350     69432.0
2015  3 18  3 17 00 000    7.370  -13.280   -2.980   -544.90    -43.60    -19.10   5.070     67409.0
2015  3 18  3 18 00 000    6.990  -13.640   -2.620   -551.00    -47.50    -15.90   5.590     65973.0
2015  3 18  3 19 00 000    6.880  -13.590   -3.240   -555.90    -49.00    -16.40   4.590     56506.0
2015  3 18  3 20 00 000    6.760  -13.500   -3.820   -554.80    -51.30    -16.60   4.460     57006.0
2015  3 18  3 21 00 000    7.240  -13.240   -3.760   -554.10    -52.70    -16.70   4.380     57305.0
2015  3 18  3 22 00 000    6.580  -13.220   -4.760   -549.80    -50.70    -19.00   4.950     61418.0
2015  3 18  3 23 00 000    6.920  -13.420   -3.340   -551.50    -53.30    -17.80   3.760     61965.0
2015  3 18  3 24 00 000    7.130  -13.260   -3.530   -551.80    -53.60    -17.60   3.600     62040.0
2015  3 18  3 25 00 000    7.240  -13.360   -3.060   -550.10    -44.80    -12.50   4.310     57236.0
2015  3 18  3 26 00 000    6.480  -13.510   -3.710   -554.10    -49.00    -13.00   4.410     58022.0
2015  3 18  3 27 00 000    7.000  -13.170   -4.210   -553.30    -53.80    -19.40   5.140     54785.0
2015  3 18  3 28 00 000    6.870  -13.270   -4.140   -552.90    -54.10    -19.40   5.030     55283.0
2015  3 18  3 29 00 000    7.030  -13.290   -3.940   -551.30    -54.70    -17.80   4.340     58497.0
2015  3 18  3 31 00 000    7.460  -12.940   -4.280   -550.10    -54.60    -22.30   4.060     49565.0
2015  3 18  3 32 00 000    7.230  -13.090   -4.110   -550.40    -54.50    -22.10   4.100     49815.0
2015  3 18  3 33 00 000    7.190  -13.130   -4.070   -557.00    -53.80    -16.40   4.730     54981.0
2015  3 18  3 34 00 000    6.540  -13.420   -4.010   -560.30    -56.90    -17.70   4.800     57036.0
2015  3 18  3 35 00 000    5.180  -13.990   -3.460   -559.00    -56.60    -18.60   4.880     57026.0
2015  3 18  3 36 00 000    4.720  -13.770   -4.910   -573.80    -66.30    -17.20   5.020     52151.0
2015  3 18  3 40 00 000    5.820  -13.510   -4.630   -552.80    -55.20    -16.00   4.190     70358.0
2015  3 18  3 41 00 000    5.580  -13.590   -4.640   -567.00    -66.40    -24.30   4.730     61744.0
2015  3 18  3 42 00 000    6.200  -13.920   -2.360   -567.10    -54.60    -13.20   3.940     57182.0
2015  3 18  3 43 00 000    5.610  -13.920   -3.490   -568.90    -60.10    -14.90   4.820     60359.0
2015  3 18  3 44 00 000    5.380  -14.080   -2.960   -568.90    -60.20    -15.00   4.850     60462.0
2015  3 18  3 45 00 000    5.490  -13.940   -3.200   -567.10    -59.50    -14.60   5.200     60749.0
2015  3 18  3 46 00 000    5.160  -14.010   -3.460   -569.60    -61.20    -16.00   4.940     65914.0
2015  3 18  3 47 00 000    4.310  -14.440   -1.830   -571.00    -62.10    -16.80   4.800     68639.0
2015  3 18  3 50 00 000    6.970  -12.960   -4.620   -562.80    -62.60    -19.60   5.520     71093.0
2015  3 18  3 51 00 000    6.180  -13.570   -2.200   -562.80    -62.60    -19.60   5.520     71093.0
2015  3 18  3 52 00 000    4.720  -14.220   -1.900   -577.80    -63.90    -15.30   5.230     89360.0
2015  3 18  3 53 00 000    3.680  -14.680   -1.420   -578.00    -63.90    -15.10   5.160     89208.0
2015  3 18  3 54 00 000    3.200  -14.700   -2.550   -580.20    -64.00    -12.70   4.070     86718.0
2015  3 18  3 59 00 000    7.360  -13.330   -1.830   -553.30    -54.00    -13.40   4.220     65982.0
2015  3 18  4  0 00 000    6.690  -13.590   -2.480   -553.30    -54.00    -13.40   4.220     65982.0
2015  3 18  4  2 00 000    5.470  -13.910   -3.480   -571.40    -65.90    -19.20   5.860     77364.0
2015  3 18  4  3 00 000    4.090  -14.110   -4.370   -571.40    -65.90    -19.20   5.860     77364.0
2015  3 18  4  4 00 000    3.370  -13.920   -5.710   -585.70    -76.70    -24.40   5.240     68229.0
2015  3 18  4  5 00 000    3.770  -13.960   -5.150   -585.70    -76.70    -24.40   5.240     68229.0
2015  3 18  4  6 00 000    3.800  -13.990   -4.400   -564.20    -63.60    -17.80   4.990     72911.0
2015  3 18  4  7 00 000    3.160  -13.920   -5.020   -575.60    -67.40    -18.10   4.990     72481.0
2015  3 18  4  8 00 000    3.880  -13.950   -4.340   -593.10    -73.30    -18.70   4.990     71821.0
2015  3 18  4 11 00 000    4.190  -13.920   -4.630   -576.10    -69.80    -18.80   4.930     78526.0
2015  3 18  4 12 00 000    4.210  -13.900   -4.470   -576.10    -69.80    -18.80   4.930     78526.0
2015  3 18  4 14 00 000    4.100  -14.000   -4.060   -573.60    -71.40    -23.00   5.010     90224.0
2015  3 18  4 15 00 000    4.320  -14.220   -3.380   -573.60    -71.40    -23.00   5.010     90224.0
2015  3 18  4 16 00 000    5.290  -13.620   -5.080   -570.70    -65.30    -21.00   5.240     57122.0
2015  3 18  4 17 00 000    5.490  -13.230   -5.940   -570.70    -65.30    -21.00   5.240     57122.0
2015  3 18  4 18 00 000    6.040  -13.200   -4.860   -551.50    -61.30    -21.30   4.580     80820.0
2015  3 18  4 19 00 000    7.300  -12.940   -3.580   -556.90    -63.10    -21.30   4.680     74181.0
2015  3 18  4 20 00 000    8.650  -12.310   -2.630   -548.00    -61.60    -24.20   4.130     98026.0
2015  3 18  4 21 00 000    6.050  -13.230   -4.440   -541.90    -54.70    -21.60   4.230     92153.0
2015  3 18  4 22 00 000    5.510  -13.320   -5.120   -569.80    -70.00    -29.70   5.050     91093.0
2015  3 18  4 23 00 000    6.180  -12.970   -5.100   -569.80    -70.00    -29.70   5.050     91093.0
2015  3 18  4 24 00 000    9.350  -12.180   -1.970   -532.40    -43.30    -19.70   4.040     96942.0
2015  3 18  4 25 00 000    9.980  -11.840   -1.550   -527.00    -40.40    -20.70   4.020     91547.0
2015  3 18  4 26 00 000    9.460  -12.100   -2.230   -530.80    -43.20    -18.90   3.830    101505.0
2015  3 18  4 28 00 000    9.240  -12.370   -1.850   -532.80    -45.90    -19.40   3.600    100905.0
2015  3 18  4 29 00 000    9.000  -12.470   -2.010   -532.80    -45.90    -19.40   3.600    100905.0
2015  3 18  4 30 00 000    8.950  -12.560   -1.820   -538.30    -48.60    -18.70   3.500    105723.0
2015  3 18  4 31 00 000    9.580  -12.080   -2.020   -538.30    -48.60    -18.70   3.500    105723.0
2015  3 18  4 34 00 000    8.850  -12.500   -2.110   -536.80    -52.30    -19.10   3.500    102999.0
2015  3 18  4 35 00 000    8.890  -12.470   -1.730   -535.00    -49.60    -20.20   3.670     99088.0
2015  3 18  4 36 00 000    9.360  -11.960   -1.110   -535.20    -48.50    -20.30   3.720     97652.0
2015  3 18  4 37 00 000   10.280  -11.160   -0.650   -520.10    -32.90    -16.50   3.700     91629.0
2015  3 18  4 38 00 000    9.700  -11.540    0.120   -524.60    -31.70    -15.00   3.410     94266.0
2015  3 18  4 39 00 000   10.180  -11.060    0.800   -523.10    -25.80    -13.40   3.310     96430.0
2015  3 18  4 40 00 000    8.460  -12.530   -0.300   -533.60    -38.60    -15.10   3.090    103032.0
2015  3 18  4 41 00 000    7.490  -12.920   -0.700   -541.20    -49.30    -17.70   3.050    108893.0
2015  3 18  4 42 00 000    7.040  -13.140   -0.040   -555.80    -58.80    -16.80   3.050    155288.0
2015  3 18  4 43 00 000    5.850  -13.180   -1.780   -555.80    -58.80    -16.80   3.050    155288.0
2015  3 18  4 45 00 000    7.440  -12.540    0.080   -548.70    -49.50    -24.80   3.410    101364.0
2015  3 18  4 46 00 000    6.930  -12.610    0.320   -548.40    -47.20    -23.50   3.380    101572.0
2015  3 18  4 47 00 000    6.550  -12.420   -1.570   -562.80    -45.70    -16.50   3.180    136099.0
2015  3 18  4 48 00 000    7.400  -12.300   -0.110   -581.40    -70.90    -24.40   3.270    169893.0
2015  3 18  4 50 00 000    9.140  -11.410   -1.360   -524.50    -18.30    -19.80   3.970    118669.0
2015  3 18  4 51 00 000    9.150  -11.390   -0.250   -527.10    -20.60    -19.60   3.890    128537.0
2015  3 18  4 52 00 000    6.990  -11.620   -2.570   -538.10    -35.50    -26.70   3.700    140553.0
2015  3 18  4 53 00 000   10.590   -9.150   -3.100   -546.20    -60.70    -44.00   3.890    124247.0
2015  3 18  4 55 00 000    6.750  -10.980   -1.780   -543.50    -41.00    -18.80   2.900    171905.0
2015  3 18  4 56 00 000    7.670  -10.700   -0.450   -526.20    -50.30    -43.20   3.310    130348.0
2015  3 18  4 58 00 000    5.830   -7.160    6.210   -578.50     96.10     43.30   3.940    146310.0
2015  3 18  4 59 00 000    5.630   -6.110   10.950   -578.50     96.10     43.30   3.940    146310.0
2015  3 18  5  0 00 000    7.380  -10.040    5.770   -556.20     57.40     36.00   2.970     93651.0
2015  3 18  5  1 00 000   10.040   -9.340   -1.420   -522.10    -28.00    -33.30   3.330     88556.0
2015  3 18  5  3 00 000   10.160   -8.530   -1.470   -513.40    -25.40    -67.80   4.280    147043.0
2015  3 18  5  4 00 000    7.080  -10.080   -1.030   -533.20    -41.50    -50.30   3.750    127759.0
2015  3 18  5  5 00 000    6.090  -11.180    2.980   -542.80     -5.00     -6.50   3.830    170003.0
2015  3 18  5  6 00 000    7.350  -10.990   -2.670   -544.60    -62.00    -65.50   3.880    179912.0
2015  3 18  5  7 00 000    7.330  -11.060   -2.760   -544.60    -62.00    -65.50   3.880    179912.0
2015  3 18  5  9 00 000    7.690  -10.360   -1.030   -537.90    -53.40    -73.80   3.980    142367.0
2015  3 18  5 10 00 000    7.370  -10.320   -2.760   -539.30    -45.90    -24.70   2.910    159228.0
2015  3 18  5 11 00 000    6.110  -10.590   -3.500   -539.30    -45.90    -24.30   2.900    159355.0
2015  3 18  5 14 00 000    6.620  -10.660    2.350   -548.40    -31.10    -12.40   2.620    173632.0
2015  3 18  5 15 00 000    6.180  -10.660    2.210   -548.40    -31.10    -12.40   2.620    173632.0
2015  3 18  5 16 00 000    4.600  -11.160    0.390   -587.30    -64.10    -27.60   4.280    213107.0
2015  3 18  5 17 00 000    5.020  -10.720    0.890   -565.70    -46.10    -16.50   3.180    198042.0
2015  3 18  5 18 00 000    2.360  -10.320   -3.980   -587.00    -91.30    -54.50   3.720    158791.0
2015  3 18  5 19 00 000    3.330  -10.880   -3.380   -587.00    -91.30    -54.50   3.720    158791.0
2015  3 18  5 20 00 000    5.100  -10.840   -1.680   -582.10    -69.80    -50.10   5.760    182808.0
2015  3 18  5 21 00 000    4.760  -10.400   -3.340   -582.10    -69.80    -50.10   5.760    182808.0
2015  3 18  5 22 00 000    4.920  -10.380   -3.920   -569.50    -65.10    -56.50   4.780    209439.0
2015  3 18  5 23 00 000    3.600  -10.700   -4.290   -570.10    -65.10    -56.40   4.800    209023.0
2015  3 18  5 24 00 000    2.550  -10.580   -5.540   -582.10    -66.50    -54.10   5.140    198394.0
2015  3 18  5 25 00 000    1.010   -9.550   -7.490   -580.90    -71.60    -45.90   5.040    176089.0
2015  3 18  5 26 00 000    2.690  -10.090   -6.410   -584.30    -73.80    -46.80   4.790    166971.0
2015  3 18  5 28 00 000    3.750  -10.670   -4.070   -581.30    -69.00    -45.10   5.250    175673.0
2015  3 18  5 29 00 000    4.240  -10.790   -3.470   -581.30    -69.00    -45.10   5.250    175673.0
2015  3 18  5 31 00 000    4.460  -10.930   -2.960   -570.00    -65.40    -33.50   4.740    159073.0
2015  3 18  5 32 00 000    4.500  -10.850   -3.180   -577.30    -67.50    -32.10   4.780    170385.0
2015  3 18  5 34 00 000    6.210  -10.870   -1.670   -562.90    -60.20    -32.10   3.110    146334.0
2015  3 18  5 35 00 000    5.380  -10.670   -3.060   -562.90    -60.20    -32.10   3.110    146334.0
2015  3 18  5 36 00 000    5.570  -10.270   -3.500   -561.20    -63.90    -35.20   4.650    160207.0
2015  3 18  5 37 00 000    5.500  -10.150   -3.760   -558.50    -62.00    -42.10   4.920    155385.0
2015  3 18  5 38 00 000    6.810  -10.460   -1.480   -557.30    -61.40    -33.80   3.170    147356.0
2015  3 18  5 39 00 000    6.990  -10.130   -1.040   -565.10    -64.10    -33.10   4.030    138925.0
2015  3 18  5 40 00 000    5.630  -10.840   -2.010   -564.70    -63.80    -37.40   3.400    224972.0
2015  3 18  5 41 00 000    6.740  -10.510   -1.590   -563.70    -65.00    -41.30   3.920    234909.0
2015  3 18  5 42 00 000    4.970  -11.360   -2.330   -563.20    -65.60    -43.30   4.190    240054.0
2015  3 18  5 45 00 000    5.240  -11.460    0.130   -568.50    -66.40    -26.90   2.950    158626.0
2015  3 18  5 46 00 000    5.510  -11.350    0.510   -568.50    -66.40    -26.90   2.950    158626.0
2015  3 18  5 48 00 000    5.470  -11.530   -0.370   -570.60    -62.80    -25.40   2.880    151671.0
2015  3 18  5 49 00 000    6.660  -10.790    0.850   -570.60    -62.80    -25.40   2.880    151671.0
2015  3 18  5 52 00 000    8.440   -9.240    2.130   -545.10    -32.20    -17.70   2.690    170648.0
2015  3 18  5 53 00 000    7.480   -9.640    2.240   -529.50    -35.10    -30.60   3.030    171932.0
2015  3 18  5 54 00 000    8.730   -8.330    2.600   -538.00    -40.70    -27.90   2.970    172590.0
2015  3 18  5 56 00 000    8.550   -7.810    0.900   -544.00    -33.70    -23.70   2.970    116436.0
2015  3 18  5 57 00 000    8.430   -8.150   -1.010   -544.00    -33.70    -23.70   2.970    116436.0
2015  3 18  5 59 00 000    8.260   -9.230   -0.930   -537.10    -44.70    -39.60   3.310    167787.0
2015  3 18  6  0 00 000    8.910   -8.400    1.660   -532.30    -38.90    -36.60   3.230    165435.0
2015  3 18  6  1 00 000    4.940   -8.270    4.370   -526.60     -8.70    -22.20   2.860    185182.0
2015  3 18  6  2 00 000    8.270   -7.440    4.140   -526.90     -8.40    -23.20   3.040    183730.0
2015  3 18  6  3 00 000    8.560   -7.280    4.780   -526.80      2.10    -20.00   3.250    187905.0
2015  3 18  6  4 00 000    3.730   -9.090    6.830   -531.40     11.90    -14.20   3.410    219916.0
2015  3 18  6 52 00 000    5.190  -10.490   -1.480   -560.40    -72.40    -47.10   3.930    308676.0
2015  3 18  6 53 00 000    5.610  -10.260   -2.260   -557.20    -75.80    -51.50   3.470    269118.0
2015  3 18  6 54 00 000    6.000  -10.160   -1.890   -555.70    -77.50    -53.50   3.240    250332.0
2015  3 18  6 59 00 000    8.320   -8.440   -1.570   -527.70    -55.50    -55.60   3.360    201994.0
2015  3 18  7  0 00 000    7.590   -9.010   -0.510   -534.10    -59.50    -50.30   3.410    221291.0
2015  3 18  7  1 00 000    8.560   -8.230    0.100   -545.00    -66.10    -41.10   3.490    254304.0
2015  3 18  7  3 00 000    8.150   -8.420   -2.240   -532.20    -58.30    -56.50   3.800    208761.0
2015  3 18  7  4 00 000    7.470   -8.810   -2.010   -542.60    -65.10    -70.00   3.300    259877.0
2015  3 18  7  5 00 000    7.220   -9.270   -2.020   -546.70    -67.80    -75.30   3.110    280360.0
2015  3 18  7  6 00 000    6.310   -9.720   -2.510   -543.10    -66.70    -53.70   3.520    227121.0
2015  3 18  7  7 00 000    7.450   -9.340   -0.440   -543.10    -66.70    -53.70   3.520    227121.0
2015  3 18  7  8 00 000    5.250  -10.420    1.140   -554.90    -67.40    -32.40   3.300    230388.0
2015  3 18  7  9 00 000    6.920   -9.630   -0.490   -550.80    -65.20    -35.30   3.300    219956.0
2015  3 18  7 10 00 000    7.430   -9.200   -0.760   -522.30    -50.00    -55.60   3.360    148386.0
2015  3 18  7 12 00 000    4.750  -10.540    1.170   -543.60    -64.00    -33.10   2.950    178223.0
2015  3 18  7 17 00 000    8.330   -8.730   -1.830   -533.70    -55.50    -51.00   3.820    206754.0
2015  3 18  7 18 00 000    6.440   -9.880   -0.470   -544.50    -63.50    -44.40   3.600    199561.0
2015  3 18  7 19 00 000    6.100   -9.450   -1.410   -552.20    -62.10    -39.70   3.300    187751.0
2015  3 18  7 20 00 000    5.420  -10.590   -0.510   -553.30    -66.00    -48.70   3.700    227788.0
2015  3 18  7 23 00 000    6.350   -9.860   -1.370   -562.80    -78.40    -57.90   4.050    228945.0
2015  3 18  7 24 00 000    5.790   -9.810   -3.840   -560.50    -78.00    -64.40   3.890    216514.0
2015  3 18  7 25 00 000    2.930  -10.630    0.880   -575.00    -75.70    -37.20   3.330    190186.0
2015  3 18  7 26 00 000    4.520  -10.080    0.270   -609.90    -70.50    -23.60   2.960    193196.0
2015  3 18  7 27 00 000    5.720  -10.260   -1.240   -552.70    -67.30    -43.80   3.370    205337.0
2015  3 18  7 28 00 000    5.820  -10.100   -1.870   -541.50    -57.50    -41.00   3.680    206347.0
2015  3 18  7 29 00 000    5.270   -9.530   -3.550   -556.40    -65.60    -71.40   3.850    190623.0
2015  3 18  7 30 00 000    3.360  -10.310   -2.820   -570.90    -72.10    -34.10   3.380    231042.0
2015  3 18  7 31 00 000    3.750  -10.410   -2.390   -560.90    -66.90    -79.70   4.230    199381.0
2015  3 18  7 33 00 000    3.670   -9.770   -4.080   -584.00    -77.50    -26.50   2.970    182808.0
2015  3 18  7 34 00 000    3.240   -9.460   -5.210   -577.70    -77.30    -52.40   3.500    188334.0
2015  3 18  7 35 00 000    3.800   -9.930   -3.710   -566.90    -61.30   -117.50   5.210    201338.0
2015  3 18  7 36 00 000    3.720   -7.340   -8.350   -564.10    -63.50    -89.60   4.370    221642.0
2015  3 18  7 37 00 000    4.300   -8.440   -5.540   -566.40    -52.90   -128.50   5.410    220926.0
2015  3 18  7 38 00 000    7.030   -9.690    0.140   -562.40    -52.10   -131.00   5.210    209581.0
2015  3 18  7 39 00 000    5.400  -10.540   -0.880   -551.00    -55.70    -31.20   3.510    213696.0
2015  3 18  7 40 00 000    6.050  -10.040    1.130   -542.90    -50.20    -32.40   3.420    205624.0
2015  3 18  7 41 00 000    2.700  -11.910    0.310   -567.80    -67.90    -28.70   3.020    188267.0
2015  3 18  7 42 00 000    3.150  -11.800   -0.710   -576.80    -76.90    -31.40   2.950    185468.0
2015  3 18  7 45 00 000    3.690  -11.070   -0.710   -583.40    -81.30    -36.10   3.820    211744.0
2015  3 18  7 53 00 000    7.970   -8.800    2.710   -523.10    -21.80    -19.00   2.930    219404.0
2015  3 18  7 54 00 000    7.890   -9.120    1.770   -524.90    -27.00    -21.70   2.960    215683.0
2015  3 18  7 55 00 000    7.530   -9.420    1.450   -531.80    -46.50    -32.00   3.100    201674.0
2015  3 18  7 57 00 000    7.910   -9.150    0.160   -534.80    -55.10    -36.90   3.170    189645.0
2015  3 18  7 58 00 000    7.720   -9.340    0.670   -534.80    -55.10    -36.90   3.170    189645.0
2015  3 18  8  3 00 000    3.030  -10.780   -3.520   -539.30    -46.00    -39.70   4.090    167418.0
2015  3 18  8  4 00 000    5.670  -10.400   -1.270   -554.50    -68.40    -50.20   3.950    222125.0
2015  3 18  8  5 00 000    5.280  -10.340   -2.270   -558.90    -68.90    -41.30   3.800    201280.0
2015  3 18  8  6 00 000    4.570   -9.400   -3.830   -569.60    -77.30    -42.10   4.140    207965.0
2015  3 18  8  7 00 000    5.210   -9.230   -3.210   -585.70    -69.70   -100.90   4.940    270205.0
2015  3 18  8  8 00 000    7.880   -8.400    1.470   -585.70    -69.70   -100.90   4.940    270205.0
2015  3 18  8  9 00 000    7.100   -8.690    4.070   -543.90    -33.20    -14.50   3.130    200478.0
2015  3 18  8 10 00 000    7.120   -8.650    4.150   -539.50    -28.50    -15.10   3.020    193193.0
2015  3 18  8 11 00 000    8.160   -8.190    3.010   -537.10    -36.20    -26.40   3.460    185905.0
2015  3 18  8 12 00 000    8.940   -7.960    1.520   -527.00    -39.10    -41.50   4.090    218927.0
2015  3 18  8 13 00 000    7.530   -8.020    4.120   -526.80    -37.70    -30.90   3.580    187245.0
2015  3 18  8 14 00 000    8.040   -7.440    2.640   -521.00    -27.80    -36.70   4.290    188938.0
2015  3 18  8 15 00 000    6.860   -6.940    5.520   -528.60    -37.10    -32.60   3.840    181666.0
2015  3 18  8 16 00 000    7.050   -7.660    3.340   -535.60    -30.90    -28.80   4.280    212084.0
2015  3 18  8 17 00 000    8.160   -7.610   -1.330   -534.90    -46.40    -45.20   3.890    196527.0
2015  3 18  8 18 00 000    7.940   -7.510   -3.660   -533.40    -44.90    -34.70   4.190    200181.0
2015  3 18  8 19 00 000    7.270   -7.540   -4.130   -531.30    -46.10    -74.50   4.600    203725.0
2015  3 18  8 20 00 000    8.140   -7.720   -2.530   -524.80    -44.00    -71.00   4.660    176476.0
2015  3 18  8 21 00 000    7.830   -8.880    0.450   -532.40    -43.20    -44.10   4.090    196165.0
2015  3 18  8 22 00 000    9.150   -7.200   -2.500   -543.20    -50.00    -28.20   3.850    210924.0
2015  3 18  8 23 00 000    9.180   -7.240   -1.430   -531.70    -46.30    -52.70   4.110    186167.0
2015  3 18  8 24 00 000    9.600   -7.260    0.140   -516.50    -35.60    -68.90   4.150    166167.0
2015  3 18  8 25 00 000    9.740   -6.970    0.270   -515.10    -22.00    -33.80   3.880    201032.0
2015  3 18  8 26 00 000    9.690   -6.990   -0.750   -509.70    -13.50    -35.00   4.130    191137.0
2015  3 18  8 28 00 000    9.990   -6.530    0.590   -512.90    -18.90    -41.70   4.470    191166.0
2015  3 18  8 29 00 000    9.940   -6.510    0.200   -511.20    -19.00    -46.90   4.200    182052.0
2015  3 18  8 30 00 000    9.200   -7.590   -1.320   -524.80    -40.50    -38.10   3.860    188648.0
2015  3 18  8 31 00 000    8.960   -7.550   -2.710   -521.40    -45.00    -61.80   4.210    169999.0
2015  3 18  8 32 00 000    9.040   -7.370   -3.180   -521.40    -45.00    -61.80   4.210    169999.0
2015  3 18  8 33 00 000    8.410   -7.410   -4.760   -530.00    -47.30    -84.20   4.670    188367.0
2015  3 18  8 34 00 000    8.650   -6.800   -5.130   -530.00    -47.30    -84.20   4.670    188367.0
2015  3 18  8 37 00 000    8.520   -7.220   -4.620   -525.00    -42.20    -85.40   5.250    188509.0
2015  3 18  8 38 00 000    6.450   -9.850    0.760   -531.40    -46.30    -71.60   4.890    194643.0
2015  3 18  8 39 00 000    7.260   -8.950   -0.460   -552.00    -59.60    -27.10   3.740    214383.0
2015  3 18  8 40 00 000    8.060   -8.180   -0.470   -547.10    -62.40    -34.50   4.210    219154.0
2015  3 18  8 41 00 000    8.080   -7.890   -0.890   -531.60    -47.30    -53.70   4.430    192554.0
2015  3 18  8 42 00 000    6.490   -9.450    3.360   -512.60    -28.70    -77.40   4.700    160002.0
2015  3 18  8 46 00 000    5.200   -7.880   -7.290   -565.90    -64.20   -104.30   5.610    212814.0
2015  3 18  8 47 00 000    6.030   -8.530   -4.100   -565.60    -64.80   -103.00   5.540    214915.0
2015  3 18  8 48 00 000    4.780   -8.730   -6.080   -561.80    -70.80    -83.20   4.830    230505.0
2015  3 18  8 49 00 000    5.610   -9.830   -3.120   -556.40    -69.90    -37.20   4.100    207360.0
2015  3 18  8 52 00 000    7.560   -8.530   -4.300   -537.20    -58.90    -63.70   4.670    227407.0
2015  3 18  8 53 00 000    7.630   -8.590   -4.090   -537.20    -58.90    -63.70   4.670    227407.0
2015  3 18  8 54 00 000    6.990   -8.450   -5.110   -549.90    -62.20    -89.40   5.300    220094.0
2015  3 18  8 55 00 000    7.120   -8.600   -2.390   -530.90    -43.00    -49.70   4.840    204546.0
2015  3 18  8 56 00 000    7.230   -9.250   -0.310   -547.40    -62.60    -54.10   4.510    213965.0
2015  3 18  8 57 00 000    6.910   -9.660   -0.960   -545.60    -60.00    -51.80   4.820    217651.0
2015  3 18  8 58 00 000    4.660  -10.400   -4.050   -554.80    -72.30    -46.00   4.070    213782.0
2015  3 18  8 59 00 000    5.280  -10.340   -3.920   -556.90    -75.00    -49.90   4.120    219190.0
2015  3 18  9  3 00 000    7.690   -8.540    4.300   -537.00    -22.70    -12.20   3.510    198270.0
2015  3 18  9  4 00 000    8.290   -8.800    0.470   -536.90    -22.70    -12.30   3.520    198864.0
2015  3 18  9  5 00 000    5.610   -9.760    4.580   -531.80    -19.60    -16.80   3.850    232558.0
2015  3 18  9  6 00 000    6.170  -10.790    0.130   -551.70    -69.40    -38.70   4.240    201662.0
2015  3 18  9  7 00 000    6.460  -10.550   -0.720   -548.10    -68.50    -37.90   4.290    204984.0
2015  3 18  9  8 00 000    7.350   -9.920   -1.210   -547.80    -68.40    -37.80   4.290    205353.0
2015  3 18  9  9 00 000    7.760   -9.370   -2.420   -530.70    -56.20    -49.40   4.440    186959.0
2015  3 18  9 10 00 000    7.510   -9.520   -0.190   -534.20    -55.90    -45.40   4.410    218298.0
2015  3 18  9 11 00 000    7.020  -10.150   -1.070   -544.50    -58.80    -31.90   3.980    186671.0
2015  3 18  9 13 00 000    8.290   -7.840   -4.280   -529.00    -52.10    -68.60   4.700    193387.0
2015  3 18  9 14 00 000    7.940   -6.700   -6.120   -526.40    -44.20    -71.20   5.150    198044.0
2015  3 18  9 15 00 000    6.790   -9.170   -4.330   -535.10    -57.50    -63.50   5.130    197186.0
2015  3 18  9 16 00 000    7.290   -9.300   -3.310   -543.50    -67.60    -58.00   5.190    214954.0
2015  3 18  9 17 00 000    6.720   -9.280   -4.180   -540.40    -65.60    -62.50   5.030    213697.0
2015  3 18  9 18 00 000    6.100  -10.350   -1.730   -545.90    -71.40    -49.60   4.740    212046.0
2015  3 18  9 19 00 000    6.220  -10.530   -0.630   -544.20    -66.00    -32.30   3.960    175237.0
2015  3 18  9 20 00 000    7.230   -9.490   -2.530   -539.20    -63.10    -49.70   4.460    185232.0
2015  3 18  9 21 00 000    7.030  -10.060   -0.250   -536.60    -62.10    -54.60   4.570    176842.0
2015  3 18  9 22 00 000    6.970   -9.810   -2.230   -536.40    -63.00    -48.60   4.620    175054.0
2015  3 18  9 23 00 000    6.790   -9.870   -2.590   -537.30    -62.50    -55.10   5.520    250631.0
2015  3 18  9 24 00 000    7.170  -10.050   -0.360   -541.80    -65.00    -43.80   4.900    208013.0
2015  3 18  9 25 00 000    6.940  -10.210   -0.660   -541.00    -65.70    -44.40   4.660    194149.0
2015  3 18  9 26 00 000    6.550  -10.420    0.110   -539.80    -66.70    -45.10   4.340    175897.0
2015  3 18  9 27 00 000    7.010   -9.910   -2.860   -542.70    -67.20    -54.10   4.870    170094.0
2015  3 18  9 28 00 000    6.390   -9.890   -2.930   -542.70    -67.20    -54.10   4.870    170094.0
2015  3 18  9 29 00 000    5.400  -11.300    0.240   -556.60    -71.60    -31.80   4.300    220558.0
2015  3 18  9 30 00 000    4.660  -11.850    1.710   -561.40    -72.60    -29.50   4.120    192298.0
2015  3 18  9 31 00 000    4.710  -11.970    1.200   -567.10    -73.80    -26.80   3.910    158156.0
2015  3 18  9 35 00 000    4.950  -11.850    1.910   -564.40    -71.10    -27.50   3.960    173384.0
2015  3 18  9 36 00 000    5.530  -11.520    2.440   -564.40    -71.10    -27.50   3.960    173384.0
2015  3 18  9 44 00 000    4.890  -11.680    0.320   -559.40    -68.90    -25.60   3.730    171568.0
2015  3 18  9 45 00 000    4.220  -11.590   -1.500   -559.40    -68.90    -25.60   3.730    171568.0
2015  3 18  9 46 00 000    4.400  -11.600   -1.380   -566.60    -72.00    -35.30   4.480    177338.0
2015  3 18  9 47 00 000    3.900  -11.760   -2.390   -566.60    -72.00    -35.30   4.480    177338.0
2015  3 18  9 49 00 000    2.760  -12.170   -1.450   -578.60    -74.20    -36.40   4.330    189889.0
2015  3 18  9 50 00 000    2.320  -12.100   -0.770   -579.10    -75.50    -34.30   4.530    204278.0
2015  3 18  9 51 00 000    6.450  -10.440    1.830   -585.50    -76.40    -31.00   4.840    219713.0
2015  3 18  9 52 00 000    5.570  -10.920    2.090   -572.20    -73.80    -29.40   4.190    181720.0
2015  3 18  9 53 00 000    5.270  -11.110    1.740   -572.20    -73.80    -29.40   4.190    181720.0
2015  3 18 10 46 00 000    2.520  -10.940   -3.430   -624.30    -42.30    -48.10   5.750    255430.0
2015  3 18 10 47 00 000    1.030  -10.500   -4.980   -607.80    -42.00    -51.50   6.030    269239.0
2015  3 18 10 48 00 000    1.500  -10.590   -5.300   -595.20    -41.70    -54.20   6.230    279771.0
2015  3 18 10 49 00 000    1.380  -10.740   -6.020   -602.60    -36.40    -49.40   5.750    226657.0
2015  3 18 10 50 00 000    0.950  -11.290   -5.640   -599.60    -37.50    -49.60   5.940    241684.0
2015  3 18 10 51 00 000   -0.010  -11.080   -5.750   -609.10    -39.30    -48.20   5.720    256075.0
2015  3 18 10 52 00 000    0.490  -10.420   -6.610   -594.70    -33.10    -41.60   5.420    276061.0
2015  3 18 10 53 00 000   -0.230   -9.550   -7.900   -593.60    -32.70    -41.10   5.410    277477.0
2015  3 18 10 54 00 000    0.800  -10.710   -6.630   -596.60    -34.30    -53.60   6.110    257309.0
2015  3 18 10 55 00 000    0.890   -9.800   -7.800   -596.60    -34.30    -53.60   6.110    257309.0
2015  3 18 10 56 00 000    0.500   -9.400   -8.450   -598.10    -31.80    -54.10   5.930    257309.0
2015  3 18 10 57 00 000    1.210   -9.820   -7.610   -593.40    -33.60    -50.10   5.710    201958.0
2015  3 18 10 58 00 000    2.220  -10.310   -6.990   -586.40    -31.00    -51.40   5.200    191421.0
2015  3 18 10 59 00 000    2.270  -11.120   -5.890   -588.20    -26.40    -58.10   5.130    183730.0
2015  3 18 11  4 00 000    2.780  -11.630   -3.730   -586.60    -33.30    -39.50   5.050    211547.0
2015  3 18 11  5 00 000    2.560  -11.340   -4.720   -587.50    -35.90    -38.60   5.100    205825.0
2015  3 18 11  6 00 000    2.580  -10.920   -4.920   -596.30    -34.20    -44.40   5.810    249579.0
2015  3 18 11  7 00 000    2.910  -11.150   -4.150   -592.90    -34.90    -44.60   6.520    271788.0
2015  3 18 11  8 00 000    3.020  -11.220   -3.950   -592.90    -34.80    -44.20   6.450    269866.0
2015  3 18 11  9 00 000    3.130  -11.160   -3.640   -592.60    -33.80    -40.40   5.700    250332.0
2015  3 18 11 15 00 000    5.210  -10.540   -2.070   -583.50    -30.20    -40.00   5.580    224429.0
2015  3 18 11 16 00 000    5.100  -10.360   -2.380   -577.10    -25.90    -36.20   5.240    214701.0
2015  3 18 11 20 00 000    7.160   -9.400   -1.410   -562.00    -16.30    -36.10   5.580    245064.0
2015  3 18 11 21 00 000    7.190   -9.350   -0.330   -565.00    -16.00    -35.80   5.850    240578.0
2015  3 18 11 22 00 000    7.240   -9.480   -0.520   -563.70    -13.10    -35.60   6.030    234269.0
2015  3 18 11 23 00 000    6.370  -10.160   -1.600   -577.10    -26.20    -38.00   6.440    264529.0
2015  3 18 11 24 00 000    6.690   -9.740   -1.380   -570.20    -18.30    -39.30   5.950    219924.0
2015  3 18 11 25 00 000    8.480   -8.340    0.390   -578.70    -22.60    -44.30   6.330    258986.0
2015  3 18 11 26 00 000    8.640   -7.490    2.110   -565.20    -14.80    -37.50   6.860    233369.0
2015  3 18 11 27 00 000    9.000   -6.370    3.830   -565.00     -0.80    -26.90   6.030    227136.0
2015  3 18 11 28 00 000    9.270   -5.290    5.090   -564.30     12.30    -19.80   6.110    218572.0
2015  3 18 11 29 00 000    9.170   -5.500    4.950   -563.20     14.20    -19.50   6.170    217445.0
2015  3 18 11 30 00 000    6.350   -7.620    1.820   -575.60     -7.00    -27.70   5.930    238840.0
2015  3 18 11 31 00 000    5.130   -9.430   -1.850   -599.50    -35.70    -47.10   6.350    269532.0
2015  3 18 11 32 00 000    3.300  -10.660   -4.410   -593.00    -38.10    -41.60   5.970    263083.0
2015  3 18 11 33 00 000    5.080  -10.160   -3.250   -593.00    -38.10    -41.60   5.970    263083.0
2015  3 18 11 34 00 000    4.220   -9.530   -5.450   -591.10    -33.70    -50.70   5.980    267466.0
2015  3 18 11 35 00 000    1.220   -9.240   -7.470   -589.50    -29.80    -51.80   6.090    273097.0
2015  3 18 11 36 00 000    0.080   -7.570   -8.750   -615.90    -16.10    -70.80   6.020    274078.0
2015  3 18 11 37 00 000    6.070  -10.380   -0.760   -577.60    -26.40    -37.10   5.920    245561.0
2015  3 18 11 38 00 000    5.210  -10.140   -3.380   -576.90    -26.60    -36.50   5.920    245167.0
2015  3 18 11 40 00 000    7.270   -9.660    0.150   -566.00    -20.20    -30.20   5.870    258794.0
2015  3 18 11 41 00 000    7.380   -9.620   -0.220   -564.60    -24.20    -34.90   5.420    248504.0
2015  3 18 11 42 00 000    7.070   -9.430   -1.490   -563.40    -13.90    -30.80   5.400    249015.0
2015  3 18 11 43 00 000    7.580   -9.160   -0.370   -567.10    -14.70    -33.90   5.120    234411.0
2015  3 18 11 44 00 000    4.710   -7.910    4.180   -574.30    -26.20    -41.90   4.850    247360.0
2015  3 18 11 46 00 000    7.520   -6.230    6.270   -563.20     34.10     -1.80   4.950    230829.0
2015  3 18 11 47 00 000    7.460   -8.280    3.650   -561.40     23.40     -8.00   4.930    240715.0
2015  3 18 11 48 00 000    8.130   -7.830    3.120   -558.50      2.20    -19.40   4.700    258851.0
2015  3 18 11 49 00 000    7.750   -8.310    3.150   -558.60      2.00    -19.70   4.740    267062.0
2015  3 18 11 57 00 000    5.800   -9.630   -0.910   -577.80    -28.40    -45.50   5.310    290757.0
2015  3 18 11 58 00 000    6.810   -8.720   -2.910   -577.80    -28.40    -45.50   5.310    290757.0
2015  3 18 12  0 00 000    6.350   -9.100   -3.550   -573.00    -15.90    -43.60   5.750    287498.0
2015  3 18 12  1 00 000    6.750   -9.100   -2.850   -573.00    -15.90    -43.60   5.750    287524.0
2015  3 18 12  2 00 000    6.280   -9.460   -2.240   -568.70    -17.30    -35.50   5.040    290492.0
2015  3 18 12  3 00 000    3.860   -9.460   -5.380   -580.10    -29.30    -49.50   5.300    306244.0
2015  3 18 12  4 00 000    5.010   -8.990   -3.220   -586.60    -33.20    -50.60   5.300    331371.0
2015  3 18 12  5 00 000    5.220   -9.730   -2.220   -568.60    -20.10    -35.90   4.730    275953.0
2015  3 18 12  6 00 000    2.570   -8.840   -4.950   -569.40    -20.20    -36.80   4.770    276231.0
2015  3 18 12  7 00 000    3.280   -4.930   -0.350   -590.50    -21.50    -58.70   5.860    282871.0
2015  3 18 12  9 00 000    6.680   -1.890    8.360   -577.90     49.60     -0.60   6.850    349751.0
2015  3 18 12 10 00 000    6.090   -1.630    9.050   -577.60     50.40     -0.50   6.870    343483.0
2015  3 18 12 11 00 000    5.770   -0.590    9.590   -578.00     57.90      1.90   6.790    314207.0
2015  3 18 12 12 00 000    7.230   -2.970    8.070   -581.70     65.80      6.90   6.210    315822.0
2015  3 18 12 13 00 000    6.330   -2.490    8.960   -573.90     48.90      3.40   5.670    305729.0
2015  3 18 12 14 00 000    6.130   -3.670    8.490   -579.00     52.30      7.90   4.930    280059.0
2015  3 18 12 15 00 000    7.410   -2.310    7.980   -566.90     56.80      0.70   6.140    257740.0
2015  3 18 12 16 00 000    7.220   -4.020    7.600   -567.00     49.30     -0.00   5.850    263300.0
2015  3 18 12 17 00 000    7.350   -3.900    7.460   -566.20     45.20      1.30   5.510    320795.0
2015  3 18 12 18 00 000    7.770   -3.950    7.410   -564.90     38.40     -0.30   5.250    280960.0
2015  3 18 12 19 00 000    7.490   -5.130    6.920   -565.90     31.10     -5.40   5.540    275980.0
2015  3 18 12 20 00 000    7.230   -6.130    6.320   -571.20     31.90     -1.30   5.320    262021.0
2015  3 18 12 21 00 000    7.680   -6.370    5.680   -568.00     27.60     -5.40   5.710    247480.0
2015  3 18 12 22 00 000    7.360   -7.340    4.650   -568.60     17.70     -8.80   5.220    256422.0
2015  3 18 12 23 00 000    7.470   -7.190    4.580   -568.00      6.70    -13.20   5.530    260123.0
2015  3 18 12 25 00 000    7.560   -6.640    5.420   -563.90     22.40     -3.40   4.420    267734.0
2015  3 18 12 26 00 000    7.670   -6.580    5.100   -563.00     17.40     -6.50   4.620    280719.0
2015  3 18 12 27 00 000    7.190   -6.960    5.240   -563.00     12.40     -7.90   4.570    271745.0
2015  3 18 12 28 00 000    7.850   -7.360    3.520   -555.10     -0.70    -18.90   5.060    235863.0
2015  3 18 12 29 00 000    8.000   -7.290    4.220   -559.10      7.20    -12.20   5.070    278438.0
2015  3 18 12 30 00 000    7.760   -7.490    4.170   -559.10      7.20    -12.20   5.070    278438.0
2015  3 18 12 31 00 000    8.560   -6.990    3.220   -553.80      5.50    -17.60   4.950    263946.0
2015  3 18 12 32 00 000    9.140   -6.110    3.470   -553.80      5.40    -17.60   4.950    263967.0
2015  3 18 12 33 00 000    8.510   -7.550    2.440   -555.30      4.00    -19.40   4.690    271751.0
2015  3 18 12 34 00 000    8.330   -7.890    1.810   -557.00     -9.00    -23.30   4.900    246857.0
2015  3 18 12 35 00 000    7.850   -8.440    1.200   -561.00    -11.60    -23.70   5.010    264185.0
2015  3 18 12 36 00 000    7.950   -8.320   -0.600   -561.00    -11.60    -23.70   5.010    264185.0
2015  3 18 12 37 00 000    7.180   -8.660   -1.260   -562.30    -19.80    -45.00   6.390    284349.0
2015  3 18 12 38 00 000    6.750   -9.400    0.050   -562.30    -19.80    -45.00   6.390    284349.0
2015  3 18 12 40 00 000    8.120   -8.140    1.220   -553.00     -5.90    -23.80   4.770    270456.0
2015  3 18 12 41 00 000    7.740   -7.500    3.980   -557.50    -14.70    -23.10   4.590    291439.0
2015  3 18 12 42 00 000    6.580   -9.310    2.030   -560.30    -17.50    -20.70   4.230    267897.0
2015  3 18 12 43 00 000    6.440   -9.540    2.330   -567.90    -22.20    -21.30   4.400    272626.0
2015  3 18 12 44 00 000    6.990   -9.220    1.740   -563.20    -22.90    -26.30   4.580    304651.0
2015  3 18 12 45 00 000    7.200   -8.290    2.350   -563.20    -22.90    -26.40   4.580    304651.0
2015  3 18 12 46 00 000    6.550   -8.100    1.020   -575.90    -36.30    -38.20   5.440    319205.0
2015  3 18 12 47 00 000    6.970   -8.820    0.840   -559.30     -9.20    -23.00   5.150    254517.0
2015  3 18 12 48 00 000    6.220   -9.030    2.230   -571.30    -33.90    -36.10   5.210    271428.0
2015  3 18 12 49 00 000    6.220   -9.240    0.910   -571.00    -33.50    -34.70   5.060    292574.0
2015  3 18 12 50 00 000    5.570   -9.670   -0.510   -573.60    -34.60    -34.40   5.100    295326.0
2015  3 18 12 51 00 000    3.710   -9.670   -1.710   -584.40    -40.30    -35.90   5.400    314267.0
2015  3 18 12 52 00 000    0.790   -8.480   -7.220   -598.60    -54.20    -54.70   6.220    335204.0
2015  3 18 12 53 00 000    0.300   -8.530   -7.780   -603.40    -53.10    -60.70   6.240    336948.0
2015  3 18 12 54 00 000    1.280   -8.810   -7.270   -622.00    -49.00    -83.50   6.340    343637.0
2015  3 18 12 55 00 000    3.730  -10.020   -3.960   -596.50    -55.50    -53.60   5.790    258686.0
2015  3 18 12 56 00 000    3.640   -9.470   -4.990   -596.50    -55.50    -53.60   5.790    258686.0
2015  3 18 13 10 00 000    5.420  -10.220   -0.390   -592.50    -55.40    -46.30   5.320    293616.0
2015  3 18 13 11 00 000    5.770  -10.070    0.000   -584.40    -53.20    -38.80   5.110    271829.0
2015  3 18 13 13 00 000    7.040   -6.050    6.630   -568.60     -2.60    -17.20   4.660    246291.0
2015  3 18 13 14 00 000    7.580   -6.090    5.770   -568.60     -2.60    -17.20   4.660    246291.0
2015  3 18 13 15 00 000    6.440   -7.300    5.210   -575.80    -22.60    -18.50   4.390    309603.0
2015  3 18 13 16 00 000    6.780   -7.810    3.290   -568.80    -16.40    -20.50   4.670    268674.0
2015  3 18 13 17 00 000    5.880   -9.350    1.090   -574.10    -41.70    -36.00   4.970    272623.0
2015  3 18 13 18 00 000    7.700   -7.260    2.070   -575.20    -39.90    -33.10   5.010    254508.0
2015  3 18 13 19 00 000    9.370   -5.510    1.690   -575.20    -39.90    -33.10   5.010    254508.0
2015  3 18 13 20 00 000    6.880   -8.150    0.810   -571.90    -34.50    -34.50   4.470    270627.0
2015  3 18 13 21 00 000    7.160   -8.190    1.350   -567.30    -33.60    -32.60   5.150    270495.0
2015  3 18 13 22 00 000    6.240   -8.460   -0.830   -569.90    -42.70    -46.00   5.780    282137.0
2015  3 18 13 23 00 000    4.360   -9.070    2.510   -569.90    -42.70    -46.10   5.780    282222.0
2015  3 18 13 25 00 000    5.170   -8.540    3.500   -571.50    -22.20    -32.10   4.790    349570.0
2015  3 18 13 26 00 000    5.040   -8.600    3.440   -571.50    -22.20    -32.10   4.790    349570.0
2015  3 18 13 28 00 000    6.240   -8.360    0.960   -574.30    -30.70    -42.50   5.470    302422.0
2015  3 18 13 29 00 000    4.860   -7.880    1.160   -579.50    -32.90    -43.10   5.670    332268.0
2015  3 18 13 30 00 000    6.870   -6.720    2.250   -577.40    -28.60    -38.10   6.060    351940.0
2015  3 18 13 31 00 000    4.860   -6.310    6.600   -573.70    -25.60    -35.60   6.120    344569.0
2015  3 18 13 34 00 000    4.720   -7.370    0.720   -596.60    -33.20    -47.20   5.990    378498.0
2015  3 18 13 35 00 000    4.370   -5.800    1.020   -586.90    -14.90    -33.30   5.630    357145.0
2015  3 18 13 37 00 000    3.780   -6.020    7.330   -587.40     15.30    -18.00   5.080    282907.0
2015  3 18 13 38 00 000    4.820   -6.560    6.310   -587.40     15.30    -18.00   5.080    282907.0
2015  3 18 13 39 00 000    5.400   -6.340    5.110   -583.10     12.60    -19.10   5.330    297821.0
2015  3 18 13 40 00 000    6.770   -6.640    0.280   -573.40    -18.80    -34.10   5.510    339958.0
2015  3 18 13 41 00 000    6.840   -7.480    0.620   -573.20    -24.40    -35.80   5.480    380697.0
2015  3 18 13 42 00 000    6.300   -7.800    1.810   -573.30    -25.20    -36.20   5.490    383981.0
2015  3 18 14  0 00 000    6.220   -6.900   -0.720   -581.10    -26.40    -46.60   6.000    346590.0
2015  3 18 14  1 00 000    5.470   -7.430   -1.230   -581.10    -26.40    -46.60   6.000    346590.0
2015  3 18 14  3 00 000    6.410   -6.170   -5.090   -578.00    -30.30    -50.00   5.650    307856.0
2015  3 18 14  4 00 000    4.710   -7.800   -3.900   -581.90    -34.70    -46.50   5.970    318187.0
2015  3 18 14  5 00 000    5.460   -5.100   -7.830   -586.70    -40.00    -42.30   6.380    331021.0
2015  3 18 14 11 00 000    5.640   -6.080   -5.660   -583.20    -27.70    -65.00   7.040    320837.0
2015  3 18 14 12 00 000    3.810   -6.040   -7.780   -589.80    -30.30    -65.80   6.900    312291.0
2015  3 18 14 13 00 000    1.330   -6.720   -8.160   -607.90    -35.10    -66.10   6.710    339112.0
2015  3 18 14 14 00 000    0.730   -7.040   -8.180   -610.50    -35.40    -65.80   6.710    353192.0
2015  3 18 14 15 00 000   -1.240   -6.040   -8.700   -633.30    -41.20    -65.50   7.310    340157.0
2015  3 18 14 16 00 000   -3.120   -5.990   -7.840   -630.80    -39.50    -67.50   6.970    355589.0
2015  3 18 14 17 00 000    1.120   -6.610   -8.150   -610.90    -33.10    -73.30   6.630    341446.0
2015  3 18 14 18 00 000   -1.350   -6.050   -8.460   -615.90    -43.60    -64.70   6.870    314660.0
2015  3 18 14 19 00 000   -0.640   -4.610   -9.320   -617.50    -34.10    -74.40   7.020    335830.0
2015  3 18 14 20 00 000   -1.730   -5.360   -8.700   -619.20    -29.20    -74.70   7.520    341588.0
2015  3 18 14 21 00 000   -0.790   -6.360   -8.150   -617.10    -34.80    -74.60   6.990    341349.0
2015  3 18 14 22 00 000   -1.040   -4.660   -8.660   -620.70    -37.80    -59.90   7.270    382451.0
2015  3 18 14 23 00 000   -0.170   -2.710   -9.330   -607.50      6.20    -97.70   8.590    362235.0
2015  3 18 14 24 00 000    0.140   -1.510   -9.270   -607.50      6.20    -97.70   8.590    362235.0
2015  3 18 14 25 00 000   -0.920   -2.210   -8.660   -609.10     12.50    -99.70   9.140    357506.0
2015  3 18 14 26 00 000    0.360   -3.730   -8.340   -609.10     12.50    -99.70   9.140    357506.0
2015  3 18 14 28 00 000    0.990   -6.680   -8.000   -619.40    -43.70    -63.50   7.120    343419.0
2015  3 18 14 29 00 000    1.760   -5.240   -9.140   -619.40    -43.70    -63.50   7.120    343419.0
2015  3 18 14 33 00 000    0.740   -2.620   -9.810   -608.70    -18.30    -88.40   8.030    375410.0
2015  3 18 14 34 00 000    1.210   -1.220   -9.780   -610.00    -15.20    -82.00   7.850    347218.0
2015  3 18 14 36 00 000    2.740   -3.920   -8.680   -610.70    -35.00    -82.70   7.800    404737.0
2015  3 18 14 37 00 000    2.270   -4.210   -8.510   -607.50    -35.20    -81.40   7.480    380866.0
2015  3 18 14 38 00 000    4.830   -4.730   -7.600   -606.50    -33.50    -81.80   7.390    371348.0
2015  3 18 14 39 00 000    6.240   -5.410   -6.110   -573.70    -40.00    -62.20   6.350    326405.0
2015  3 18 14 40 00 000    6.210   -6.310   -4.920   -575.30    -40.90    -60.00   6.330    331540.0
2015  3 18 14 41 00 000    4.980   -7.490   -3.930   -578.40    -42.30    -52.10   6.210    346971.0
2015  3 18 14 42 00 000    4.530   -8.600   -2.750   -579.20    -43.20    -48.70   6.060    356292.0
2015  3 18 14 43 00 000    5.590   -8.220   -0.950   -582.90    -47.50    -43.40   5.880    367197.0
2015  3 18 15 20 00 000    3.970   -6.290   -3.830   -598.40    -28.80    -51.80   7.320    382024.0
2015  3 18 15 21 00 000    4.010   -4.580   -5.330   -601.90    -24.10    -60.20   7.240    374075.0
2015  3 18 15 22 00 000    1.320   -5.590   -5.640   -604.10    -22.40    -63.20   7.280    367304.0
2015  3 18 15 23 00 000    6.440   -4.240   -3.200   -598.60    -14.30    -47.60   5.410    314670.0
2015  3 18 15 24 00 000    5.980   -3.880   -4.740   -598.60    -14.30    -47.60   5.410    314670.0
2015  3 18 15 25 00 000    6.010   -4.740   -4.170   -583.30    -12.50    -50.00   6.330    342939.0
2015  3 18 15 26 00 000    4.500   -5.480   -4.890   -584.50    -20.00    -54.90   7.390    342208.0
2015  3 18 15 27 00 000    7.030   -3.520   -4.370   -575.10    -11.00    -56.70   7.310    314249.0
2015  3 18 15 28 00 000    6.560   -4.330   -5.000   -579.60    -19.10    -57.10   6.960    306541.0
2015  3 18 15 29 00 000    5.990   -4.090   -5.430   -579.30    -15.20    -58.60   6.400    296070.0
2015  3 18 15 30 00 000    4.080   -5.300   -5.080   -584.30    -14.30    -64.50   6.990    317018.0
2015  3 18 15 31 00 000    5.320   -2.880   -6.260   -583.10    -15.90    -61.10   6.670    321182.0
2015  3 18 15 32 00 000    3.610   -4.910   -5.630   -575.10    -16.40    -63.20   7.190    300362.0
2015  3 18 15 33 00 000    3.730   -0.620   -5.590   -601.80     30.30    -60.50   8.340    465228.0
2015  3 18 15 34 00 000    2.920   -2.620   -1.700   -603.70     10.40    -51.30   6.770    438888.0
2015  3 18 15 35 00 000    2.410    0.300   -2.140   -607.40     29.40    -57.10   6.890    443128.0
2015  3 18 15 36 00 000    1.060    1.070   -2.810   -603.70      3.70    -49.80   6.200    459546.0
2015  3 18 15 37 00 000    1.630    1.000   -1.420   -616.10     26.60    -54.90   7.430    482845.0
2015  3 18 15 38 00 000    4.870   -0.330    1.860   -599.50     29.20    -43.00   6.420    434850.0
2015  3 18 15 39 00 000    2.320    3.720   -5.290   -606.40     28.70    -70.60   7.160    441643.0
2015  3 18 15 42 00 000    3.320    6.230   -4.770   -603.20     39.00    -69.50   7.180    391629.0
2015  3 18 15 43 00 000    3.220    6.940   -4.040   -603.20     39.00    -69.50   7.180    391629.0
2015  3 18 15 46 00 000    3.330    7.560   -2.170   -597.60     51.90    -70.60   8.340    404469.0
2015  3 18 15 47 00 000    3.450    7.580   -2.730   -597.60     51.90    -70.60   8.340    404469.0
2015  3 18 15 49 00 000    6.280    2.840   -2.160   -603.80     35.60    -66.10   7.440    369357.0
2015  3 18 15 50 00 000    5.730    3.670   -1.730   -593.50     32.60    -70.90   7.650    406656.0
2015  3 18 15 51 00 000    5.560    3.220   -1.830   -584.60     27.30    -67.20   7.510    409452.0
2015  3 18 15 52 00 000    5.070    2.780   -1.670   -595.00     39.20    -67.20   8.160    383436.0
2015  3 18 15 53 00 000    6.050    2.230   -1.460   -585.20     22.40    -69.50   7.620    450971.0
2015  3 18 15 54 00 000    6.080    3.140    2.430   -586.40     35.60    -60.10   7.740    416605.0
2015  3 18 15 55 00 000    7.880    1.100   -1.870   -582.60     21.00    -61.80   7.410    402970.0
2015  3 18 16  0 00 000    7.680    1.520   -2.450   -582.30     24.70    -74.30   7.580    341228.0
2015  3 18 16  1 00 000    7.830   -0.650   -1.090   -582.30     24.70    -74.30   7.580    341228.0
2015  3 18 16  3 00 000    7.900   -0.360   -1.360   -581.70     14.40    -58.40   6.930    381611.0
2015  3 18 16  4 00 000    7.930   -0.120   -1.110   -581.70     14.40    -58.40   6.930    381611.0
2015  3 18 16  6 00 000    7.880   -1.040   -0.680   -575.20      9.70    -56.80   7.050    377031.0
2015  3 18 16  7 00 000    7.610   -1.140   -0.500   -575.20      9.70    -56.80   7.050    377031.0
2015  3 18 16  8 00 000    7.800   -0.760   -0.310   -585.70     16.50    -56.00   6.990    423484.0
2015  3 18 16  9 00 000    8.010   -1.180   -0.180   -585.70     16.50    -56.00   6.990    423484.0
2015  3 18 16 10 00 000    7.780   -1.240   -0.150   -587.00     12.10    -56.80   6.570    421069.0
2015  3 18 16 11 00 000    7.560   -0.990   -0.260   -587.00     12.10    -56.80   6.570    421069.0
2015  3 18 16 12 00 000    7.460   -1.010    0.530   -589.60     15.30    -54.50   6.870    428878.0
2015  3 18 16 13 00 000    7.210   -1.850    0.740   -589.60     15.30    -54.50   6.870    428878.0
2015  3 18 16 14 00 000    6.880   -2.980    0.770   -589.60     15.30    -54.50   6.870    428878.0
2015  3 18 16 15 00 000    7.500   -2.400    0.930   -585.30      2.20    -49.30   6.050    383592.0
2015  3 18 16 16 00 000    7.730   -2.240    1.080   -585.30      2.20    -49.30   6.050    383592.0
2015  3 18 16 17 00 000    6.060   -3.550    1.490   -579.10     19.10    -40.10   6.430    394427.0
2015  3 18 16 18 00 000    6.220   -2.350    2.230   -584.20     11.90    -43.00   6.360    394181.0
2015  3 18 16 19 00 000    5.590   -3.330    0.770   -594.40     -2.60    -48.70   6.220    393685.0
2015  3 18 16 21 00 000    5.540    0.610    5.490   -594.40     37.20    -28.40   5.800    373703.0
2015  3 18 16 22 00 000    4.630    1.920    5.910   -594.40     37.20    -28.40   5.800    373703.0
2015  3 18 16 23 00 000    4.520    1.240    4.710   -594.40     37.20    -28.40   5.800    373703.0
2015  3 18 18 18 00 000    4.910    0.990   -2.970   -642.10     13.20    -45.30   3.310    205139.0
2015  3 18 18 19 00 000    3.770    3.570   -1.790   -643.30     16.10    -44.60   3.330    207424.0
2015  3 18 18 20 00 000    4.120    2.910   -2.050   -657.10     50.40    -36.20   3.540    234288.0
2015  3 18 18 21 00 000    2.360    4.800   -1.960   -643.50     17.20    -39.50   3.930    236436.0
2015  3 18 18 22 00 000    1.900    5.240   -0.610   -643.50     17.20    -39.50   3.930    236436.0
2015  3 18 18 23 00 000    3.380    2.750   -2.750   -653.20     45.50    -28.10   3.490    199855.0
2015  3 18 18 24 00 000    4.450   -0.990   -3.660   -644.80     20.70    -35.80   3.650    205709.0
2015  3 18 18 26 00 000    5.110   -2.120   -2.270   -632.30    -10.00    -17.50   2.730    219868.0
2015  3 18 18 27 00 000    5.390   -1.730   -1.750   -632.30    -10.00    -17.50   2.730    219868.0
2015  3 18 18 28 00 000    5.710   -0.980   -1.280   -625.10      9.20    -16.40   3.040    193328.0
2015  3 18 18 29 00 000    5.570   -0.510   -1.710   -625.40      9.10    -16.50   3.030    196299.0
2015  3 18 18 30 00 000    5.680   -0.410   -1.150   -628.30      8.80    -17.40   2.930    224905.0
2015  3 18 18 32 00 000    5.790   -0.350   -0.740   -625.20     23.30     -8.40   3.130    199254.0
2015  3 18 18 33 00 000    2.750    0.410   -3.300   -651.90     10.60    -36.80   3.270    200588.0
2015  3 18 18 34 00 000    3.810    2.560   -1.840   -656.10     23.90    -46.70   3.360    192241.0
2015  3 18 18 35 00 000    4.180    2.200    0.940   -639.10     49.20    -17.00   3.290    205068.0
2015  3 18 18 36 00 000    1.840    4.280   -3.140   -652.50     28.70    -33.80   3.050    202110.0
2015  3 18 18 38 00 000    1.230    4.760   -2.690   -670.40     51.40    -36.60   3.410    224441.0
2015  3 18 18 39 00 000    1.610    2.930   -1.830   -672.10     61.20    -32.40   3.270    186023.0
2015  3 18 18 40 00 000    3.380   -2.920   -3.300   -664.00     27.20    -27.50   3.000    181889.0
2015  3 18 18 41 00 000    3.540    0.540   -3.240   -653.30    -19.40    -24.70   2.750    197214.0
2015  3 18 18 44 00 000    4.210    0.660   -3.170   -658.20     60.10    -27.10   3.100    205010.0
2015  3 18 18 45 00 000    4.340    0.010   -2.630   -642.20     -8.00    -20.60   2.810    226844.0
2015  3 18 18 46 00 000    3.610    2.450   -2.790   -650.80      6.10    -37.10   3.190    223947.0
2015  3 18 18 47 00 000    3.570    3.400   -2.590   -661.20     20.50    -42.40   3.210    228996.0
2015  3 18 18 48 00 000    4.130    3.420   -0.650   -664.70     25.40    -44.20   3.210    230710.0
2015  3 18 18 49 00 000    0.580    4.880    0.870   -676.90     61.90    -22.10   4.140    245537.0
2015  3 18 18 50 00 000    0.500    4.650   -0.180   -661.10     52.60     -9.90   3.760    242532.0
2015  3 18 18 51 00 000    3.960    2.300   -3.040   -676.60     47.10    -19.60   3.150    210036.0
2015  3 18 18 52 00 000    2.200    4.670   -1.180   -654.20     25.70    -37.60   3.030    232367.0
2015  3 18 18 54 00 000    1.760    5.420   -0.090   -673.80     63.10    -23.30   3.210    251494.0
2015  3 18 18 55 00 000    1.870    5.390   -0.720   -673.90     66.10    -26.70   3.080    187335.0
2015  3 18 18 56 00 000    2.060    5.250   -0.190   -668.40     49.80    -36.50   3.150    206398.0
2015  3 18 18 57 00 000    1.140    5.820    0.220   -682.30     67.80    -25.00   3.030    185539.0
2015  3 18 18 58 00 000    1.060    5.560    0.420   -678.00     63.00    -27.70   3.220    185539.0
2015  3 18 19  0 00 000    3.520    4.900   -0.170   -667.00     68.00    -21.90   3.050    172110.0
2015  3 18 19  1 00 000    3.490    4.980   -0.420   -657.90     59.80    -25.40   3.060    190806.0
2015  3 18 19  2 00 000    3.690    4.810   -0.610   -657.40     62.00    -24.60   3.240    198203.0
2015  3 18 19  3 00 000    5.010    0.830   -2.660   -646.20     31.10    -22.40   3.120    218086.0
2015  3 18 19  4 00 000    5.000    0.800   -3.040   -646.00      0.30    -23.50   3.400    228981.0
2015  3 18 19  5 00 000    3.730    2.180   -4.030   -648.60     11.80    -31.80   2.990    218416.0
2015  3 18 19  6 00 000    2.310    3.860   -4.000   -661.00     24.20    -42.40   3.290    204500.0
2015  3 18 19  7 00 000    3.500    4.240   -1.610   -671.00     43.60    -39.00   3.510    197440.0
2015  3 18 19  8 00 000    4.900    2.920   -1.810   -652.30     47.60    -26.00   3.490    219737.0
2015  3 18 19  9 00 000    4.820    3.180   -1.880   -644.70     41.50    -25.00   3.260    219737.0
2015  3 18 19 12 00 000    4.540    3.610   -1.470   -644.90     45.10    -25.90   3.290    207704.0
2015  3 18 19 13 00 000    4.410    3.770   -1.420   -644.90     45.10    -25.90   3.290    207704.0
2015  3 18 19 15 00 000    4.250    3.350   -2.200   -644.40     28.70    -30.50   3.360    205994.0
2015  3 18 19 16 00 000    5.340    0.670   -2.170   -644.40     28.70    -30.50   3.360    205994.0
2015  3 18 19 17 00 000    5.360    2.020   -1.380   -634.90     42.00    -14.10   3.240    209379.0
2015  3 18 19 18 00 000    5.300    0.910   -2.050   -634.90     42.00    -14.10   3.240    209379.0
2015  3 18 19 21 00 000    4.960    3.020   -0.130   -639.50     54.30     -9.60   3.430    213492.0
2015  3 18 19 22 00 000    3.480    4.020    1.060   -639.50     54.30     -9.60   3.430    213492.0
2015  3 18 19 26 00 000    2.690    1.650    4.850   -663.40     73.60     21.40   3.380    229148.0
2015  3 18 19 27 00 000    2.860    0.760    5.020   -663.40     73.60     21.40   3.380    229148.0
2015  3 18 19 28 00 000    3.810    0.050    4.080   -667.30     75.60     29.70   3.020    189207.0
2015  3 18 19 29 00 000    4.550   -1.550    3.080   -667.30     75.60     29.70   3.020    189207.0
2015  3 18 19 37 00 000    4.830    1.900    2.470   -653.50     69.80     10.30   3.560    202967.0
2015  3 18 19 38 00 000    4.230    1.450    3.590   -653.50     69.80     10.30   3.560    202967.0
2015  3 18 19 40 00 000    4.520    1.940    3.090   -648.60     62.30     11.80   3.230    206992.0
2015  3 18 19 41 00 000    4.450    1.200    3.480   -649.40     61.30     15.20   3.080    206526.0
2015  3 18 19 42 00 000    3.830    1.120    3.980   -650.90     60.90     18.20   2.950    206449.0
2015  3 18 19 45 00 000    5.240    1.200    2.270   -643.50     55.20     10.10   2.820    179889.0
2015  3 18 19 46 00 000    5.460    0.450    1.160   -643.50     55.20     10.10   2.820    179889.0
2015  3 18 19 49 00 000    5.690    0.160    0.140   -637.00     37.30     -3.90   2.950    246111.0
2015  3 18 19 50 00 000    5.690    0.620   -0.490   -637.00     37.30     -3.90   2.950    246111.0
2015  3 18 19 51 00 000    5.630    0.750   -0.910   -637.20     32.40    -11.10   3.000    226485.0
2015  3 18 19 52 00 000    5.510   -0.470   -0.280   -637.60     28.60    -11.10   2.950    224767.0
2015  3 18 19 53 00 000    5.510   -0.260   -0.710   -638.20     36.90      1.10   2.550    257860.0
2015  3 18 19 55 00 000    5.680   -0.040   -0.550   -637.50     19.80    -10.70   2.690    241953.0
2015  3 18 19 56 00 000    5.450    0.880   -1.530   -637.50     19.80    -10.70   2.690    241953.0
2015  3 18 19 57 00 000    5.550   -0.320   -0.630   -639.60     22.90    -18.80   3.000    222904.0
2015  3 18 19 58 00 000    5.190    0.800   -0.920   -639.30     26.60    -18.30   2.910    222622.0
2015  3 18 22  6 00 000    3.890    2.570   -2.140   -641.40     14.90    -25.40   2.670    201816.0
2015  3 18 22  7 00 000    3.400    2.340   -2.760   -641.40     14.90    -25.40   2.670    201816.0
2015  3 18 22  8 00 000    3.200    3.080   -2.330   -650.40     22.50    -31.50   2.740    192285.0
2015  3 18 22  9 00 000    3.020    3.680   -1.670   -652.10     35.40    -28.80   2.920    187200.0
2015  3 18 22 10 00 000    3.090   -0.330   -3.980   -654.90      8.00    -27.60   2.840    186380.0
2015  3 18 22 11 00 000    3.530    1.270   -3.580   -652.60     -8.50    -29.70   2.770    178379.0
2015  3 18 22 12 00 000    3.440    1.110   -3.700   -646.80      0.70    -31.70   2.930    175719.0
2015  3 18 22 13 00 000    2.780   -2.080   -3.660   -644.90     -5.80    -28.50   2.780    176448.0
2015  3 18 22 15 00 000    2.380    0.790   -3.690   -647.70     29.90    -30.80   3.060    181838.0
2015  3 18 22 16 00 000    1.840    2.170   -4.240   -660.60     13.80    -35.20   3.060    191385.0
2015  3 18 22 17 00 000    1.840    3.090   -4.030   -675.50     -3.00    -41.70   3.010    202829.0
2015  3 18 22 18 00 000    1.220    2.820   -4.410   -666.80     13.00    -42.50   2.880    197404.0
2015  3 18 22 19 00 000    1.510    3.110   -4.100   -675.60     14.90    -44.90   3.060    216536.0
2015  3 18 22 20 00 000    1.120    3.730   -3.620   -675.40     18.50    -44.90   3.290    207355.0
2015  3 18 22 21 00 000    0.660    4.190   -3.180   -675.30     19.50    -44.90   3.340    204664.0
2015  3 18 22 23 00 000    1.890    4.030   -2.790   -676.70     29.80    -42.10   2.720    215834.0
2015  3 18 22 24 00 000    1.090    4.200   -2.600   -676.70     29.80    -42.10   2.720    215834.0
2015  3 18 22 25 00 000    3.150    1.380   -2.190   -658.50      8.90    -22.90   2.530    210838.0
2015  3 18 22 26 00 000    4.210    0.490   -2.470   -675.10     24.20    -27.10   2.600    202569.0
2015  3 18 22 27 00 000    3.570    1.620   -3.010   -647.50      0.10    -26.70   2.870    219618.0
2015  3 18 22 28 00 000    3.360   -0.730   -2.260   -647.50      0.10    -26.70   2.870    219618.0
2015  3 18 22 31 00 000    4.250    0.090   -1.830   -644.30      1.50    -22.40   2.850    213102.0
2015  3 18 22 32 00 000    4.160   -1.050   -1.560   -644.20     18.50    -15.30   2.530    231298.0
2015  3 18 22 50 00 000    0.970    1.800   -4.590   -664.60     -6.10    -35.40   2.620    192522.0
2015  3 18 22 51 00 000    1.510    1.480   -4.450   -664.90     -7.60    -34.60   2.620    186768.0
2015  3 18 22 52 00 000    1.720    1.210   -4.310   -670.30      6.60    -38.20   2.670    190300.0
2015  3 18 22 53 00 000    1.290    1.940   -4.440   -664.60     -3.60    -34.70   3.020    194195.0
2015  3 18 22 54 00 000    1.180    1.460   -4.610   -669.70     -4.70    -35.40   2.950    187794.0
2015  3 18 22 55 00 000    1.380    1.230   -4.850   -663.70    -19.40    -26.80   2.790    200048.0
2015  3 18 22 56 00 000    1.020    1.810   -4.680   -663.70    -19.40    -26.80   2.790    200048.0
2015  3 18 22 58 00 000    0.910    1.980   -4.190   -665.20      3.20    -37.80   2.820    177086.0
2015  3 18 22 59 00 000    0.760    1.730   -4.240   -661.90      5.70    -36.50   2.820    185381.0
2015  3 18 23  0 00 000   -0.520    1.920   -4.250   -684.00    -17.90    -30.80   2.680    177919.0
2015  3 18 23  1 00 000   -1.790    1.250   -4.300   -690.60     -5.10    -31.80   2.870    231721.0
2015  3 18 23  3 00 000    1.590   -0.130   -4.560   -679.30     -5.80    -35.60   2.620    173797.0
2015  3 18 23  4 00 000    0.910    0.570   -4.540   -679.30     -5.80    -35.60   2.620    173797.0
2015  3 18 23  5 00 000    1.050    0.810   -4.530   -665.90    -21.00    -26.90   2.680    189834.0
2015  3 18 23  6 00 000   -0.090    1.760   -4.530   -673.40    -14.50    -31.50   2.710    206324.0
2015  3 18 23  7 00 000    0.080    1.820   -4.270   -683.40     -5.10    -34.20   2.730    212514.0
2015  3 18 23  8 00 000    0.220    1.780   -4.210   -678.70     -9.80    -32.10   2.690    202928.0
2015  3 18 23  9 00 000    0.670    0.280   -3.870   -675.20    -12.80    -30.80   2.690    198513.0
2015  3 18 23 10 00 000    0.380    2.000   -4.270   -671.10     -7.80    -31.40   3.020    199817.0
2015  3 18 23 11 00 000    0.720    2.990   -3.830   -671.80     16.20    -38.00   2.810    176429.0
2015  3 18 23 12 00 000    1.340    2.180   -4.040   -671.80     16.20    -38.00   2.810    176429.0
2015  3 18 23 15 00 000    2.520    3.670   -2.190   -657.10     22.60    -31.70   2.990    197179.0
2015  3 18 23 16 00 000    2.040    2.340   -3.670   -660.50      1.30    -32.80   2.690    198093.0
2015  3 18 23 17 00 000    2.260    1.350   -4.220   -657.10     -1.00    -31.20   2.780    193594.0
2015  3 18 23 18 00 000    1.720    0.420   -4.460   -663.80    -19.30    -29.90   2.720    196215.0
2015  3 18 23 19 00 000    2.020   -0.840   -4.120   -660.90    -26.50    -26.10   2.720    194195.0
2015  3 18 23 20 00 000    2.160    1.020   -3.160   -659.40    -12.70    -26.60   2.810    208943.0
2015  3 18 23 21 00 000    3.270    0.450   -2.750   -649.60     -1.80    -18.60   2.820    249198.0
2015  3 18 23 23 00 000   -0.600    0.150   -4.640   -683.20    -23.30    -28.70   2.910    210365.0
2015  3 18 23 24 00 000   -0.720    0.180   -4.790   -685.30    -20.30    -29.10   2.870    210883.0
2015  3 18 23 26 00 000   -0.510   -0.810   -4.550   -681.80    -29.20    -25.80   3.010    197772.0
2015  3 18 23 27 00 000   -0.730   -1.330   -4.350   -687.40    -29.90    -21.50   2.820    235738.0
2015  3 18 23 28 00 000   -0.300   -1.210   -4.510   -679.30    -27.60    -26.70   2.950    211046.0
2015  3 18 23 29 00 000    0.120   -1.720   -4.040   -683.50    -28.40    -25.80   3.080    229302.0
2015  3 18 23 30 00 000   -0.880   -1.120   -3.930   -686.40    -24.50    -24.70   2.870    203414.0
2015  3 18 23 31 00 000   -1.360    1.960   -2.840   -685.60    -14.20    -27.20   2.690    214566.0
2015  3 18 23 32 00 000    0.640   -0.910   -3.060   -691.40      7.50    -26.30   2.740    260422.0
2015  3 18 23 33 00 000    2.120   -1.760   -2.040   -691.40      7.50    -26.30   2.740    260423.0
2015  3 18 23 36 00 000    1.210   -0.700   -3.740   -666.70    -23.70    -18.80   2.440    206519.0
2015  3 18 23 37 00 000    0.900   -0.210   -4.220   -668.50    -21.40    -23.10   2.510    222034.0
2015  3 18 23 38 00 000    1.450   -0.990   -3.470   -664.00    -23.00    -25.10   2.690    201198.0
2015  3 18 23 39 00 000   -0.340    0.350   -3.260   -686.90    -13.90    -25.60   2.770    262367.0
2015  3 18 23 40 00 000   -1.770   -1.360   -3.190   -688.90    -16.90    -23.10   2.740    252940.0
2015  3 18 23 41 00 000   -2.490   -1.360   -2.130   -690.50    -23.90    -17.80   2.670    227407.0
2015  3 18 23 44 00 000    2.060   -0.250   -2.930   -656.30     11.30    -27.70   3.170    237522.0
2015  3 18 23 45 00 000    1.840    0.580   -3.120   -656.40     10.60    -27.70   3.150    236511.0
2015  3 18 23 46 00 000    1.880   -0.900   -3.680   -660.70    -10.00    -25.80   2.780    206672.0
2015  3 18 23 47 00 000    0.510   -2.740   -3.110   -662.20    -21.10    -21.20   2.660    214344.0
2015  3 18 23 48 00 000    1.240   -2.030   -3.680   -668.10    -24.30    -21.60   2.730    191255.0
2015  3 18 23 49 00 000    3.080   -0.730   -3.020   -664.20    -12.50    -21.80   2.460    197629.0
2015  3 18 23 50 00 000    4.080   -0.500   -2.010   -663.00    -11.70    -21.30   2.480    205058.0
2015  3 18 23 51 00 000    3.780   -0.900   -2.030   -654.50     -6.30    -18.10   2.620    259719.0
2015  3 18 23 52 00 000    3.100   -1.440   -1.850   -657.50    -16.00    -19.90   2.670    249769.0
2015  3 18 23 53 00 000    2.610   -1.300   -2.470   -661.20    -17.40    -23.50   2.730    238482.0
2015  3 18 23 54 00 000    3.550   -0.570   -2.630   -658.90    -13.70    -24.10   2.690    250524.0
2015  3 18 23 55 00 000    3.040   -0.650   -3.070   -653.20    -11.70    -21.40   2.970    244163.0
2015  3 18 23 56 00 000    3.420   -0.630   -2.640   -654.60     -9.50    -19.70   2.550    250013.0
2015  3 18 23 57 00 000    3.350   -0.620   -2.840   -653.00     -7.90    -19.70   2.640    249597.0
2015  3 18 23 58 00 000    3.430    0.020   -2.700   -650.20     -6.00    -20.40   2.850    245706.0
2015  3 18 23 59 00 000    2.140   -2.150   -2.160   -659.70     -4.20    -24.60   2.640    228309.0
2015  3 19  0  0 00 000    3.020   -3.190   -1.750   -656.70    -12.10    -15.90   2.450    253832.0
2015  3 19  0  1 00 000    3.240   -2.830   -1.620   -656.50     -9.70    -15.70   2.560    254975.0
2015  3 19  0  2 00 000    3.040   -2.570   -2.050   -654.40     -8.30    -15.00   2.630    257244.0
2015  3 19  0  3 00 000    1.980   -2.010   -3.430   -655.00    -14.00    -17.60   2.650    240958.0
2015  3 19  0  4 00 000    2.070   -1.700   -3.480   -657.40    -14.00    -20.40   2.660    210307.0
2015  3 19  0  5 00 000    4.090   -2.350   -0.870   -659.10    -11.80    -22.40   2.760    217512.0
2015  3 19  0  7 00 000    3.530   -1.100   -2.790   -648.10     -6.00    -19.00   3.290    233059.0
2015  3 19  0  8 00 000    3.170   -0.540   -2.940   -653.70     -6.50    -20.60   3.030    235837.0
2015  3 19  0  9 00 000    3.310    0.470   -2.880   -655.50     -6.60    -21.10   2.950    236734.0
2015  3 19  0 10 00 000    3.890   -0.120   -2.220   -651.20      8.40    -23.80   3.330    237116.0
2015  3 19  0 11 00 000    3.690    0.490   -2.480   -651.20      8.40    -23.80   3.330    237116.0
2015  3 19  0 12 00 000    3.710    1.260   -2.090   -649.50     11.50    -23.20   3.180    241260.0
2015  3 19  0 13 00 000    3.550    1.210   -2.250   -649.40     12.10    -23.00   3.150    244945.0
2015  3 19  0 14 00 000    3.000    0.940   -2.750   -649.20     13.80    -22.60   3.080    257516.0
2015  3 19  0 15 00 000    2.850    1.300   -2.460   -656.30      5.80    -26.50   2.990    259872.0
2015  3 19  0 17 00 000    3.720    0.580   -3.140   -652.20      0.20    -26.10   3.100    226216.0
2015  3 19  0 18 00 000    2.360    1.750   -3.650   -652.20      0.20    -26.10   3.100    226216.0
2015  3 19  0 19 00 000    1.830    2.500   -3.280   -662.10      6.00    -36.10   3.640    218000.0
2015  3 19  0 20 00 000    2.300    1.020   -3.890   -661.60      5.30    -35.50   3.600    217437.0
2015  3 19  0 21 00 000    3.310   -0.580   -3.240   -655.50     -2.90    -28.40   3.110    210247.0
2015  3 19  0 22 00 000    3.250    0.570   -3.390   -653.10     -4.00    -26.00   3.180    207722.0
2015  3 19  0 23 00 000    3.010    1.240   -3.490   -653.90      2.60    -27.40   3.140    215610.0
2015  3 19  0 24 00 000    3.660    0.230   -3.060   -652.30      0.50    -25.60   3.000    205128.0
2015  3 19  0 25 00 000    3.580    0.230   -3.020   -651.20      0.70    -26.20   3.020    213146.0
2015  3 19  0 26 00 000    3.440    0.580   -2.850   -647.90      1.40    -28.40   3.090    238107.0
2015  3 19  0 27 00 000    3.640    0.890   -2.480   -656.00      9.20    -33.60   3.390    254328.0
2015  3 19  0 28 00 000    2.930   -3.160   -0.210   -656.00      9.20    -33.60   3.390    254328.0
2015  3 19  0 39 00 000    1.330   -0.720   -0.880   -665.00     -7.70    -29.30   2.910    241224.0
2015  3 19  0 40 00 000    1.960   -0.010   -3.300   -664.50     -7.60    -29.00   2.920    240295.0
2015  3 19  0 41 00 000    3.170   -0.940   -2.410   -656.20     -7.40    -21.90   2.940    230643.0
2015  3 19  0 42 00 000    2.960   -0.240   -3.110   -654.20     -8.90    -21.40   2.870    230799.0
2015  3 19  0 43 00 000    2.390   -0.720   -3.110   -654.10     -8.90    -23.10   2.900    227098.0
2015  3 19  0 45 00 000    2.520    0.430   -3.010   -660.50    -11.80    -22.30   3.030    238310.0
2015  3 19  0 46 00 000    2.600    0.090   -3.020   -660.50    -11.80    -22.30   3.030    238310.0
2015  3 19  0 47 00 000    2.700    0.140   -2.380   -655.10     -3.10    -23.70   3.000    235708.0
2015  3 19  0 48 00 000    2.700   -0.790   -1.650   -656.30     -4.10    -18.60   2.870    264612.0
2015  3 19  0 49 00 000    2.320   -0.410   -1.390   -661.20      6.00    -23.80   3.150    271476.0
2015  3 19  0 59 00 000    1.670   -2.460    0.640   -673.90    -18.30    -21.40   2.990    228468.0
2015  3 19  1  0 00 000    0.580   -1.660   -2.510   -675.10    -17.90    -21.80   2.960    232637.0
2015  3 19  1  1 00 000    0.840   -2.400   -2.350   -683.80    -15.40    -24.50   2.870    261300.0
2015  3 19  1  2 00 000    1.380   -3.410   -2.300   -668.30    -21.10    -14.60   2.320    211399.0
2015  3 19  1  3 00 000    1.560   -3.600   -1.990   -661.60    -19.80    -13.70   2.190    207843.0
2015  3 19  1  4 00 000    1.390   -3.770   -1.860   -660.60    -19.60    -13.60   2.170    207336.0
2015  3 19  1  5 00 000    2.480   -2.490   -2.810   -660.80    -21.50    -18.70   2.320    177019.0
2015  3 19  1  6 00 000    2.540   -3.590   -1.450   -660.80    -21.50    -18.70   2.320    177019.0
2015  3 19  1  7 00 000    1.990   -3.560    0.420   -658.50    -22.30    -14.50   2.240    204189.0
2015  3 19  1  8 00 000    2.010   -3.730    0.310   -655.90    -19.10    -14.00   2.230    209585.0
2015  3 19  1  9 00 000    2.170   -3.560   -0.150   -655.20    -18.20    -13.90   2.230    211007.0
2015  3 19  1 23 00 000    2.590   -2.070   -1.720   -647.40     -5.80    -15.70   2.780    225310.0
2015  3 19  1 24 00 000    3.610   -1.590   -2.190   -647.40     -5.50    -15.60   2.780    224719.0
2015  3 19  1 25 00 000    3.630   -0.720   -2.560   -647.80     -1.30    -15.10   2.770    213980.0
2015  3 19  1 26 00 000    4.120   -0.550   -2.290   -648.70     -4.20    -17.30   2.940    210782.0
2015  3 19  1 27 00 000    4.240   -0.470   -2.130   -645.10     -1.50    -16.50   2.940    207965.0
2015  3 19  1 28 00 000    4.290   -0.580   -1.780   -646.00      1.50    -15.40   2.880    213218.0
2015  3 19  1 29 00 000    4.740   -0.120   -0.710   -643.20      9.50    -12.20   2.790    231218.0
2015  3 19  1 30 00 000    4.730   -0.160   -0.530   -643.40     10.10    -11.90   2.790    232990.0
2015  3 19  1 31 00 000    4.770    0.150   -0.110   -644.50     10.80    -11.40   2.770    235839.0
2015  3 19  1 32 00 000    4.590    0.550    0.340   -641.70     17.70     -8.70   2.870    233954.0
2015  3 19  1 33 00 000    4.020    0.590    0.810   -644.50     22.70     -7.10   3.000    227801.0
2015  3 19  1 34 00 000    3.090    0.440    1.510   -646.30     19.30     -9.10   2.900    227499.0
2015  3 19  1 35 00 000    2.250    0.690    2.150   -649.60     31.50     -3.10   2.860    229626.0
2015  3 19  1 36 00 000    2.830    0.570    1.680   -647.30     29.70     -4.40   2.920    232946.0
2015  3 19  1 37 00 000    3.520    0.350   -0.330   -641.70     21.30     -9.00   3.010    245491.0
2015  3 19  1 38 00 000    3.950   -0.320   -0.470   -638.70      5.40    -14.00   2.900    254077.0
2015  3 19  1 39 00 000    3.980   -0.600   -0.630   -637.40      4.60    -14.40   2.850    254278.0
2015  3 19  1 40 00 000    3.850   -0.360   -0.860   -639.90      0.70    -16.50   2.950    252872.0
2015  3 19  1 41 00 000    4.120   -0.350   -0.970   -642.20     -1.20    -16.40   2.810    249149.0
2015  3 19  1 42 00 000    4.030   -0.360   -0.740   -643.50      1.30    -15.50   2.740    241296.0
2015  3 19  1 43 00 000    3.860   -0.440   -0.660   -641.10      2.10    -14.90   2.750    234769.0
2015  3 19  1 44 00 000    4.260   -0.030   -0.950   -638.80      0.10    -15.50   2.740    239845.0
2015  3 19  1 45 00 000    3.710   -0.320   -1.500   -639.60      2.00    -15.20   2.770    233262.0
2015  3 19  1 46 00 000    3.360   -0.370   -2.020   -638.50     -4.00    -17.40   2.930    239281.0
2015  3 19  1 47 00 000    3.430   -0.260   -1.920   -637.90     -3.00    -17.80   2.920    245873.0
2015  3 19  1 48 00 000    3.540    0.500   -2.080   -636.40     -0.70    -18.40   2.910    234987.0
2015  3 19  1 49 00 000    3.810    0.410   -1.580   -637.10      3.50    -17.60   2.920    230765.0
2015  3 19  1 50 00 000    3.700    0.560   -1.790   -636.80     -4.60    -18.80   2.880    231611.0
2015  3 19  1 51 00 000    2.920   -0.860   -2.630   -639.80     -9.80    -18.80   2.820    228229.0
2015  3 19  1 52 00 000    2.980    0.010   -3.210   -643.50    -12.20    -18.30   2.760    223916.0
2015  3 19  1 54 00 000    2.470   -0.020   -3.220   -642.60     -9.80    -24.60   3.130    204724.0
2015  3 19  1 55 00 000    2.080    0.180   -3.620   -642.60     -9.80    -24.60   3.130    204724.0
2015  3 19  1 56 00 000    0.960   -1.290   -2.560   -646.80     -6.50    -22.20   2.830    214550.0
2015  3 19  1 57 00 000    0.460   -2.450   -2.190   -641.80    -14.60    -25.80   3.560    251544.0
2015  3 19  1 58 00 000   -0.740   -3.970   -0.910   -641.50    -15.00    -26.00   3.590    253407.0
2015  3 19  2  7 00 000   -2.030   -3.320   -0.690   -644.20    -14.60    -22.80   2.860    263922.0
2015  3 19  2  8 00 000    0.020   -1.700   -1.080   -644.40    -14.40    -22.80   2.850    262842.0
2015  3 19  2  9 00 000   -1.270   -2.450   -0.820   -651.20    -16.40    -22.20   2.730    234672.0
2015  3 19  2 10 00 000   -2.820   -1.230    0.180   -659.90    -12.80    -18.10   2.860    216470.0
2015  3 19  2 11 00 000   -2.890   -1.100    1.340   -666.10     14.50     -9.40   2.930    220853.0
2015  3 19  2 12 00 000   -3.310   -1.370    1.020   -671.80     18.30     -7.80   2.920    198222.0
2015  3 19  2 13 00 000   -2.750   -1.830    0.620   -672.30     18.50     -7.90   2.940    199180.0
2015  3 19  2 14 00 000   -3.430   -1.160    1.250   -674.00     19.20     -8.50   2.990    202866.0
2015  3 19  2 15 00 000   -4.450   -0.670    0.870   -675.30      7.90    -12.80   3.030    202145.0
2015  3 19  2 16 00 000   -4.370   -1.030    0.900   -674.20      5.10    -12.50   2.900    204236.0
2015  3 19  2 17 00 000   -4.020   -0.970    0.950   -673.40      5.70    -12.10   2.880    204699.0
2015  3 19  2 18 00 000   -4.460   -1.090    0.540   -675.00      5.20    -13.20   2.940    200230.0
2015  3 19  2 21 00 000   -3.920   -2.500    0.490   -669.30     -5.50    -13.70   2.490    225143.0
2015  3 19  2 22 00 000   -4.210   -1.710    0.410   -669.30     -5.50    -13.70   2.490    225143.0
2015  3 19  2 23 00 000   -4.340   -1.720    0.320   -671.80    -10.80    -14.60   2.600    203370.0
2015  3 19  2 24 00 000   -4.410   -1.730    0.460   -671.50     -8.70    -14.20   2.640    207975.0
2015  3 19  2 25 00 000   -4.410   -1.510    0.410   -671.20     -7.30    -14.00   2.650    210876.0
2015  3 19  2 26 00 000   -4.460   -1.530    0.330   -675.10     -6.70    -14.80   2.840    210033.0
2015  3 19  2 27 00 000   -4.680   -0.500   -0.370   -674.20     -5.30    -16.30   2.930    200902.0
2015  3 19  2 28 00 000   -4.560   -0.440   -0.210   -673.10     -3.70    -18.00   3.050    190154.0
2015  3 19  2 29 00 000   -4.570   -0.340   -0.010   -674.90     -0.10    -16.50   3.200    187893.0
2015  3 19  2 30 00 000   -4.630   -0.650   -0.320   -674.90     -0.10    -16.50   3.200    187911.0
2015  3 19  2 31 00 000   -4.690   -0.480   -0.040   -672.20     -6.20    -16.60   3.010    194038.0
2015  3 19  2 32 00 000   -4.670   -0.070   -0.160   -676.70     -1.80    -16.80   3.050    182859.0
2015  3 19  2 33 00 000   -4.630   -0.300   -0.440   -676.50     -1.80    -16.90   3.050    183121.0
2015  3 19  2 34 00 000   -4.460   -0.460   -0.650   -671.00     -3.20    -17.50   3.060    192214.0
2015  3 19  2 35 00 000   -4.350   -0.850   -0.840   -671.50    -14.10    -21.50   3.030    185007.0
2015  3 19  2 36 00 000   -4.290   -1.380   -0.800   -671.50    -14.10    -21.50   3.030    185007.0
2015  3 19  2 37 00 000   -4.420   -0.520   -0.780   -668.10    -17.00    -18.80   3.010    184085.0
2015  3 19  2 38 00 000   -4.470   -0.880   -0.780   -673.80     -3.40    -20.80   3.230    186909.0
2015  3 19  2 39 00 000   -4.210   -1.680   -0.720   -671.40    -10.40    -19.70   3.120    190624.0
2015  3 19  2 40 00 000   -4.380   -0.640   -0.680   -669.00    -17.20    -18.60   3.010    194074.0
2015  3 19  2 41 00 000   -4.160   -0.900   -0.530   -673.30     -7.90    -18.40   3.140    191598.0
2015  3 19  2 42 00 000   -4.130   -0.930   -0.580   -668.80    -10.50    -18.50   3.080    203762.0
2015  3 19  2 43 00 000   -3.980   -0.730   -0.440   -669.00    -10.30    -18.60   3.100    203449.0
2015  3 19  2 44 00 000   -4.060   -1.010   -0.240   -671.10     -8.50    -18.90   3.210    199752.0
2015  3 19  2 45 00 000   -3.870   -1.040   -0.020   -666.80    -10.80    -17.50   3.100    208940.0
2015  3 19  2 46 00 000   -3.850   -1.560    0.070   -667.00    -11.10    -17.20   3.040    208302.0
2015  3 19  2 47 00 000   -3.530   -2.420   -1.210   -667.50    -12.30    -16.30   2.840    206125.0
2015  3 19  2 48 00 000   -3.220   -2.420   -0.850   -662.60    -33.40    -18.50   2.730    170129.0
2015  3 19  2 49 00 000   -3.620   -1.710   -0.090   -662.60    -33.40    -18.50   2.730    170129.0
2015  3 19  3 32 00 000    1.070   -3.320   -0.890   -628.60    -35.50    -20.70   2.690    181649.0
2015  3 19  3 33 00 000    0.850   -3.020   -1.380   -630.70    -36.30    -21.00   2.690    189175.0
2015  3 19  3 34 00 000    0.390   -2.940   -1.090   -640.00    -36.00    -19.20   2.590    182383.0
2015  3 19  3 35 00 000    1.020   -2.670   -1.580   -628.30    -30.90    -20.60   2.760    206260.0
2015  3 19  3 36 00 000    1.760   -2.310   -1.610   -627.40    -36.40    -18.90   2.670    196195.0
2015  3 19  3 37 00 000    1.510   -2.580   -0.450   -617.20    -15.00    -22.50   2.720    222318.0
2015  3 19  3 38 00 000    3.050   -1.390   -0.420   -609.30     -2.80    -30.80   3.230    212158.0
2015  3 19  3 39 00 000    2.670    1.510   -2.810   -607.40      0.30    -31.40   3.270    213928.0
2015  3 19  3 40 00 000    1.050   -1.610   -2.890   -616.00     -8.90    -33.30   3.130    212290.0
2015  3 19  3 41 00 000    0.940   -3.430   -2.360   -627.10    -35.20    -19.80   2.720    162390.0
2015  3 19  3 42 00 000    2.020   -2.450   -3.010   -613.60    -34.80    -23.20   2.850    178949.0
2015  3 19  3 43 00 000    2.210   -2.730   -2.860   -609.10    -34.60    -24.40   2.910    185617.0
2015  3 19  3 44 00 000    1.620   -2.250   -2.800   -619.20    -37.10    -22.80   2.960    178379.0
2015  3 19  3 45 00 000    2.320   -1.930   -2.620   -607.40    -19.70    -25.40   3.050    206174.0
2015  3 19  3 46 00 000    1.900   -1.890   -2.890   -606.30    -29.10    -27.40   3.080    196479.0
2015  3 19  3 47 00 000    2.720   -1.260   -2.370   -614.20    -30.40    -24.40   3.020    188935.0
2015  3 19  3 48 00 000    1.050   -3.350   -2.740   -614.20    -31.80    -25.80   3.080    189434.0
2015  3 19  3 51 00 000    2.210   -3.510   -1.970   -615.20    -41.90    -16.30   2.640    181460.0
2015  3 19  4  4 00 000    1.800   -3.550   -2.360   -610.60    -35.20    -17.30   2.720    199111.0
2015  3 19  4  9 00 000    0.630   -3.870   -2.480   -623.80    -42.90    -19.50   2.840    164827.0
2015  3 19  4 10 00 000    0.590   -3.730   -2.650   -617.20    -41.20    -19.30   2.680    149132.0
2015  3 19  4 11 00 000   -0.420   -3.210   -3.700   -629.60    -45.90    -21.00   3.120    143131.0
2015  3 19  4 12 00 000    0.940   -3.690   -2.600   -632.00    -46.80    -21.30   3.210    142655.0
2015  3 19  4 14 00 000    0.080   -3.820   -2.760   -623.90    -43.50    -18.40   2.790    140266.0
2015  3 19  4 15 00 000   -0.970   -3.600   -3.140   -623.90    -43.50    -18.40   2.790    140266.0
2015  3 19  4 16 00 000    0.060   -3.180   -3.080   -628.60    -35.70    -28.00   3.110    138383.0
2015  3 19  4 17 00 000    0.370   -2.880   -3.650   -620.60    -36.90    -27.40   3.410    159087.0
2015  3 19  4 18 00 000    1.860   -2.990   -2.750   -607.60    -34.10    -24.00   3.080    160069.0
2015  3 19  4 19 00 000    0.410   -2.370   -3.690   -616.30    -36.10    -23.90   3.150    155012.0
2015  3 19  4 20 00 000    0.710   -2.300   -3.480   -612.60    -36.40    -23.00   3.150    165591.0
2015  3 19  4 21 00 000   -0.040   -1.520   -3.680   -613.30    -32.10    -29.90   3.140    202502.0
2015  3 19  4 22 00 000    0.310   -1.580   -3.720   -626.10    -34.90    -30.00   3.180    163232.0
2015  3 19  4 23 00 000   -0.040   -2.490   -2.030   -620.50    -36.70    -25.40   2.910    170227.0
2015  3 19  4 24 00 000    0.370   -1.810   -1.420   -627.00    -33.50    -19.90   2.770    155413.0
2015  3 19  4 25 00 000    0.110   -2.560   -2.180   -626.60    -26.70    -21.40   2.750    159085.0
2015  3 19  4 26 00 000    2.040    3.960    1.870   -603.40     41.10    -12.30   3.060    136801.0
2015  3 19  4 27 00 000    2.120    4.140    1.450   -600.80     38.60    -16.00   3.220    151154.0
2015  3 19  4 28 00 000    2.260    4.120    1.390   -600.30     37.70    -16.90   3.270    154889.0
2015  3 19  4 31 00 000    3.810    3.050    0.700   -588.90     27.20    -11.00   3.310    174871.0
2015  3 19  4 32 00 000    4.070    2.920    0.300   -588.90     27.20    -11.00   3.310    174871.0
2015  3 19  4 33 00 000    3.530    3.410    0.970   -585.60     25.10    -19.30   3.220    176417.0
2015  3 19  4 34 00 000    3.250    3.630    0.970   -590.40     30.20    -18.70   3.380    158831.0
2015  3 19  4 35 00 000    3.130    4.020    0.360   -590.40     30.20    -18.70   3.380    158673.0
2015  3 19  4 37 00 000    3.380    3.610    0.930   -595.10     29.40    -17.70   3.410    162520.0
2015  3 19  4 38 00 000    3.230    3.310    1.120   -595.10     29.40    -17.70   3.410    162520.0
2015  3 19  4 39 00 000    3.260    3.300    0.780   -592.50     27.90    -19.30   3.170    180695.0
2015  3 19  4 40 00 000    3.880    2.870    0.710   -594.50     30.80    -17.60   3.330    189418.0
2015  3 19  4 41 00 000    3.700    3.500    0.680   -591.60     21.50    -18.10   3.230    186905.0
2015  3 19  4 42 00 000    2.900    3.630    1.670   -602.10     38.40    -11.90   3.500    191485.0
2015  3 19  4 43 00 000    2.840    3.910    0.300   -601.30     27.50    -21.40   3.240    169962.0
2015  3 19  4 44 00 000    2.590    4.320    0.410   -601.50     25.10    -25.20   3.230    163361.0
2015  3 19  4 45 00 000    3.830    3.090    0.740   -599.90     23.60    -26.20   3.220    177553.0
2015  3 19  4 46 00 000    3.790    3.220   -0.180   -595.00     13.20    -29.40   3.490    172958.0
2015  3 19  4 47 00 000    3.880    3.080   -0.200   -591.60     16.90    -21.60   3.240    183433.0
2015  3 19  4 48 00 000    4.370    2.180    0.040   -586.90     14.50    -24.20   3.240    202801.0
2015  3 19  4 51 00 000    4.930   -0.100    0.240   -583.60      9.10    -21.80   3.130    220606.0
2015  3 19  4 52 00 000    4.920    0.690    0.150   -583.60      9.10    -21.80   3.130    220606.0
2015  3 19  4 55 00 000    4.980    0.920   -0.690   -582.20      1.30    -21.00   3.140    202350.0
2015  3 19  4 56 00 000    5.100    0.850   -0.810   -582.20      1.30    -21.00   3.140    202350.0
2015  3 19  4 58 00 000    4.690    1.780   -0.820   -581.90     -6.50    -25.30   3.130    202314.0
2015  3 19  4 59 00 000    4.450    2.510   -0.570   -581.90     -6.50    -25.30   3.130    202314.0
2015  3 19  5  0 00 000    4.310    2.540   -0.360   -583.20     13.80    -22.90   3.450    183541.0
2015  3 19  5  1 00 000    4.350    2.440   -0.570   -583.20     13.80    -22.90   3.450    183541.0
2015  3 19  5  3 00 000    4.380    3.070   -0.310   -586.50     11.30    -23.90   3.190    185101.0
2015  3 19  5  4 00 000    4.760    2.380   -0.790   -586.50     11.30    -23.90   3.190    185101.0
2015  3 19  5  5 00 000    4.650    2.300   -0.920   -586.50     11.30    -23.90   3.190    185101.0
2015  3 19  5  6 00 000    3.360    2.700   -2.360   -594.90     -0.60    -41.60   3.450    186675.0
2015  3 19  5  7 00 000    4.190    2.750   -1.120   -589.20      5.00    -29.00   3.180    178556.0
2015  3 19  5  8 00 000    4.220    3.160   -0.440   -588.70     11.90    -23.70   3.090    179617.0
2015  3 19  5  9 00 000    4.210    3.180   -0.230   -593.00     16.40    -23.90   3.290    178327.0
2015  3 19  5 10 00 000    3.320    3.410    0.140   -596.40     18.40    -24.20   3.490    177298.0
2015  3 19  5 11 00 000    3.090    3.400    0.830   -591.70     19.80    -19.00   3.410    180651.0
2015  3 19  5 12 00 000    3.180    3.370    0.940   -615.50     32.50    -13.30   3.480    157466.0
2015  3 19  5 13 00 000    3.490    3.460    0.680   -588.40     12.40    -21.20   3.280    177646.0
2015  3 19  5 14 00 000    1.530    4.220    2.320   -606.20     27.70    -17.20   3.560    165017.0
2015  3 19  5 15 00 000    0.220    4.630    3.010   -629.10     39.00     -9.10   3.830    161203.0
2015  3 19  5 16 00 000    0.560    4.680    2.960   -626.00     39.80     -7.90   3.730    141655.0
2015  3 19  5 17 00 000    0.950    4.680    2.810   -615.80     37.40     -9.20   3.410    138757.0
2015  3 19  5 21 00 000    2.550    4.180    2.450   -598.00     33.30    -10.90   3.210    129981.0
2015  3 19  5 22 00 000    3.940    3.130    2.050   -598.00     33.30    -10.90   3.210    129981.0
2015  3 19  5 26 00 000    3.750    3.540    1.640   -585.40     27.10     -9.70   3.360    153726.0
2015  3 19  5 27 00 000    3.840    3.320    1.810   -585.40     27.10     -9.70   3.340    153726.0
2015  3 19  5 29 00 000    1.620    4.490    2.290   -614.70     33.70    -16.30   3.500    155958.0
2015  3 19  5 30 00 000    1.510    4.720    2.000   -614.70     33.70    -16.30   3.500    155958.0
2015  3 19  5 31 00 000    1.510    4.710    0.920   -604.10     28.50    -17.10   3.140    154830.0
2015  3 19  5 32 00 000    2.400    3.970    0.430   -607.60     21.40    -23.00   3.180    154830.0
2015  3 19  5 35 00 000    1.940    2.240    0.040   -616.30     33.50    -26.40   3.260    138862.0
2015  3 19  5 36 00 000    0.680   -0.540   -0.740   -593.30      8.00    -20.40   2.930    140337.0
2015  3 19  5 37 00 000    1.020   -0.340   -0.890   -599.20     28.20    -28.30   3.310    149430.0
2015  3 19  5 40 00 000   -0.540   -0.810   -0.300   -607.10     26.40    -34.40   3.640    145795.0
2015  3 19  5 41 00 000   -0.520   -2.680   -1.360   -607.10     26.40    -34.40   3.640    145795.0
2015  3 19  5 43 00 000    0.340    0.930   -1.070   -621.90    -16.40    -21.30   3.230    148671.0
2015  3 19  5 44 00 000    2.210    1.990   -0.060   -594.40     26.90     -5.70   3.010    146119.0
2015  3 19  5 45 00 000    3.800    1.600    1.590   -593.00     29.10     -4.50   2.990    145947.0
2015  3 19  5 47 00 000    3.840    2.270    1.210   -592.60     25.40     -5.20   3.280    156099.0
2015  3 19  5 48 00 000    3.840    1.920    1.730   -588.70     23.50    -14.90   3.650    162136.0
2015  3 19  5 49 00 000    4.180    1.970    1.490   -588.30     23.30    -16.00   3.690    162826.0
2015  3 19  5 58 00 000    4.650   -2.170   -1.210   -583.50    -36.30    -17.60   3.020    216845.0
2015  3 19  5 59 00 000    4.530   -2.180   -1.520   -583.50    -36.30    -17.60   3.020    216845.0
2015  3 19  6  0 00 000    4.340   -2.290   -1.490   -589.20    -43.90    -20.90   3.090    173438.0
2015  3 19  6  1 00 000    4.310   -2.370   -1.090   -587.40    -40.40    -20.60   3.150    184968.0
2015  3 19  6  4 00 000    1.740   -4.340   -1.930   -603.10    -50.90    -18.10   2.940    160414.0
2015  3 19  6  5 00 000    1.880   -4.450   -1.590   -605.40    -53.80    -16.10   2.770    147958.0
2015  3 19  6  6 00 000    2.080   -4.320   -1.720   -605.50    -54.00    -16.00   2.770    147355.0
2015  3 19  6  7 00 000    1.530   -4.220   -2.350   -601.00    -51.60    -16.60   2.930    162437.0
2015  3 19  6  8 00 000    1.180   -4.150   -2.200   -607.60    -57.00    -16.90   2.870    160418.0
2015  3 19  6  9 00 000    2.210   -3.140   -2.600   -607.60    -57.00    -16.90   2.870    160414.0
2015  3 19  6 10 00 000    4.040    0.670    0.030   -595.50     23.00     -9.70   3.300    178301.0
2015  3 19  6 11 00 000    4.210    0.320    0.130   -585.80      0.20    -20.70   3.320    212249.0
2015  3 19  6 12 00 000    4.470   -0.010   -0.110   -586.00      5.80    -13.80   3.370    194508.0
2015  3 19  6 13 00 000    4.080    0.640    1.190   -588.10    -19.70    -26.30   3.770    191385.0
2015  3 19  6 15 00 000    4.450    0.130    1.190   -590.50      9.20    -10.30   3.410    187515.0
2015  3 19  6 16 00 000    4.000    2.060    1.580   -587.80      8.40    -11.60   3.130    202027.0
2015  3 19  6 17 00 000    4.070    1.040    2.200   -590.90     14.00    -20.40   3.150    196286.0
2015  3 19  6 21 00 000    3.800   -1.900   -1.600   -582.80    -22.00    -18.10   3.200    204219.0
2015  3 19  6 22 00 000    3.180   -2.830   -1.230   -587.60    -36.90    -21.80   3.340    172602.0
2015  3 19  6 23 00 000    2.690   -3.620   -1.610   -612.20    -58.30    -18.50   3.090    146759.0
2015  3 19  6 24 00 000    3.350   -3.290    0.150   -594.80    -43.80    -21.20   3.290    195606.0
2015  3 19  6 25 00 000    3.250   -1.570   -1.320   -588.40    -27.80    -21.80   3.210    189665.0
2015  3 19  6 44 00 000    0.880   -4.250   -2.900   -608.70    -62.00    -18.20   3.100    147033.0
2015  3 19  6 45 00 000    1.540   -3.860   -3.090   -610.80    -59.70    -21.10   3.200    128329.0
2015  3 19  6 46 00 000    1.430   -3.750   -2.910   -609.30    -55.90    -25.80   3.200    153024.0
2015  3 19  6 47 00 000    1.960   -3.470   -2.970   -601.60    -56.20    -21.70   3.050    159348.0
2015  3 19  6 48 00 000    2.650   -2.350   -3.860   -597.30    -46.90    -28.10   3.460    152195.0
2015  3 19  6 49 00 000    1.800   -0.840   -4.890   -597.30    -46.90    -28.10   3.460    152176.0
2015  3 19  6 52 00 000    3.490   -1.710   -3.720   -588.50    -41.90    -26.00   3.570    161896.0
2015  3 19  6 53 00 000    2.500   -2.190   -4.320   -593.90    -45.90    -28.30   3.610    161463.0
2015  3 19  6 54 00 000    1.160   -3.030   -4.630   -599.30    -49.90    -30.50   3.660    161037.0
2015  3 19  6 55 00 000    0.780   -3.170   -4.660   -605.10    -51.30    -29.30   3.550    133753.0
2015  3 19  6 56 00 000    0.880   -2.910   -4.750   -609.90    -52.40    -30.40   3.630    143540.0
2015  3 19  6 57 00 000    0.030   -1.860   -5.290   -610.90    -52.70    -30.60   3.650    145513.0
2015  3 19  7  0 00 000    1.260   -3.440   -3.990   -615.00    -56.20    -26.20   3.630    143240.0
2015  3 19  7  1 00 000    1.740   -2.880   -4.360   -615.00    -56.20    -26.20   3.630    143240.0
2015  3 19  7  7 00 000    3.340   -3.520   -1.710   -600.20    -52.80    -20.30   3.320    140032.0
2015  3 19  7  8 00 000    3.730   -3.400   -1.330   -600.20    -52.80    -20.30   3.320    140032.0
2015  3 19  7  9 00 000    4.150   -2.430   -1.310   -593.80    -52.50    -22.30   3.570    152951.0
2015  3 19  7 10 00 000    2.440   -3.000   -2.150   -598.90    -49.80    -22.90   3.610    163312.0
2015  3 19  7 11 00 000    0.150   -3.820   -3.660   -619.50    -54.70    -25.50   3.790    154583.0
2015  3 19  7 12 00 000    5.030   -2.240    0.240   -624.40    -55.20    -27.80   3.880    155112.0
2015  3 19  7 54 00 000    2.320   -2.770   -1.630   -585.80    -32.70    -34.30   3.920    165428.0
2015  3 19  7 55 00 000    2.690   -1.850   -3.900   -585.80    -32.70    -34.30   3.920    165438.0
2015  3 19  7 56 00 000    2.950   -1.460   -4.290   -595.20    -37.00    -33.50   3.810    172571.0
2015  3 19  7 57 00 000    1.730   -2.980   -3.580   -595.70    -46.60    -28.70   3.730    159447.0
2015  3 19  7 58 00 000    1.920   -3.340   -3.590   -598.90    -50.80    -27.40   3.790    157451.0
2015  3 19  7 59 00 000   -2.180   -4.950   -2.380   -619.70    -50.90    -27.80   4.270    159012.0
2015  3 19  8  0 00 000   -1.870   -4.900   -2.910   -622.50    -51.90    -20.20   3.840    130764.0
2015  3 19  8  1 00 000   -1.330   -4.730   -3.420   -622.20    -51.70    -21.40   3.940    135100.0
2015  3 19  8  2 00 000   -1.980   -4.360   -3.330   -628.70    -49.60    -22.70   4.440    138605.0
2015  3 19  8  3 00 000   -2.400   -3.950   -3.620   -635.30    -44.10    -21.00   3.790    127905.0
2015  3 19  8  4 00 000   -2.060   -3.890   -3.920   -635.30    -44.10    -21.00   3.790    127905.0
2015  3 19  8  5 00 000   -1.560   -4.220   -3.850   -620.90    -51.40    -23.40   4.040    139787.0
2015  3 19  8  6 00 000   -0.820   -3.870   -4.280   -620.90    -50.50    -25.00   4.120    147138.0
2015  3 19  8  7 00 000   -1.060   -3.980   -4.300   -619.00    -52.40    -22.90   3.820    137488.0
2015  3 19  8  8 00 000   -0.470   -4.310   -3.810   -618.80    -52.60    -22.70   3.780    136313.0
2015  3 19  8 10 00 000    1.000   -4.910   -3.240   -600.20    -51.30    -22.70   3.690    133776.0
2015  3 19  8 11 00 000    0.990   -4.910   -3.260   -600.20    -51.30    -22.70   3.690    133776.0
2015  3 19  8 14 00 000    0.420   -3.840   -4.570   -603.60    -51.40    -26.10   3.940    131534.0
2015  3 19  8 15 00 000   -1.220   -4.090   -3.970   -603.60    -51.40    -26.10   3.930    131534.0
2015  3 19  8 17 00 000   -0.730   -3.680   -4.660   -619.70    -46.40    -29.50   4.150    135459.0
2015  3 19  8 18 00 000   -1.200   -2.940   -5.030   -619.70    -46.40    -29.50   4.150    135459.0
2015  3 19  8 21 00 000    0.790   -4.050   -4.310   -606.10    -57.40    -19.90   3.730    121845.0
2015  3 19  8 22 00 000    0.730   -3.830   -4.600   -606.10    -57.40    -19.90   3.730    121845.0
2015  3 19  8 23 00 000    0.660   -4.290   -4.160   -604.50    -54.30    -24.10   4.050    146545.0
2015  3 19  8 24 00 000    0.460   -4.430   -3.950   -604.70    -52.20    -24.90   4.200    149725.0
2015  3 19  8 25 00 000    1.730   -4.710   -3.280   -600.60    -52.20    -22.20   3.980    147424.0
2015  3 19  8 26 00 000    0.850   -5.060   -3.430   -601.10    -53.50    -19.70   3.640    127989.0
2015  3 19  8 27 00 000    0.600   -4.610   -4.090   -604.70    -53.40    -22.50   4.020    137330.0
2015  3 19  8 28 00 000    1.530   -4.530   -3.940   -604.70    -53.40    -22.50   4.020    137330.0
2015  3 19  8 29 00 000    0.370   -2.530   -5.640   -598.00    -48.80    -24.40   4.150    143015.0
2015  3 19  8 30 00 000    0.750   -2.840   -5.490   -604.00    -48.70    -33.50   4.020    150546.0
2015  3 19  8 31 00 000   -1.020   -2.070   -5.610   -610.50    -46.10    -33.80   4.090    157309.0
2015  3 19  8 32 00 000   -1.110   -1.890   -5.540   -620.40    -45.80    -34.40   4.210    152415.0
2015  3 19  8 33 00 000   -0.450   -2.090   -5.580   -617.30    -45.90    -38.90   4.290    162237.0
2015  3 19  8 34 00 000    2.120   -2.530   -5.050   -607.00    -43.50    -40.20   4.270    146826.0
2015  3 19  8 35 00 000    0.910   -2.370   -5.260   -602.30    -47.40    -34.50   4.230    146340.0
2015  3 19  8 36 00 000    0.480   -2.680   -5.280   -596.20    -49.50    -30.20   4.340    145677.0
2015  3 19  8 37 00 000    0.600   -2.430   -5.370   -599.30    -54.10    -27.90   4.180    162729.0
2015  3 19  8 38 00 000    0.570   -0.320   -5.840   -604.30    -42.30    -38.90   4.050    154465.0
2015  3 19  8 39 00 000    0.620    0.390   -5.800   -605.50    -34.70    -43.00   4.090    154971.0
2015  3 19  8 41 00 000    0.880    0.100   -5.960   -600.50    -30.40    -45.20   4.050    150134.0
2015  3 19  8 42 00 000    0.880    0.310   -5.900   -600.50    -29.20    -45.40   4.050    147423.0
2015  3 19  8 43 00 000    0.700    0.410   -5.760   -600.50    -26.70    -46.40   4.020    145617.0
2015  3 19  8 44 00 000    0.530    1.040   -5.670   -600.80    -25.50    -47.80   3.980    151307.0
2015  3 19  8 45 00 000    0.360    0.650   -5.730   -602.20    -22.60    -49.10   4.070    150286.0
2015  3 19  8 46 00 000    0.120    1.080   -5.710   -604.70    -22.70    -48.10   4.220    156594.0
2015  3 19  8 47 00 000   -0.060    1.550   -5.450   -607.10    -18.20    -49.80   4.140    145659.0
2015  3 19  8 48 00 000   -0.590    2.350   -5.120   -610.30    -11.90    -51.00   4.300    162173.0
2015  3 19  8 49 00 000   -0.580    3.230   -4.560   -613.80    -13.70    -51.70   3.980    147729.0
2015  3 19  8 51 00 000   -0.190    0.360   -5.670   -608.70    -24.70    -45.80   4.120    130378.0
2015  3 19  8 52 00 000   -0.230    0.410   -5.700   -608.60    -24.80    -45.40   4.010    126283.0
2015  3 19  8 53 00 000   -0.380    0.890   -5.350   -609.60    -22.20    -46.80   4.050    135929.0
2015  3 19  8 54 00 000   -0.240   -0.490   -5.260   -608.00    -26.90    -47.50   4.060    142526.0
2015  3 19  8 55 00 000   -0.310   -1.210   -5.230   -606.70    -34.50    -43.80   3.970    138838.0
2015  3 19  8 56 00 000   -0.280   -0.560   -5.420   -607.60    -35.90    -40.80   3.920    131998.0
2015  3 19  8 57 00 000   -0.150   -0.650   -5.350   -606.60    -34.00    -45.20   4.090    153308.0
2015  3 19  8 58 00 000   -0.330   -0.360   -5.440   -604.70    -38.70    -44.50   4.160    171992.0
2015  3 19  8 59 00 000   -0.470   -0.720   -5.280   -608.10    -32.40    -46.10   3.890    143570.0
2015  3 19  9  0 00 000    0.050   -1.770   -5.040   -609.70    -38.30    -43.20   3.880    156228.0
2015  3 19  9  1 00 000   -0.250   -1.770   -5.050   -609.00    -42.60    -41.60   4.060    153338.0
2015  3 19  9  2 00 000   -0.350   -1.730   -5.100   -609.00    -42.60    -41.60   4.060    153338.0
2015  3 19  9  3 00 000   -0.070   -2.310   -4.850   -608.10    -41.70    -40.90   3.960    155582.0
2015  3 19  9  4 00 000   -0.020   -2.630   -4.630   -607.80    -50.00    -33.50   3.700    161309.0
2015  3 19  9  5 00 000    0.020   -3.460   -4.140   -607.70    -54.40    -29.70   3.670    148340.0
2015  3 19  9  6 00 000   -0.040   -3.560   -4.040   -607.70    -56.20    -28.30   3.660    142690.0
2015  3 19  9  7 00 000    1.690   -1.780   -4.550   -590.40    -43.60    -31.30   3.610    161524.0
2015  3 19  9  8 00 000    1.440   -2.320   -4.080   -593.50    -40.70    -34.60   3.920    163716.0
2015  3 19  9  9 00 000    0.940   -4.510   -2.710   -600.60    -53.50    -27.40   3.520    157051.0
2015  3 19  9 10 00 000    0.950   -4.650   -2.650   -597.30    -58.50    -22.00   3.400    163227.0
2015  3 19  9 11 00 000    1.150   -4.000   -2.570   -595.10    -58.60    -19.80   3.410    168243.0
2015  3 19  9 12 00 000    0.840   -3.230   -3.180   -598.50    -52.30    -20.30   3.230    164050.0
2015  3 19  9 13 00 000    1.720   -1.890   -4.690   -596.40    -48.30    -24.40   3.590    151668.0
2015  3 19  9 14 00 000    1.990   -1.030   -4.730   -592.10    -37.50    -32.80   3.970    148936.0
2015  3 19  9 15 00 000    1.720   -2.400   -4.130   -594.80    -35.90    -34.90   4.040    147737.0
2015  3 19  9 16 00 000    2.000   -2.730   -4.110   -590.10    -44.10    -27.10   3.880    138339.0
2015  3 19  9 17 00 000    1.570   -1.680   -4.500   -592.50    -43.70    -32.80   3.840    151634.0
2015  3 19  9 18 00 000    1.710   -2.850   -3.750   -590.80    -47.40    -28.80   3.550    160180.0
2015  3 19  9 19 00 000    1.550   -2.400   -4.450   -593.60    -47.20    -26.60   3.680    150154.0
2015  3 19  9 20 00 000    1.890   -1.440   -4.890   -595.00    -41.10    -32.50   3.750    125283.0
2015  3 19  9 21 00 000    2.220    0.090   -4.650   -591.50    -30.90    -39.40   3.910    140504.0
2015  3 19  9 22 00 000    2.390    0.940   -4.600   -587.60    -20.20    -43.30   3.660    160873.0
2015  3 19  9 23 00 000    2.680    0.700   -4.260   -590.20    -23.00    -41.30   3.840    154384.0
2015  3 19  9 24 00 000    3.230    0.570   -3.900   -581.00    -18.60    -35.00   4.040    168115.0
2015  3 19  9 25 00 000    2.810    0.450   -4.170   -581.50    -19.20    -35.50   4.070    169524.0
2015  3 19  9 26 00 000    1.900   -0.940   -4.450   -583.10    -21.50    -36.20   4.090    169158.0
2015  3 19  9 27 00 000    2.930   -0.630   -4.170   -586.30    -32.40    -32.00   3.970    156757.0
2015  3 19  9 28 00 000    3.250   -0.850   -4.040   -580.10    -25.80    -33.90   3.980    171972.0
2015  3 19  9 29 00 000    1.840   -1.950   -4.110   -586.30    -32.60    -33.90   3.850    164368.0
2015  3 19  9 30 00 000    2.670   -0.300   -4.190   -589.40    -29.80    -38.10   3.810    163061.0
2015  3 19  9 31 00 000    2.690   -0.370   -4.610   -583.80    -23.40    -36.30   4.340    154045.0
2015  3 19  9 32 00 000    2.660    0.510   -4.490   -584.40    -23.20    -36.80   4.310    148305.0
2015  3 19  9 33 00 000    3.070    0.840   -4.410   -584.90    -19.40    -37.50   3.950    145676.0
2015  3 19  9 34 00 000    3.340    1.080   -4.190   -583.10    -17.90    -37.80   3.880    152533.0
2015  3 19  9 35 00 000    3.240    1.170   -4.230   -582.50    -17.80    -38.70   3.850    157077.0
2015  3 19  9 36 00 000    3.220    3.290   -2.440   -586.90      2.20    -34.50   3.880    157010.0
2015  3 19  9 37 00 000    2.930    4.090   -1.330   -583.50      8.60    -31.40   4.110    164665.0
2015  3 19  9 38 00 000    2.990    4.370   -1.160   -588.90     21.40    -23.40   3.950    164963.0
2015  3 19  9 39 00 000    4.340    3.250   -1.100   -577.60      4.00    -26.40   3.920    170049.0
2015  3 19  9 40 00 000    5.010    0.990   -2.180   -576.60     -1.80    -25.90   3.890    165695.0
2015  3 19  9 41 00 000    4.440    2.090   -1.610   -574.90    -19.40    -26.10   4.220    156942.0
2015  3 19  9 42 00 000    5.020    0.080   -2.110   -572.30    -21.70    -23.80   4.200    162182.0
2015  3 19  9 43 00 000    4.630    0.370   -2.210   -573.80    -21.70    -25.20   4.290    160175.0
2015  3 19  9 44 00 000    4.700    0.030   -2.250   -574.70    -24.10    -23.20   4.110    160641.0
2015  3 19  9 45 00 000    3.900    2.680   -1.480   -582.30     11.10    -27.00   3.890    166588.0
2015  3 19  9 46 00 000    4.480    1.410   -1.550   -574.70    -27.20    -24.10   4.050    155795.0
2015  3 19  9 47 00 000    4.400    1.280   -1.990   -574.30    -29.20    -23.70   4.050    155476.0
2015  3 19  9 48 00 000    5.460   -1.060   -2.100   -573.00    -28.10    -24.70   4.020    153937.0
2015  3 19  9 49 00 000    5.390   -1.430   -1.910   -574.40    -26.10    -26.10   4.050    158218.0
2015  3 19  9 50 00 000    5.360   -1.300   -2.130   -575.80    -24.10    -27.70   4.100    162696.0
2015  3 19  9 52 00 000    4.720   -3.320   -1.470   -577.60    -41.80    -18.50   3.730    147155.0
2015  3 19  9 53 00 000    5.070   -2.530   -1.510   -574.50    -35.10    -20.10   3.850    149444.0
2015  3 19  9 54 00 000    4.630   -3.380   -0.660   -573.80    -31.90    -19.20   3.700    151624.0
2015  3 19  9 55 00 000    4.820   -3.000   -0.610   -576.90    -40.20    -15.30   3.500    161720.0
2015  3 19  9 56 00 000    4.080   -3.800   -0.200   -574.60    -40.90    -15.90   3.290    164673.0
2015  3 19  9 57 00 000    3.540   -3.890    0.840   -577.40    -39.80    -15.30   3.080    181734.0
2015  3 19  9 59 00 000    2.460   -4.950    0.610   -581.80    -45.60    -15.80   3.050    163226.0
2015  3 19 10 12 00 000    2.820   -4.640   -0.600   -583.30    -53.00    -15.00   3.220    142380.0
2015  3 19 10 13 00 000    2.240   -4.730   -0.210   -588.00    -52.70    -13.50   2.970    147592.0
2015  3 19 10 14 00 000    2.540   -4.240   -1.400   -588.40    -53.00    -13.30   2.880    151296.0
2015  3 19 10 15 00 000    2.340   -4.530   -0.780   -587.80    -55.70    -14.60   3.220    187319.0
2015  3 19 10 16 00 000    3.250   -3.690   -2.060   -575.10    -52.60    -20.40   3.030    147437.0
2015  3 19 10 17 00 000    4.080   -2.840   -3.200   -568.10    -53.70    -29.30   2.850    132595.0
2015  3 19 10 18 00 000    4.380   -2.530   -3.340   -566.10    -53.10    -32.60   2.870    131602.0
2015  3 19 10 21 00 000    4.010   -3.560   -2.700   -563.50    -60.50    -20.30   3.230    148985.0
2015  3 19 10 22 00 000    4.710   -3.000   -2.820   -569.20    -63.10    -22.00   3.230    140848.0
2015  3 19 10 23 00 000    3.680   -3.910   -1.740   -564.10    -56.60    -23.10   3.010    146550.0
2015  3 19 10 24 00 000    4.570   -2.960   -3.110   -564.00    -56.40    -23.10   3.010    146662.0
2015  3 19 10 26 00 000    4.730   -2.960   -2.990   -566.00    -57.40    -22.40   3.040    138008.0
2015  3 19 10 27 00 000    4.160   -3.910   -1.990   -568.30    -55.00    -19.60   3.170    145676.0
2015  3 19 10 28 00 000    4.470   -3.990   -2.160   -572.00    -58.80    -15.90   3.100    139540.0
2015  3 19 10 29 00 000    4.130   -3.980   -2.580   -565.60    -62.00    -18.80   3.020    139680.0
2015  3 19 10 30 00 000    3.990   -3.470   -3.480   -570.10    -61.90    -26.20   3.040    137640.0
2015  3 19 10 31 00 000    3.950   -2.830   -4.120   -568.60    -60.00    -30.20   3.380    134209.0
2015  3 19 10 32 00 000    3.890   -1.290   -4.800   -568.50    -53.70    -38.50   3.310    137234.0
2015  3 19 10 33 00 000    4.490   -0.530   -4.460   -565.50    -46.40    -42.30   3.260    137931.0
2015  3 19 10 34 00 000    3.070   -4.270   -3.040   -561.60    -36.30    -46.10   3.080    144189.0
2015  3 19 10 36 00 000    4.960    1.290   -3.850   -561.60    -25.10    -49.60   3.110    157415.0
2015  3 19 10 37 00 000    4.240    0.970   -4.740   -562.70    -23.70    -50.80   3.170    156386.0
2015  3 19 10 38 00 000    3.100    1.810   -5.180   -564.60    -21.40    -52.90   3.260    154595.0
2015  3 19 10 39 00 000    2.060    5.190   -3.250   -576.40      1.20    -53.30   3.100    155100.0
2015  3 19 10 40 00 000    2.000    5.560   -2.020   -584.10     22.80    -42.00   3.550    157541.0
2015  3 19 10 41 00 000    1.230    6.620   -0.820   -587.50     32.40    -37.00   3.750    158626.0
2015  3 19 10 42 00 000    0.760    6.920    0.050   -595.80     38.20    -33.80   2.780    131499.0
2015  3 19 10 43 00 000    0.030    6.840    1.070   -597.30     38.70    -32.20   2.790    132006.0
2015  3 19 10 44 00 000   -0.040    6.820    1.380   -611.50     43.90    -17.10   3.000    136698.0
2015  3 19 10 45 00 000   -0.760    6.660    1.500   -609.70     46.50    -11.60   3.340    147553.0
2015  3 19 10 46 00 000    2.050    5.420   -2.080   -609.70     46.50    -11.60   3.340    147553.0
2015  3 19 10 49 00 000    2.330    5.880   -1.970   -584.70     22.10    -39.80   3.360    147248.0
2015  3 19 10 50 00 000    1.730    5.850   -2.350   -584.70     22.10    -39.80   3.360    147248.0
2015  3 19 10 52 00 000    1.430    5.520   -3.190   -577.80      7.10    -43.60   3.490    155735.0
2015  3 19 10 53 00 000   -0.110    5.580   -3.720   -596.20     14.10    -48.40   3.280    145955.0
2015  3 19 10 54 00 000    0.060    5.870   -3.320   -605.30     17.60    -50.90   3.400    139251.0
2015  3 19 10 55 00 000   -0.990    6.180   -1.680   -617.00     13.30    -42.80   4.620    126739.0
2015  3 19 10 56 00 000   -2.010    6.040   -1.070   -620.10     22.90    -29.30   4.530    153752.0
2015  3 19 10 57 00 000   -1.210    5.610   -1.740   -620.30     23.50    -28.40   4.530    155535.0
2015  3 19 10 58 00 000    0.570    4.470   -5.140   -605.30     21.30    -52.20   3.200    151334.0
2015  3 19 10 59 00 000    0.760    5.620   -3.420   -599.80     -0.80    -61.70   3.370    178467.0
2015  3 19 11  0 00 000    0.110    5.930   -2.450   -605.30     18.50    -44.60   3.680    191448.0
2015  3 19 11  1 00 000    0.090    6.170   -2.110   -606.20     21.70    -41.70   3.730    193517.0
2015  3 19 11  2 00 000    0.010    6.220   -1.360   -606.40     25.40    -34.80   3.980    140699.0
2015  3 19 11  3 00 000    3.020    1.050   -3.040   -587.10     12.10    -48.50   2.900    144938.0
2015  3 19 11  4 00 000    3.680   -5.130   -3.040   -580.70    -17.80    -40.80   2.650    146479.0
2015  3 19 11  5 00 000    4.040   -3.140   -4.710   -573.90    -69.10    -24.50   2.490    145708.0
2015  3 19 11  6 00 000    3.930   -1.130   -5.840   -571.00    -56.20    -43.70   2.600    133688.0
2015  3 19 11  7 00 000    3.100    0.430   -6.550   -580.80    -33.20    -66.50   2.680    145057.0
2015  3 19 11  8 00 000    2.640    1.090   -6.730   -587.10    -16.00    -74.40   2.440    144952.0
2015  3 19 11  9 00 000    3.140    0.610   -6.460   -586.60    -16.20    -73.90   2.410    146347.0
2015  3 19 11 10 00 000    3.630    0.520   -6.240   -580.60    -34.50    -65.40   2.580    156122.0
2015  3 19 11 11 00 000    3.600    1.490   -6.100   -580.40    -26.90    -68.00   2.480    137459.0
2015  3 19 11 12 00 000    3.290    0.220   -6.570   -576.20    -26.20    -67.10   2.550    144577.0
2015  3 19 11 13 00 000    3.040    0.070   -6.520   -575.70    -26.10    -67.00   2.570    145046.0
2015  3 19 11 14 00 000    2.610    1.580   -6.440   -580.10    -26.90    -67.30   2.540    134023.0
2015  3 19 11 15 00 000    2.730    2.040   -6.190   -584.50     -0.40    -72.20   2.760    143696.0
2015  3 19 11 16 00 000    3.580    0.370   -6.150   -590.50      3.30    -72.90   2.580    157701.0
2015  3 19 11 17 00 000    2.500   -0.730   -6.380   -585.60    -20.80    -66.20   2.470    158503.0
2015  3 19 11 18 00 000    2.900   -0.570   -6.570   -620.20    -42.60    -58.00   2.810    170742.0
2015  3 19 11 19 00 000    2.490   -0.190   -6.810   -597.90    -28.60    -66.50   2.870    173691.0
2015  3 19 11 20 00 000    2.760    0.010   -6.730   -597.90    -28.60    -66.50   2.870    173691.0
2015  3 19 11 22 00 000    2.570   -0.840   -6.660   -586.00    -26.80    -59.60   3.080    170388.0
2015  3 19 11 23 00 000    2.600   -3.400   -5.690   -586.00    -26.80    -59.60   3.080    170388.0
2015  3 19 11 24 00 000    2.640   -1.370   -6.650   -591.80    -44.40    -58.50   2.670    141133.0
2015  3 19 11 25 00 000    1.850   -0.590   -7.110   -604.70    -34.50    -67.70   2.480    141610.0
2015  3 19 11 26 00 000    2.210   -1.330   -6.880   -609.60    -30.80    -71.10   2.410    141788.0
2015  3 19 11 27 00 000    1.980   -0.990   -7.060   -598.50    -37.90    -64.20   2.910    152246.0
2015  3 19 11 28 00 000    3.590   -2.630   -5.380   -607.30    -40.10    -64.00   2.380    153395.0
2015  3 19 11 29 00 000    5.330   -4.290   -2.770   -607.50    -40.20    -64.00   2.370    153421.0
2015  3 19 11 30 00 000    2.880   -1.780   -6.340   -571.10    -54.40    -21.20   2.200    146193.0
2015  3 19 11 31 00 000    1.540   -0.300   -7.320   -577.70    -48.80    -32.00   2.280    148213.0
2015  3 19 11 32 00 000    2.340   -0.950   -7.130   -600.40    -29.60    -68.70   2.540    153123.0
2015  3 19 11 33 00 000    3.140   -2.110   -6.620   -591.30    -40.10    -52.70   2.580    137323.0
2015  3 19 11 34 00 000    3.180   -1.950   -6.870   -586.80    -45.70    -43.40   2.720    138418.0
2015  3 19 11 35 00 000    3.270   -2.020   -6.900   -588.90    -34.90    -58.00   2.470    119983.0
2015  3 19 11 36 00 000    3.250   -2.260   -6.540   -585.70    -37.80    -53.40   2.530    123151.0
2015  3 19 11 37 00 000    3.390   -2.560   -6.520   -580.20    -39.70    -48.10   2.560    124656.0
2015  3 19 11 38 00 000    4.210   -2.780   -5.550   -579.60    -53.40    -37.60   2.770    133017.0
2015  3 19 11 39 00 000    4.640   -3.170   -5.060   -577.00    -49.70    -38.20   2.540    132398.0
2015  3 19 11 40 00 000    5.100   -3.230   -4.200   -582.30    -45.00    -45.00   2.540    128389.0
2015  3 19 11 41 00 000    5.010   -0.120   -5.410   -570.60    -44.00    -33.80   2.450    120112.0
2015  3 19 11 42 00 000    3.350    0.470   -7.030   -581.70    -16.30    -59.80   2.470    132998.0
2015  3 19 11 43 00 000    3.530   -0.300   -7.080   -587.60    -19.70    -63.10   2.500    124955.0
2015  3 19 11 44 00 000    3.200   -0.710   -7.080   -597.90    -16.90    -68.00   2.570    151427.0
2015  3 19 11 45 00 000    3.470   -1.980   -6.410   -584.90    -37.40    -56.30   2.500    123145.0
2015  3 19 11 46 00 000    5.730   -2.440   -4.660   -563.10    -44.50    -30.90   2.170    116386.0
2015  3 19 11 47 00 000    5.790   -2.220   -4.730   -558.50    -40.00    -29.60   2.380    115503.0
2015  3 19 11 48 00 000    5.840   -2.730   -4.540   -558.20    -39.70    -29.50   2.390    115448.0
2015  3 19 11 49 00 000    5.850   -2.910   -4.490   -555.40    -34.80    -28.90   2.270    120176.0
2015  3 19 11 50 00 000    6.290   -2.040   -4.300   -559.20    -36.10    -32.60   2.470    122015.0
2015  3 19 11 51 00 000    5.980   -1.570   -4.850   -555.50    -26.90    -34.50   2.460    118977.0
2015  3 19 11 52 00 000    6.130   -1.360   -4.550   -554.50    -26.40    -33.90   2.400    114878.0
2015  3 19 11 53 00 000    4.920   -3.080   -5.730   -566.60    -44.70    -35.40   2.560    111129.0
2015  3 19 11 55 00 000    4.590   -3.180   -5.900   -569.60    -51.30    -31.90   2.410    120483.0
2015  3 19 11 56 00 000    3.400   -4.290   -5.970   -569.60    -51.30    -31.90   2.410    120483.0
2015  3 19 11 57 00 000    3.080   -5.480   -5.120   -580.00    -65.60    -25.70   2.620    128301.0
2015  3 19 11 58 00 000    4.110   -4.490   -5.530   -580.00    -65.60    -25.70   2.620    128301.0
2015  3 19 11 59 00 000    4.350   -4.530   -5.210   -571.10    -57.00    -28.90   2.600    115541.0
2015  3 19 12  0 00 000    3.420   -6.730   -2.570   -571.10    -57.00    -28.90   2.600    115541.0
2015  3 19 12  4 00 000    2.890   -5.250   -5.580   -580.90    -66.20    -27.10   2.690    135401.0
2015  3 19 12  5 00 000    3.060   -5.180   -5.450   -581.20    -66.20    -27.30   2.690    133713.0
2015  3 19 12  6 00 000    2.390   -5.780   -5.070   -584.80    -66.40    -30.20   2.680    116308.0
2015  3 19 12  7 00 000    2.990   -5.910   -4.730   -590.90    -80.30    -17.30   2.500    116366.0
2015  3 19 12  8 00 000    3.640   -5.600   -4.730   -590.90    -80.30    -17.30   2.500    116366.0
2015  3 19 12  9 00 000    3.100   -6.310   -4.050   -577.00    -69.60    -20.50   2.660    118692.0
2015  3 19 12 10 00 000    4.230   -5.670   -3.890   -577.00    -69.60    -20.50   2.660    118692.0
2015  3 19 12 11 00 000    2.950   -5.210   -5.600   -572.30    -65.90    -26.30   2.820    123822.0
2015  3 19 12 12 00 000    2.040   -5.400   -5.970   -584.20    -73.20    -29.00   2.690    121440.0
2015  3 19 12 13 00 000    2.310   -5.460   -5.870   -596.90    -73.10    -34.60   2.500    127018.0
2015  3 19 12 14 00 000    2.350   -5.670   -5.450   -589.70    -75.50    -27.00   2.720    119937.0
2015  3 19 12 15 00 000    2.920   -6.430   -4.180   -589.50    -75.70    -26.60   2.690    118933.0
2015  3 19 12 16 00 000    2.130   -7.160   -3.380   -587.50    -80.30    -17.00   2.390    103648.0
2015  3 19 12 17 00 000    1.870   -6.580   -4.760   -598.20    -84.30    -13.70   2.740    138394.0
2015  3 19 12 18 00 000    2.130   -6.360   -5.010   -591.90    -79.50    -21.20   2.490    113625.0
2015  3 19 12 19 00 000    2.200   -6.060   -5.280   -592.00    -79.40    -21.30   2.500    114562.0
2015  3 19 12 20 00 000    1.770   -5.440   -6.060   -596.50    -77.70    -26.40   2.960    149336.0
2015  3 19 12 22 00 000    2.930   -5.910   -5.160   -584.40    -76.40    -26.10   2.760    117238.0
2015  3 19 12 23 00 000    3.320   -5.850   -5.000   -584.40    -76.40    -26.10   2.760    117238.0
2015  3 19 12 24 00 000    3.320   -6.220   -4.590   -577.70    -76.50    -18.10   2.420    108946.0
2015  3 19 12 25 00 000    3.710   -6.750   -3.520   -577.70    -76.70    -17.50   2.420    110031.0
2015  3 19 12 26 00 000    3.450   -6.590   -3.880   -577.30    -77.50    -16.50   2.400    108381.0
2015  3 19 12 30 00 000    3.410   -6.750   -3.110   -577.80    -77.70    -15.40   2.460    134121.0
2015  3 19 12 31 00 000    3.680   -6.960   -2.490   -579.40    -81.50    -14.10   2.350    137335.0
2015  3 19 12 32 00 000    3.300   -7.030   -2.820   -575.70    -79.40    -12.20   2.110    122241.0
2015  3 19 12 33 00 000    4.240   -6.750   -2.030   -574.40    -75.90    -16.40   2.420    124233.0
2015  3 19 12 34 00 000    4.240   -6.520   -2.470   -573.80    -75.70    -15.70   2.350    122883.0
2015  3 19 12 35 00 000    4.550   -6.450   -2.080   -570.90    -75.60    -12.20   2.100    118656.0
2015  3 19 12 36 00 000    4.830   -6.430   -1.330   -571.30    -77.90    -11.30   2.160    125052.0
2015  3 19 12 37 00 000    4.460   -6.540   -1.580   -572.30    -79.90    -11.00   2.190    131020.0
2015  3 19 12 38 00 000    4.100   -6.750   -1.880   -573.20    -77.80    -12.50   2.280    137833.0
2015  3 19 12 39 00 000    4.400   -6.560   -1.900   -573.20    -77.80    -12.50   2.280    137833.0
2015  3 19 12 40 00 000    3.100   -6.300   -3.680   -583.80    -80.60    -15.50   2.450    128854.0
2015  3 19 12 41 00 000    3.630   -5.960   -3.630   -577.50    -76.40    -16.50   2.500    129867.0
2015  3 19 12 42 00 000    2.040   -6.950   -3.090   -579.30    -75.00    -15.20   2.400    139328.0
2015  3 19 12 43 00 000    1.940   -7.100   -2.940   -590.30    -79.00    -12.20   2.400    156146.0
2015  3 19 12 44 00 000    1.610   -7.220   -2.990   -592.50    -81.30    -10.50   2.480    139974.0
2015  3 19 12 45 00 000    2.070   -6.930   -3.010   -592.50    -81.30    -10.50   2.480    139974.0
2015  3 19 12 46 00 000    1.320   -6.920   -3.130   -592.50    -81.30    -10.50   2.480    139974.0
2015  3 19 12 47 00 000    1.850   -6.900   -3.020   -589.60    -79.50    -13.80   2.670    154078.0
2015  3 19 12 48 00 000    2.240   -6.770   -3.130   -590.10    -77.60    -14.10   2.860    170469.0
2015  3 19 12 49 00 000    1.820   -7.130   -2.540   -590.20    -76.80    -14.30   2.930    176606.0
2015  3 19 12 50 00 000    2.610   -6.840   -2.690   -586.50    -77.40    -15.20   2.850    147729.0
2015  3 19 12 51 00 000    0.860   -7.750   -1.110   -586.50    -77.40    -15.20   2.850    147729.0
2015  3 19 13  8 00 000    2.560   -6.340   -3.190   -586.40    -65.80    -22.90   2.440    166759.0
2015  3 19 13  9 00 000    3.280   -5.510   -4.020   -586.40    -65.80    -22.90   2.440    166759.0
2015  3 19 13 10 00 000    3.580   -5.090   -4.340   -579.80    -60.40    -27.00   2.460    178082.0
2015  3 19 13 11 00 000    3.530   -4.840   -4.590   -576.70    -58.30    -29.30   2.560    167017.0
2015  3 19 13 12 00 000    4.350   -4.680   -3.930   -575.80    -57.60    -29.00   2.560    166729.0
2015  3 19 13 13 00 000    4.110   -4.880   -3.900   -572.80    -55.00    -26.70   2.510    169627.0
2015  3 19 13 14 00 000    3.720   -4.400   -4.720   -575.20    -54.10    -28.20   2.510    177197.0
2015  3 19 13 15 00 000    4.180   -4.280   -4.610   -576.10    -57.40    -30.10   2.540    173868.0
2015  3 19 13 16 00 000    3.980   -4.250   -4.700   -568.50    -57.20    -25.70   2.360    159049.0
2015  3 19 13 17 00 000    4.040   -4.320   -4.550   -570.80    -59.10    -25.50   2.370    163979.0
2015  3 19 13 18 00 000    4.250   -4.060   -4.550   -570.60    -54.80    -30.60   2.550    168116.0
2015  3 19 13 19 00 000    4.330   -4.110   -4.310   -570.40    -51.50    -29.20   2.480    166867.0
2015  3 19 13 20 00 000    3.710   -5.080   -4.130   -571.20    -56.00    -25.20   2.470    169740.0
2015  3 19 13 21 00 000    3.970   -4.870   -4.090   -574.40    -58.00    -25.20   2.310    156240.0
2015  3 19 13 22 00 000    5.490   -1.590   -4.640   -561.60    -52.70    -33.50   2.140    162583.0
2015  3 19 13 23 00 000    5.520   -1.830   -4.680   -560.20    -50.70    -33.50   2.210    165122.0
2015  3 19 13 24 00 000    5.350    0.140   -4.970   -558.90    -48.20    -33.10   2.310    168373.0
2015  3 19 13 25 00 000    5.050   -3.250   -4.380   -562.50    -64.20    -27.60   2.350    155934.0
2015  3 19 13 26 00 000    4.790   -3.800   -4.020   -562.50    -64.20    -27.60   2.350    155934.0
2015  3 19 13 28 00 000    5.000   -3.910   -3.890   -562.70    -67.10    -27.80   2.300    166123.0
2015  3 19 13 29 00 000    5.420   -3.390   -3.870   -562.50    -62.60    -24.10   2.240    154406.0
2015  3 19 13 30 00 000    4.420   -4.330   -4.030   -561.70    -62.40    -25.80   2.440    168861.0
2015  3 19 13 31 00 000    4.770   -4.290   -3.470   -564.80    -66.60    -22.80   2.260    177561.0
2015  3 19 13 32 00 000    5.340   -3.250   -3.550   -566.30    -66.00    -21.90   2.260    200768.0
2015  3 19 13 33 00 000    5.790   -2.600   -3.310   -559.50    -53.10    -30.80   2.370    202573.0
2015  3 19 13 34 00 000    5.430   -3.550   -3.010   -559.50    -53.00    -30.90   2.370    202647.0
2015  3 19 13 35 00 000    5.800   -3.150   -2.920   -557.70    -57.20    -22.70   2.260    215109.0
2015  3 19 13 36 00 000    5.700   -3.260   -2.860   -557.70    -57.20    -22.70   2.260    215109.0
2015  3 19 13 37 00 000    5.850   -3.180   -2.640   -557.70    -57.20    -22.70   2.260    215109.0
2015  3 19 13 38 00 000    5.890   -2.240   -3.350   -557.00    -52.00    -27.40   2.560    223404.0
2015  3 19 13 39 00 000    6.070   -1.650   -3.510   -557.00    -52.00    -27.40   2.560    223404.0
2015  3 19 13 40 00 000    6.100   -2.040   -3.070   -555.20    -46.10    -28.00   2.530    231630.0
2015  3 19 13 41 00 000    6.060   -2.050   -3.190   -555.10    -46.00    -28.00   2.510    231469.0
2015  3 19 13 42 00 000    5.870   -1.990   -3.610   -554.80    -44.90    -31.40   2.310    208916.0
2015  3 19 13 43 00 000    5.820   -1.980   -3.710   -558.90    -44.70    -34.20   2.460    231496.0
2015  3 19 13 44 00 000    5.950   -2.040   -3.290   -560.40    -44.60    -35.00   2.460    242138.0
2015  3 19 13 45 00 000    6.620   -0.940   -1.710   -562.10    -44.50    -35.80   2.450    253311.0
2015  3 19 13 46 00 000    6.090   -1.310   -3.150   -554.90    -45.10    -29.20   2.560    221666.0
2015  3 19 13 47 00 000    5.540   -3.130   -3.050   -554.90    -45.00    -29.20   2.560    221666.0
2015  3 19 13 48 00 000    5.930   -2.040   -3.420   -562.80    -47.60    -29.60   2.450    246649.0
2015  3 19 13 49 00 000    6.050   -1.880   -3.120   -562.80    -47.60    -29.60   2.450    246649.0
2015  3 19 13 50 00 000    6.180   -1.810   -2.740   -558.00    -40.90    -28.30   2.360    258698.0
2015  3 19 13 51 00 000    5.000   -1.590   -4.230   -558.00    -40.90    -28.30   2.360    258698.0
2015  3 19 13 52 00 000    5.630   -3.040   -3.260   -563.90    -58.50    -21.90   2.300    251469.0
2015  3 19 13 53 00 000    5.840   -2.980   -2.880   -563.30    -59.00    -20.50   2.290    258750.0
2015  3 19 13 54 00 000    6.200   -3.050   -1.460   -562.90    -58.90    -19.60   2.290    265017.0
2015  3 19 13 56 00 000    6.330   -2.630   -1.930   -561.50    -50.70    -21.30   2.140    271498.0
2015  3 19 13 57 00 000    6.020   -3.190   -1.670   -559.80    -45.70    -23.80   2.200    265213.0
2015  3 19 13 58 00 000    6.300   -2.700   -2.010   -558.50    -42.80    -23.20   2.140    270749.0
2015  3 19 13 59 00 000    5.900   -3.120   -2.610   -560.90    -54.50    -19.20   2.190    262407.0
2015  3 19 14  0 00 000    5.480   -3.540   -2.420   -564.50    -64.30    -18.80   2.260    254388.0
2015  3 19 14  1 00 000    4.730   -4.370   -2.510   -572.20    -71.90    -19.80   2.380    251014.0
2015  3 19 14  2 00 000    4.840   -4.160   -2.740   -572.20    -71.90    -19.80   2.380    251014.0
2015  3 19 15 30 00 000    4.250    2.840    5.670   -586.20     51.80     15.00   2.440    194529.0
2015  3 19 15 31 00 000    4.950    2.380    5.220   -578.00     43.60     11.80   2.290    192877.0
2015  3 19 15 32 00 000    4.650    3.470    4.680   -570.20     47.70      8.20   2.440    201841.0
2015  3 19 15 33 00 000    4.660    1.290    5.240   -574.80     54.60      7.60   2.380    170973.0
2015  3 19 15 34 00 000    5.150    3.350    3.880   -568.20     47.00      0.70   2.360    200172.0
2015  3 19 15 35 00 000    5.080    2.350    4.550   -564.60     41.60     -3.30   2.230    190928.0
2015  3 19 15 36 00 000    5.560    2.620    3.710   -570.00     45.20      7.20   2.230    215698.0
2015  3 19 15 37 00 000    5.920    2.760    2.710   -569.10     45.10      5.70   2.260    203038.0
2015  3 19 15 38 00 000    4.020    1.480    4.980   -561.60     33.20    -15.90   2.920    268417.0
2015  3 19 15 39 00 000    2.530    0.070    6.680   -561.60     33.20    -15.90   2.920    268417.0
2015  3 19 15 47 00 000    4.850    4.690   -0.350   -563.90     30.80    -18.30   2.860    259583.0
2015  3 19 15 48 00 000    4.760    4.730   -0.180   -569.20     32.40    -35.60   2.970    247085.0
2015  3 19 15 49 00 000    4.760    4.540   -1.090   -567.40     34.40    -34.20   2.960    249626.0
2015  3 19 15 50 00 000    4.410    3.450    2.600   -571.30     29.40    -12.30   2.770    269625.0
2015  3 19 15 51 00 000   -0.070    2.000    6.160   -563.80     26.90    -13.10   2.690    293441.0
2015  3 19 15 53 00 000    5.320    2.750    3.170   -568.60     31.20     -7.30   2.990    254723.0
2015  3 19 15 54 00 000    4.810    2.470    4.180   -570.10     35.60     -1.90   2.590    251414.0
2015  3 19 15 55 00 000    5.400    2.210    3.660   -567.30     34.70     -0.80   2.330    280968.0
2015  3 19 15 56 00 000    4.560    3.060    4.200   -571.60     40.60     -1.90   2.710    286181.0
2015  3 19 15 57 00 000    4.490    4.020    3.430   -575.30     48.70     -9.50   2.870    240853.0
2015  3 19 15 58 00 000    2.480    3.120    5.680   -590.10     46.00     -2.00   2.680    240223.0
2015  3 19 15 59 00 000    2.060    3.790    5.430   -599.00     51.00      2.30   2.810    242464.0
2015  3 19 16  0 00 000    2.600    4.860    4.660   -598.60     51.40     -1.30   2.900    230756.0
2015  3 19 16  1 00 000    3.530    3.840    5.180   -594.80     52.00      1.00   2.760    222891.0
2015  3 19 16  2 00 000    2.780    3.420    5.610   -592.80     50.30      3.70   2.490    231437.0
2015  3 19 16  3 00 000    1.980    2.910    5.980   -599.70     51.80      4.10   2.710    251378.0
2015  3 19 16  4 00 000    2.630    5.320    3.770   -598.80     54.60     -5.30   3.080    249808.0
2015  3 19 16  5 00 000    3.280    4.310    4.600   -592.30     59.60      1.50   2.940    230440.0
2015  3 19 16  6 00 000    2.470    3.330    5.480   -601.10     57.30      5.00   2.830    234833.0
2015  3 19 16  7 00 000    2.030    3.430    5.840   -604.30     56.00      5.60   2.880    257470.0
2015  3 19 16  8 00 000    1.680    3.420    5.800   -610.70     58.40      6.10   2.990    233385.0
2015  3 19 16  9 00 000    2.030    2.750    5.900   -596.70     54.10      1.70   2.590    206030.0
2015  3 19 16 10 00 000    0.400    4.510    4.900   -596.70     54.10      1.70   2.590    206030.0
2015  3 19 16 11 00 000    1.450    3.860    5.590   -610.00     55.40     -0.70   3.310    153444.0
2015  3 19 16 12 00 000    1.490    3.760    5.600   -610.00     55.40     -0.70   3.310    153444.0
2015  3 19 16 14 00 000   -2.690    0.590    6.210   -636.40     31.40      0.30   2.480    183009.0
2015  3 19 16 15 00 000   -2.950    0.760    6.000   -636.40     31.40      0.30   2.480    183009.0
2015  3 19 16 16 00 000   -3.140    1.140    5.890   -645.30     26.40     -2.90   2.550    242466.0
2015  3 19 16 17 00 000   -4.070    0.650    5.180   -645.30     26.40     -2.90   2.550    242466.0
2015  3 19 16 18 00 000   -3.990    1.430    5.070   -653.20     25.40     -6.00   3.000    207787.0
2015  3 19 16 19 00 000   -3.510    1.470    5.190   -653.20     25.40     -6.00   3.000    207787.0
2015  3 19 16 20 00 000   -2.480    2.100    5.700   -651.70     33.30     -4.50   3.010    207419.0
2015  3 19 16 21 00 000   -0.910    1.250    6.290   -651.70     33.30     -4.50   3.010    207419.0
2015  3 19 16 23 00 000   -4.220    2.050    4.340   -640.40     34.60     -1.70   3.460    295871.0
2015  3 19 16 24 00 000   -1.370    2.090    5.710   -640.40     34.60     -1.70   3.460    295871.0
2015  3 19 16 40 00 000    2.800    2.780    4.190   -606.90     40.50     -7.80   2.620    225406.0
2015  3 19 16 41 00 000    0.010    2.640    5.200   -615.80     41.40     -5.00   2.820    243088.0
2015  3 19 16 42 00 000   -0.300    2.750    5.540   -637.00     43.60      1.70   3.300    285659.0
2015  3 19 16 44 00 000   -0.450    2.990    5.870   -628.00     39.80      1.40   3.290    178294.0
2015  3 19 16 45 00 000   -0.670    3.210    5.740   -628.00     39.80      1.40   3.290    178294.0
2015  3 19 16 46 00 000   -1.170    3.280    5.630   -636.30     41.40     -3.30   3.660    181626.0
2015  3 19 16 47 00 000   -1.680    3.730    5.090   -636.30     41.30     -3.30   3.650    181545.0
2015  3 19 16 48 00 000   -2.200    3.020    5.390   -643.50     36.70     -3.90   3.300    182161.0
2015  3 19 16 49 00 000   -2.000    2.400    5.610   -649.20     33.80     -3.60   3.200    186864.0
2015  3 19 16 50 00 000   -1.970    3.010    5.260   -640.00     36.40     -0.90   3.130    217190.0
2015  3 19 16 51 00 000   -1.350    3.050    5.840   -640.00     36.40     -0.90   3.130    217190.0
2015  3 19 16 52 00 000   -1.270    3.470    5.590   -634.00     41.00     -2.60   3.410    150028.0
2015  3 19 16 53 00 000   -0.340    3.990    5.170   -634.00     41.00     -2.60   3.410    150028.0
2015  3 19 16 54 00 000   -2.400    3.190    5.320   -645.90     40.40     -2.30   3.590    201853.0
2015  3 19 16 55 00 000   -3.030    3.600    4.950   -636.30     42.90     -3.50   3.860    235862.0
2015  3 19 16 56 00 000   -3.690    3.650    4.540   -650.90     36.80     -6.70   4.210    180456.0
2015  3 19 16 57 00 000   -2.930    3.800    4.890   -650.90     36.80     -6.70   4.210    180456.0
2015  3 19 16 58 00 000   -2.590    3.420    5.320   -644.90     42.40     -5.20   3.850    171497.0
2015  3 19 16 59 00 000   -2.290    4.410    4.660   -644.90     42.40     -5.20   3.850    171497.0
2015  3 19 17  0 00 000   -2.560    4.270    4.550   -644.90     42.40     -5.20   3.850    171497.0
2015  3 19 17  1 00 000   -2.480    3.690    5.100   -642.70     49.50     -4.40   3.830    163720.0
2015  3 19 17  2 00 000   -2.940    4.570    4.550   -642.70     49.50     -4.40   3.830    163720.0
2015  3 19 17  3 00 000   -2.470    4.790    4.500   -640.50     41.60    -11.50   3.780    167077.0
2015  3 19 17  4 00 000   -2.750    4.520    4.290   -640.50     41.60    -11.50   3.780    167077.0
2015  3 19 17  5 00 000   -1.890    4.410    5.320   -633.10     43.50     -3.30   3.730    162090.0
2015  3 19 17  6 00 000   -3.430    4.700    4.080   -644.60     38.50     -8.80   3.890    162064.0
2015  3 19 17  7 00 000   -3.180    4.980    3.640   -648.80     37.40    -10.90   3.940    168774.0
2015  3 19 18  2 00 000    5.050   -1.130    1.330   -591.50    -31.20    -27.40   4.150    197325.0
2015  3 19 18  3 00 000    4.960   -0.780    2.960   -574.90      7.30      9.90   4.330    196427.0
2015  3 19 18  4 00 000    4.660   -0.710    3.740   -577.20     21.40     29.40   4.210    195240.0
2015  3 19 18  5 00 000    3.670    1.560    3.490   -570.90     10.50     36.40   4.200    205534.0
2015  3 19 18  6 00 000    3.370    3.190    3.020   -572.30     28.30     45.40   4.960    270127.0
2015  3 19 18  7 00 000    3.440    3.260    2.110   -601.00     44.20     -8.50   4.100    242972.0
2015  3 19 18  8 00 000    4.650    1.520    3.500   -602.70     45.20    -11.70   4.050    241346.0
2015  3 19 18  9 00 000    4.750   -0.990    2.010   -584.20    -36.10      6.60   4.180    261068.0
2015  3 19 18 10 00 000    4.600   -2.130    2.840   -577.80    -18.50     16.40   4.240    220902.0
2015  3 19 18 11 00 000    5.050   -1.970    2.300   -574.10      3.80     31.20   4.290    194701.0
2015  3 19 18 12 00 000    4.630   -2.930    1.890   -585.00     36.40     14.60   3.880    217800.0
2015  3 19 18 13 00 000    3.570   -4.830    1.200   -583.40      4.60     29.20   4.160    239767.0
2015  3 19 18 14 00 000    3.970   -4.300    0.710   -588.10    -40.70     10.20   4.230    247618.0
2015  3 19 18 15 00 000    3.930   -4.200    0.970   -591.70    -46.20      2.40   4.250    239756.0
2015  3 19 18 16 00 000    3.940   -4.920    0.210   -594.30    -12.30     34.80   4.580    218381.0
2015  3 19 18 17 00 000    4.640   -3.260    0.830   -594.30    -12.30     34.80   4.580    218381.0
2015  3 19 18 18 00 000    5.920   -2.400    0.660   -556.70     -0.40     -0.90   4.520    205139.0
2015  3 19 18 19 00 000    6.220   -1.500   -0.700   -556.70     -0.40     -0.90   4.520    205139.0
2015  3 19 18 20 00 000    5.370   -3.150   -0.620   -556.80     -1.60     -1.00   4.520    207322.0
2015  3 19 18 21 00 000    5.160   -3.250   -0.630   -557.70    -10.10     -1.70   4.500    223279.0
2015  3 19 18 22 00 000    5.470   -2.650   -0.810   -559.30    -12.30     -1.60   4.480    224027.0
2015  3 19 18 23 00 000    4.900   -2.920   -2.100   -580.90    -41.50     -0.60   4.090    233011.0
2015  3 19 18 24 00 000    5.510   -2.030   -2.270   -564.30    -20.70     -2.70   3.930    220677.0
2015  3 19 18 25 00 000    5.110   -2.400   -2.050   -561.60    -21.50    -26.40   4.470    191594.0
2015  3 19 18 26 00 000    3.750   -1.850   -0.320   -578.50     27.60      1.60   3.960    184631.0
2015  3 19 18 27 00 000    4.240   -1.550    0.830   -587.50     52.70     20.40   3.750    178825.0
2015  3 19 18 28 00 000    3.710   -3.590   -0.470   -583.10    -14.70     11.90   4.350    212247.0
2015  3 19 18 29 00 000    5.270   -0.200    0.760   -583.80    -20.30      2.40   4.550    254515.0
2015  3 19 18 30 00 000    4.750    0.070    1.020   -574.20     30.30      0.10   4.570    215777.0
2015  3 19 18 31 00 000    4.320   -2.660    1.350   -579.80     15.10     10.90   4.330    220292.0
2015  3 19 18 32 00 000    4.460   -2.580    0.830   -583.20    -19.80     23.10   4.690    209418.0
2015  3 19 18 33 00 000    4.790   -2.040    1.740   -579.80      3.40     16.60   4.460    193300.0
2015  3 19 18 34 00 000    5.560    1.490    0.900   -571.00      4.80     14.50   4.560    193860.0
2015  3 19 18 35 00 000    5.600    2.720    1.150   -566.40     29.90     -7.70   4.660    188865.0
2015  3 19 18 36 00 000    5.610    2.440    1.070   -571.00     26.00    -15.50   4.310    175976.0
2015  3 19 18 37 00 000    5.520    2.570   -0.300   -572.10     27.40    -22.40   4.580    178055.0
2015  3 19 18 43 00 000    5.130    2.500   -2.600   -565.70     33.60     -1.70   5.460    191630.0
2015  3 19 18 44 00 000    5.260    2.860   -1.910   -565.70     33.60     -1.70   5.460    191630.0
2015  3 19 18 50 00 000    5.300    2.910   -0.820   -565.50     44.40     -3.30   5.450    194913.0
2015  3 19 18 51 00 000    4.450    3.730   -2.190   -565.50     44.40     -3.30   5.450    194913.0
2015  3 19 18 56 00 000    4.880    0.940    3.640   -578.00     48.60     30.80   3.980    199959.0
2015  3 19 18 57 00 000    5.190    2.570    2.200   -578.00     48.60     30.80   3.980    199959.0
2015  3 19 19  1 00 000    3.310    4.890   -0.880   -596.80     56.60    -25.40   4.200    210386.0
2015  3 19 19  2 00 000    5.490    2.760    0.560   -596.80     56.60    -25.40   4.200    210386.0
2015  3 19 19  5 00 000    2.320    5.710   -0.580   -588.70     65.70    -18.40   5.350    276470.0
2015  3 19 19  6 00 000    1.900    6.250    0.360   -588.70     65.70    -18.40   5.350    276470.0
2015  3 19 19  7 00 000    2.760    5.830    0.240   -588.70     65.70    -18.40   5.350    276470.0
2015  3 19 19  8 00 000    2.290    6.250    0.470   -605.10     60.60    -25.00   4.090    218381.0
2015  3 19 19  9 00 000    2.340    6.230    0.780   -605.10     60.60    -25.00   4.090    218381.0
2015  3 19 19 10 00 000    2.090    6.450    0.740   -605.10     60.60    -25.00   4.090    218381.0
2015  3 19 19 12 00 000    2.780    5.200    0.040   -606.30     39.00    -33.90   4.450    227786.0
2015  3 19 19 13 00 000    2.850    5.280    1.630   -605.00     46.50    -26.10   4.340    224758.0
2015  3 19 19 14 00 000    2.770    5.120    2.370   -602.00     67.00     -7.10   4.170    229548.0
2015  3 19 19 15 00 000    1.670    5.570    1.350   -603.40     62.00      1.10   4.460    252462.0
2015  3 19 19 16 00 000    2.700    4.290    2.470   -610.20     57.30    -11.90   4.280    230617.0
2015  3 19 19 17 00 000    3.900    4.530    2.230   -592.40     56.30     -1.30   3.850    192188.0
2015  3 19 19 18 00 000    4.010    4.050   -0.510   -587.70     56.10      3.80   3.790    187701.0
2015  3 19 19 20 00 000    4.600    3.620    1.510   -583.50     48.60     -9.80   3.950    207046.0
2015  3 19 19 21 00 000    4.080    3.100    2.570   -583.50     48.60     -9.80   3.950    207046.0
2015  3 19 19 26 00 000   -1.030   -3.770   -3.910   -629.40    -37.30    -15.00   4.510    284130.0
2015  3 19 19 27 00 000    1.830   -3.940   -3.350   -624.20    -37.30    -11.20   4.500    292270.0
2015  3 19 19 28 00 000    1.300   -3.780   -3.390   -603.60    -37.40      3.60   4.450    324174.0
2015  3 19 19 29 00 000    1.980    1.900    1.850   -598.60     47.70     17.10   4.490    247203.0
2015  3 19 19 30 00 000    1.710    0.390    1.960   -597.50     65.90     20.00   4.500    230765.0
2015  3 19 19 31 00 000    1.750   -2.300   -0.660   -597.50     65.90     20.00   4.500    230765.0
2015  3 19 19 34 00 000    2.860   -3.040   -2.200   -592.60    -46.10    -23.40   6.000    444342.0
2015  3 19 19 35 00 000    3.850    0.260    0.770   -592.10    -41.30    -22.30   5.920    434205.0
2015  3 19 19 36 00 000    4.750   -0.970    1.460   -583.70     36.50     -4.90   4.590    270801.0
2015  3 19 19 37 00 000    3.830    0.940    2.580   -566.30     -0.20      2.70   4.790    195668.0
2015  3 19 19 38 00 000    4.320   -0.810    3.080   -564.90     -5.50      3.80   4.830    190770.0
2015  3 19 19 39 00 000    3.690    0.630    3.150   -584.50     -6.50     38.00   4.020    196013.0
2015  3 19 19 40 00 000    4.500    1.210    3.010   -590.60     44.10     13.30   4.380    247064.0
2015  3 19 19 41 00 000    3.580    3.940    3.380   -591.90     55.20      7.90   4.460    258215.0
2015  3 19 19 59 00 000    5.510   -1.920    2.950   -571.60     13.20     21.60   4.070    147642.0
2015  3 19 20  0 00 000    5.510   -1.930    2.950   -571.60     13.20     21.60   4.070    147642.0
2015  3 19 20  7 00 000    4.910   -2.130   -2.240   -581.80    -30.70    -18.10   4.520    190882.0
2015  3 19 20  8 00 000    4.890   -1.040   -4.530   -577.30    -11.20    -18.00   4.510    185841.0
2015  3 19 20  9 00 000    5.100   -1.160   -3.830   -575.20     -4.40    -21.30   4.430    184850.0
2015  3 19 20 10 00 000    5.300   -1.300   -3.350   -571.90     -7.50    -19.60   4.450    183616.0
2015  3 19 20 11 00 000    5.240   -0.750   -3.620   -580.30    -15.70     -9.40   4.420    189915.0
2015  3 19 20 12 00 000    4.930   -1.880   -3.440   -572.20      2.80    -25.30   4.250    150106.0
2015  3 19 20 13 00 000    5.650   -1.170   -2.890   -576.10     -6.60    -20.60   4.370    168838.0
2015  3 19 20 14 00 000    5.220   -2.140   -3.150   -574.10     -1.20    -10.70   4.460    164745.0
2015  3 19 20 15 00 000    4.900   -1.700   -3.670   -575.30     -8.20    -16.50   4.450    173761.0
2015  3 19 20 16 00 000    4.100   -1.800   -4.240   -577.90    -16.50    -35.30   4.340    205210.0
2015  3 19 20 18 00 000    4.570   -0.520   -4.380   -572.50      1.40    -11.10   5.070    191018.0
2015  3 19 20 19 00 000    4.810   -0.360   -4.230   -578.50     -4.60    -25.50   4.430    201230.0
2015  3 19 20 20 00 000    4.650   -0.290   -4.590   -576.40     -9.60    -22.30   4.450    174940.0
2015  3 19 20 21 00 000    4.240   -0.580   -4.540   -574.90     -2.80    -31.80   4.280    193583.0
2015  3 19 20 22 00 000    5.170    0.120   -4.110   -578.70     -3.20    -30.00   4.460    201522.0
2015  3 19 20 23 00 000    5.350   -1.050   -3.470   -575.90     -2.10    -25.10   4.400    186663.0
2015  3 19 20 24 00 000    5.380   -1.090   -2.730   -575.10     -2.80    -14.30   4.470    199762.0
2015  3 19 20 25 00 000    4.600   -0.730   -4.260   -573.80      1.10    -14.20   4.430    199541.0
2015  3 19 20 27 00 000    5.390   -1.070   -2.850   -572.00      2.00    -11.40   4.560    170201.0
2015  3 19 20 28 00 000    5.240    1.390   -4.380   -578.60     -0.40    -26.90   3.930    156859.0
2015  3 19 20 29 00 000    5.450    1.020   -4.180   -582.70     -1.80    -36.50   3.550    148660.0
2015  3 19 20 35 00 000    5.750    0.640   -2.900   -568.70      4.20    -21.40   4.270    158040.0
2015  3 19 20 36 00 000    5.680    0.600   -3.160   -568.70      4.20    -21.40   4.270    158040.0
2015  3 19 20 37 00 000    5.490    0.540   -3.460   -568.70      4.20    -21.40   4.270    158040.0
2015  3 19 20 41 00 000    3.350    3.950   -1.740   -574.10     24.40    -23.10   3.880    190863.0
2015  3 19 20 42 00 000    5.030    2.560   -1.390   -573.50     23.00    -22.80   3.900    187149.0
2015  3 19 20 44 00 000    3.890    3.500   -1.280   -600.30     43.10    -34.30   3.940    232412.0
2015  3 19 20 45 00 000    4.590    2.650   -1.930   -584.40     28.30    -20.00   3.660    189636.0
2015  3 19 20 46 00 000    4.980    2.650   -1.500   -569.70     14.70     -6.80   3.410    150103.0
2015  3 19 20 47 00 000    4.500    2.950   -1.690   -570.80     20.20    -24.70   3.800    152169.0
2015  3 19 20 48 00 000    5.450    1.810   -1.880   -572.80     26.80    -24.90   3.800    162016.0
2015  3 19 20 49 00 000    5.290    2.400   -1.140   -568.80     16.60    -18.80   3.800    208038.0
2015  3 19 20 50 00 000    5.370    1.970   -1.150   -569.10      9.00    -19.60   3.860    194184.0
2015  3 19 20 51 00 000    5.330    1.350   -1.980   -569.90    -11.80    -21.80   4.050    156020.0
2015  3 19 20 52 00 000    5.530    1.110   -2.230   -568.40      9.80    -24.10   3.940    158558.0
2015  3 19 20 53 00 000    5.400    1.020   -2.390   -568.80      6.60    -25.00   3.940    157684.0
2015  3 19 20 54 00 000    5.400    1.660   -1.420   -565.00     -2.00    -17.80   4.150    185056.0
2015  3 19 20 55 00 000    4.920    1.320   -2.500   -559.30     15.90     -3.90   4.180    183970.0
2015  3 19 20 57 00 000    5.270    0.840   -1.980   -572.90     23.80    -24.40   3.530    159207.0
2015  3 19 20 58 00 000    6.020    0.620   -0.890   -570.30     12.80    -19.20   3.660    161022.0
2015  3 19 20 59 00 000    4.370   -1.760   -2.670   -574.90    -17.00     -6.00   3.670    192870.0
2015  3 19 21 24 00 000    2.430    5.310    1.760   -595.10     44.30    -25.90   3.630    221547.0
2015  3 19 21 25 00 000    3.020    5.150    1.390   -595.10     44.30    -25.90   3.630    221547.0
2015  3 19 21 26 00 000    3.080    5.040    1.450   -586.30     39.00    -29.80   3.540    274776.0
2015  3 19 21 27 00 000    3.600    4.820   -1.340   -582.40     32.00    -36.90   3.610    247402.0
2015  3 19 21 28 00 000    3.910    4.730   -1.230   -577.30     22.60    -46.40   3.720    210820.0
2015  3 19 21 29 00 000    3.900    4.290   -1.580   -575.30     21.30    -45.00   3.460    202184.0
2015  3 19 21 30 00 000    3.260    3.840   -3.130   -577.70      8.50    -48.80   3.750    233923.0
2015  3 19 21 31 00 000    3.690    3.900   -2.570   -575.70      6.70    -50.50   3.580    210203.0
2015  3 19 21 32 00 000    3.790    3.530   -2.280   -576.90      7.10    -49.70   3.540    214302.0
2015  3 19 21 33 00 000    1.040    2.170   -5.300   -587.90      0.50    -49.70   3.490    242507.0
2015  3 19 21 34 00 000    0.030    3.200   -5.030   -604.10    -13.80    -56.70   3.150    217293.0
2015  3 19 21 35 00 000   -1.440    3.890   -4.280   -622.70     -7.00    -53.40   3.740    200950.0
2015  3 19 21 38 00 000    2.220    4.900   -1.770   -590.40     33.70    -29.20   3.750    230734.0
2015  3 19 21 39 00 000    1.360    5.440    0.190   -608.80     25.60    -41.90   3.560    230734.0
2015  3 19 21 40 00 000    3.300    5.040    0.760   -588.10     32.90    -30.90   3.720    222154.0
2015  3 19 21 41 00 000    3.670    3.690   -1.360   -588.10     32.90    -30.90   3.720    222154.0
2015  3 19 21 42 00 000    4.690    0.720   -4.150   -589.70     26.10    -40.40   3.260    218357.0
2015  3 19 21 43 00 000    3.390    4.490   -0.700   -585.60     20.70    -39.70   3.550    215794.0
2015  3 19 21 44 00 000    4.950    1.980   -2.170   -585.40     30.80    -30.20   3.430    221403.0
2015  3 19 21 45 00 000    5.080    1.030   -2.880   -574.50    -10.90    -36.40   3.410    232713.0
2015  3 19 21 46 00 000    4.610    2.770   -0.840   -571.80     15.90    -31.50   3.630    249234.0
2015  3 19 21 47 00 000    4.350    3.370   -0.270   -575.00     22.70    -30.00   3.590    246190.0
2015  3 19 21 48 00 000    4.510    3.360   -0.510   -574.30     24.20    -32.20   3.510    243208.0
2015  3 19 21 49 00 000    4.270    3.820    1.370   -580.90     34.30    -25.10   3.770    223118.0
2015  3 19 21 50 00 000    4.260    3.390    2.320   -580.70     38.60    -16.40   3.660    222936.0
2015  3 19 21 51 00 000    3.740    3.470    3.090   -582.00     39.00    -12.90   3.500    210444.0
2015  3 19 21 52 00 000    4.800    3.120    1.560   -575.50     30.30    -16.90   3.500    223675.0
2015  3 19 21 53 00 000    4.270    3.870    1.840   -576.90     35.10    -14.70   3.410    217350.0
2015  3 19 21 54 00 000    4.100    3.620    2.840   -578.60     38.10    -13.70   3.340    202736.0
2015  3 19 21 55 00 000    4.150    3.300    3.170   -578.60     42.30    -10.50   3.670    215727.0
2015  3 19 21 56 00 000    4.240    3.410    2.800   -582.00     44.20    -12.60   3.630    213119.0
2015  3 19 21 57 00 000    4.080    3.210    3.110   -579.60     43.40     -8.80   3.490    205323.0
2015  3 19 21 59 00 000    4.260    2.600    3.530   -580.50     39.10     -7.00   3.330    226144.0
2015  3 19 22  0 00 000    4.750    2.660    2.630   -579.20     35.20     -9.80   3.380    222592.0
2015  3 19 22  1 00 000    5.230    1.250   -1.250   -566.00     26.00    -17.30   3.590    242151.0
2015  3 19 22  2 00 000    4.240    0.890   -4.070   -562.00     21.40    -21.20   3.660    247307.0
2015  3 19 22  3 00 000    4.650    3.060   -2.160   -570.80      7.40    -36.20   3.490    227494.0
2015  3 19 22  4 00 000    3.610    2.610   -3.750   -571.90     14.50    -34.60   3.420    232964.0
2015  3 19 22  6 00 000    5.370    2.850   -0.850   -578.00      9.50    -33.50   3.380    201905.0
2015  3 19 22  7 00 000    5.550    2.740    0.650   -576.50     23.20    -23.30   3.850    206679.0
2015  3 19 22  8 00 000    5.860    2.190    0.120   -576.30     25.10    -21.90   3.910    207324.0
2015  3 19 22 11 00 000    6.170    1.890    0.410   -569.30     10.50    -19.70   3.480    217338.0
2015  3 19 22 12 00 000    6.060    2.130    0.610   -573.90     22.90    -15.70   3.500    209449.0
2015  3 19 22 15 00 000    6.140    1.700    0.530   -568.70      9.80    -19.30   3.580    203525.0
2015  3 19 22 16 00 000    6.070    1.030    1.280   -568.70      9.80    -19.20   3.580    203842.0
2015  3 19 22 17 00 000    5.910    1.280    1.080   -570.00     14.60    -16.90   3.290    238916.0
2015  3 19 22 18 00 000    5.860    0.560    1.020   -571.10     21.70    -19.20   3.360    227145.0
2015  3 19 22 33 00 000    4.200    3.780   -0.700   -574.70     18.80    -37.50   3.630    233775.0
2015  3 19 22 34 00 000    3.150    5.050   -1.150   -585.10     26.60    -37.20   3.700    206697.0
2015  3 19 22 35 00 000    3.000    5.440    0.180   -590.80     34.40    -37.70   3.910    240759.0
2015  3 19 22 36 00 000    3.710    4.560    1.800   -584.50     37.60    -29.80   3.700    220660.0
2015  3 19 22 37 00 000    4.250    3.120    2.880   -577.80     35.40    -17.10   3.450    224582.0
2015  3 19 22 38 00 000    4.390    2.160    3.530   -575.00     33.40    -10.40   3.330    232268.0
2015  3 19 22 39 00 000    5.150    2.350    1.580   -576.90     38.30    -11.10   3.390    217488.0
2015  3 19 22 41 00 000    5.340    2.860    1.710   -574.00     31.60    -17.90   3.640    209118.0
2015  3 19 22 42 00 000    5.130    3.120    1.400   -574.00     31.60    -17.90   3.640    209118.0
2015  3 19 22 44 00 000    4.900    2.380    2.640   -568.50     33.80     -9.00   3.390    218000.0
2015  3 19 22 45 00 000    5.050    2.270    2.540   -572.50     35.30    -15.50   3.700    210484.0
2015  3 19 22 46 00 000    5.270    1.240    2.950   -571.30     36.40     -9.10   3.420    211288.0
2015  3 19 22 47 00 000    5.400    0.980    2.710   -573.10     32.00     -4.70   3.110    215370.0
2015  3 19 22 48 00 000    5.510    0.620    2.750   -573.10     32.00     -4.70   3.110    215370.0
2015  3 19 22 50 00 000    5.740    0.050    2.690   -569.80     21.50     -9.00   3.090    225239.0
2015  3 19 22 51 00 000    5.600   -0.740    2.620   -571.60     19.50     -9.10   2.910    240186.0
2015  3 19 22 52 00 000    5.570   -1.130    2.540   -572.00     19.10     -9.10   2.870    243267.0
2015  3 19 23  0 00 000    4.590   -2.900   -1.880   -582.60    -49.40    -22.70   3.110    193031.0
2015  3 19 23  1 00 000    3.860   -3.120   -2.540   -583.00    -46.70    -22.20   3.100    192174.0
2015  3 19 23  2 00 000    4.330   -3.160   -2.620   -583.30    -41.10    -21.10   3.100    184768.0
2015  3 19 23  3 00 000    3.070   -2.630   -2.790   -585.80    -42.70    -24.50   3.200    183041.0
2015  3 19 23  4 00 000    3.730   -1.730    0.410   -596.10    -44.50    -32.80   3.540    186840.0
2015  3 19 23  5 00 000    4.440   -2.070   -0.720   -581.40    -35.80    -27.00   3.460    181106.0
2015  3 19 23  6 00 000    4.230   -3.210    2.060   -581.40    -35.80    -27.00   3.460    181106.0
2015  3 19 23 16 00 000    3.460   -3.590   -2.700   -580.80    -45.40    -25.70   3.290    202041.0
2015  3 19 23 17 00 000    3.390   -2.650   -3.910   -580.70    -45.40    -25.70   3.290    202034.0
2015  3 19 23 18 00 000    2.950   -3.430   -3.570   -580.90    -52.70    -23.30   3.150    199777.0
2015  3 19 23 19 00 000    3.620   -3.370   -2.850   -583.00    -54.10    -19.70   3.040    191243.0
2015  3 19 23 20 00 000    3.030   -3.330   -3.670   -578.60    -47.50    -21.00   3.150    223488.0
2015  3 19 23 21 00 000    3.100   -2.850   -3.930   -578.60    -47.50    -21.00   3.150    223488.0
2015  3 19 23 22 00 000    3.310   -2.320   -0.450   -580.40    -50.00    -22.80   3.310    205590.0
2015  3 19 23 23 00 000    3.630   -3.610    1.500   -580.40    -50.00    -22.80   3.310    205590.0
