# OMNI 1-min, GSM, time-shifted to bow shock nose
# yr mo dy hr mn sc msec  Bx[nT] By[nT] Bz[nT]  Vx[km/s] Vy[km/s] Vz[km/s]  N[/cc] T[K]
#START
2024  5 10 12  0 00 000   -0.250   -1.600   -3.100   -423.60     27.30     -8.30   3.020     59575.0
2024  5 10 12  4 00 000   -0.360   -1.270   -3.030   -425.20     19.50     -4.60   2.850     54341.0
2024  5 10 12  5 00 000   -0.750   -0.720   -2.520   -425.20     19.20     -6.40   2.990     58508.0
2024  5 10 12  6 00 000   -0.300   -1.870   -3.240   -425.30     17.40    -18.60   3.940     86811.0
2024  5 10 12  7 00 000   -0.020   -2.230   -3.480   -425.30     17.40    -18.60   3.940     86811.0
2024  5 10 12 13 00 000   -0.740   -1.420   -2.830   -429.90     23.10     -3.50   2.440     42872.0
2024  5 10 12 14 00 000   -1.170   -0.920   -2.580   -429.90     23.10     -3.50   2.440     42872.0
2024  5 10 12 15 00 000   -1.910   -0.170   -2.000   -429.90     23.10     -3.50   2.440     42872.0
2024  5 10 12 17 00 000   -0.080   -2.150   -3.420   -419.90     20.70     -7.50   3.020     57505.0
2024  5 10 12 18 00 000    0.260   -2.270   -3.260   -419.90     20.70     -7.50   3.020     57505.0
2024  5 10 12 19 00 000    0.160   -2.320   -3.340   -431.30     20.90    -14.80   2.300     41928.0
2024  5 10 12 20 00 000    0.310   -2.370   -3.250   -434.80     20.90    -17.00   2.070     37120.0
2024  5 10 12 21 00 000    0.020   -2.210   -3.430   -434.10     20.90    -15.90   2.090     37214.0
2024  5 10 12 22 00 000   -0.570   -1.810   -2.910   -430.20     20.90     -9.30   2.210     37752.0
2024  5 10 12 23 00 000   -0.720   -1.600   -2.810   -430.20     20.90     -9.30   2.210     37752.0
2024  5 10 12 24 00 000   -1.550   -1.010   -2.050   -431.50     25.40      1.60   2.850     55325.0
2024  5 10 12 25 00 000   -1.130   -0.460   -2.420   -428.50     19.80     -1.50   3.160     56813.0
2024  5 10 12 26 00 000   -1.690    0.170   -1.940   -422.80      9.00     -7.40   3.780     59799.0
2024  5 10 12 27 00 000   -1.150   -0.780   -2.490   -417.40     10.70     -3.50   3.190     90952.0
2024  5 10 12 28 00 000    0.100   -1.550   -2.870   -421.90     14.90     -4.70   2.870     57883.0
2024  5 10 12 29 00 000   -0.570   -1.270   -2.780   -414.60      7.10     -5.30   3.260     82056.0
2024  5 10 12 30 00 000   -0.890   -1.210   -2.970   -411.30      6.80      0.80   3.330     77567.0
2024  5 10 12 31 00 000   -1.030   -1.070   -3.320   -415.10     11.40     -1.50   3.010     64567.0
2024  5 10 12 32 00 000   -1.240   -1.000   -2.810   -418.60     16.10     -1.20   2.710     53069.0
2024  5 10 12 33 00 000   -1.000   -1.400   -3.130   -428.20     22.50     -6.80   3.120     43814.0
2024  5 10 12 34 00 000   -1.290   -0.940   -2.870   -436.60     27.50    -12.90   3.540     37782.0
2024  5 10 12 36 00 000   -1.530   -1.070   -3.050   -410.80     11.60     -3.20   2.810     72279.0
2024  5 10 12 37 00 000   -1.070   -1.590   -3.210   -409.70     10.20     -2.30   2.950     88605.0
2024  5 10 12 38 00 000   -1.700   -1.210   -3.360   -411.20      9.40     -2.70   2.750     54371.0
2024  5 10 12 39 00 000   -1.930   -0.870   -3.110   -411.20      9.50     -2.60   2.750     55393.0
2024  5 10 12 40 00 000   -1.300   -1.610   -3.370   -409.80     11.00      1.90   2.680     87690.0
2024  5 10 12 41 00 000   -2.180   -1.010   -3.180   -409.80     11.00      1.90   2.680     87869.0
2024  5 10 12 42 00 000   -1.410   -1.460   -3.420   -409.60     21.10     -6.30   2.930     48007.0
2024  5 10 12 43 00 000   -1.660   -1.360   -3.430   -408.20      7.20     -2.30   2.840     58631.0
2024  5 10 12 44 00 000   -1.930   -1.060   -3.430   -407.80      2.80     -1.00   2.810     62029.0
2024  5 10 13 11 00 000   -2.920    0.070   -2.270   -404.80     11.30      0.60   2.800    107894.0
2024  5 10 13 12 00 000   -2.710   -0.350   -2.630   -404.80     11.30      0.60   2.800    107894.0
2024  5 10 13 17 00 000   -2.920    0.580   -2.070   -404.80     -2.20    -12.40   3.120    118088.0
2024  5 10 13 25 00 000   -2.760    0.100   -2.290   -407.70      2.20      7.70   3.450    132000.0
2024  5 10 13 26 00 000   -2.550   -0.140   -2.510   -407.70      2.20      7.70   3.450    132000.0
2024  5 10 13 36 00 000   -2.980    0.060   -1.990   -402.60      9.60     -6.10   3.120    105506.0
2024  5 10 13 37 00 000   -3.080   -0.160   -1.800   -402.60      9.60     -6.10   3.120    105506.0
2024  5 10 13 39 00 000   -3.110    0.520   -0.910   -405.30     -9.50     -0.80   3.200    154229.0
2024  5 10 13 40 00 000   -3.170    0.780   -0.810   -405.30     -9.50     -0.80   3.200    154229.0
2024  5 10 13 41 00 000   -3.190    0.930   -0.690   -405.30     -9.50     -0.80   3.200    154229.0
2024  5 10 13 42 00 000   -3.210    0.760   -0.690   -400.50     -0.80     -6.00   3.310    151432.0
2024  5 10 13 43 00 000   -3.270    0.580   -0.680   -400.50     -0.80     -6.00   3.310    151432.0
2024  5 10 13 44 00 000   -3.300    0.740   -0.430   -400.50     -0.80     -6.00   3.310    151432.0
2024  5 10 13 48 00 000   -3.310    0.630   -0.530   -400.70     -3.80    -17.20   3.230     84406.0
2024  5 10 13 49 00 000   -3.300    0.450   -0.900   -400.20     -3.50    -22.10   3.190     80623.0
2024  5 10 13 50 00 000   -3.240    0.570   -0.820   -399.90     12.90     -4.10   3.170    120825.0
2024  5 10 13 51 00 000   -3.100   -0.310   -0.840   -399.90     13.00     -3.90   3.170    121209.0
2024  5 10 13 54 00 000   -3.040    0.290   -0.370   -404.20    -17.30    -34.20   3.100     85806.0
2024  5 10 13 55 00 000   -3.200    0.260   -0.090   -404.20    -17.30    -34.20   3.100     85806.0
2024  5 10 13 57 00 000   -3.060   -0.200   -0.190   -405.10     -4.00    -46.70   3.410    102446.0
2024  5 10 13 58 00 000   -2.950   -0.690   -0.480   -405.10     -4.00    -46.70   3.410    102446.0
2024  5 10 13 59 00 000   -2.900   -0.420    0.090   -411.40     -7.20    -38.10   2.970     84308.0
2024  5 10 14  0 00 000   -3.030   -0.390    0.240   -404.80      1.30    -21.10   2.940     76832.0
2024  5 10 14  1 00 000   -3.030   -0.090    0.290   -410.70     -0.70    -13.10   2.990    120275.0
2024  5 10 14  2 00 000   -2.700    0.200    1.130   -403.10      7.50    -13.70   3.100     94956.0
2024  5 10 14  3 00 000   -2.480   -0.210    0.980   -401.10      9.30    -13.80   3.110     87316.0
2024  5 10 14  5 00 000   -2.820   -0.190    1.540   -410.20     -2.00    -32.50   3.310     90798.0
2024  5 10 14  6 00 000   -2.800   -0.420    1.520   -410.60     -1.10    -32.10   3.310     93355.0
2024  5 10 14  7 00 000   -3.060   -0.390   -0.000   -412.40      2.90    -30.40   3.300    104850.0
2024  5 10 14  8 00 000   -3.080   -0.430    0.140   -405.00      3.30    -21.60   3.200    116310.0
2024  5 10 14 10 00 000   -3.120    0.270   -0.700   -407.90     10.00     -8.90   3.550    115483.0
2024  5 10 14 11 00 000   -3.040    0.290    1.920   -407.90     10.00     -8.90   3.550    115483.0
2024  5 10 14 14 00 000   -3.270    0.890    1.120   -409.10     -7.90    -29.30   3.830    109999.0
2024  5 10 14 15 00 000   -3.090    0.890    1.500   -409.10     -7.90    -29.20   3.830    109856.0
2024  5 10 14 16 00 000   -3.020    1.610    0.450   -409.30     -4.30    -23.80   3.620     94552.0
2024  5 10 14 17 00 000   -3.020    1.560    0.210   -409.30     -3.70    -22.90   3.590     92162.0
2024  5 10 14 28 00 000   -3.090    1.620    0.440   -407.60    -16.40    -17.70   3.580    111864.0
2024  5 10 14 29 00 000   -3.140    1.480    0.580   -407.60    -16.40    -17.70   3.580    111864.0
2024  5 10 14 31 00 000   -2.960    1.350    0.800   -409.10    -14.10    -27.20   3.840    140789.0
2024  5 10 14 32 00 000   -3.230    1.120    0.350   -409.10    -14.10    -27.20   3.840    140789.0
2024  5 10 14 34 00 000   -3.220    0.970    0.660   -406.90     -7.20     -8.60   3.470    101750.0
2024  5 10 14 35 00 000   -3.150    1.350    0.610   -406.90     -7.20     -8.60   3.470    101750.0
2024  5 10 14 36 00 000   -2.470    1.430    1.270   -406.90     -7.20     -8.60   3.470    101750.0
2024  5 10 14 39 00 000   -2.010    1.230    0.960   -429.00    -11.40     26.10   3.820    244874.0
2024  5 10 14 40 00 000   -2.060    1.470    0.680   -429.00    -11.40     26.10   3.820    244874.0
2024  5 10 14 41 00 000   -2.490    1.420    0.150   -429.00    -11.40     26.10   3.820    244874.0
2024  5 10 14 50 00 000   -2.370    1.550    0.860   -415.30     -2.60    -15.70   3.090    130591.0
2024  5 10 14 51 00 000   -2.460    1.470    0.300   -415.30     -2.60    -15.70   3.090    130591.0
2024  5 10 14 52 00 000   -2.440    1.040    0.280   -423.20     -4.70     -6.70   5.200    179634.0
2024  5 10 14 53 00 000   -2.110    0.670    1.070   -423.20     -4.70     -6.70   5.190    179390.0
2024  5 10 14 54 00 000   -2.170    0.860    0.890   -410.80     -1.30    -14.00   3.340    112742.0
2024  5 10 14 55 00 000   -1.980    0.600    1.070   -410.60     -1.20    -14.10   3.320    111553.0
2024  5 10 14 58 00 000   -1.730    0.140   -0.540   -438.80     12.10      6.60   5.870     87568.0
2024  5 10 14 59 00 000   -1.430   -1.200   -0.900   -448.80     14.30      4.40   8.420     95528.0
2024  5 10 15  0 00 000   -1.860   -0.320   -0.880   -440.60    -10.70     12.60   5.740    144211.0
2024  5 10 15  1 00 000   -1.380   -0.360   -0.800   -417.70      0.50     -1.50   3.760    122942.0
2024  5 10 15  2 00 000   -2.430    0.390   -0.490   -411.50      7.90     -7.50   3.500    110826.0
2024  5 10 15  3 00 000   -2.300    0.380   -1.590   -446.30      1.90     -4.20   4.930    136042.0
2024  5 10 15  4 00 000   -1.960    0.250   -0.930   -449.20      0.00     -7.00   6.310    130170.0
2024  5 10 15  5 00 000   -1.980    0.410   -1.190   -456.90     12.20     -3.30  12.310     63681.0
2024  5 10 15  6 00 000   -1.820    0.470   -2.220   -447.80     12.80      0.30   5.420    107827.0
2024  5 10 15  7 00 000   -2.150    0.440    0.420   -444.70      9.00     -8.00   5.110    129522.0
2024  5 10 15  8 00 000   -2.840    0.990   -0.210   -430.00      9.40    -16.40   4.040    107215.0
2024  5 10 15  9 00 000   -2.840    0.900   -0.250   -439.00     14.60     -3.90   5.090     96365.0
2024  5 10 15 10 00 000   -2.300    1.020   -0.350   -437.20      8.10    -11.40   6.820     97571.0
2024  5 10 15 11 00 000   -1.940    0.640    0.340   -440.60     13.80    -14.00   8.040    107028.0
2024  5 10 15 13 00 000   -1.480    0.700    0.480   -450.80      8.90      2.70  13.360     58554.0
2024  5 10 15 14 00 000   -2.650    0.240   -0.050   -444.90      8.50     -1.90   9.520    105807.0
2024  5 10 15 15 00 000   -2.340   -0.030   -0.390   -442.40      7.50     -7.20   7.940    108810.0
2024  5 10 15 16 00 000   -1.880    0.240   -1.390   -446.30      9.10     -8.50   8.420    112645.0
2024  5 10 15 17 00 000   -1.580   -0.020   -1.570   -451.50      9.50      1.60  10.800     68217.0
2024  5 10 15 18 00 000   -1.630    0.340   -0.480   -454.40      8.00     -4.70  11.480     70349.0
2024  5 10 15 19 00 000   -1.620    0.290   -0.630   -456.30     10.30     -3.70  13.720     54238.0
2024  5 10 15 20 00 000   -2.140    0.890   -1.190   -456.00     10.10     -1.20  12.300     64421.0
2024  5 10 15 21 00 000   -2.300    0.650   -0.640   -440.70      9.20     -3.20   6.910    170584.0
2024  5 10 15 22 00 000   -2.350   -0.020   -0.950   -448.00     13.90     -7.60   9.400    113753.0
2024  5 10 15 23 00 000   -2.160    0.050   -0.270   -448.10     18.20    -20.80   7.780    116911.0
2024  5 10 15 24 00 000   -2.620    0.450   -1.200   -457.30      7.00     15.40  13.920     49417.0
2024  5 10 15 25 00 000   -2.380   -0.130   -0.720   -456.20     10.10      9.60  11.630     57874.0
2024  5 10 15 26 00 000   -2.100    0.110    0.490   -454.70     13.60      1.50   8.890     68853.0
2024  5 10 15 27 00 000   -2.290   -0.270    0.200   -457.10      3.30    -13.70  13.470     65406.0
2024  5 10 15 28 00 000   -1.930   -0.210    0.620   -454.00     10.60      1.70  14.000     48592.0
2024  5 10 15 29 00 000   -2.180   -0.310    0.280   -453.50     11.80      4.20  14.090     45820.0
2024  5 10 15 31 00 000   -1.920   -0.730   -1.540   -455.50      6.00     -5.50  13.150     58657.0
2024  5 10 15 32 00 000   -1.750   -0.220   -0.680   -455.30      6.20     -5.10  12.920     59926.0
2024  5 10 15 33 00 000   -1.450    0.240    0.080   -455.30      6.60     -5.00  11.500     46553.0
2024  5 10 15 34 00 000   -1.670   -0.680   -1.170   -452.40     10.30      1.80  13.110     43609.0
2024  5 10 15 35 00 000   -1.500   -0.790   -1.080   -456.70      5.30     -7.70  12.830     48378.0
2024  5 10 15 36 00 000   -1.070    1.140    1.930   -453.70     11.40     -1.80  14.300     50636.0
2024  5 10 15 37 00 000   -1.250    0.830    2.440   -451.60     18.00      3.10  14.900     50775.0
2024  5 10 15 44 00 000   -1.330    1.240    1.950   -452.30     16.20      2.50  15.030     47432.0
2024  5 10 15 45 00 000   -1.320    1.310    1.810   -452.30     16.20      2.50  15.030     47432.0
2024  5 10 15 48 00 000   -1.070    0.750    1.920   -448.40     17.60      3.70  15.000     49344.0
2024  5 10 15 49 00 000   -1.680    0.940    1.920   -448.80     16.10      4.20  14.980     48192.0
2024  5 10 15 50 00 000   -1.100    1.210    1.810   -448.70     12.90      5.30  13.860     45594.0
2024  5 10 15 51 00 000   -1.230    0.920    2.320   -448.70     16.00      3.20  14.810     50399.0
2024  5 10 15 52 00 000   -1.010    1.040    2.150   -448.60     17.40      2.40  15.110     51797.0
2024  5 10 15 56 00 000   -0.960    0.850    1.650   -453.50     21.40     -6.50  15.360     38971.0
2024  5 10 15 57 00 000   -1.080    0.600    1.830   -453.50     21.40     -6.50  15.360     38971.0
2024  5 10 15 58 00 000   -1.150    0.260    1.580   -449.70      9.50      7.10  15.150     45319.0
2024  5 10 15 59 00 000   -0.220   -0.080    2.260   -449.40      9.60      8.00  15.190     46125.0
2024  5 10 16  0 00 000   -0.960    0.830    1.710   -448.50     18.60      8.60  15.780     50916.0
2024  5 10 16  1 00 000   -1.010    0.310    1.540   -448.50     18.60      8.60  15.780     50916.0
2024  5 10 16  2 00 000   -1.300    0.600    1.930   -446.80     21.50      4.90  15.830     48941.0
2024  5 10 16  3 00 000   -0.850    0.820    1.810   -449.10     18.50      3.40  15.510     48062.0
2024  5 10 16  4 00 000   -1.340    0.470    1.350   -449.70     13.40      5.30  14.830     46172.0
2024  5 10 16  5 00 000   -1.130    0.950    1.710   -449.90     11.40      5.30  14.970     45337.0
2024  5 10 16  6 00 000   -1.390    0.670    1.360   -449.30     11.90      3.70  14.950     46433.0
2024  5 10 16  8 00 000   -1.480    0.380    1.620   -447.50     21.10      2.00  16.080     46202.0
2024  5 10 16  9 00 000   -1.600    0.280    1.430   -445.70     24.90      3.80  16.240     48479.0
2024  5 10 16 10 00 000   -2.090    1.030    1.060   -443.50     29.40      5.90  16.440     51267.0
2024  5 10 16 11 00 000   -1.370    0.740    1.630   -449.20     20.30      5.80  13.330     41276.0
2024  5 10 16 12 00 000   -1.720    1.330    1.830   -449.20     20.30      5.80  13.330     41276.0
2024  5 10 16 13 00 000   -1.480    1.100    1.820   -448.40     15.60      1.70  16.480     45158.0
2024  5 10 16 14 00 000   -1.330    1.490    2.320   -449.40     16.90      2.10  16.090     47444.0
2024  5 10 16 15 00 000   -0.890    0.860    2.200   -450.00     17.50      2.40  15.890     48563.0
2024  5 10 16 17 00 000   -0.640    1.410    2.720   -452.70     17.90      0.60  16.470     57654.0
2024  5 10 16 18 00 000   -1.020    0.840    2.460   -452.70     17.90      0.60  16.470     57654.0
2024  5 10 16 19 00 000   -0.930    1.290    2.580   -446.80     16.50      2.20  15.560     46715.0
2024  5 10 16 20 00 000   -0.810    1.230    2.250   -446.30     15.40      3.30  14.620     45695.0
2024  5 10 16 21 00 000   -1.050    1.280    2.170   -446.70     14.50      4.20  13.810     46376.0
2024  5 10 16 22 00 000   -1.070    1.630    2.000   -449.20     11.60     12.20  16.480     53079.0
2024  5 10 16 23 00 000   -1.610    1.780    1.640   -449.20     11.80     11.70  16.510     52845.0
2024  5 10 16 24 00 000   -1.710    1.690    1.930   -448.50     15.10      4.70  17.020     49452.0
2024  5 10 16 25 00 000   -1.780    1.180    2.170   -448.50     15.10      4.70  17.020     49452.0
2024  5 10 16 26 00 000   -1.260    1.520    2.300   -444.90     16.50      5.10  14.780     49903.0
2024  5 10 16 27 00 000   -1.490    1.840    2.410   -445.10     17.50      3.80  15.160     49647.0
2024  5 10 16 28 00 000   -1.430    1.630    2.620   -445.80     20.10      0.20  16.260     48926.0
2024  5 10 16 33 00 000   -1.310    1.700    2.290   -445.40     16.20      5.60  14.840     49141.0
2024  5 10 16 34 00 000   -1.570    1.450    2.370   -446.50     16.80      4.10  15.650     47767.0
2024  5 10 16 35 00 000   -1.400    1.440    2.130   -448.40     17.80      1.60  17.040     45406.0
2024  5 10 16 41 00 000   -1.440    1.440    2.450   -447.90     16.10      1.10  15.600     41688.0
2024  5 10 16 42 00 000   -1.260    1.790    2.940   -447.90     16.10      1.10  15.600     41688.0
2024  5 10 16 43 00 000   -1.170    1.480    2.660   -447.90     16.10      1.10  15.600     41688.0
2024  5 10 16 48 00 000   -1.430    1.500    2.680   -448.50     19.40      2.90  17.780     50810.0
2024  5 10 16 49 00 000   -1.340    1.940    3.790   -448.50     19.40      2.90  17.780     50810.0
2024  5 10 16 50 00 000   -1.430    1.900    3.800   -448.50     19.40      2.90  17.780     50810.0
2024  5 10 16 55 00 000   -1.340    2.410    3.280   -447.20     16.40     -1.30  17.400     44104.0
2024  5 10 16 56 00 000   -1.620    2.040    3.290   -447.20     16.40     -1.30  17.400     44104.0
2024  5 10 17  1 00 000   -1.060    1.680    3.690   -446.80     23.80      0.40  14.880     45156.0
2024  5 10 17  2 00 000   -1.070    1.780    3.570   -446.80     23.80      0.40  14.880     45156.0
2024  5 10 17  5 00 000   -2.540   -1.900  -14.580   -710.70     15.30     59.90  48.550    918075.0
2024  5 10 17  6 00 000  -12.890   -9.180   -5.060   -706.90     16.90     37.00  46.700    805109.0
2024  5 10 17  7 00 000    7.600    3.190  -10.390   -449.20     21.80     -1.90  19.690     72101.0
2024  5 10 17  8 00 000    1.720   -2.460  -12.350   -461.60     18.80      4.80  20.700    112205.0
2024  5 10 17  9 00 000   -9.290  -11.280   -7.530   -693.60    -37.50    130.20  40.020    865402.0
2024  5 10 17 10 00 000   -0.310   -7.150  -10.490   -681.90      8.80     92.10  44.250    738933.0
2024  5 10 17 11 00 000   -0.810   -7.180   -7.840   -674.90     36.60     69.30  46.780    663206.0
2024  5 10 17 12 00 000   -4.500   -4.460   -4.290   -449.40     16.90    -12.60  18.240     45343.0
2024  5 10 17 13 00 000   -3.420    1.800    1.460   -465.20     17.70     -2.60  19.420     55010.0
2024  5 10 17 14 00 000   -5.400    4.420   -2.020   -514.80     19.90      4.10  28.970     99766.0
2024  5 10 17 15 00 000   -2.680    7.030    0.980   -686.50     35.70    108.80  53.010    740729.0
2024  5 10 17 16 00 000   -2.340    2.310   -0.180   -685.30     -1.00     69.20  56.270    597414.0
2024  5 10 17 17 00 000   -2.390    2.090   -1.270   -582.10      6.20     33.80  38.290    350094.0
2024  5 10 17 18 00 000   -2.980    0.610   -2.940   -447.30     21.00     -1.90  15.540     47611.0
2024  5 10 17 19 00 000   -2.680    1.170   -3.020   -439.80     31.70      3.90  10.300     35931.0
2024  5 10 17 20 00 000   -2.230    0.190   -6.490   -439.80     31.70      3.90  10.300     35931.0
2024  5 10 17 21 00 000   -2.040    3.350   -8.220   -588.30     64.80     64.80  32.540    463163.0
2024  5 10 17 22 00 000    0.480   -4.400  -10.490   -578.90     59.00     56.50  32.170    429870.0
2024  5 10 17 23 00 000   -2.350   -6.660   -6.180   -682.60     57.60     73.90  38.540    691811.0
2024  5 10 17 24 00 000   -8.080  -10.150   -2.080   -444.80     22.20      0.40  19.240     57913.0
2024  5 10 17 25 00 000   -7.110   -7.850    3.480   -443.70     22.30      0.20  18.910     54198.0
2024  5 10 17 26 00 000   -3.740   -2.690   -3.380   -441.50     25.20      1.60  22.570     55544.0
2024  5 10 17 27 00 000   -3.530   -0.180    1.590   -443.20     22.70      2.60  20.400     52770.0
2024  5 10 17 28 00 000   -7.740  -10.880   -2.540   -449.70     19.90      4.30  16.890     48500.0
2024  5 10 17 29 00 000   -6.580   -7.060  -21.920   -652.30     24.30     58.10  44.010    441378.0
2024  5 10 17 30 00 000   -4.300   -3.530  -14.910   -570.30     43.70     33.10  25.320    342415.0
2024  5 10 17 31 00 000   -3.370   -2.020   -5.160   -633.30    128.20      1.30  29.330    948159.0
2024  5 10 17 32 00 000   -2.480   -1.530   -3.850   -496.50     51.10     -1.90  18.620    291312.0
2024  5 10 17 33 00 000   -6.740  -11.240  -28.020   -444.20     21.60     -2.90  14.650     40365.0
2024  5 10 17 50 00 000  -13.270   -9.550  -24.320   -684.20     63.00     52.30  34.000    832389.0
2024  5 10 17 51 00 000   -0.690  -11.910   -6.750   -687.10     50.30     49.40  36.170    829253.0
2024  5 10 17 52 00 000   -1.190   -7.890    0.430   -689.50     40.10     46.90  37.840    830619.0
2024  5 10 17 53 00 000    7.090   -7.830    6.050   -697.00     28.20     33.30  32.150   1175658.0
2024  5 10 17 54 00 000   11.370   -4.350   16.460   -680.60     21.10     54.00  32.540    788144.0
2024  5 10 17 55 00 000    6.100   -4.160    9.690   -666.90     34.60     64.00  36.970    901585.0
2024  5 10 17 56 00 000    5.670   -5.310    5.840   -659.60     50.50     66.20  41.180   1155504.0
2024  5 10 17 59 00 000   -5.180  -16.810  -19.700   -685.80     26.90     87.10  36.000    789019.0
2024  5 10 18  0 00 000   -3.800  -10.490  -18.700   -685.80     26.90     87.00  35.950    787474.0
2024  5 10 18  1 00 000  -12.930  -28.610  -33.090   -688.10     27.10     68.20  23.790    372531.0
2024  5 10 18  2 00 000  -14.700  -24.210  -35.140   -696.00     31.00     68.10  23.320    432825.0
2024  5 10 18  3 00 000  -14.600  -22.280  -33.650   -699.80     32.90     68.10  23.090    462039.0
2024  5 10 18  4 00 000  -15.040  -15.510  -33.350   -694.70     67.30     61.90  40.020    330761.0
2024  5 10 18  5 00 000  -16.390  -13.880  -35.100   -699.10     56.50     53.00  38.550    361402.0
2024  5 10 18  6 00 000  -17.490   -2.500  -39.800   -701.90     49.10     47.20  36.630    379887.0
2024  5 10 18  7 00 000  -17.960   -2.320  -40.420   -706.20     63.60     28.70  35.530    309551.0
2024  5 10 18  8 00 000  -15.610    8.180  -40.020   -698.50     58.50     30.90  35.210    365321.0
2024  5 10 18  9 00 000  -16.240  -13.080  -38.050   -704.10     59.70     21.40  32.800    456378.0
2024  5 10 18 10 00 000  -14.560  -31.270  -34.770   -720.60     63.80     -5.30  26.100    704366.0
2024  5 10 18 11 00 000  -15.930  -33.040  -34.100   -704.10     14.90     47.90  16.420    386514.0
2024  5 10 18 12 00 000  -16.570  -37.650  -29.640   -704.00     14.60     48.20  16.360    384591.0
2024  5 10 18 13 00 000  -17.320  -38.280  -27.380   -709.50      2.50     50.00  16.680    722214.0
2024  5 10 18 14 00 000  -16.980  -39.190  -25.880   -707.80      1.10     51.30  17.190    772389.0
2024  5 10 18 15 00 000  -15.800  -40.400  -24.100   -699.50     -1.50     56.30  19.190    881394.0
2024  5 10 18 16 00 000  -14.400  -40.110  -25.490   -699.50     -1.50     56.30  19.190    881394.0
2024  5 10 18 17 00 000  -13.550  -36.430  -30.880   -695.20     -4.10     45.10  16.670    797332.0
2024  5 10 18 18 00 000  -14.090  -38.700  -27.240   -695.20     -4.10     45.10  16.670    797332.0
2024  5 10 18 19 00 000  -14.470  -39.720  -25.350   -695.20     -4.10     45.10  16.670    797332.0
2024  5 10 18 20 00 000  -14.260  -41.920  -23.650   -686.90     -4.20     55.00  16.210    925752.0
2024  5 10 18 21 00 000  -15.450  -41.360  -26.110   -686.90     -4.20     55.00  16.210    925752.0
2024  5 10 18 24 00 000  -13.400  -41.200  -25.520   -691.00     19.60     -5.60  15.670   1143828.0
2024  5 10 18 25 00 000  -14.360  -44.590  -16.860   -691.00     19.60     -5.60  15.670   1143828.0
2024  5 10 18 26 00 000  -11.450  -34.970  -25.150   -697.10     23.20     21.20  17.050    761291.0
2024  5 10 18 27 00 000   -7.450  -34.530  -19.770   -697.50     22.50     20.20  16.820    753308.0
2024  5 10 18 28 00 000    2.950  -15.830   -2.930   -698.50     21.30     18.40  16.350    738101.0
2024  5 10 18 29 00 000   -2.850   -1.540   -9.800   -696.10    113.70    -29.60  49.210   1452499.0
2024  5 10 18 30 00 000    4.000   -5.960   -2.910   -674.80    146.70    -14.20  53.500   1748584.0
2024  5 10 18 31 00 000   -3.750   -6.010   -3.110   -678.20    133.50      2.20  59.590   2035350.0
2024  5 10 18 32 00 000   -2.050  -12.570    0.440   -693.00    114.40     -1.70  60.440   2103181.0
2024  5 10 18 33 00 000   -9.880   -7.390   -3.820   -706.50    100.70    -33.00  51.690   1605394.0
2024  5 10 18 34 00 000  -11.070   -4.890   -9.130   -708.90     89.20    -54.20  49.640   1381288.0
2024  5 10 18 35 00 000   -9.020    0.570  -15.040   -716.70     86.90    -27.20  48.030   1223361.0
2024  5 10 18 36 00 000   -7.760    0.310  -12.200   -716.70     86.90    -27.20  48.030   1223361.0
2024  5 10 18 37 00 000  -13.640   -0.240  -12.800   -708.00     71.80    -16.00  48.370   1258015.0
2024  5 10 18 38 00 000  -13.380    3.160  -13.620   -708.00     71.80    -16.00  48.370   1258015.0
2024  5 10 18 39 00 000  -10.760    6.890  -13.630   -708.00     71.80    -16.00  48.370   1258015.0
2024  5 10 18 45 00 000  -10.370   11.500  -13.530   -697.50     93.70    -35.20  51.940   1470441.0
2024  5 10 18 46 00 000  -12.290   10.490  -18.440   -696.90     93.40    -35.60  50.520   1415606.0
2024  5 10 18 47 00 000  -11.720    7.890  -17.500   -696.30     93.10    -36.00  48.950   1355091.0
2024  5 10 18 53 00 000  -13.730    5.500  -18.340   -700.10     74.00    -59.90  50.210   1307246.0
2024  5 10 18 54 00 000  -16.210    4.630  -22.990   -708.30     78.80    -58.30  50.840   1197870.0
2024  5 10 18 55 00 000  -15.830    0.850  -22.400   -712.50     81.30    -57.50  51.170   1142165.0
2024  5 10 18 56 00 000   -8.910   -9.360  -18.970   -674.70     39.90     -9.20  41.660   1241883.0
2024  5 10 18 57 00 000    6.030  -18.580   -3.810   -653.40     40.90     19.70  40.110   1030103.0
2024  5 10 18 58 00 000   10.200  -25.010    7.800   -645.00     13.50     37.80  39.490    951837.0
2024  5 10 18 59 00 000   11.790  -25.560    9.110   -641.10     35.60     46.90  35.210    899982.0
2024  5 10 19  0 00 000   11.660  -27.340    9.330   -639.20     31.00     42.70  39.850    988120.0
2024  5 10 19  1 00 000   14.260  -21.800   12.610   -641.10     31.10     44.30  43.420   1097623.0
2024  5 10 19  2 00 000   14.250  -20.320   12.110   -634.00     53.20     42.60  41.440    942489.0
2024  5 10 19  3 00 000   11.100  -19.780   14.520   -636.80     59.60     33.60  38.350    913073.0
2024  5 10 19  4 00 000   11.300  -21.070   11.940   -606.70     84.40     76.70  45.360   1202836.0
2024  5 10 19  5 00 000   -9.270  -31.260   -1.350   -602.60     85.80     80.80  46.730   1277281.0
2024  5 10 19  7 00 000   -5.250  -32.330   -0.840   -683.50    -16.00     31.70  34.310    874106.0
2024  5 10 19  8 00 000  -11.040  -30.230   -0.100   -683.50    -16.00     31.70  34.310    874106.0
2024  5 10 19 10 00 000   -3.960  -32.140   -0.110   -667.20    -28.50     48.90  38.980   1024024.0
2024  5 10 19 11 00 000   -4.570  -32.010   -0.200   -667.20    -28.50     48.90  38.980   1024024.0
2024  5 10 19 15 00 000    1.020  -31.690   -3.650   -659.40    -28.10     39.40  35.120    981961.0
2024  5 10 19 16 00 000   -1.770  -31.810   -3.430   -659.40    -28.10     39.40  35.120    981961.0
2024  5 10 19 18 00 000   -2.210  -32.070   -7.170   -658.30    -23.50     42.60  38.620   1107518.0
2024  5 10 19 19 00 000   -1.110  -24.970   -0.440   -658.30    -23.50     42.60  38.620   1107518.0
2024  5 10 19 20 00 000   -2.750  -21.300   -0.460   -674.70      7.30     16.90  46.170   1055013.0
2024  5 10 19 21 00 000   -6.800  -14.230   -9.380   -693.00     26.50    -14.70  52.300    963615.0
2024  5 10 19 22 00 000   -2.310  -21.530   -0.470   -674.80    -62.90      3.50  35.400    902238.0
2024  5 10 19 23 00 000   -7.030  -23.120   -3.040   -702.60     17.60     -4.40  47.220    597944.0
2024  5 10 19 24 00 000   -8.290  -20.790   -8.360   -686.70     -2.20      1.70  40.990    795954.0
2024  5 10 19 25 00 000   -2.760  -23.420   -8.480   -689.40     17.80    -18.80  53.660   1003050.0
2024  5 10 19 26 00 000   -4.240  -21.840   -8.720   -664.60    -18.80     18.60  32.890    885125.0
2024  5 10 19 27 00 000   -6.450  -15.110  -10.100   -661.40    -24.10     23.60  30.020    869749.0
2024  5 10 19 29 00 000   -4.160  -15.160   -9.740   -667.00    -21.80      5.90  36.270    848017.0
2024  5 10 19 30 00 000    0.270  -26.660  -14.280   -676.90      4.00    -13.10  42.160    893780.0
2024  5 10 19 31 00 000   -5.380   -9.870  -16.580   -686.70     12.60     -8.90  39.850    732356.0
2024  5 10 19 32 00 000   -1.600  -12.080  -10.210   -690.40     42.40     22.90  49.750    264028.0
2024  5 10 19 33 00 000    3.300   -9.250   -9.860   -650.30     -8.30    -10.10  31.080   1024015.0
2024  5 10 19 34 00 000    6.280  -15.700  -10.250   -661.10      2.20    -21.50  33.670   1008110.0
2024  5 10 19 35 00 000    2.530  -16.020   -9.050   -698.10     14.50    -29.90  40.910    809140.0
2024  5 10 19 36 00 000    5.940  -26.350   -5.650   -669.40    -21.30     -9.90  32.570    889738.0
2024  5 10 19 37 00 000   -1.730  -20.850   -6.470   -654.80    -36.80     -7.10  29.200    988306.0
2024  5 10 19 38 00 000    7.660  -31.590    3.210   -668.00    -21.80      5.10  30.410   1101013.0
2024  5 10 19 39 00 000    3.570  -13.970   -2.880   -690.90      1.60     -9.60  42.620    807274.0
2024  5 10 19 40 00 000   -0.050  -25.370    2.300   -712.70     21.20    -25.80  50.590    594759.0
2024  5 10 19 41 00 000   -3.270  -13.080  -11.540   -723.70     26.60    -35.90  50.270    382760.0
2024  5 10 19 42 00 000   -0.550  -15.020  -16.830   -723.70     26.60    -35.90  50.270    382760.0
2024  5 10 19 43 00 000   -5.370   -2.510  -19.550   -703.40     39.50     17.90  51.590    204577.0
2024  5 10 19 44 00 000   -4.020    0.640  -18.520   -701.90     42.90     18.00  49.750    229767.0
2024  5 10 19 45 00 000  -11.030   -3.860  -25.170   -711.50     37.50     -9.20  46.770    362065.0
2024  5 10 19 46 00 000  -11.860  -11.720  -24.030   -719.40     32.70    -25.80  42.480    243030.0
2024  5 10 19 47 00 000   -7.020    2.150  -25.010   -719.40     32.70    -25.80  42.480    243030.0
2024  5 10 19 48 00 000   -6.760   -3.320  -24.060   -719.40     32.70    -25.80  42.480    243030.0
2024  5 10 19 50 00 000  -12.650   -5.320  -23.680   -716.70     26.20    -25.30  43.230    178121.0
2024  5 10 19 51 00 000   -2.920   18.100  -26.840   -716.70     26.20    -25.30  43.230    178121.0
2024  5 10 19 53 00 000  -10.300  -11.930  -25.950   -703.70     47.80     -1.10  59.250    199096.0
2024  5 10 19 54 00 000  -10.580   -1.730  -26.660   -707.80     46.20    -10.60  59.740    195707.0
2024  5 10 19 55 00 000  -13.720  -12.980  -27.730   -711.90     30.70    -48.10  53.390    155086.0
2024  5 10 19 56 00 000  -15.360   -8.950  -29.500   -711.90     30.70    -48.10  53.390    155086.0
2024  5 10 19 57 00 000  -14.180  -10.400  -28.830   -709.10     36.00    -17.40  54.220    213173.0
2024  5 10 19 58 00 000  -14.790   -8.460  -29.520   -709.40     47.30    -11.50  52.030    192808.0
2024  5 10 19 59 00 000  -16.000   -5.040  -29.080   -712.60     55.60     -4.40  51.410    181259.0
2024  5 10 20  0 00 000  -16.400   10.240  -30.910   -698.00     62.80      8.60  40.280    131738.0
2024  5 10 20  1 00 000  -17.000    8.350  -30.760   -684.70     51.20     33.60  57.420    217782.0
2024  5 10 20  2 00 000  -17.630    5.190  -33.450   -684.40     50.50     34.60  58.570    223500.0
2024  5 10 20  4 00 000  -14.770    3.670  -31.100   -704.50     68.10    -14.20  57.350    229869.0
2024  5 10 20  5 00 000   -9.960   14.670  -27.650   -702.30     53.10     13.40  53.960    190667.0
2024  5 10 20  6 00 000  -13.830    3.260  -26.960   -707.00     41.00     28.20  54.970    224737.0
2024  5 10 20  7 00 000  -11.490    6.830  -28.590   -711.40     49.00      7.60  58.070    197540.0
2024  5 10 20  8 00 000  -19.960    6.420  -22.240   -709.40     48.90      8.70  60.910    214069.0
2024  5 10 20 13 00 000  -17.830   12.980  -22.920   -700.90     43.90     28.40  53.000    158102.0
2024  5 10 20 14 00 000  -12.360   16.030  -27.060   -700.90     43.90     28.40  53.000    158102.0
2024  5 10 20 15 00 000  -14.360   10.000  -26.170   -712.00     42.10     12.70  57.800    235562.0
2024  5 10 20 16 00 000  -12.010    9.300  -28.620   -711.20     41.90     11.80  56.750    226383.0
2024  5 10 20 43 00 000  -15.030    3.250  -28.190   -694.80     45.50    -10.50  51.840    237615.0
2024  5 10 20 44 00 000  -15.800    1.570  -28.320   -695.00     45.80     -8.90  51.230    251469.0
2024  5 10 20 45 00 000  -15.450    3.610  -27.260   -697.30     45.10     -3.90  48.750    290142.0
2024  5 10 20 46 00 000  -10.590    6.500  -30.010   -701.50     40.50    -10.60  45.120    312267.0
2024  5 10 20 47 00 000  -11.210    6.810  -29.040   -711.30     35.70    -14.30  41.970    316455.0
2024  5 10 20 48 00 000  -12.310    5.850  -30.700   -701.30     38.90    -16.30  49.330    245223.0
2024  5 10 20 49 00 000  -16.040    3.840  -31.260   -709.30     36.60    -18.70  41.950    286692.0
2024  5 10 20 50 00 000  -16.430    2.700  -29.880   -706.80     39.70    -14.20  44.510    290480.0
2024  5 10 20 51 00 000  -14.490    0.010  -30.270   -699.00     46.40     -4.80  52.200    281235.0
2024  5 10 20 52 00 000  -15.400   -0.820  -29.960   -710.00     23.80    -20.10  42.880    288314.0
2024  5 10 20 53 00 000  -13.750   -1.500  -26.170   -708.70     22.50    -18.00  43.280    285636.0
2024  5 10 20 54 00 000  -13.520  -10.350  -27.980   -696.90     33.70      2.40  47.840    287235.0
2024  5 10 20 55 00 000  -16.310   -8.340  -29.120   -704.00     31.10     -6.90  43.910    293267.0
2024  5 10 20 56 00 000  -14.170   -2.270  -28.970   -701.80     43.40     -9.00  55.860    243721.0
2024  5 10 20 57 00 000  -14.900   -0.580  -27.260   -701.80     43.40     -9.00  55.860    243721.0
2024  5 10 20 59 00 000  -11.750    4.080  -26.730   -695.20     42.20      9.50  59.680    277494.0
2024  5 10 21  0 00 000  -19.300  -10.280  -33.050   -702.40     28.10     -3.90  44.950    250857.0
2024  5 10 21  1 00 000  -18.770    2.500  -33.710   -704.40     35.40    -19.20  32.490    219886.0
2024  5 10 21  2 00 000  -18.040    3.230  -33.480   -694.30     51.60      2.20  46.650    217323.0
2024  5 10 21  3 00 000  -21.200   -0.180  -33.150   -690.80     55.80     10.10  51.590    215739.0
2024  5 10 21  4 00 000  -17.040    1.330  -31.990   -698.70     38.50    -19.10  28.930    178252.0
2024  5 10 21  5 00 000  -22.160    0.340  -37.080   -701.10     36.00    -21.40  29.590    176840.0
2024  5 10 21  6 00 000  -21.590    1.350  -36.480   -703.00     34.00    -23.30  30.130    175700.0
2024  5 10 21  7 00 000  -19.280    4.540  -33.710   -703.00     34.00    -23.30  30.130    175700.0
2024  5 10 21 10 00 000  -11.300    2.520  -26.260   -692.80     49.30      7.80  62.050    272867.0
2024  5 10 21 11 00 000  -17.090   20.500  -27.250   -692.50     24.70    -10.00  31.400    166728.0
2024  5 10 21 12 00 000  -20.660   26.700  -29.040   -692.50     20.60    -12.90  26.430    149260.0
2024  5 10 21 13 00 000  -17.190   14.100  -29.280   -685.60     83.90    -10.90  26.070    149260.0
2024  5 10 21 14 00 000  -20.620   13.160  -36.350   -685.60     83.90    -10.90  26.070    149260.0
2024  5 10 21 15 00 000  -17.140   12.250  -35.230   -687.80     51.10    -21.40  29.900    151311.0
2024  5 10 21 16 00 000  -22.860   19.690  -30.700   -687.90     51.10    -21.00  30.350    153241.0
2024  5 10 21 17 00 000  -16.820    3.840  -33.760   -691.30     59.80     -0.70  51.400    245223.0
2024  5 10 21 18 00 000  -16.320   -7.830  -37.530   -684.80     35.00     -9.00  36.420    175596.0
2024  5 10 21 19 00 000  -14.810  -14.070  -38.150   -678.00    -11.20     -8.90  36.900    166118.0
2024  5 10 21 20 00 000  -14.410   -9.930  -36.830   -677.80    -13.20    -12.90  35.380    134899.0
2024  5 10 21 21 00 000  -16.670   -9.500  -38.650   -678.30    -12.20    -13.50  35.600    137220.0
2024  5 10 21 22 00 000  -19.420   -4.870  -38.140   -683.90     -1.20    -20.00  38.000    162461.0
2024  5 10 21 23 00 000  -21.000   -2.750  -37.640   -685.40     -0.30    -20.40  38.430    163714.0
2024  5 10 21 24 00 000  -18.180   -0.320  -34.880   -690.90      3.00    -22.10  40.040    168473.0
2024  5 10 21 25 00 000  -19.880   -4.660  -38.290   -690.90      3.00    -22.10  40.040    168473.0
2024  5 10 21 26 00 000  -18.740   -6.670  -38.790   -688.00     -1.40    -28.20  33.790    110671.0
2024  5 10 21 27 00 000  -19.680   -5.060  -38.220   -688.00     -1.40    -28.20  33.790    110671.0
2024  5 10 21 32 00 000  -19.160   -5.430  -38.140   -688.80     -4.90    -23.80  37.020    131831.0
2024  5 10 21 33 00 000  -18.380   -3.530  -39.130   -688.60     -4.60    -24.00  37.120    132802.0
2024  5 10 21 34 00 000  -21.580   -5.740  -37.110   -690.90      2.00    -25.60  38.650    162072.0
2024  5 10 21 35 00 000  -20.960   -4.890  -37.310   -694.90      1.30    -22.80  37.850    163155.0
2024  5 10 21 36 00 000  -19.680   -4.420  -38.010   -685.40      1.60    -27.80  38.470    156375.0
2024  5 10 21 37 00 000  -19.740   -4.370  -38.270   -684.60      2.20    -29.80  37.510    148887.0
2024  5 10 21 38 00 000  -20.740   -3.920  -38.100   -684.20      5.10    -32.40  36.040    135917.0
2024  5 10 21 39 00 000  -21.730   -0.380  -37.960   -687.90      7.70    -26.80  38.280    150541.0
2024  5 10 21 40 00 000  -21.630    1.110  -37.740   -694.80     16.00    -23.60  39.010    154473.0
2024  5 10 21 41 00 000  -21.700    4.170  -37.900   -694.80     16.00    -23.60  39.010    154473.0
2024  5 10 21 42 00 000  -21.820    3.290  -37.480   -694.80     16.00    -23.60  39.010    154473.0
2024  5 10 21 43 00 000  -21.880    2.070  -37.090   -692.70     29.90    -19.40  38.010    186826.0
2024  5 10 21 44 00 000  -24.390    0.100  -36.300   -692.70     29.90    -19.40  37.990    186816.0
2024  5 10 21 45 00 000  -26.020   10.530  -35.270   -699.90     42.90    -14.90  25.730    181551.0
2024  5 10 21 46 00 000  -25.580    9.810  -35.800   -698.10     38.80    -22.50  27.450    168874.0
2024  5 10 21 47 00 000  -24.320   10.060  -37.380   -694.70     42.00    -24.80  20.590    147211.0
2024  5 10 21 48 00 000  -26.810   14.390  -33.530   -696.10     55.90    -27.40  21.460    135718.0
2024  5 10 21 49 00 000  -23.440    7.460  -38.910   -693.10     36.10    -21.00  27.540    157557.0
2024  5 10 21 50 00 000  -25.720   10.570  -39.660   -689.50     30.30    -18.20  26.150    162915.0
2024  5 10 21 51 00 000  -26.240    1.600  -40.620   -684.70     32.90    -17.10  15.520    155364.0
2024  5 10 21 52 00 000  -26.100   -7.150  -41.460   -686.20      0.50      1.60  12.330    150025.0
2024  5 10 21 53 00 000  -25.620   -8.770  -41.600   -686.00     -4.60      4.80  11.840    149080.0
2024  5 10 21 54 00 000  -23.660  -15.090  -41.170   -684.70     -9.50      2.40   9.840    148480.0
2024  5 10 21 55 00 000  -23.560  -17.550  -40.610   -679.80    -14.20     13.90  10.790    134795.0
2024  5 10 21 56 00 000  -23.180  -14.680  -41.100   -678.70    -16.10     26.60  13.030    139455.0
2024  5 10 21 57 00 000  -21.330  -23.120  -38.890   -677.80      2.20     13.40  14.340    158770.0
2024  5 10 21 58 00 000  -20.890  -27.200  -36.370   -677.10      9.80      7.20  14.690    165232.0
2024  5 10 21 59 00 000  -16.240  -36.560  -28.540   -680.90    -36.10     10.00  14.440    133304.0
2024  5 10 22  0 00 000  -13.980  -41.480  -24.430   -681.00    -36.90     10.00  14.440    132736.0
2024  5 10 22  1 00 000  -14.220  -40.990  -25.440   -670.90    -18.90     49.80  14.860    156439.0
2024  5 10 22  2 00 000  -14.160  -40.630  -26.650   -670.60    -18.40     50.90  14.870    157114.0
2024  5 10 22  3 00 000  -14.770  -41.960  -25.060   -660.80    -14.20     37.20  14.620    136561.0
2024  5 10 22  4 00 000  -13.470  -40.080  -27.290   -660.80    -14.20     37.20  14.620    136561.0
2024  5 10 22  5 00 000  -14.850  -41.380  -24.750   -663.40      0.20     33.70  13.640    203484.0
2024  5 10 22  6 00 000  -13.610  -40.140  -27.990   -663.50      0.90     33.50  13.590    206834.0
2024  5 10 22  7 00 000  -13.140  -39.380  -29.400   -659.60     -6.60     29.70  16.700    188713.0
2024  5 10 22  8 00 000  -16.480  -45.950  -34.850   -696.60      6.70     36.30  17.330    251495.0
2024  5 10 22  9 00 000  -14.460  -49.370  -35.130   -677.60     -1.40     39.90  17.250    224827.0
2024  5 10 22 10 00 000  -14.110  -55.310  -35.190   -710.60     -1.30     44.30  20.180    252990.0
2024  5 10 22 11 00 000  -19.070  -51.850  -40.500   -718.80     -9.00     75.00  28.720    266821.0
2024  5 10 22 12 00 000  -19.340  -50.900  -43.430   -718.70     -9.10     75.40  28.840    266822.0
2024  5 10 22 13 00 000  -17.540  -56.120  -36.680   -718.20     -5.50     65.30  28.380    250682.0
2024  5 10 22 14 00 000  -15.980  -59.540  -32.430   -718.50     -5.10     65.00  27.970    247276.0
2024  5 10 22 15 00 000  -15.820  -59.450  -32.180   -724.50      2.80     60.50  20.470    185617.0
2024  5 10 22 16 00 000  -18.900  -56.750  -35.540   -724.50      2.80     60.50  20.470    185722.0
2024  5 10 22 17 00 000  -16.880  -58.780  -33.850   -711.10     -2.10     74.20  22.270    324882.0
2024  5 10 22 24 00 000  -13.220  -63.680  -22.810   -745.70     -5.80     57.10  23.250    342312.0
2024  5 10 22 28 00 000  -11.380  -62.170  -23.370   -766.70    -22.70     20.10  23.360    390012.0
2024  5 10 22 29 00 000  -13.780  -62.350  -18.290   -766.70    -22.70     20.10  23.360    390012.0
2024  5 10 22 30 00 000  -10.240  -62.890  -14.040   -772.80     -2.60     15.20  21.720    406826.0
2024  5 10 22 31 00 000  -12.340  -60.720   -6.100   -773.50     -0.20     14.60  21.530    408789.0
2024  5 10 22 35 00 000   18.900   42.240   48.960   -759.90     22.90      8.60  26.340     74877.0
2024  5 10 22 36 00 000   16.680   46.330   46.970   -759.90     22.90      8.60  26.340     74877.0
2024  5 10 22 37 00 000   17.470   47.780   45.690   -759.90     22.90      8.60  26.340     74877.0
2024  5 10 22 38 00 000   13.730   52.290   40.190   -757.20     28.00     11.00  24.520     91241.0
2024  5 10 22 39 00 000   10.320   55.060   34.530   -758.00     23.20      3.10  22.810     99844.0
2024  5 10 22 40 00 000    8.100   58.800   28.140   -759.50     24.20     18.70  24.820    110731.0
2024  5 10 22 41 00 000    4.730   59.860   25.380   -759.70     25.30     23.40  25.560    111345.0
2024  5 10 22 42 00 000    5.570   61.650   22.490   -757.50     31.50      9.00  28.050     99137.0
2024  5 10 22 43 00 000    6.700   60.420   25.000   -757.50     31.50      9.00  28.050     99137.0
2024  5 10 22 44 00 000    4.980   61.520   23.080   -752.90     21.90     -6.20  26.930    111916.0
2024  5 10 22 45 00 000    4.330   61.440   20.540   -758.00     21.50     -4.80  27.710     99264.0
2024  5 10 22 46 00 000   -7.560   61.820   16.990   -760.30     19.00      0.80  31.690    115008.0
2024  5 10 22 47 00 000  -17.790   65.080    8.220   -772.80      5.80    -10.20  38.980     88613.0
2024  5 10 22 48 00 000    0.030   69.760    2.650   -760.60      6.10     -1.90  31.710    103663.0
2024  5 10 22 50 00 000    1.170   69.240    0.750   -740.10     27.00     15.60  19.210     72680.0
2024  5 10 22 51 00 000    2.150   69.140    1.090   -740.10     27.00     15.60  19.210     72680.0
2024  5 10 22 54 00 000    4.370   68.070    7.480   -723.30     15.90     26.20  27.510     60260.0
2024  5 10 22 55 00 000    4.240   68.140    8.010   -723.30     15.90     26.20  27.510     60260.0
2024  5 10 23  1 00 000    3.090   68.690   12.400   -738.80     19.80     34.20  39.940     69938.0
2024  5 10 23  2 00 000    2.170   67.130   19.170   -738.80     19.80     34.20  39.940     69938.0
2024  5 10 23  5 00 000    2.290   67.910   13.580   -748.90     17.20     10.00  35.110     79325.0
2024  5 10 23  6 00 000    3.200   67.880   13.700   -748.90     17.20     10.00  35.110     79325.0
2024  5 10 23  8 00 000    1.110   69.480   -1.720   -755.10    -12.40    -12.50  34.930     73268.0
2024  5 10 23 43 00 000    0.250   69.900   -2.350   -724.10     17.00    -16.00  35.990     95834.0
2024  5 10 23 44 00 000    5.410   67.140    5.060   -724.10     17.00    -16.00  35.990     95834.0
2024  5 10 23 45 00 000   -1.020   66.450    1.860   -730.10    -12.00    -30.20  33.470     90610.0
2024  5 10 23 46 00 000   -2.250   68.040   -2.530   -730.10    -12.00    -30.20  33.470     90610.0
2024  5 10 23 47 00 000   -5.010   66.120  -15.150   -730.10    -12.00    -30.20  33.470     90610.0
2024  5 11  0  2 00 000  -16.820   59.760  -32.070   -739.50      1.90     23.10   9.000    211029.0
2024  5 11  0  3 00 000  -16.310   60.100  -31.630   -739.50      1.90     23.10   9.000    211029.0
2024  5 11  0  8 00 000  -16.120   58.460  -34.140   -740.10    -59.70    -55.60   6.650    252789.0
2024  5 11  0  9 00 000  -15.950   58.130  -34.170   -740.10    -59.70    -55.60   6.650    252789.0
2024  5 11  0 10 00 000  -16.490   57.730  -33.740   -737.10    -64.50    -56.30   6.750    245193.0
2024  5 11  0 11 00 000  -17.070   57.860  -32.730   -722.90    -87.00    -59.80   7.200    209246.0
2024  5 11  0 12 00 000  -16.930   57.130  -33.470   -722.90    -87.00    -59.80   7.200    209246.0
2024  5 11  0 13 00 000  -17.400   53.480  -37.010   -725.20    -51.00    -41.40   9.620    164033.0
2024  5 11  0 14 00 000  -16.780   54.080  -36.050   -725.20    -51.00    -41.40   9.620    164033.0
2024  5 11  0 15 00 000  -17.800   54.480  -34.600   -725.20    -51.00    -41.40   9.620    164033.0
2024  5 11  0 17 00 000  -16.090   51.150  -37.540   -696.90    -44.70    -39.00  11.340    140556.0
2024  5 11  0 18 00 000  -14.730   49.500  -37.690   -696.90    -44.70    -39.00  11.340    140556.0
2024  5 11  0 19 00 000   -5.650   39.990  -39.090   -749.10      1.40    -18.10  14.870    455327.0
2024  5 11  0 20 00 000   -5.160   37.660  -41.850   -747.50      0.20    -17.60  14.720    451592.0
2024  5 11  0 21 00 000   -9.160   39.080  -38.400   -740.90    -28.90    -27.00  20.000    271981.0
2024  5 11  0 22 00 000   -4.610   33.460  -29.530   -767.90    -33.50    -34.10  26.410    351022.0
2024  5 11  0 23 00 000   -2.660   37.130  -16.910   -770.30    -17.50     -6.60  25.570    451081.0
2024  5 11  0 24 00 000   -7.290   36.090  -22.500   -781.00    -31.20    -23.00  30.010    474487.0
2024  5 11  0 25 00 000   -7.870   29.690  -37.530   -799.40     94.70    -14.80  16.420    428277.0
2024  5 11  0 26 00 000   -4.310   33.580  -38.140   -778.60     47.00     -8.40  21.420    453178.0
2024  5 11  0 27 00 000   -7.720   31.780  -37.050   -768.00      9.60    -11.50  29.690    528371.0
2024  5 11  0 28 00 000   -6.340   30.030  -33.810   -759.20     22.20    -12.60  29.810    557336.0
2024  5 11  0 29 00 000   -9.610   28.860  -35.540   -760.20     16.20    -17.20  31.150    372234.0
2024  5 11  0 30 00 000  -11.570   25.520  -39.290   -757.40     13.30    -14.20  31.230    488944.0
2024  5 11  0 31 00 000  -19.150   19.890  -39.900   -756.20     17.10    -19.10  30.130    531669.0
2024  5 11  0 32 00 000  -22.860   18.710  -44.550   -761.50     41.60    -48.20  25.650    295604.0
2024  5 11  0 33 00 000  -21.420   20.370  -44.520   -749.40     50.70    -18.20  26.160    335875.0
2024  5 11  0 34 00 000  -17.280   19.970  -43.950   -748.00     51.80    -14.70  26.220    340585.0
2024  5 11  0 38 00 000  -23.860   16.610  -44.060   -770.10     35.30    -49.60  27.050    313981.0
2024  5 11  0 39 00 000  -27.420   28.770  -32.460   -770.10     35.30    -49.60  27.050    313981.0
2024  5 11  0 42 00 000  -20.650   11.100  -46.960   -741.90     57.20    -24.40  24.610    326392.0
2024  5 11  0 43 00 000  -35.020    8.720  -41.800   -741.90     57.20    -24.40  24.610    326392.0
2024  5 11  0 44 00 000  -24.880   17.760  -43.750   -741.90     57.20    -24.40  24.610    326392.0
2024  5 11  0 45 00 000  -26.100   16.230  -42.090   -779.20     38.60    -11.10  23.680    222691.0
2024  5 11  0 46 00 000  -17.320   14.630  -44.400   -779.20     38.60    -11.10  23.680    222691.0
2024  5 11  0 47 00 000  -34.140    8.660  -40.960   -779.20     38.60    -11.10  23.680    222691.0
2024  5 11  0 48 00 000  -25.680   11.590  -43.550   -728.40     31.80    -32.30  28.440    465748.0
2024  5 11  0 49 00 000  -24.290   27.640  -35.080   -728.40     31.80    -32.30  28.440    465748.0
2024  5 11  0 50 00 000  -38.290   16.010  -35.660   -728.40     31.80    -32.30  28.440    465748.0
2024  5 11  0 51 00 000  -17.390   13.460  -45.390   -764.40     64.30    -43.70  26.660    413477.0
2024  5 11  0 52 00 000  -42.120   14.280  -34.290   -764.40     64.30    -43.70  26.660    413477.0
2024  5 11  0 57 00 000  -42.260   16.600  -33.970   -780.20     37.50    -17.80  26.490    343861.0
2024  5 11  0 58 00 000  -22.200   38.070  -20.580   -780.20     37.50    -17.80  26.490    343861.0
2024  5 11  1  3 00 000  -23.870   40.490  -16.300   -726.10     34.00      6.80  28.960    549812.0
2024  5 11  1  4 00 000  -40.480   17.360  -31.260   -726.10     34.00      6.80  28.960    549812.0
2024  5 11  1  7 00 000  -32.130    4.710  -38.670   -749.80     44.40    -34.60  26.250    183412.0
2024  5 11  1  8 00 000  -29.650    6.660  -40.720   -749.80     44.40    -34.60  26.250    183412.0
2024  5 11  1  9 00 000  -31.330   10.950  -37.900   -749.80     44.40    -34.60  26.280    183729.0
2024  5 11  1 10 00 000  -27.230    9.940  -41.070   -744.40     40.20    -38.60  28.880    239178.0
2024  5 11  1 11 00 000  -28.330   11.420  -38.790   -743.00     48.20    -40.40  27.930    238309.0
2024  5 11  1 12 00 000  -23.870   16.100  -39.230   -755.90     71.90    -33.20  31.090    360426.0
2024  5 11  1 13 00 000  -24.510    7.230  -43.190   -737.60     74.20    -41.80  27.440    285274.0
2024  5 11  1 14 00 000  -29.650   11.500  -36.690   -747.60     56.20    -45.50  26.830    254798.0
2024  5 11  1 15 00 000  -27.400    4.010  -40.860   -750.50     46.60    -42.80  30.640    295566.0
2024  5 11  1 16 00 000  -25.600    6.010  -40.750   -735.10     87.80    -64.70  33.950    314853.0
2024  5 11  1 17 00 000  -22.540    8.890  -38.870   -734.50     75.30    -60.10  33.110    306065.0
2024  5 11  1 18 00 000  -15.230  -23.510  -38.400   -739.80     54.70    -44.70  26.260    331531.0
2024  5 11  1 19 00 000  -18.450  -19.370  -38.810   -739.10     53.80    -50.50  23.360    352205.0
2024  5 11  1 20 00 000  -23.660  -12.910  -37.970   -733.70     60.30    -91.90  21.100    320728.0
2024  5 11  1 21 00 000  -22.850   -5.030  -42.780   -733.00     52.70    -87.00  20.820    320728.0
2024  5 11  1 23 00 000  -26.060   -7.430  -40.330   -731.40     35.90    -79.60  23.540    284711.0
2024  5 11  1 24 00 000  -17.420  -27.420  -37.130   -730.70     37.80    -72.70  20.870    237423.0
2024  5 11  1 25 00 000  -20.690  -16.820  -36.520   -728.20     44.40    -15.60  23.750    258032.0
2024  5 11  1 26 00 000  -21.190   -6.240  -37.860   -719.90     42.00      9.60  26.460    292653.0
2024  5 11  1 27 00 000  -25.160   -0.280  -37.000   -745.80     41.50     11.90  31.540    382992.0
2024  5 11  1 28 00 000  -16.450  -23.340  -31.960   -742.10     47.40     -4.40  31.520    349226.0
2024  5 11  1 29 00 000  -18.030  -21.280  -34.020   -729.20     72.50    -46.00  33.520    282008.0
2024  5 11  1 30 00 000  -21.410  -17.540  -34.300   -734.00     62.10    -39.90  34.670    299818.0
2024  5 11  1 31 00 000  -20.270  -26.370  -28.990   -727.00     68.30    -45.70  33.580    281446.0
2024  5 11  1 32 00 000  -25.450  -15.750  -27.740   -725.50     57.00    -19.90  34.230    267788.0
2024  5 11  1 33 00 000  -24.930  -24.860  -21.980   -729.60     60.30     -0.60  31.210    243047.0
2024  5 11  1 34 00 000  -21.680  -35.600  -18.200   -729.70     60.40     -0.20  31.140    242578.0
2024  5 11  1 35 00 000  -23.670  -27.830  -22.060   -729.20     36.40    -15.90  25.540    250682.0
2024  5 11  1 36 00 000  -24.530  -26.640  -20.530   -732.30     37.80      0.50  27.540    249441.0
2024  5 11  1 37 00 000  -21.570  -36.810  -14.350   -732.90     37.50      6.10  28.560    259505.0
2024  5 11  1 38 00 000  -22.480  -36.240  -12.810   -732.30     34.80     12.30  30.700    303179.0
2024  5 11  1 39 00 000  -24.190  -34.910  -13.550   -733.20     38.30     20.40  33.310    318239.0
2024  5 11  1 40 00 000  -22.820  -19.590  -11.640   -727.90     38.20     23.30  31.750    313832.0
2024  5 11  1 41 00 000  -19.820  -18.250  -13.520   -707.90     36.30     30.90  25.050    292007.0
2024  5 11  1 42 00 000  -22.230  -20.810  -13.160   -724.70     24.80     43.00  37.060    472567.0
2024  5 11  1 43 00 000  -22.180  -22.910  -11.020   -725.30     30.50     41.60  35.940    428377.0
2024  5 11  1 44 00 000  -18.050  -26.920   -6.350   -725.30     18.40     54.10  39.670    480508.0
2024  5 11  1 45 00 000  -15.820   -1.110  -15.180   -756.20     -3.70     46.80  40.730    594810.0
2024  5 11  1 46 00 000  -14.390   12.570  -20.600   -772.60    -12.50     42.90  42.800    545428.0
2024  5 11  1 47 00 000  -14.210    6.250  -16.010   -783.90    -16.50     35.50  38.140    531547.0
2024  5 11  1 48 00 000  -12.600   -4.930   -8.140   -749.60     -3.80     50.90  45.960    525408.0
2024  5 11  1 49 00 000    2.080   19.890  -22.060   -736.80     11.60     46.30  46.150    446108.0
2024  5 11  1 58 00 000    6.050   16.190  -30.160   -749.20     11.00     27.30  37.660    182414.0
2024  5 11  2 13 00 000    0.780   13.830  -29.520   -744.10      5.90     23.60  38.910    177596.0
2024  5 11  2 14 00 000   -1.030   12.500  -26.580   -744.10      5.90     23.60  38.910    177596.0
2024  5 11  2 15 00 000   -1.380   10.900  -24.300   -744.10      5.90     23.60  38.910    177596.0
2024  5 11  2 16 00 000   -1.590   10.270  -25.720   -735.30      8.20     18.90  41.410    412377.0
2024  5 11  2 17 00 000   -1.140    9.500  -26.320   -735.30      8.20     18.90  41.410    412377.0
2024  5 11  2 18 00 000   -1.680    7.810  -29.150   -735.30      8.20     18.90  41.410    412377.0
2024  5 11  2 23 00 000   -2.350    4.920  -33.040   -734.60     -9.90     -5.40  38.720    220494.0
2024  5 11  2 25 00 000   -0.710    6.370  -32.360   -734.60     -9.90     -5.40  38.720    220494.0
2024  5 11  2 34 00 000    1.900   13.850  -27.670   -729.60     22.50     17.80  33.880    324085.0
2024  5 11  2 35 00 000   -1.120    8.370  -31.880   -729.60     22.50     17.80  33.880    324085.0
2024  5 11  2 42 00 000    2.770    6.140  -22.810   -717.00     15.10     -1.10  45.990    195531.0
2024  5 11  2 43 00 000    4.460    7.340  -26.260   -728.10      2.30      6.20  38.870    198960.0
2024  5 11  2 44 00 000    2.880    4.670  -26.970   -717.00      6.40     -0.40  39.650    201913.0
2024  5 11  2 45 00 000    3.850    4.710  -29.480   -729.20      1.10      4.30  40.910    228905.0
2024  5 11  2 46 00 000    1.320   -0.150  -28.690   -730.60     -1.70     -3.10  38.670    191320.0
2024  5 11  2 47 00 000    3.790    2.710  -28.530   -732.20     -5.30     20.50  38.890    217934.0
2024  5 11  2 48 00 000    4.190    2.900  -28.390   -722.50    -17.40      6.10  44.470    177531.0
2024  5 11  2 49 00 000   -2.670   -1.550  -25.340   -743.20      3.80     18.90  38.930    276125.0
2024  5 11  2 50 00 000   -9.430   -8.300  -16.070   -753.10     -4.70     15.40  41.210    272224.0
2024  5 11  2 51 00 000   -6.450   -5.960  -18.510   -739.10     -0.30      0.70  38.230    188640.0
2024  5 11  2 52 00 000  -13.800  -12.900  -13.030   -757.30    -18.40      7.20  29.640    156177.0
2024  5 11  2 53 00 000  -16.370  -15.550  -12.890   -780.40    -32.50     13.90  22.740    133606.0
2024  5 11  2 54 00 000  -17.830  -15.480  -13.090   -779.00    -27.00     10.60  24.460    137828.0
2024  5 11  2 55 00 000  -13.250   -8.910  -18.560   -749.90     -5.60     22.10  38.720    211307.0
2024  5 11  2 56 00 000  -17.790  -13.610  -16.700   -753.90     -9.90     19.40  36.130    200491.0
2024  5 11  2 57 00 000  -14.580  -11.950  -19.560   -779.60    -19.70     -7.20  25.640    106941.0
2024  5 11  2 58 00 000   -9.750   -8.050  -22.500   -774.80     -8.90    -16.60  33.130    117158.0
2024  5 11  2 59 00 000   -5.720   -1.550  -22.540   -744.10     -8.40     12.30  46.360    219338.0
2024  5 11  3  0 00 000  -13.210  -10.640  -20.150   -741.90     -7.00     12.20  49.180    192067.0
2024  5 11  3  1 00 000  -11.920   -9.450  -21.060   -760.20    -26.70     -4.70  28.950    160711.0
2024  5 11  3  2 00 000  -12.050  -11.510  -22.330   -749.20    -24.50    -31.50  20.830    137868.0
2024  5 11  3  3 00 000  -13.740  -11.310  -21.530   -753.00    -10.40    -11.60  40.850    164800.0
2024  5 11  3  4 00 000  -14.340  -11.230  -15.680   -765.80    -16.70    -11.50  32.400    172497.0
2024  5 11  3  5 00 000   -7.810   -1.820  -28.590   -780.10     -5.50    -14.00  32.270    127168.0
2024  5 11  3  6 00 000   -9.910   -3.520  -26.940   -753.40    -34.60    -17.80  12.840    147642.0
2024  5 11  3  7 00 000   -6.120   -4.670  -27.020   -751.10    -30.00    -13.90  16.850    158784.0
2024  5 11  3  8 00 000   -9.470   -5.690  -29.350   -736.10      0.30     11.60  43.710    231586.0
2024  5 11  3  9 00 000  -13.710  -11.110  -25.580   -748.30    -20.70    -21.10  13.160    242093.0
2024  5 11  3 10 00 000  -12.770  -11.930  -28.910   -735.30    -12.80    -24.30  16.460    216155.0
2024  5 11  3 11 00 000  -13.430  -11.110  -28.260   -727.20     -2.90    -18.90  23.560    189559.0
2024  5 11  3 12 00 000  -13.760  -13.450  -28.010   -731.00    -10.00    -31.30   6.330    217342.0
2024  5 11  3 13 00 000  -13.740  -13.780  -27.690   -716.40    -10.90    -41.40  10.230    230616.0
2024  5 11  3 14 00 000  -17.940  -12.470  -26.030   -734.50     -4.10    -13.60  23.210    199785.0
2024  5 11  3 15 00 000  -17.660  -18.170  -26.740   -733.30    -14.70    -35.80   7.400    176430.0
2024  5 11  3 16 00 000  -19.310  -16.880  -26.110   -745.30    -18.80    -26.50   9.710    154312.0
2024  5 11  3 17 00 000  -20.300  -17.890  -26.400   -749.30    -13.20    -26.30  10.330    169414.0
2024  5 11  3 18 00 000  -24.330    6.080  -14.520   -769.40      5.40    -26.50  25.550    144364.0
2024  5 11  3 19 00 000  -22.310    0.460  -18.790   -788.30     20.00    -24.20  39.850    112177.0
2024  5 11  3 20 00 000  -25.150    4.140  -15.630   -790.70     14.70    -10.50  33.530     84670.0
2024  5 11  3 21 00 000  -20.260   -6.690  -22.940   -790.70     14.70    -10.50  33.530     84670.0
2024  5 11  3 25 00 000  -19.090   -6.310  -21.100   -788.10     43.10     16.30  35.900    120668.0
2024  5 11  3 26 00 000  -23.980    7.500  -13.620   -788.10     43.10     16.30  35.900    120668.0
2024  5 11  3 27 00 000  -24.230    5.830  -17.670   -787.00     42.20     15.50  35.460    121720.0
2024  5 11  3 28 00 000  -13.000  -21.150  -31.790   -712.40    -18.00    -40.30   5.640    194775.0
2024  5 11  3 29 00 000  -12.940  -20.670  -32.100   -712.40    -18.00    -40.30   5.640    194775.0
2024  5 11  3 31 00 000  -13.060  -20.760  -31.660   -704.80      0.20    -56.70   5.680    204506.0
2024  5 11  3 32 00 000  -12.930  -21.080  -31.430   -704.80      0.20    -56.70   5.680    204506.0
2024  5 11  3 34 00 000  -13.130  -20.840  -31.140   -697.80     -4.70    -53.20   6.210    197739.0
2024  5 11  3 35 00 000  -13.860  -20.790  -30.860   -697.80     -4.70    -53.20   6.210    197739.0
2024  5 11  3 36 00 000  -16.660  -21.900  -28.460   -697.80     -4.70    -53.20   6.210    197739.0
2024  5 11  3 38 00 000  -17.730  -22.920  -27.060   -708.40     -5.90    -69.30   7.800    233764.0
2024  5 11  3 39 00 000  -16.770  -22.440  -28.190   -708.40     -5.90    -69.30   7.800    233764.0
2024  5 11  3 41 00 000  -16.340  -20.950  -29.800   -705.10    -10.10    -62.00   7.110    178910.0
2024  5 11  3 42 00 000  -15.840  -20.120  -30.660   -705.10    -10.10    -62.00   7.110    178910.0
2024  5 11  3 44 00 000  -14.530  -22.420  -29.510   -714.90    -14.80    -53.20   7.010    189999.0
2024  5 11  3 45 00 000  -14.750  -23.440  -28.550   -714.70    -14.40    -54.00   7.010    188830.0
2024  5 11  3 46 00 000  -15.940  -25.080  -26.540   -712.40    -10.40    -61.10   6.990    178187.0
2024  5 11  3 47 00 000  -13.870  -22.880  -29.360   -712.40    -10.40    -61.10   6.990    178187.0
2024  5 11  3 50 00 000  -12.840  -21.820  -31.190   -711.50      6.60    -51.10   6.220    150404.0
2024  5 11  3 51 00 000  -12.920  -20.670  -31.990   -711.50      6.60    -51.10   6.220    150404.0
2024  5 11  3 52 00 000  -12.650  -21.520  -31.650   -689.60     10.10    -55.50   5.860    157484.0
2024  5 11  3 53 00 000  -12.840  -21.860  -31.500   -689.60     10.10    -55.50   5.860    157484.0
2024  5 11  3 54 00 000  -12.490  -22.150  -31.490   -689.60     10.10    -55.50   5.860    157484.0
2024  5 11  3 56 00 000  -12.310  -21.560  -31.980   -694.30      7.10    -49.00   6.300    196771.0
2024  5 11  3 57 00 000  -12.690  -21.590  -31.860   -694.30      7.10    -49.00   6.300    196771.0
2024  5 11  3 58 00 000  -12.970  -22.100  -31.290   -694.30      7.10    -49.00   6.300    196771.0
2024  5 11  3 59 00 000  -12.800  -21.860  -31.450   -691.10      5.90    -47.50   6.520    188983.0
2024  5 11  4  0 00 000  -13.660  -20.980  -31.580   -691.20      4.60    -47.30   6.510    181711.0
2024  5 11  4  1 00 000  -13.270  -21.570  -31.300   -691.70     -4.00    -46.30   6.410    133880.0
2024  5 11  4  2 00 000  -13.360  -22.580  -30.550   -690.80      3.60    -49.00   6.300    135424.0
2024  5 11  4  3 00 000  -14.090  -23.300  -29.810   -690.80      3.80    -49.10   6.300    135471.0
2024  5 11  4  4 00 000  -14.420  -24.530  -28.760   -692.80    -29.70     -4.70   5.860    183945.0
2024  5 11  4  5 00 000  -13.400  -20.030  -32.480   -692.80    -29.70     -4.70   5.860    183945.0
2024  5 11  4  7 00 000  -15.990  -26.820  -24.960   -704.00    -29.00    -34.90   9.340    184413.0
2024  5 11  4  8 00 000  -17.000  -27.460  -23.460   -706.30    -30.70    -29.10   9.340    182760.0
2024  5 11  4  9 00 000  -17.570  -27.260  -23.280   -714.30    -36.50     -9.40   9.350    177137.0
2024  5 11  4 10 00 000  -17.520  -27.460  -23.310   -714.30    -36.50     -9.40   9.350    177137.0
2024  5 11  4 11 00 000  -17.540  -27.430  -23.420   -706.00    -25.90    -12.80   8.120    214761.0
2024  5 11  4 12 00 000  -17.780  -27.390  -22.860   -706.00    -25.90    -12.80   8.120    214756.0
2024  5 11  4 13 00 000  -19.290  -29.530  -18.630   -700.90    -17.70     -8.60   8.020    211657.0
2024  5 11  4 14 00 000  -18.780  -29.780  -18.550   -700.60    -17.20     -8.30   8.010    211458.0
2024  5 11  4 15 00 000  -18.540  -29.600  -19.040   -703.00    -23.00     -0.20   7.680    212963.0
2024  5 11  4 16 00 000  -18.890  -29.170  -19.390   -703.00    -23.00     -0.20   7.680    212963.0
2024  5 11  4 17 00 000  -20.290  -28.460  -18.810   -699.80    -26.30    -10.50   6.870    200934.0
2024  5 11  4 18 00 000  -17.870  -29.900  -18.990   -699.80    -26.30    -10.50   6.870    200934.0
2024  5 11  4 19 00 000  -15.310  -30.840  -19.590   -698.60    -27.70    -10.20   6.980    197131.0
2024  5 11  4 20 00 000  -14.800  -31.630  -18.850   -691.60    -35.80     -8.60   7.600    175570.0
2024  5 11  4 21 00 000  -17.880  -29.920  -19.200   -691.60    -35.80     -8.60   7.600    175570.0
2024  5 11  4 22 00 000  -18.460  -30.180  -18.360   -692.90    -29.90     -9.40   7.640    248273.0
2024  5 11  4 23 00 000  -19.390  -30.050  -17.210   -692.90    -29.90     -9.40   7.640    248273.0
2024  5 11  4 24 00 000  -16.770  -33.530   -6.000   -715.00    -32.90     18.10  12.590    210625.0
2024  5 11  4 25 00 000  -15.330  -33.170   -6.530   -718.20    -35.10     23.30  14.090    204868.0
2024  5 11  4 26 00 000  -13.890  -34.910   -4.080   -711.20    -63.10     35.10  25.180    211887.0
2024  5 11  4 27 00 000  -16.280  -35.170    1.450   -703.70    -41.50     31.10  18.240    207281.0
2024  5 11  4 28 00 000  -14.910  -35.450    2.240   -702.20    -37.10     30.30  16.840    206339.0
2024  5 11  4 29 00 000  -15.340  -35.870   -0.680   -700.40    -53.10     46.80  15.610    216712.0
2024  5 11  4 30 00 000  -16.310  -36.130   -1.620   -700.20    -51.60     45.20  14.810    217914.0
2024  5 11  4 31 00 000  -14.580  -36.440    2.860   -699.40    -45.00     38.20  11.390    223098.0
2024  5 11  4 32 00 000  -16.280  -35.990   -0.420   -707.00    -34.10      7.90  12.560    225849.0
2024  5 11  4 33 00 000  -17.940  -35.300   -3.120   -707.00    -34.10      7.80  12.560    225859.0
2024  5 11  4 34 00 000  -18.370  -35.040   -2.810   -706.90    -65.30     31.40  11.160    178515.0
2024  5 11  4 35 00 000  -17.310  -35.590   -1.850   -707.40    -64.70     32.30  11.180    181700.0
2024  5 11  4 36 00 000  -13.180  -36.210   -0.920   -716.70    -53.30     50.70  11.510    245913.0
2024  5 11  4 37 00 000  -18.780  -33.180   -3.110   -716.90    -53.00     51.20  11.520    247498.0
2024  5 11  4 38 00 000  -17.070  -33.940   -2.120   -695.20    -46.10     72.50  15.630    135872.0
2024  5 11  4 39 00 000  -16.450  -33.900    0.750   -699.80    -47.90     61.90  19.360    147927.0
2024  5 11  4 40 00 000  -14.210  -31.580    8.270   -704.40    -49.70     51.30  23.150    160087.0
2024  5 11  4 41 00 000  -12.330  -30.500   14.390   -700.40    -34.10     48.20  22.460    220421.0
2024  5 11  4 42 00 000  -12.670  -30.500   14.450   -700.40    -34.10     48.20  22.460    220421.0
2024  5 11  4 43 00 000  -12.640  -30.490   13.700   -701.80    -36.00     49.10  25.300    192873.0
2024  5 11  4 44 00 000  -12.710  -30.960   13.590   -703.30    -37.80     50.00  28.080    165590.0
2024  5 11  4 45 00 000  -13.430  -31.410   12.750   -701.80    -24.10     44.70  20.790    215740.0
2024  5 11  4 46 00 000  -14.130  -31.440   11.280   -695.70    -22.00     53.30  20.060    199562.0
2024  5 11  4 47 00 000  -14.120  -31.260   10.200   -694.20    -22.90     57.20  21.840    186606.0
2024  5 11  4 48 00 000  -15.110  -31.570    8.950   -698.50    -31.00     61.40  33.130    149561.0
2024  5 11  4 49 00 000  -14.410  -31.720    9.350   -698.50    -31.00     61.40  33.130    149561.0
2024  5 11  4 50 00 000  -14.570  -31.950    8.760   -693.80    -29.80     62.20  27.510    166944.0
2024  5 11  4 51 00 000  -18.270  -33.550    2.330   -693.90    -29.80     61.90  27.360    167671.0
2024  5 11  4 52 00 000  -14.140  -34.630    9.130   -699.40    -33.90     38.10  15.390    227359.0
2024  5 11  4 53 00 000  -13.040  -35.110   10.370   -704.10    -38.50     54.60  14.800    239674.0
2024  5 11  4 54 00 000  -14.740  -34.920    8.620   -709.40    -40.20     49.60  13.830    206242.0
2024  5 11  4 55 00 000  -14.040  -34.860   10.400   -708.40    -36.90     46.80  13.540    215825.0
2024  5 11  4 56 00 000  -13.950  -34.750   10.740   -704.80    -28.40     41.70  13.010    247156.0
2024  5 11  4 57 00 000  -14.590  -34.880   10.160   -711.30    -32.20     36.50  13.630    217855.0
2024  5 11  4 58 00 000  -14.700  -35.480    8.820   -708.40    -30.60     40.30  13.010    225778.0
2024  5 11  4 59 00 000  -16.570  -34.670    8.470   -704.60    -28.50     45.10  12.210    236026.0
2024  5 11  5  0 00 000  -16.050  -34.420   10.340   -700.50    -22.70     36.10  13.600    237930.0
2024  5 11  5  1 00 000  -14.680  -35.200    9.540   -700.20    -22.30     35.40  13.700    238071.0
2024  5 11  5  2 00 000  -13.420  -35.850    8.790   -708.00    -21.60     48.90  13.300    195630.0
2024  5 11  5  3 00 000  -13.770  -35.610    7.290   -708.00    -21.60     49.00  13.300    195463.0
2024  5 11  5  4 00 000  -15.390  -35.110    5.890   -702.00    -26.00     50.30  16.110    169560.0
2024  5 11  5  5 00 000  -17.150  -34.380    5.290   -699.00    -23.30     50.90  15.500    169752.0
2024  5 11  5  6 00 000  -16.630  -34.230    5.890   -695.00    -19.70     51.60  14.700    170350.0
2024  5 11  5  7 00 000  -17.160  -34.500    5.870   -693.70    -25.40     42.30  15.130    185751.0
2024  5 11  5  8 00 000  -16.850  -34.670    6.620   -693.70    -25.40     42.30  15.130    185751.0
2024  5 11  5  9 00 000  -15.650  -34.820    7.970   -696.20    -22.10     41.60  14.610    227192.0
2024  5 11  5 10 00 000  -14.790  -34.460    8.680   -697.20    -24.00     40.30  15.740    217114.0
2024  5 11  5 11 00 000  -14.760  -33.890    6.830   -705.30    -39.40     29.80  25.200    133929.0
2024  5 11  5 12 00 000  -17.390  -31.470   -0.540   -701.60    -42.40     56.70  37.840    140253.0
2024  5 11  5 13 00 000  -12.050  -32.510   10.760   -698.70    -44.70     77.20  47.600    145083.0
2024  5 11  5 14 00 000  -12.700  -33.440   10.210   -698.70    -44.70     77.20  47.600    145083.0
2024  5 11  5 15 00 000  -12.330  -34.460   11.470   -703.30    -39.10     44.20  33.030    145379.0
2024  5 11  5 16 00 000  -11.390  -34.750   12.350   -703.30    -39.10     44.20  33.030    145379.0
2024  5 11  5 18 00 000  -12.160  -34.510   10.130   -701.90    -36.20     55.60  28.650    193747.0
2024  5 11  5 19 00 000  -13.880  -34.620    7.360   -701.90    -36.20     55.60  28.650    193747.0
2024  5 11  5 20 00 000  -13.290  -34.730    8.300   -701.90    -36.20     55.60  28.650    193747.0
2024  5 11  5 21 00 000  -14.490  -34.890    6.340   -690.60    -49.60     59.70  24.320    170329.0
2024  5 11  5 22 00 000  -13.570  -34.880    4.040   -690.60    -49.60     59.70  24.320    170329.0
2024  5 11  5 23 00 000  -15.200  -34.960    4.140   -692.30    -25.70     58.70  25.320    192789.0
2024  5 11  5 24 00 000  -16.250  -35.010    6.450   -692.30    -25.70     58.70  25.320    192789.0
2024  5 11  5 25 00 000  -16.360  -35.270    5.770   -700.80    -33.90     55.40  21.050    221931.0
2024  5 11  5 26 00 000  -15.100  -35.230    2.210   -701.30    -34.30     55.20  20.820    223500.0
2024  5 11  5 27 00 000  -15.340  -35.410    3.050   -708.90    -42.30     63.10  26.060    175179.0
2024  5 11  5 28 00 000  -14.770  -36.130    3.000   -708.90    -42.30     63.10  26.060    175179.0
2024  5 11  5 29 00 000  -13.970  -36.640    1.850   -697.20    -62.00     53.20  25.160    219157.0
2024  5 11  5 30 00 000  -13.840  -36.690    3.650   -697.10    -60.90     53.70  25.280    218706.0
2024  5 11  5 31 00 000  -13.940  -36.270   -3.590   -697.60    -51.80     58.00  25.800    211258.0
2024  5 11  5 32 00 000  -13.010  -37.830   -3.060   -691.90    -20.60     65.90  20.950    218980.0
2024  5 11  5 33 00 000  -14.260  -37.530   -1.420   -694.50    -37.30     80.90  23.340    201946.0
2024  5 11  5 34 00 000  -15.210  -37.730   -1.990   -695.30    -42.10     85.20  24.030    197048.0
2024  5 11  5 35 00 000  -13.790  -37.340   -7.750   -683.60     -4.40     71.50  21.420    227563.0
2024  5 11  5 36 00 000  -14.190  -35.670  -11.870   -683.60     -4.40     71.50  21.420    227563.0
2024  5 11  5 37 00 000  -16.910  -35.140   -5.440   -683.60     -4.40     71.50  21.420    227563.0
2024  5 11  5 38 00 000  -16.080  -34.470  -11.780   -683.40    -15.90     49.00  24.140    163089.0
2024  5 11  5 39 00 000  -17.600  -33.890  -16.250   -683.40    -15.90     49.00  24.140    163089.0
2024  5 11  5 40 00 000  -18.440  -33.510  -17.070   -684.90    -27.50     51.20  19.810    168220.0
2024  5 11  5 41 00 000  -16.480  -35.490  -14.880   -684.60    -27.40     51.60  19.910    167241.0
2024  5 11  5 42 00 000  -17.880  -35.950   -8.100   -683.20    -25.40     53.20  21.040    161851.0
2024  5 11  5 43 00 000  -20.740  -33.840    2.570   -689.30    -28.40     68.30  20.720    380801.0
2024  5 11  5 44 00 000  -20.910  -32.640    2.720   -687.80    -23.00     60.00  22.660    338046.0
2024  5 11  5 45 00 000  -14.340  -30.660   -7.870   -682.90     -6.80     34.50  28.500    203662.0
2024  5 11  5 46 00 000  -17.600  -32.440   -1.950   -682.90     -6.80     34.50  28.500    203662.0
2024  5 11  5 47 00 000  -18.570  -29.270    3.580   -705.20    -64.50     59.00  35.620    323908.0
2024  5 11  5 48 00 000  -18.370  -29.480    3.230   -705.20    -64.50     59.00  35.620    323908.0
2024  5 11  5 49 00 000  -17.920  -29.850    2.380   -705.90    -44.30     47.90  37.060    263139.0
2024  5 11  5 50 00 000  -18.790  -29.410    4.790   -705.90    -44.30     47.90  37.060    263139.0
2024  5 11  5 51 00 000  -19.210  -26.300    8.580   -703.40    -45.30     48.40  35.580    301870.0
2024  5 11  5 52 00 000  -19.230  -23.160   11.490   -697.50    -47.70     49.50  32.110    392932.0
2024  5 11  5 54 00 000  -24.240  -20.070   16.390   -708.50    -43.50     44.50  26.310    262581.0
2024  5 11  5 55 00 000  -28.010  -21.370   17.120   -708.50    -43.50     44.50  26.310    262581.0
2024  5 11  5 56 00 000  -25.450  -27.030    9.570   -702.70    -42.90     31.00  30.240    288038.0
2024  5 11  5 57 00 000  -26.940  -29.250    7.770   -708.40    -39.00     33.40  28.970    236625.0
2024  5 11  5 58 00 000  -25.490  -30.920    5.870   -714.50    -42.60     34.80  27.290    204176.0
2024  5 11  5 59 00 000  -26.700  -29.660    3.520   -712.40    -46.50     25.20  28.890    225017.0
2024  5 11  6  0 00 000  -28.230  -28.660    1.060   -707.20    -58.00     23.80  30.600    270046.0
2024  5 11  6  1 00 000  -27.470  -27.440   -6.440   -709.70    -52.10     21.40  30.060    243069.0
2024  5 11  6  2 00 000  -25.920  -26.410   -9.900   -710.60    -54.80     30.40  29.960    230079.0
2024  5 11  6  3 00 000  -19.760  -25.560   -5.730   -710.20    -58.90     37.30  30.090    231588.0
2024  5 11  6  4 00 000  -18.950  -25.160    2.990   -685.90    -42.10     10.80  35.650    320288.0
2024  5 11  6  5 00 000  -19.210  -25.060   11.180   -685.90    -42.10     10.80  35.650    320288.0
2024  5 11  6  7 00 000  -19.120   -9.580  -15.700   -678.40    -24.80     24.80  36.160    304208.0
2024  5 11  6  8 00 000  -18.800   -6.120  -18.840   -680.20    -19.90     32.40  37.940    345468.0
2024  5 11  6  9 00 000  -21.650   -3.850  -23.960   -680.80    -26.20     20.10  41.940    462565.0
2024  5 11  6 10 00 000  -18.960   -0.550  -26.970   -675.20    -35.00     20.10  44.410    585371.0
2024  5 11  6 11 00 000  -18.970   -1.380  -30.740   -673.40     -3.70     37.10  38.140    620816.0
2024  5 11  6 12 00 000  -19.650   -3.920  -28.770   -677.50      5.90     20.30  37.390    510275.0
2024  5 11  6 13 00 000  -19.980   -4.440  -29.140   -675.00     -2.20     36.90  42.350    483730.0
2024  5 11  6 14 00 000  -15.160   -0.310  -34.950   -672.20      5.20     38.50  40.310    475407.0
2024  5 11  6 15 00 000  -15.410    2.810  -34.760   -682.90     10.60     35.80  35.260    428923.0
2024  5 11  6 16 00 000  -12.930    4.450  -34.910   -682.70     -0.60     42.20  39.060    551198.0
2024  5 11  6 17 00 000  -13.030    2.350  -34.130   -683.20     -0.80     41.00  38.930    542415.0
2024  5 11  6 18 00 000  -12.260    1.090  -35.980   -690.20     -2.70     25.20  37.350    431065.0
2024  5 11  6 19 00 000  -11.870    2.630  -35.980   -692.60    -12.00     36.50  34.880    385232.0
2024  5 11  6 20 00 000  -13.590    3.040  -35.260   -693.50    -15.70     41.00  33.910    367233.0
2024  5 11  6 21 00 000  -16.140    4.500  -32.150   -683.10     -9.30     47.00  41.660    400125.0
2024  5 11  6 22 00 000  -21.350    0.590  -26.410   -683.00     -9.30     47.00  41.730    400452.0
2024  5 11  6 23 00 000  -26.820    3.240  -22.180   -676.80     -9.60     39.90  37.660    580257.0
2024  5 11  6 24 00 000  -29.080    7.620  -16.890   -676.40     -9.60     39.20  37.610    584051.0
2024  5 11  6 25 00 000  -32.480   -0.980  -13.110   -656.30    -12.10      2.00  41.410    552237.0
2024  5 11  6 26 00 000  -27.470   -7.090  -14.020   -655.30     -5.50      1.40  40.800    615819.0
2024  5 11  6 27 00 000  -15.200    2.040  -28.060   -657.50     -0.30      4.10  40.130    667414.0
2024  5 11  6 28 00 000  -25.860   -5.070  -21.560   -676.60     10.80     24.50  37.760    783502.0
2024  5 11  6 29 00 000  -27.290   -6.720  -20.900   -665.40     35.10     37.30  38.190    991587.0
2024  5 11  6 30 00 000  -25.720   -3.390  -24.820   -664.80     36.30     37.90  38.210   1002103.0
2024  5 11  6 31 00 000  -17.360   11.920  -30.820   -682.40    -12.30     36.70  44.530    365632.0
2024  5 11  6 32 00 000  -22.210   -1.340  -31.440   -682.40    -12.30     36.70  44.530    365632.0
2024  5 11  6 33 00 000  -25.980   -3.680  -33.900   -682.40    -12.30     36.70  44.530    365632.0
2024  5 11  6 35 00 000  -24.690    4.120  -37.710   -676.30      6.90     31.60  38.180    541539.0
2024  5 11  6 36 00 000  -24.120    5.840  -38.400   -676.30      6.90     31.60  38.180    541539.0
2024  5 11  6 41 00 000  -19.950   11.460  -37.150   -686.30    -10.10     33.20  29.790    225194.0
2024  5 11  6 42 00 000  -19.980   11.370  -36.910   -686.30    -10.10     33.20  29.790    225194.0
2024  5 11  6 43 00 000  -19.980   11.350  -36.910   -686.30    -10.10     33.20  29.790    225194.0
2024  5 11  6 53 00 000  -17.400   17.820  -36.130   -693.10    -21.70     33.50  29.170    241499.0
2024  5 11  6 54 00 000  -17.040   17.920  -36.050   -693.10    -21.70     33.50  29.170    241499.0
2024  5 11  6 55 00 000  -16.430   18.950  -35.180   -693.20    -24.40     53.20  29.800    202541.0
2024  5 11  6 56 00 000  -16.590   17.160  -34.800   -693.70    -22.80     49.40  29.600    209684.0
2024  5 11  6 57 00 000  -16.510   17.440  -33.990   -695.20    -18.40     39.30  29.090    228529.0
2024  5 11  6 58 00 000  -15.470   19.450  -33.610   -690.70    -24.60     36.50  36.740    232562.0
2024  5 11  6 59 00 000  -16.370   19.600  -33.010   -690.70    -24.60     36.50  36.740    232562.0
2024  5 11  7  0 00 000  -15.330   19.590  -32.040   -690.70    -24.60     36.50  36.740    232562.0
2024  5 11  7  2 00 000  -15.230   20.800  -30.670   -691.50    -34.10     29.90  36.280    281070.0
2024  5 11  7  3 00 000  -15.320   20.890  -30.120   -691.50    -34.10     29.90  36.280    281070.0
2024  5 11  7  5 00 000  -15.480   20.430  -29.330   -688.10    -15.40     28.50  37.240    258847.0
2024  5 11  7  6 00 000  -16.320   20.280  -28.570   -688.10    -15.40     28.50  37.240    258847.0
2024  5 11  7  7 00 000  -18.150   18.850  -28.170   -680.50    -18.70     32.50  39.330    287414.0
2024  5 11  7  8 00 000  -15.510   20.600  -29.180   -679.90    -19.00     32.80  39.500    289713.0
2024  5 11  7  9 00 000  -11.420   21.730  -29.930   -682.80    -26.30     27.80  41.670    291399.0
2024  5 11  7 10 00 000   -8.980   21.920  -30.510   -683.60    -25.90     28.20  41.520    288883.0
2024  5 11  7 11 00 000   -9.540   23.980  -28.200   -692.10    -16.90     36.50  38.310    255306.0
2024  5 11  7 12 00 000   -9.370   25.650  -26.620   -692.60    -16.40     37.00  38.130    253337.0
2024  5 11  7 13 00 000  -12.710   24.450  -27.290   -686.40    -29.50     30.20  38.640    285791.0
2024  5 11  7 14 00 000  -12.100   25.320  -26.370   -686.40    -29.50     30.20  38.640    285791.0
2024  5 11  7 15 00 000  -11.760   27.140  -25.190   -686.40    -29.50     30.20  38.640    285791.0
2024  5 11  7 17 00 000   -8.200   28.950  -25.080   -693.50    -30.60     26.00  36.610    250915.0
2024  5 11  7 18 00 000   -9.510   29.550  -23.190   -690.40    -30.90     27.00  38.880    281811.0
2024  5 11  7 19 00 000   -8.970   30.480  -22.220   -686.80    -42.50     29.30  39.600    294192.0
2024  5 11  7 20 00 000   -8.640   32.010  -20.500   -686.00    -53.10     30.50  38.350    279341.0
2024  5 11  7 21 00 000   -9.760   28.660  -24.720   -687.60    -43.80     29.00  40.370    279505.0
2024  5 11  7 22 00 000   -7.750   31.420  -19.860   -687.60    -43.80     29.00  40.370    279505.0
2024  5 11  7 23 00 000   -4.620   34.280  -13.280   -696.40    -45.40     16.40  40.320    282616.0
2024  5 11  7 24 00 000   -6.990   32.720  -15.810   -696.50    -46.10     15.90  41.120    280387.0
2024  5 11  7 25 00 000   -3.190   35.020   -8.990   -696.30    -46.40     16.10  41.500    279193.0
2024  5 11  7 27 00 000   -5.070   35.600  -10.810   -694.10    -56.60     11.80  40.810    211601.0
2024  5 11  7 28 00 000   -4.330   35.940  -10.970   -694.10    -56.60     11.80  40.810    211601.0
2024  5 11  7 29 00 000   -5.760   33.720  -13.720   -690.80    -45.50     10.60  40.490    249437.0
2024  5 11  7 30 00 000   -6.700   34.870  -15.350   -690.80    -45.50     10.60  40.490    249437.0
2024  5 11  7 31 00 000   -7.540   32.440  -18.390   -696.60    -55.70      3.80  41.320    217317.0
2024  5 11  7 32 00 000   -3.740   35.340  -14.810   -697.40    -57.10      2.90  41.430    212891.0
2024  5 11  7 33 00 000   -3.410   36.510  -13.280   -694.70    -60.90     13.90  39.150    238571.0
2024  5 11  7 34 00 000   -1.920   37.240  -11.430   -694.20    -61.40     15.60  38.750    242516.0
2024  5 11  7 35 00 000    0.810   37.640  -10.550   -694.80    -53.80     -0.50  36.470    210448.0
2024  5 11  7 36 00 000   -0.660   39.240   -7.660   -694.90    -53.10     -2.00  36.260    207471.0
2024  5 11  7 37 00 000   -2.270   39.970    1.930   -691.30    -68.40     -6.80  28.930    235805.0
2024  5 11  7 38 00 000   -2.770   36.400    9.240   -697.60    -59.60      1.00  28.470    221347.0
2024  5 11  7 39 00 000   -0.690   35.210   10.740   -712.90    -58.90     10.00  26.120    346125.0
2024  5 11  7 40 00 000   -1.840   34.320   11.120   -713.00    -59.00     10.00  26.100    347795.0
2024  5 11  7 41 00 000   -0.290   35.040    8.610   -710.70    -60.80      4.20  24.720    376339.0
2024  5 11  7 42 00 000   -0.180   33.560    5.230   -710.60    -60.50      4.10  24.760    375077.0
2024  5 11  7 43 00 000    1.770   34.000    1.820   -703.30    -24.90     -9.60  29.610    226081.0
2024  5 11  7 44 00 000    3.040   33.770    2.150   -699.90    -27.20     -8.80  33.160    216433.0
2024  5 11  7 45 00 000    0.910   33.970    1.660   -696.50    -28.20     -7.70  36.820    204819.0
2024  5 11  7 46 00 000    0.900   32.230    5.310   -696.80     -9.90     -2.40  39.350    172987.0
2024  5 11  7 47 00 000   -6.930   29.520   10.960   -709.80     -5.50     -0.20  38.030    158110.0
2024  5 11  7 48 00 000   -1.820   30.290   11.820   -710.80     -5.20      0.00  37.930    156990.0
2024  5 11  7 49 00 000   -5.960   31.770   13.620   -706.10    -12.40      4.80  40.510    263538.0
2024  5 11  7 50 00 000   -6.060   31.850   15.970   -706.10    -12.30      4.80  40.490    263334.0
2024  5 11  7 51 00 000   -5.650   30.540   18.140   -707.20     21.80     23.40  31.690    184279.0
2024  5 11  7 52 00 000   -2.400   30.030   16.130   -706.20     17.30     24.20  32.270    186171.0
2024  5 11  7 53 00 000    0.860   31.710   10.110   -703.40      4.90     26.60  33.900    191426.0
2024  5 11  7 54 00 000    0.730   31.250    5.490   -693.80     15.00      7.30  41.010    201692.0
2024  5 11  7 55 00 000    0.270   30.570    4.000   -691.40     17.50      2.60  42.780    204224.0
2024  5 11  7 56 00 000   -0.870   30.500    5.830   -697.20    -20.40     -0.90  34.700    317362.0
2024  5 11  7 57 00 000    0.290   29.470    4.020   -701.60    -28.90     -5.50  38.050    312310.0
2024  5 11  7 58 00 000    1.020   13.470  -19.510   -699.70    -46.70     -0.80  26.990    635573.0
2024  5 11  7 59 00 000    3.480   -3.120  -33.380   -702.00    -12.90    -14.70  21.370    592337.0
2024  5 11  8  0 00 000    6.340   -8.290  -27.910   -703.50      5.30    -22.10  18.840    561426.0
2024  5 11  8  1 00 000    8.930  -11.890  -26.140   -709.90     32.80    -30.50  28.190    308859.0
2024  5 11  8  2 00 000   11.800   -8.580  -14.390   -709.90     32.80    -30.50  28.190    308859.0
2024  5 11  8  6 00 000   10.670    6.380   -6.240   -724.40     -4.90    -21.10  25.880   1043001.0
2024  5 11  8  7 00 000    1.800   -0.190  -11.950   -724.40     -4.90    -21.10  25.880   1043001.0
2024  5 11  8  8 00 000   -3.060  -10.890  -12.150   -714.20     22.90    -59.40  22.920    728062.0
2024  5 11  8  9 00 000   -3.790   -9.040   -2.330   -714.20     22.90    -59.40  22.920    728062.0
2024  5 11  8 11 00 000   -0.440   12.620  -19.490   -705.70     39.80    -42.00  25.700    531738.0
2024  5 11  8 12 00 000    0.530   18.770  -20.340   -705.60     39.30    -41.80  25.660    533948.0
2024  5 11  8 13 00 000   -0.080   22.270  -17.510   -702.70      7.30    -35.40  22.500    697460.0
2024  5 11  8 14 00 000   -0.060   25.170   -8.960   -703.60     18.40    -34.80  25.690    580053.0
2024  5 11  8 15 00 000   -5.100   24.310   -8.820   -709.90     22.40    -42.00  27.060    610627.0
2024  5 11  8 16 00 000   -2.060   22.820  -11.640   -722.60     16.80    -45.50  32.250    600652.0
2024  5 11  8 17 00 000   -1.270   17.760  -11.850   -712.80     25.10    -43.90  28.560    566541.0
2024  5 11  8 18 00 000   -1.380   19.050  -13.670   -705.70     27.80    -44.90  27.380    558261.0
2024  5 11  8 19 00 000   -1.990   26.180  -18.150   -708.90     14.80    -52.50  33.370    622335.0
2024  5 11  8 20 00 000   -1.720   21.720  -18.180   -731.10    -25.60    -53.20  39.140    269481.0
2024  5 11  8 21 00 000    7.530   33.760   -2.070   -731.10    -25.60    -53.20  39.140    269481.0
2024  5 11  8 22 00 000    8.590   34.900    1.530   -725.60    -28.30    -41.50  30.950    324378.0
2024  5 11  8 23 00 000    5.300   31.700   -2.950   -721.30    -27.70    -25.80  23.200    432203.0
2024  5 11  8 24 00 000   -1.200   29.240  -16.960   -726.50    -14.10    -13.00  26.240    624383.0
2024  5 11  8 25 00 000   -2.240   34.910  -16.690   -715.80    -27.90    -42.40  23.640    167617.0
2024  5 11  8 26 00 000   -2.550   32.370  -18.350   -715.70    -28.00    -42.60  23.620    164853.0
2024  5 11  8 27 00 000   -4.800   25.950  -24.080   -714.30    -19.70    -20.90  33.570    171389.0
2024  5 11  8 28 00 000   -8.200   21.640  -30.870   -714.20    -19.30    -19.70  34.110    171745.0
2024  5 11  8 29 00 000   -8.890   18.490  -32.530   -713.70    -17.70    -17.90  36.270    194738.0
2024  5 11  8 30 00 000   -8.360   20.360  -32.020   -708.00     18.40    -28.50  14.790    146592.0
2024  5 11  8 31 00 000  -11.060   15.500  -33.660   -713.60      5.50    -36.60  16.740    125845.0
2024  5 11  8 32 00 000   -6.460   25.790  -30.120   -717.10    -21.50    -38.30  28.850    134919.0
2024  5 11  8 33 00 000   -2.820   27.660  -31.360   -707.20     11.50    -25.00   9.500    137940.0
2024  5 11  8 34 00 000   -1.530   29.330  -30.850   -703.10     29.40    -25.90   7.040    120890.0
2024  5 11  8 35 00 000   -7.200   27.100  -31.620   -713.10     37.00    -29.20   8.240     90694.0
2024  5 11  8 36 00 000   -9.200   26.670  -31.730   -733.90     41.60    -23.20   7.290    100267.0
2024  5 11  8 38 00 000   -8.030   26.290  -32.500   -733.20     14.80    -25.10   7.080    112960.0
2024  5 11  8 39 00 000   -9.480   24.810  -33.180   -733.20     14.80    -25.10   7.080    112960.0
2024  5 11  8 41 00 000   -8.050   24.470  -33.370   -730.00     19.00    -53.10   9.760     83902.0
2024  5 11  8 42 00 000   -9.490   23.980  -33.320   -730.00     19.00    -53.10   9.760     83902.0
2024  5 11  8 43 00 000   -7.430   24.150  -33.660   -717.00     26.10    -50.00   9.470    127684.0
2024  5 11  8 44 00 000   -4.040   24.560  -33.710   -717.00     26.10    -50.00   9.470    127684.0
2024  5 11  8 45 00 000   -4.030   23.550  -34.520   -717.00     26.10    -50.00   9.470    127684.0
2024  5 11  8 46 00 000   -4.370   21.990  -35.370   -707.40     19.60    -55.30  10.280    134670.0
2024  5 11  8 47 00 000   -5.400   20.800  -36.550   -707.40     19.60    -55.30  10.280    134670.0
2024  5 11  8 48 00 000   -6.350   20.710  -35.830   -717.80     18.70    -23.40   7.990     97694.0
2024  5 11  8 49 00 000   -5.470   22.090  -34.800   -717.80     18.70    -23.30   7.990     97625.0
2024  5 11  8 51 00 000   -6.960   20.790  -34.970   -708.80     29.50    -48.20  10.440    139624.0
2024  5 11  8 52 00 000   -7.310   20.910  -34.900   -708.80     29.50    -48.20  10.440    139624.0
2024  5 11  8 53 00 000   -7.150   19.220  -35.890   -705.50     26.60    -46.10  10.560    147100.0
2024  5 11  8 54 00 000   -6.110   18.740  -36.180   -695.50     17.80    -39.70  10.910    169752.0
2024  5 11  8 55 00 000   -3.170   20.310  -35.240   -695.50     17.80    -39.70  10.910    169752.0
2024  5 11  8 56 00 000    1.710   22.250  -34.540   -698.60     28.80    -48.80  11.410    157793.0
2024  5 11  8 57 00 000    3.880   22.560  -34.690   -698.60     28.80    -48.80  11.410    157793.0
2024  5 11  9  0 00 000    0.600   18.050  -36.740   -704.80     42.50    -39.30  14.800    119429.0
2024  5 11  9  1 00 000   -0.370   17.210  -36.830   -704.80     42.50    -39.30  14.800    119429.0
2024  5 11  9  2 00 000   -0.980   18.410  -36.520   -704.80     42.50    -39.30  14.800    119429.0
2024  5 11  9  3 00 000   -3.860   18.750  -36.950   -695.60     17.70    -28.50   7.180    200724.0
2024  5 11  9  4 00 000   -3.220   18.670  -37.050   -695.60     17.70    -28.50   7.180    200724.0
2024  5 11  9  6 00 000   -2.050   18.290  -36.960   -672.20     -2.00    -31.50   6.750    252242.0
2024  5 11  9  7 00 000   -3.200   17.450  -37.420   -672.20     -2.00    -31.50   6.750    252242.0
2024  5 11  9  8 00 000   -3.560   16.870  -36.920   -677.40      3.10    -32.10   6.570    197275.0
2024  5 11  9  9 00 000   -2.690   17.560  -37.230   -678.90      4.50    -32.30   6.520    182016.0
2024  5 11  9 10 00 000   -3.080   16.700  -37.040   -678.90      4.50    -32.30   6.520    182016.0
2024  5 11  9 11 00 000   -3.520   16.630  -37.270   -678.80      7.20    -35.80   6.810    180955.0
2024  5 11  9 12 00 000   -3.720   16.430  -37.580   -678.80      7.20    -35.80   6.810    180955.0
2024  5 11  9 13 00 000    0.590   15.560  -38.350   -674.40    -10.80     -7.80   4.700    118999.0
2024  5 11  9 14 00 000    2.250   15.490  -38.450   -674.40    -10.80     -7.80   4.700    118999.0
2024  5 11  9 15 00 000    1.610   17.240  -37.590   -674.40    -10.80     -7.80   4.700    118999.0
2024  5 11  9 16 00 000   -3.100   11.410  -35.040   -694.40     -3.20    -12.10  33.020    136044.0
2024  5 11  9 17 00 000   -2.290   12.040  -36.780   -686.20      0.30    -16.30  24.820    136535.0
2024  5 11  9 18 00 000   -2.140   11.370  -37.310   -665.80      8.90    -26.80   4.920    137760.0
2024  5 11  9 20 00 000   -3.940   11.890  -37.080   -672.70      0.60    -16.20   4.420    149320.0
2024  5 11  9 21 00 000   -5.030   13.920  -38.790   -672.70      0.60    -16.20   4.420    149320.0
2024  5 11  9 22 00 000   -5.950   12.970  -39.020   -672.70      0.60    -16.20   4.420    149320.0
2024  5 11  9 23 00 000   -7.420   14.320  -36.480   -673.50      5.90    -26.40   5.840    182480.0
2024  5 11  9 24 00 000   -4.470   13.310  -38.820   -673.70      2.80    -26.20   5.750    176184.0
2024  5 11  9 25 00 000   -6.370   13.220  -38.420   -676.00    -32.90    -23.60   4.680    104146.0
2024  5 11  9 26 00 000   -6.890   13.900  -38.850   -676.00    -32.90    -23.60   4.680    104146.0
2024  5 11  9 27 00 000   -5.800   11.860  -36.210   -690.40     -8.80    -23.40  17.210    100919.0
2024  5 11  9 28 00 000   -6.660   14.080  -39.570   -694.30     -8.10    -22.40  25.590    117427.0
2024  5 11  9 31 00 000   -6.930   10.950  -35.590   -698.20    -10.30     -4.00  18.770    120900.0
2024  5 11  9 32 00 000   -7.700    9.450  -35.120   -697.90     -5.40     -5.70  25.930    133897.0
2024  5 11  9 33 00 000   -5.880    7.340  -34.710   -703.60      4.50    -15.10  30.490    134777.0
2024  5 11  9 34 00 000   -3.630    6.140  -37.580   -702.20      6.90    -26.80  22.490    132527.0
2024  5 11  9 35 00 000    4.340    0.070  -37.370   -696.40      7.70    -36.20  16.330    125725.0
2024  5 11  9 36 00 000    2.060    3.100  -36.080   -692.20      5.20    -30.60  20.180    120614.0
2024  5 11  9 37 00 000    2.800    2.940  -30.710   -695.10      0.60    -26.30  20.470    115175.0
2024  5 11  9 38 00 000    2.270   15.890  -20.500   -701.10      1.50    -30.70  36.730    153469.0
2024  5 11  9 39 00 000    3.260   14.980  -22.350   -701.30     -0.30    -46.40  46.600    162103.0
2024  5 11  9 40 00 000   -2.160    6.960  -30.670   -697.10      4.60    -33.00  39.820    166687.0
2024  5 11  9 42 00 000   -4.370    4.810  -31.370   -705.00      4.10    -50.70  70.070    128189.0
2024  5 11  9 43 00 000   -4.570    3.100  -33.310   -696.90      6.50    -22.80  31.690    133554.0
2024  5 11  9 44 00 000   -5.210    3.580  -33.400   -696.50      8.50    -18.60  23.660    136069.0
2024  5 11  9 45 00 000   -6.900    6.970  -26.500   -696.00     -0.90    -28.60  20.880    154963.0
2024  5 11  9 46 00 000   -4.390    3.330  -35.090   -696.40      0.70    -25.40  21.170    147620.0
2024  5 11  9 47 00 000   -3.580    0.400  -37.290   -698.10      7.30    -12.20  22.350    117796.0
2024  5 11  9 48 00 000   -4.890    3.540  -29.760   -698.30      8.00    -10.70  22.480    114376.0
2024  5 11  9 52 00 000   -3.770    1.840  -37.150   -700.20      5.70    -12.40  22.240    112021.0
2024  5 11  9 53 00 000   -3.160    1.700  -35.470   -698.90      8.90    -18.60  22.910    112709.0
2024  5 11  9 54 00 000   -4.500    3.710  -29.430   -698.40     10.10    -20.80  23.150    112960.0
2024  5 11 10 32 00 000    7.190   -2.720  -14.090   -672.80     15.20    -19.90  20.050    398412.0
2024  5 11 10 33 00 000    6.040   -1.350  -15.070   -679.20      8.90    -20.20  19.480    453866.0
2024  5 11 10 34 00 000    5.420   -0.790   -8.810   -692.00     -4.80    -20.30  20.670    535959.0
2024  5 11 10 35 00 000    3.510    4.710   -7.180   -682.60    -11.00    -18.30  27.740    399196.0
2024  5 11 10 36 00 000    5.290    6.350   -7.550   -675.20    -16.70    -18.00  28.880    341023.0
2024  5 11 10 37 00 000    8.110    6.570   -7.590   -660.90      1.90    -36.00  35.050    196829.0
2024  5 11 10 38 00 000    6.980    4.590  -10.310   -674.40     13.00    -45.00  39.180    161207.0
2024  5 11 10 42 00 000   12.710    2.080   -7.420   -725.10     12.80    -44.40  45.940    124535.0
2024  5 11 10 43 00 000    1.750    1.030  -20.170   -725.10     12.80    -44.40  45.940    124535.0
2024  5 11 10 44 00 000   15.870   -2.890   -3.470   -683.40    -11.50    -38.00  41.070    238448.0
2024  5 11 10 45 00 000    2.820  -11.220  -13.920   -684.90     12.80     -8.30  29.560    274425.0
2024  5 11 10 46 00 000    1.610    4.000  -15.520   -700.30     37.00     14.40  21.640    273666.0
2024  5 11 10 47 00 000    1.640    6.170  -16.780   -707.60     13.10      6.20  18.330    388047.0
2024  5 11 10 48 00 000    3.320    7.760  -15.670   -705.70     18.30    -12.20  16.600    416625.0
2024  5 11 10 49 00 000    0.060    9.420  -14.810   -706.50     17.00    -17.00  14.760    434237.0
2024  5 11 10 50 00 000    3.850    5.880  -10.390   -712.90     -7.30      9.00  18.700    430861.0
2024  5 11 10 51 00 000    4.070    5.410  -14.300   -712.90     -7.30      9.00  18.700    430861.0
2024  5 11 10 52 00 000    1.620    9.080  -10.890   -720.20     12.90    -36.90  32.290    249771.0
2024  5 11 10 53 00 000    5.900    6.010   -6.340   -718.70     12.30    -33.10  30.360    263768.0
2024  5 11 10 54 00 000    1.950    8.380  -10.250   -803.00    -54.60    -79.00  25.330    385852.0
2024  5 11 10 55 00 000    0.940    8.190   -7.560   -719.30    -17.90    -10.20  20.280    458793.0
2024  5 11 10 56 00 000    0.000   10.560   -6.010   -706.30     -8.00    -15.20  21.430    292035.0
2024  5 11 10 57 00 000   -0.620   11.530   -0.440   -707.70     -2.60    -26.40  23.110    231989.0
2024  5 11 10 58 00 000   -3.870   13.880    0.130   -703.20     -8.00      5.70  18.210    385749.0
2024  5 11 10 59 00 000    2.270    7.880   -0.010   -703.20     -8.00      5.70  18.210    385749.0
2024  5 11 11  0 00 000   -0.440    8.990    0.020   -722.60    -21.10     -8.20  16.420    525550.0
2024  5 11 11  1 00 000   -1.050    6.050   -1.480   -746.00    -26.70    -60.40  27.680    434468.0
2024  5 11 11  2 00 000    7.950    0.140    1.480   -697.20    -13.90    -27.50  19.980    518569.0
2024  5 11 11  3 00 000   -2.990    7.780    1.580   -705.60    -13.60     -6.50  13.750    670497.0
2024  5 11 11  4 00 000   -4.580    9.600   -3.430   -720.10    -23.80    -24.20  15.400    522732.0
2024  5 11 11  5 00 000   -6.700    5.270   -7.490   -727.60    -29.30    -49.40  17.010    424009.0
2024  5 11 11  6 00 000   -5.930    2.700    0.280   -711.70    -17.20    -32.50  16.380    673380.0
2024  5 11 11  8 00 000   -0.130    1.220   -0.170   -732.70    -22.20    -31.70  18.100    576453.0
2024  5 11 11  9 00 000   -0.830    5.990   -1.770   -739.20    -22.40    -34.20  18.410    551548.0
2024  5 11 11 10 00 000   -4.170    6.730   -7.870   -729.00    -31.90    -38.90  18.160    401379.0
2024  5 11 11 11 00 000   -4.610    7.260   -7.900   -728.00    -41.80    -42.50  18.220    374910.0
2024  5 11 11 12 00 000   -4.240    2.950   -8.670   -766.60    -43.00    -44.10  20.510    317702.0
2024  5 11 11 13 00 000   -1.920    3.320   -7.610   -753.40    -14.40    -51.40  18.980    381071.0
2024  5 11 11 14 00 000    1.720    3.120   -7.940   -746.00    -53.20    -62.10  17.600    458271.0
2024  5 11 11 15 00 000    2.530    1.950   -8.740   -738.10    -35.00    -58.60  15.180    512736.0
2024  5 11 11 16 00 000    0.180    0.150   -7.170   -775.30     -9.90    -57.60  19.920    503682.0
2024  5 11 11 17 00 000    1.770   -0.130   -7.090   -762.90    -13.90    -67.90  18.350    647376.0
2024  5 11 11 18 00 000    3.500   -0.050   -3.390   -782.20    -44.10    -18.90  25.180    286542.0
2024  5 11 11 19 00 000    4.300    0.420    0.370   -792.30    -15.40    -31.70  23.670    423706.0
2024  5 11 11 20 00 000   13.110    3.250   14.340   -789.00    -49.30    -70.00  20.500    270947.0
2024  5 11 11 21 00 000   10.020    5.500    3.990   -803.90    -49.80    -69.10  22.020    244797.0
2024  5 11 11 22 00 000   14.680   10.650    2.980   -823.20    -53.70    -66.90  23.920    207268.0
2024  5 11 11 23 00 000   12.610    5.110    7.210   -810.00    -81.10    -58.00  18.730    207865.0
2024  5 11 11 24 00 000   10.970    1.690    9.860   -830.70   -105.10    -53.50  16.060    387150.0
2024  5 11 11 25 00 000   16.520    2.290   12.810   -807.00    -42.40    -68.20  14.350    165713.0
2024  5 11 11 26 00 000    8.760   -1.190    9.300   -786.00    -56.70    -34.40  24.640    212477.0
2024  5 11 11 27 00 000    8.520   -1.450    5.990   -785.80    -56.80    -34.10  24.730    212891.0
2024  5 11 11 28 00 000   17.590    3.500    7.960   -825.80    -57.10    -52.00  21.030    148960.0
2024  5 11 11 29 00 000   -9.180   -4.490   -4.660   -825.80    -57.10    -52.00  21.030    148960.0
2024  5 11 11 30 00 000  -11.790   -5.830   -6.240   -825.80    -57.10    -52.00  21.030    148960.0
2024  5 11 11 31 00 000  -16.850   -5.910   -8.500   -788.90    -19.90    -32.60  16.430     95834.0
2024  5 11 11 32 00 000  -18.010   -5.320  -11.180   -788.90    -19.90    -32.60  16.430     95834.0
2024  5 11 11 33 00 000   -9.240   -0.860   -6.490   -788.90    -19.90    -32.60  16.430     95834.0
2024  5 11 11 34 00 000  -17.310   -0.400  -13.760   -804.60    -74.30    -50.80  20.110     85487.0
2024  5 11 11 35 00 000  -17.800   -1.660  -13.190   -804.60    -74.30    -50.80  20.110     85487.0
2024  5 11 11 36 00 000  -18.470   -2.920  -11.960   -806.20    -58.40    -42.00  17.610     92540.0
2024  5 11 11 37 00 000  -17.460   -0.840  -15.000   -806.20    -58.40    -42.00  17.600     92501.0
2024  5 11 11 38 00 000  -17.710   -2.220  -13.120   -798.90    -47.70    -57.80  15.600     78452.0
2024  5 11 11 39 00 000  -13.420   -6.430   -6.740   -798.90    -47.70    -57.80  15.600     78452.0
2024  5 11 11 41 00 000  -16.640    0.670  -16.900   -806.40    -62.40    -47.50  11.240    106417.0
2024  5 11 11 42 00 000  -16.890    0.850  -16.620   -806.40    -62.40    -47.50  11.240    106417.0
2024  5 11 11 43 00 000  -16.350    1.490  -16.680   -806.40    -62.40    -47.50  11.240    106417.0
2024  5 11 11 44 00 000  -16.930   -0.360  -16.330   -805.20    -62.20    -41.60  11.500     96994.0
2024  5 11 11 45 00 000  -17.710   -0.290  -15.720   -805.20    -62.20    -41.60  11.500     96994.0
2024  5 11 11 46 00 000  -16.520    0.860  -16.650   -807.10    -72.00    -47.90  13.170    107618.0
2024  5 11 11 47 00 000  -15.840    1.140  -16.960   -807.70    -69.90    -49.10  11.700    102267.0
2024  5 11 11 51 00 000   -6.170    9.240  -16.530   -801.80    -49.90    -62.30  13.530    123932.0
2024  5 11 11 52 00 000   -9.720    5.660  -17.600   -801.80    -49.90    -62.30  13.530    123932.0
2024  5 11 11 53 00 000   -0.280   15.660  -17.170   -801.80    -49.90    -62.30  13.530    123932.0
2024  5 11 11 54 00 000    1.990   16.510  -16.540   -789.50    -49.40    -51.10  14.670    154229.0
2024  5 11 11 55 00 000    2.220   17.400  -16.380   -789.50    -49.40    -51.10  14.670    154229.0
2024  5 11 11 56 00 000    2.770   18.780  -15.830   -799.40    -47.60    -61.20  13.720    120519.0
2024  5 11 11 57 00 000    2.470   17.880  -16.380   -802.90    -46.90    -64.80  13.390    108559.0
2024  5 11 11 58 00 000   -0.880   16.900  -17.250   -807.90    -71.40    -58.80  18.300    185684.0
2024  5 11 11 59 00 000   -1.700   16.670  -17.210   -806.80    -60.00    -58.40  16.500    150775.0
2024  5 11 12  0 00 000   -2.230   16.530  -17.260   -809.00    -58.40    -51.70  15.320    128554.0
2024  5 11 12  1 00 000    3.000   18.230  -16.380   -801.30    -53.40    -50.20  14.350    134873.0
2024  5 11 12  2 00 000    6.380   18.750  -14.480   -808.30    -48.80    -65.90  13.700    106925.0
2024  5 11 12  5 00 000    2.270   16.390  -18.920   -800.80    -47.90    -53.90  13.460    118731.0
2024  5 11 12  6 00 000    1.800   16.220  -19.110   -800.80    -47.90    -53.90  13.460    118731.0
2024  5 11 12  7 00 000    2.770   18.050  -17.730   -800.80    -47.90    -53.90  13.460    118731.0
2024  5 11 12  8 00 000    0.110   16.850  -18.410   -806.80    -53.10    -53.80  13.500    104246.0
2024  5 11 12  9 00 000    1.070   16.760  -18.500   -800.30    -52.30    -53.10  12.220    107827.0
2024  5 11 12 10 00 000   -0.710   16.770  -18.460   -796.70    -52.20    -51.20  11.160    113430.0
2024  5 11 12 11 00 000    4.350   16.720  -16.670   -796.10    -54.80    -49.70  11.100    144796.0
2024  5 11 12 12 00 000    3.710   18.080  -16.800   -789.70    -52.00    -55.20  11.640    213170.0
2024  5 11 12 13 00 000    6.110   19.080  -16.740   -795.80    -76.90    -64.70  13.280    207946.0
2024  5 11 12 14 00 000   -0.980   15.910  -18.190   -837.80    -54.20    -70.40   9.630    115789.0
2024  5 11 12 15 00 000    2.910   17.100  -17.150   -830.70    -59.20    -66.20   9.850    114416.0
2024  5 11 12 16 00 000   -3.780   15.040  -19.410   -820.50    -72.00    -57.10  10.710     96531.0
2024  5 11 12 20 00 000  -10.240   13.390  -21.140   -818.00    -72.80    -57.10  11.170     89676.0
2024  5 11 12 21 00 000  -10.140   13.210  -21.280   -817.90    -72.50    -56.70  11.070     91546.0
2024  5 11 12 22 00 000  -11.120   12.020  -21.040   -817.30    -71.50    -54.90  10.660     99240.0
2024  5 11 12 23 00 000  -11.040   12.930  -21.050   -817.10    -71.20    -54.40  10.560    101205.0
2024  5 11 12 25 00 000  -11.160   12.710  -21.200   -817.10    -73.40    -52.90  10.360     93394.0
2024  5 11 12 26 00 000  -11.310   12.660  -21.000   -817.10    -73.40    -52.90  10.360     93394.0
2024  5 11 12 34 00 000  -11.910   11.410  -20.630   -814.40    -64.20    -51.40  10.840    147702.0
2024  5 11 12 35 00 000  -13.470   10.660  -20.440   -814.40    -64.20    -51.40  10.840    147702.0
2024  5 11 12 38 00 000  -13.190    9.720  -21.170   -799.30    -57.10    -51.60  10.660    112281.0
2024  5 11 12 39 00 000  -12.870    9.870  -21.480   -799.30    -57.10    -51.60  10.660    112281.0
2024  5 11 12 42 00 000  -12.380   10.880  -22.010   -811.20    -65.00    -49.40   7.940    119214.0
2024  5 11 12 43 00 000  -11.880   11.480  -21.900   -811.20    -65.00    -49.40   7.940    119214.0
2024  5 11 12 44 00 000  -11.720   11.900  -21.720   -811.20    -65.00    -49.40   7.940    119214.0
2024  5 11 12 45 00 000  -12.360   11.770  -21.570   -809.00    -63.20    -53.50   9.070     86765.0
2024  5 11 12 46 00 000  -13.230   11.200  -21.680   -809.00    -63.20    -53.50   9.070     86765.0
2024  5 11 12 47 00 000  -14.090   10.140  -21.660   -809.70    -66.70    -54.10   9.660     96752.0
2024  5 11 12 48 00 000  -14.230    9.200  -21.890   -809.70    -66.70    -54.10   9.660     96752.0
2024  5 11 12 49 00 000  -14.740    9.040  -21.740   -809.10    -70.00    -49.70  10.160     96075.0
2024  5 11 12 50 00 000  -14.700    8.520  -22.030   -809.10    -70.00    -49.70  10.160     96075.0
2024  5 11 12 51 00 000  -15.000    9.240  -21.360   -803.50    -69.60    -52.20   9.360    106214.0
2024  5 11 12 52 00 000  -15.610    7.220  -22.150   -803.50    -69.60    -52.20   9.360    106214.0
2024  5 11 12 53 00 000  -16.420    4.380  -22.580   -807.90    -64.70    -42.40   7.740     83339.0
2024  5 11 12 54 00 000  -16.900    3.560  -22.780   -807.90    -64.70    -42.40   7.730     83228.0
2024  5 11 12 56 00 000  -15.270    7.610  -22.180   -805.00    -92.30    -33.70   7.980     92068.0
2024  5 11 12 57 00 000  -15.500    6.890  -22.420   -805.00    -92.30    -33.70   7.980     92068.0
2024  5 11 12 59 00 000  -15.730    6.490  -22.330   -803.60    -80.00    -33.50   7.120     68995.0
2024  5 11 13  0 00 000  -13.910   10.560  -22.430   -803.60    -80.00    -33.50   7.120     68995.0
2024  5 11 13  1 00 000  -13.840   10.020  -22.760   -808.30    -77.20    -52.30   7.820    129428.0
2024  5 11 13  2 00 000  -13.990    8.870  -23.220   -806.30    -74.30    -52.40   7.730    122146.0
2024  5 11 13  3 00 000  -14.520    7.530  -23.170   -801.30    -70.20    -43.20   7.050    101628.0
2024  5 11 13  4 00 000  -13.590    7.010  -23.820   -800.70    -70.30    -33.40   6.900     98366.0
2024  5 11 13  5 00 000  -14.770    5.920  -23.720   -801.50    -59.80    -43.10   8.930     92688.0
2024  5 11 13  6 00 000  -13.830    6.130  -23.920   -803.00    -55.10    -34.10   8.730     85202.0
2024  5 11 13  7 00 000  -13.340    5.570  -24.330   -795.10    -76.30    -47.30   9.760    104649.0
2024  5 11 13  8 00 000  -14.110    5.180  -24.490   -802.30    -76.50    -40.70   9.480     90831.0
2024  5 11 13  9 00 000  -13.400    7.150  -24.140   -807.30    -76.60    -36.10   9.290     81354.0
2024  5 11 13 10 00 000  -14.320    7.240  -23.580   -803.20   -103.50    -36.50   7.160     71178.0
2024  5 11 13 11 00 000  -13.530    6.360  -24.410   -803.30    -99.00    -37.40   7.180     73170.0
2024  5 11 13 12 00 000  -14.260    6.100  -23.610   -804.00    -75.50    -42.10   7.250     83515.0
2024  5 11 13 13 00 000  -14.920    5.490  -23.240   -804.10    -70.70    -43.10   7.270     85623.0
2024  5 11 13 15 00 000  -16.030    4.650  -22.430   -790.70    -68.20    -42.30   8.330     70580.0
2024  5 11 13 16 00 000  -15.210    5.400  -22.940   -797.30    -74.20    -31.10   8.460     74688.0
2024  5 11 13 17 00 000  -14.440    7.250  -22.760   -801.50    -79.30    -34.40   9.210     90506.0
2024  5 11 13 18 00 000  -12.920    9.220  -22.800   -801.20    -79.80    -42.60   9.670     99824.0
2024  5 11 13 19 00 000  -12.380   10.470  -22.810   -803.40    -97.00    -40.70   8.310     82780.0
2024  5 11 13 20 00 000  -14.500    6.130  -21.940   -803.40    -97.00    -40.70   8.310     82780.0
2024  5 11 13 22 00 000  -14.250    2.750  -22.800   -786.20    -77.80    -46.20  10.230     77843.0
2024  5 11 13 23 00 000  -14.210    3.290  -22.560   -786.20    -77.80    -46.20  10.230     77843.0
2024  5 11 13 24 00 000  -13.870    6.670  -22.540   -786.20    -77.80    -46.20  10.230     77843.0
2024  5 11 13 28 00 000  -11.560    7.470  -24.020   -788.30    -76.40    -32.20  11.830     65049.0
2024  5 11 13 29 00 000  -10.900    8.400  -23.940   -788.30    -76.40    -32.20  11.830     65032.0
2024  5 11 13 30 00 000  -11.130    8.780  -23.470   -792.30    -79.30    -38.10  12.390     55398.0
2024  5 11 13 31 00 000  -12.570    9.200  -22.260   -792.30    -79.30    -38.10  12.390     55398.0
2024  5 11 13 33 00 000  -11.100   10.390  -22.510   -791.00    -80.70    -42.10  11.520     95594.0
2024  5 11 13 34 00 000  -11.140   10.680  -22.330   -791.00    -80.70    -42.10  11.520     95594.0
2024  5 11 13 35 00 000  -11.060   11.040  -22.100   -791.00    -80.70    -42.10  11.520     95594.0
2024  5 11 13 36 00 000  -11.170   10.380  -22.060   -785.90    -84.80    -43.30  11.290     56761.0
2024  5 11 13 37 00 000  -11.890   10.780  -21.630   -785.90    -84.80    -43.30  11.290     56761.0
2024  5 11 13 38 00 000  -13.230   11.250  -20.590   -785.90    -84.80    -43.30  11.290     56761.0
2024  5 11 13 40 00 000  -12.120   11.830  -21.070   -777.50    -81.30    -55.30  10.960     65645.0
2024  5 11 13 41 00 000  -12.120   12.090  -20.670   -777.50    -81.30    -55.30  10.960     65645.0
2024  5 11 13 42 00 000  -10.780   12.580  -21.080   -777.50    -81.30    -55.30  10.960     65645.0
2024  5 11 13 43 00 000  -10.680   12.220  -20.460   -790.00    -89.10    -45.90  12.240     72094.0
2024  5 11 13 44 00 000   -9.470   13.580  -20.520   -790.00    -89.10    -45.90  12.240     72094.0
2024  5 11 13 45 00 000  -10.150   12.920  -20.480   -790.00    -89.10    -45.90  12.240     72094.0
2024  5 11 13 47 00 000   -8.940   12.990  -21.030   -792.60    -73.40    -46.00  12.080     55801.0
2024  5 11 13 48 00 000   -9.050   13.360  -20.600   -792.60    -73.40    -46.00  12.080     55801.0
2024  5 11 13 49 00 000   -8.300   12.930  -21.270   -792.60    -73.40    -46.00  12.080     55801.0
2024  5 11 13 51 00 000   -8.250   12.170  -21.520   -796.00    -82.20    -49.00  10.430     48180.0
2024  5 11 13 52 00 000   -8.180   11.660  -21.630   -796.00    -82.20    -49.00  10.430     48180.0
2024  5 11 13 54 00 000   -7.810   14.020  -19.270   -767.70    -24.00    -46.50   9.500     75047.0
2024  5 11 13 55 00 000   -6.890   14.830  -18.890   -772.80    -32.50    -44.80   9.790     75426.0
2024  5 11 13 56 00 000   -7.770   15.280  -17.960   -793.50    -71.30    -55.00  11.810     79901.0
2024  5 11 13 57 00 000   -8.190   14.400  -18.580   -798.90    -81.80    -58.80  12.390     81265.0
2024  5 11 13 58 00 000   -6.880   15.010  -18.820   -775.50    -30.50    -42.70   8.080     72694.0
2024  5 11 13 59 00 000   -6.040   14.620  -18.970   -773.20    -36.70    -43.20   7.940     74490.0
2024  5 11 14  0 00 000   -6.270   13.660  -20.020   -775.70    -62.60    -56.30   8.570     80151.0
2024  5 11 14  1 00 000   -6.840   12.940  -20.890   -781.40    -70.90    -54.80   8.890     78655.0
2024  5 11 14  2 00 000   -6.120   14.460  -19.270   -782.40    -74.80    -41.20   8.730     72678.0
2024  5 11 14  3 00 000   -7.940   13.180  -19.430   -779.10    -53.90    -48.10   9.930     95656.0
2024  5 11 14  4 00 000   -7.040   11.500  -20.260   -790.60    -72.70    -54.90  12.760     83049.0
2024  5 11 14  5 00 000   -9.220   11.350  -19.050   -755.00    -12.70    -35.80   8.180     71927.0
2024  5 11 14  6 00 000   -8.610   11.910  -18.630   -755.00    -12.70    -35.80   8.180     71927.0
2024  5 11 14  7 00 000   -9.540    9.870  -19.530   -761.90    -27.20    -35.10   8.590     67435.0
2024  5 11 14  8 00 000  -10.020    7.740  -19.970   -764.00    -31.60    -34.90   8.710     66084.0
2024  5 11 14  9 00 000   -9.820    7.550  -20.740   -748.60     -1.10    -42.20   7.900     77626.0
2024  5 11 14 10 00 000   -9.530    6.010  -20.890   -748.60     -1.10    -42.20   7.900     77626.0
2024  5 11 14 12 00 000   -6.350   15.610  -16.680   -780.10    -61.70    -63.20   7.000     81221.0
2024  5 11 14 13 00 000   -6.690   12.360  -19.400   -780.10    -61.70    -63.20   7.000     81221.0
2024  5 11 14 16 00 000   -5.020   14.790  -18.220   -770.20    -29.00    -39.20  10.710     88701.0
2024  5 11 14 17 00 000   -7.580   14.870  -17.270   -770.20    -29.00    -39.20  10.710     88701.0
2024  5 11 14 18 00 000   -7.580   12.500  -18.540   -769.10    -40.90    -40.50   8.910     82110.0
2024  5 11 14 19 00 000  -10.430   10.520  -18.370   -769.10    -40.90    -40.50   8.910     82110.0
2024  5 11 14 20 00 000  -10.040   11.280  -17.990   -770.70    -25.10    -41.30  10.800     78091.0
2024  5 11 14 21 00 000   -9.510   11.160  -18.360   -770.80    -23.60    -41.40  10.980     77713.0
2024  5 11 14 22 00 000   -9.030   11.990  -17.910   -770.80    -23.60    -41.40  10.980     77713.0
2024  5 11 14 23 00 000   -9.140   12.960  -17.270   -763.30    -26.90    -38.20   9.500     98550.0
2024  5 11 14 24 00 000   -9.180   12.680  -17.420   -763.30    -26.90    -38.20   9.500     98550.0
2024  5 11 14 27 00 000   -9.730   12.430  -17.030   -762.40    -38.90    -55.60  10.710     78670.0
2024  5 11 14 28 00 000   -9.820   13.640  -16.120   -762.40    -38.90    -55.60  10.710     78670.0
2024  5 11 14 31 00 000   -8.160   13.300  -18.040   -765.30    -27.40    -34.10   9.940     78277.0
2024  5 11 14 32 00 000   -8.800   13.420  -18.080   -765.30    -27.40    -34.10   9.940     78277.0
2024  5 11 14 35 00 000   -8.600   11.890  -19.200   -767.70    -31.30    -37.40   8.660     69240.0
2024  5 11 14 36 00 000   -8.540   11.160  -19.690   -767.70    -31.30    -37.40   8.660     69240.0
2024  5 11 14 37 00 000   -8.470   11.120  -19.800   -767.70    -31.30    -37.40   8.660     69240.0
2024  5 11 14 38 00 000   -5.270    8.610  -20.980   -764.10    -78.70    -17.80   8.300     90132.0
2024  5 11 14 39 00 000   -4.580   10.210  -20.200   -763.20    -75.50    -17.20   8.640     86321.0
2024  5 11 14 40 00 000   -5.560   10.930  -19.950   -765.00    -67.30    -19.40   9.760     79865.0
2024  5 11 14 41 00 000   -7.220   10.050  -20.860   -759.50    -65.20    -39.80  11.080     75398.0
2024  5 11 14 42 00 000   -5.430   10.610  -21.250   -759.90    -60.30    -24.70   9.450     76179.0
2024  5 11 14 43 00 000   -5.640   10.490  -21.110   -759.00    -59.70    -27.50  10.410     86073.0
2024  5 11 14 44 00 000   -7.330   10.030  -21.020   -760.70    -57.50    -24.80   9.210     77314.0
2024  5 11 14 45 00 000  -10.640    6.550  -19.820   -763.30    -63.70    -26.40   9.420     72312.0
2024  5 11 14 46 00 000  -11.560    5.360  -19.520   -762.50    -67.60    -27.90   9.110     74070.0
2024  5 11 14 48 00 000   -9.310    7.390  -19.310   -752.90    -53.50    -49.00  10.410     73142.0
2024  5 11 14 49 00 000  -10.210    6.350  -19.430   -752.90    -53.50    -49.00  10.410     73142.0
2024  5 11 14 51 00 000  -11.820    5.040  -19.490   -766.30    -72.20    -36.70  11.250     76977.0
2024  5 11 14 52 00 000  -11.290    6.120  -19.870   -766.30    -72.20    -36.70  11.250     76977.0
2024  5 11 14 53 00 000  -11.170    5.160  -19.980   -765.70    -73.20    -34.60  11.120     78072.0
2024  5 11 14 54 00 000   -9.360    7.330  -20.120   -762.80    -78.20    -24.40  10.490     83318.0
2024  5 11 14 55 00 000   -9.810    6.850  -20.150   -762.80    -78.20    -24.40  10.490     83318.0
2024  5 11 14 57 00 000  -11.770    4.840  -19.120   -775.00    -84.40    -25.00  13.830     67249.0
2024  5 11 14 58 00 000  -12.710    4.120  -18.630   -775.00    -84.40    -25.00  13.830     67249.0
2024  5 11 15  4 00 000  -11.520    3.270  -19.710   -768.90    -80.60    -13.30  12.920     59385.0
2024  5 11 15  5 00 000  -11.240    1.180  -20.010   -768.90    -80.60    -13.30  12.920     59385.0
2024  5 11 15  6 00 000  -11.360    0.210  -19.320   -767.60    -72.70      0.30  13.620     67572.0
2024  5 11 15  7 00 000  -11.400   -1.200  -18.130   -764.90    -63.80      0.80  12.620     57103.0
2024  5 11 15  8 00 000   -8.890   -0.990  -12.910   -790.40    -42.10     11.30   8.890     46474.0
2024  5 11 15  9 00 000   -8.650   -0.530  -12.890   -807.50    -32.30     17.60   7.000     44268.0
2024  5 11 15 11 00 000   -8.500   -2.680  -12.460   -803.30    -17.10      9.50   6.940     62107.0
2024  5 11 15 12 00 000   -7.830   -1.630  -12.200   -803.80    -17.80      9.00   6.810     58486.0
2024  5 11 15 13 00 000   -6.940    0.230  -11.720   -813.40    -25.20      7.10   7.110     60687.0
2024  5 11 15 14 00 000   -6.820   -0.730  -12.300   -829.60    -36.20      5.20   8.140     78789.0
2024  5 11 15 15 00 000   -7.300   -0.630  -12.040   -806.20    -33.20     11.30   7.160     56400.0
2024  5 11 15 16 00 000   -6.890   -0.790  -12.210   -808.50    -42.20     14.10   6.440     61607.0
2024  5 11 15 17 00 000   -7.480    0.800  -11.460   -814.90    -51.30     10.60   7.300     46868.0
2024  5 11 15 18 00 000   -7.100    0.040  -11.930   -817.50    -32.50      8.40   7.600     57260.0
2024  5 11 15 19 00 000   -7.840   -0.810  -11.660   -810.90    -26.70      9.30   6.220     57973.0
2024  5 11 15 20 00 000   -7.570   -0.380  -11.750   -812.80    -17.70     18.50   7.460     54572.0
2024  5 11 15 21 00 000   -8.630    0.280  -10.720   -816.30    -18.30     24.40   8.870     45130.0
2024  5 11 15 23 00 000   -9.050   -3.450  -10.150   -801.80    -30.70      3.30   5.350     63119.0
2024  5 11 15 24 00 000   -9.610   -2.690   -9.980   -801.80    -30.70      3.30   5.350     63119.0
2024  5 11 15 25 00 000   -8.930   -1.970  -10.690   -801.80    -30.70      3.30   5.350     63119.0
2024  5 11 15 27 00 000   -8.230   -0.050  -11.480   -802.40    -33.20      3.30   5.130     66927.0
2024  5 11 15 28 00 000   -9.070   -2.290  -10.450   -802.40    -33.20      3.30   5.130     66927.0
2024  5 11 15 29 00 000   -7.980   -3.090  -11.140   -802.40    -33.20      3.30   5.130     66927.0
2024  5 11 15 32 00 000   -8.520    2.560  -10.800   -810.00    -16.60      4.60   6.080     74664.0
2024  5 11 15 33 00 000   -8.650    1.690  -10.850   -810.00    -16.60      4.60   6.080     74664.0
2024  5 11 15 34 00 000   -8.260    1.000  -11.200   -810.00    -16.60      4.60   6.080     74664.0
2024  5 11 15 37 00 000   -8.250   -3.130  -10.930   -810.90    -27.70      1.60   6.850     96897.0
2024  5 11 15 38 00 000   -8.170   -1.940  -11.120   -810.90    -27.70      1.60   6.850     96897.0
2024  5 11 15 42 00 000   -7.210   -6.060  -10.260   -814.20     -9.10     -3.90   7.010     77713.0
2024  5 11 15 43 00 000   -8.990    0.340  -10.730   -814.20     -9.10     -3.90   7.010     77713.0
2024  5 11 15 44 00 000   -8.940    0.320  -10.660   -814.20     -9.10     -3.90   7.010     77713.0
2024  5 11 15 48 00 000   -7.290   -1.670  -11.740   -797.60    -14.80     17.00   8.190    117181.0
2024  5 11 15 49 00 000   -7.930   -0.120  -11.540   -797.60    -14.80     17.00   8.190    117181.0
2024  5 11 15 53 00 000   -8.600    2.580  -10.950   -792.40    -60.80      4.70   4.760     56946.0
2024  5 11 15 54 00 000   -8.540    1.490  -11.210   -792.40    -60.80      4.70   4.760     56946.0
2024  5 11 15 57 00 000   -8.180   -2.530   -9.470   -786.10     21.80    -10.40   6.350     56016.0
2024  5 11 15 58 00 000   -8.300   -2.980   -9.020   -786.70      8.40      3.00   6.070     60517.0
2024  5 11 15 59 00 000   -9.070   -3.030   -8.520   -793.00    -19.60     17.70   5.900     56836.0
2024  5 11 16  0 00 000   -7.950    0.790   -9.820   -791.90    -32.70     14.10   5.650     57851.0
2024  5 11 16  1 00 000   -6.430   -4.820   -9.880   -774.70    -39.20     31.80   5.660     60803.0
2024  5 11 16  2 00 000   -7.500   -2.630   -9.980   -769.80    -50.00     32.70   6.230     72125.0
2024  5 11 16  3 00 000   -7.420   -0.820  -10.750   -785.90    -50.30     12.00   5.360     59115.0
2024  5 11 16  4 00 000   -7.270   -1.710  -11.100   -776.60    -43.90     23.80   5.860     57127.0
2024  5 11 16  5 00 000   -8.850   -1.450   -9.990   -791.30    -40.90     15.50   5.330     61713.0
2024  5 11 16  6 00 000   -8.390   -1.910  -10.060   -791.30    -47.70     16.50   5.140     61021.0
2024  5 11 16  7 00 000   -8.080   -1.970  -10.060   -798.20    -30.80      9.50   4.970     82980.0
2024  5 11 16  8 00 000   -5.480   -2.700  -11.090   -797.00    -29.00     10.00   5.210     80553.0
2024  5 11 16  9 00 000   -2.670   -2.810  -12.320   -789.70    -19.30     13.70   6.630     64890.0
2024  5 11 16 10 00 000   -4.420   -1.880  -12.250   -789.70    -19.30     13.70   6.630     64890.0
2024  5 11 16 13 00 000   -7.740   -2.120   -9.700   -791.90    -22.40     14.40   6.340     51346.0
2024  5 11 16 14 00 000   -8.550   -2.560   -8.780   -791.80    -26.70      9.60   6.220     55688.0
2024  5 11 16 15 00 000   -7.760   -0.510  -11.140   -794.30    -14.90      0.20   5.380     64814.0
2024  5 11 16 16 00 000   -8.830   -2.230   -8.750   -793.40    -14.70      6.00   5.510     60147.0
2024  5 11 16 17 00 000   -8.760   -5.380   -6.600   -790.50    -17.20     21.90   5.960     47398.0
2024  5 11 16 18 00 000   -7.790   -5.770   -7.080   -790.50    -17.20     21.90   5.960     47398.0
2024  5 11 16 19 00 000   -5.790   -7.910   -6.640   -783.60    -12.50     18.90   8.710     55544.0
2024  5 11 16 20 00 000   -5.780   -7.810   -6.720   -783.60    -12.50     18.90   8.710     55544.0
2024  5 11 16 22 00 000   -8.020   -5.780   -6.680   -784.20    -14.70     17.90   8.370     46757.0
2024  5 11 16 23 00 000   -7.130   -7.400   -6.030   -784.20    -14.70     17.90   8.370     46757.0
2024  5 11 16 24 00 000   -7.860   -6.540   -6.300   -778.50    -14.70     23.40   6.420     52401.0
2024  5 11 16 25 00 000   -7.970   -6.430   -6.010   -778.50    -14.70     23.40   6.420     52401.0
2024  5 11 16 26 00 000   -7.800   -6.520   -6.050   -782.20     -9.80     15.80   6.690     49107.0
2024  5 11 16 27 00 000   -6.840   -7.710   -5.480   -782.20     -9.80     15.80   6.690     49107.0
2024  5 11 16 28 00 000   -6.960   -7.790   -5.060   -778.80    -11.80     18.90   5.620     49937.0
2024  5 11 16 29 00 000   -7.830   -5.920   -6.130   -779.10    -11.40     20.40   5.610     53567.0
2024  5 11 16 30 00 000   -5.600   -9.620   -4.640   -781.50     -8.40     31.20   5.500     79524.0
2024  5 11 16 31 00 000   -5.530   -9.860   -5.010   -781.70     -8.20     32.00   5.490     81576.0
2024  5 11 16 32 00 000   -6.080   -9.580   -5.230   -789.50    -15.80     17.00   4.080     66204.0
2024  5 11 16 33 00 000   -6.320   -9.020   -5.780   -791.80    -11.70     15.30   4.010     56701.0
2024  5 11 16 34 00 000   -6.620   -8.670   -5.970   -792.70     -8.70     14.90   3.990     50575.0
2024  5 11 16 35 00 000   -7.040   -7.540   -6.220   -787.20     -6.40     21.70   4.160     51302.0
2024  5 11 16 36 00 000   -6.800   -7.890   -5.910   -786.20     -6.60     19.00   4.500     49909.0
2024  5 11 16 37 00 000   -6.880   -7.500   -6.300   -784.40     -6.90     14.10   5.110     47364.0
2024  5 11 16 38 00 000   -7.050   -7.670   -5.750   -784.40     -7.00     14.00   5.090     47443.0
2024  5 11 16 39 00 000   -6.980   -7.950   -5.250   -785.10    -16.00      5.00   3.920     53582.0
2024  5 11 16 40 00 000   -7.190   -7.890   -5.090   -785.20    -15.40      4.60   3.900     54098.0
2024  5 11 16 41 00 000   -7.270   -7.760   -5.360   -786.00    -11.50      2.20   3.800     57579.0
2024  5 11 16 42 00 000   -7.480   -7.460   -5.550   -791.40     -7.80      8.60   3.660     58304.0
2024  5 11 16 43 00 000   -7.580   -7.220   -5.880   -791.50     -8.70     12.30   3.440     60461.0
2024  5 11 16 44 00 000   -7.320   -7.130   -6.470   -792.00     -8.40     12.00   3.350     61115.0
2024  5 11 16 45 00 000   -7.620   -7.170   -5.990   -795.30     -4.50      5.50   3.320     60451.0
2024  5 11 16 46 00 000   -8.020   -6.910   -5.930   -790.90    -13.80      5.20   3.070     60626.0
2024  5 11 16 47 00 000   -8.170   -6.610   -6.260   -789.50    -16.70      5.10   2.990     60681.0
2024  5 11 16 48 00 000   -7.810   -6.880   -6.400   -784.10    -12.00     10.90   2.520     75134.0
2024  5 11 16 49 00 000   -7.420   -7.540   -6.130   -784.10    -11.70     10.50   2.520     73993.0
2024  5 11 16 50 00 000   -7.350   -7.310   -6.390   -784.20     -6.90      4.80   2.730     55801.0
2024  5 11 16 51 00 000   -7.450   -6.490   -7.060   -780.90     -5.80     11.60   3.770     52229.0
2024  5 11 16 52 00 000   -7.040   -6.840   -7.190   -785.10      1.90     13.10   3.630     53430.0
2024  5 11 16 53 00 000   -7.640   -6.540   -7.110   -790.10     10.10     13.90   3.370     55142.0
2024  5 11 16 54 00 000   -7.540   -6.900   -6.870   -787.30      5.80     10.20   2.460     58441.0
2024  5 11 16 55 00 000   -7.680   -6.980   -6.650   -787.20      5.70     10.20   2.460     58344.0
2024  5 11 16 56 00 000   -7.680   -7.080   -6.550   -782.80     -3.10      7.80   2.300     49937.0
2024  5 11 16 57 00 000   -7.060   -7.620   -6.600   -784.10     -6.10      8.20   2.300     49808.0
2024  5 11 16 58 00 000   -6.790   -7.730   -6.730   -783.80     -6.80      8.80   2.350     50070.0
2024  5 11 16 59 00 000   -6.740   -7.850   -6.570   -779.80     -5.20     12.00   2.640     51569.0
2024  5 11 17  0 00 000   -6.690   -7.880   -6.510   -775.10     -5.80     18.30   2.710     50640.0
2024  5 11 17  1 00 000   -6.900   -7.810   -6.350   -775.70     -7.90     15.00   2.600     52653.0
2024  5 11 17  2 00 000   -7.200   -7.800   -6.040   -776.10     -8.80     13.40   2.550     53546.0
2024  5 11 17  3 00 000   -7.300   -7.540   -6.120   -776.10     -8.80     13.40   2.550     53546.0
2024  5 11 17  5 00 000   -6.050   -8.420   -5.730   -782.80     -9.60      6.50   3.570     47060.0
2024  5 11 17  6 00 000   -5.900   -8.510   -5.380   -782.80     -9.60      6.50   3.570     47060.0
2024  5 11 17  7 00 000   -5.850   -8.420   -5.070   -780.10     -2.30      3.40   3.680     45626.0
2024  5 11 17  8 00 000   -5.770   -7.600   -5.790   -780.10     -2.30      3.40   3.680     45620.0
2024  5 11 17  9 00 000   -5.800   -7.820   -5.080   -773.70     -6.70     16.70   5.230     42134.0
2024  5 11 17 10 00 000   -6.010   -7.920   -4.590   -773.70     -6.70     16.70   5.230     42134.0
2024  5 11 17 11 00 000   -5.780   -7.870   -4.640   -772.50     -4.20     11.90   4.720     45156.0
2024  5 11 17 12 00 000   -4.310   -4.660   -4.450   -797.60    -12.40     -1.60   5.680    103118.0
2024  5 11 17 13 00 000   -3.300    0.290   -4.760   -810.60    -22.20     -0.40   6.230    103931.0
2024  5 11 17 14 00 000   -1.380   -1.460   -3.150   -824.80    -36.20     -9.20   7.060    111649.0
2024  5 11 17 15 00 000   -5.290   -3.680   -3.960   -786.80    -12.40      8.10   5.130     70654.0
2024  5 11 17 16 00 000   -5.410   -4.250   -3.980   -776.20     -9.00     12.30   4.460     75898.0
2024  5 11 17 17 00 000   -5.990   -5.220   -4.360   -795.30    -38.10     -5.10   5.740    211521.0
2024  5 11 17 18 00 000   -5.930   -5.090   -4.570   -778.00    -23.20     15.40   3.260     60195.0
2024  5 11 17 19 00 000   -6.370   -2.890   -3.690   -799.80    -21.10     -2.40   5.220    137370.0
2024  5 11 17 20 00 000   -6.190   -2.280   -3.530   -791.50    -13.10      6.90   3.550     79243.0
2024  5 11 17 21 00 000   -4.310   -5.040   -3.540   -804.20    -22.10     -4.90   4.750    102173.0
2024  5 11 17 22 00 000   -5.210   -3.850   -3.430   -816.50    -27.70    -12.50   6.430    130366.0
2024  5 11 17 23 00 000   -6.420    0.640   -2.390   -816.30    -22.80     -4.60   7.030    121401.0
2024  5 11 17 24 00 000   -6.610    0.500   -2.080   -819.10    -21.60    -19.70   6.440    202718.0
2024  5 11 17 25 00 000   -6.980   -0.230   -0.440   -808.30    -13.20     -6.30   5.570    203031.0
2024  5 11 17 26 00 000   -7.350   -0.090   -1.320   -809.60     -8.50     -6.20   5.090    170972.0
2024  5 11 17 27 00 000   -6.610   -2.630   -1.590   -809.60     -8.50     -6.20   5.090    170972.0
2024  5 11 17 29 00 000   -6.310   -3.280   -1.210   -803.00    -23.50      0.60   5.520    174853.0
2024  5 11 17 30 00 000   -5.930   -3.150   -0.780   -803.00    -23.50      0.60   5.520    174853.0
2024  5 11 17 31 00 000   -6.300   -2.730    0.230   -800.10    -23.80    -14.80   5.370    192448.0
2024  5 11 17 32 00 000   -6.870   -1.530   -0.330   -800.10    -23.80    -14.80   5.370    192448.0
2024  5 11 17 33 00 000   -4.440   -5.630   -1.190   -800.10    -23.80    -14.80   5.370    192448.0
2024  5 11 17 34 00 000   -6.130   -3.720   -0.900   -802.50    -19.50      0.00   5.690    164537.0
2024  5 11 17 35 00 000   -7.430   -1.870    0.110   -802.50    -19.50      0.00   5.690    164537.0
2024  5 11 17 37 00 000   -6.960   -2.380   -1.110   -802.80    -21.10     -8.20   5.670    195188.0
2024  5 11 17 38 00 000   -6.550   -3.640   -0.090   -802.80    -21.10     -8.20   5.670    195188.0
2024  5 11 17 39 00 000   -6.160   -4.230   -0.060   -810.50    -27.60    -15.40   5.220    136273.0
2024  5 11 17 40 00 000   -6.540   -3.790   -0.330   -810.50    -27.60    -15.40   5.220    136273.0
2024  5 11 17 41 00 000   -5.020   -5.310   -0.510   -810.50    -27.60    -15.40   5.220    136273.0
2024  5 11 17 42 00 000   -5.860   -5.730   -0.480   -811.10    -24.30    -12.00   4.740    109484.0
2024  5 11 17 43 00 000   -6.800   -4.600   -0.390   -811.10    -24.30    -12.00   4.740    109484.0
2024  5 11 17 44 00 000   -6.990   -4.150   -0.600   -811.10    -24.30    -12.00   4.740    109484.0
2024  5 11 17 45 00 000   -7.730   -2.320   -1.590   -809.90    -15.90     -5.40   4.830    136963.0
2024  5 11 17 46 00 000   -7.630   -2.830   -1.190   -809.90    -15.90     -5.40   4.830    136963.0
2024  5 11 17 51 00 000   -6.350   -4.680   -0.820   -813.60    -43.30      3.30   4.560    107129.0
2024  5 11 17 52 00 000   -7.550   -2.210    0.210   -813.60    -43.30      3.30   4.560    107129.0
2024  5 11 17 53 00 000   -5.870   -5.940    1.160   -815.10    -39.00     -1.50   4.370    108349.0
2024  5 11 17 54 00 000   -5.430   -6.560    0.630   -819.00    -27.70    -14.40   3.850    111605.0
2024  5 11 17 55 00 000   -3.520   -7.800    0.260   -819.00    -27.70    -14.40   3.850    111605.0
2024  5 11 17 57 00 000   -5.520   -2.450    0.960   -809.90    -27.00     -7.60   4.100    103094.0
2024  5 11 17 58 00 000   -4.610    5.630    2.390   -810.10    -26.60     -8.40   4.100    104003.0
2024  5 11 17 59 00 000   -5.290    6.220    1.900   -816.70    -13.20    -36.90   4.090    135242.0
2024  5 11 18  0 00 000   -6.200    6.870    2.660   -816.70    -13.20    -36.90   4.090    135242.0
2024  5 11 18  3 00 000   -6.110    7.070    2.510   -830.00    -38.00     -3.80   4.060     88376.0
2024  5 11 18  4 00 000   -6.430    6.480    2.820   -830.00    -38.00     -3.80   4.060     88376.0
2024  5 11 18  5 00 000   -6.890    6.010    3.020   -831.20    -49.60    -16.00   3.590     92730.0
2024  5 11 18  6 00 000   -6.940    5.700    3.440   -831.20    -49.60    -16.00   3.590     92730.0
2024  5 11 18  7 00 000   -6.400    6.460    3.290   -831.20    -49.60    -16.00   3.590     92730.0
2024  5 11 18  9 00 000   -6.730    6.180    3.660   -836.60    -49.60     -3.40   4.040     89630.0
2024  5 11 18 10 00 000   -7.290    6.140    3.480   -836.60    -49.60     -3.40   4.040     89630.0
2024  5 11 18 12 00 000   -7.760    6.050    2.770   -830.70    -46.40     -6.10   4.250     92777.0
2024  5 11 18 13 00 000   -7.500    5.290    2.180   -830.70    -46.40     -6.10   4.250     92777.0
2024  5 11 18 14 00 000   -7.090    6.120    1.910   -830.70    -46.40     -6.10   4.250     92777.0
2024  5 11 18 15 00 000   -3.160    6.540    2.120   -837.40    -61.50     -4.30   4.100     90236.0
2024  5 11 18 16 00 000    2.540    6.950    1.650   -838.20    -54.90     -6.90   4.910    109411.0
2024  5 11 18 17 00 000    3.320    7.090    2.430   -839.80    -40.60    -14.10   6.710    146815.0
2024  5 11 18 18 00 000   -2.270    8.310    2.100   -839.10    -47.20    -21.90   5.870     99235.0
2024  5 11 18 19 00 000    0.470    9.430    3.540   -879.90    -41.30    -35.20  14.850    131127.0
2024  5 11 18 20 00 000   -2.810    7.550    0.520   -837.40    -50.10     -7.90   6.460    120820.0
2024  5 11 18 21 00 000   -2.130    6.450    0.530   -846.30    -36.70    -38.20   8.280    125927.0
2024  5 11 18 22 00 000    6.800   11.750    5.340   -832.90    -47.10    -27.40   6.600    149082.0
2024  5 11 18 23 00 000    6.940   12.080    4.600   -887.80    -22.60    -42.30  14.710     99711.0
2024  5 11 18 24 00 000    3.580   10.560    4.280   -858.40    -30.30    -37.00   9.200     75559.0
2024  5 11 18 25 00 000    1.710    7.940    4.660   -890.30    -26.60    -54.40  13.640     95044.0
2024  5 11 18 26 00 000    2.840    9.790    5.160   -854.10    -28.80    -41.90   8.490     61688.0
2024  5 11 18 27 00 000    9.790   16.110    1.080   -893.20    -35.80    -56.80  13.870    106025.0
2024  5 11 18 28 00 000   10.010   16.220    1.000   -903.60    -33.20    -34.20  14.590    147237.0
2024  5 11 18 29 00 000   11.460   14.940    0.040   -904.70    -29.70    -32.60  14.330    146887.0
2024  5 11 18 30 00 000   10.310   14.510   -0.260   -908.30    -15.10    -42.80  13.400    121785.0
2024  5 11 18 31 00 000    6.810   15.640    4.310   -912.10    -42.10    -51.20  15.980    181553.0
2024  5 11 18 32 00 000    9.370   16.520    1.820   -912.20    -42.60    -51.40  16.030    182746.0
2024  5 11 18 33 00 000    8.640   17.510    1.150   -904.50    -24.00    -57.00   8.770    137136.0
2024  5 11 18 34 00 000   10.210   16.240    0.950   -908.60    -21.10    -52.50   8.790    134790.0
2024  5 11 18 35 00 000    8.430   16.130   -3.360   -921.40    -11.70    -38.10   8.850    127351.0
2024  5 11 18 36 00 000    9.220   16.720    1.400   -921.40    -11.70    -38.10   8.850    127351.0
2024  5 11 18 37 00 000   10.600   16.150   -2.200   -915.20    -11.90    -41.90   8.470    133303.0
2024  5 11 18 38 00 000    8.360   12.540    3.470   -915.20    -11.90    -41.90   8.470    133303.0
2024  5 11 18 39 00 000    3.500   11.010    9.710   -890.80     -5.50    -75.90  13.670    134149.0
2024  5 11 18 40 00 000    7.380   14.010    2.650   -893.80     -2.90    -71.10  16.070    151740.0
2024  5 11 18 41 00 000    6.610   12.470    2.380   -900.10     -1.30    -61.20  18.160    174608.0
2024  5 11 18 42 00 000    9.350   12.980    0.460   -911.80    -16.30    -38.80  13.840    236751.0
2024  5 11 18 43 00 000   11.820   12.580   -0.410   -926.40    -31.10    -53.20  11.940    222732.0
2024  5 11 18 44 00 000   11.240   13.810    3.730   -947.80    -38.90    -70.40  11.450    217727.0
2024  5 11 18 45 00 000    0.420    1.910    0.220   -906.50    -44.70    -96.20   9.610    247033.0
2024  5 11 18 46 00 000   -1.790   -1.290   -3.470   -881.90     16.80    -81.30   8.260    436764.0
2024  5 11 18 47 00 000    4.010    3.920    3.040   -867.30     53.50    -67.40   8.880    558226.0
2024  5 11 18 48 00 000   -7.220   -4.340   -0.050   -849.40     59.60    -23.40   9.100    649358.0
2024  5 11 18 49 00 000   -7.960   -8.690   -4.740   -843.40     78.40    -40.50   8.900    911423.0
2024  5 11 18 50 00 000   -9.600   -9.300   -3.060   -849.60     44.10    -73.50   7.980    752484.0
2024  5 11 18 52 00 000   -9.620   -8.830   -3.460   -846.50     94.90    -66.20   6.790    452676.0
2024  5 11 18 53 00 000  -10.640   -8.600   -2.800   -846.50     94.90    -66.20   6.790    452676.0
2024  5 11 18 54 00 000   -9.910   -7.870   -7.040   -844.10     66.10    -73.00   6.590    734830.0
2024  5 11 18 55 00 000  -10.340   -7.230   -7.310   -842.20     58.90    -69.30   6.530    688147.0
2024  5 11 18 56 00 000  -10.070   -5.180   -5.260   -838.70     68.40    -56.40   6.800    294331.0
2024  5 11 18 57 00 000  -10.370   -5.620   -3.090   -842.80     58.00    -68.70   6.800    446315.0
2024  5 11 18 58 00 000  -10.520   -7.760    0.860   -857.90     65.10    -73.30   5.800    704216.0
2024  5 11 18 59 00 000   -7.890   -5.920   -6.720   -853.20     44.70    -88.90   8.820    724086.0
2024  5 11 19  0 00 000   -8.310   -6.240   -6.470   -853.20     44.70    -88.90   8.820    724086.0
2024  5 11 19  2 00 000   -4.320   -4.130   -8.780   -860.40     90.90    -47.00   7.290    728062.0
2024  5 11 19  3 00 000   -2.870   -4.440   -9.080   -860.40     90.90    -47.00   7.290    728062.0
2024  5 11 19  4 00 000   -2.360   -4.190   -9.060   -874.90     79.10    -59.00   6.970    596163.0
2024  5 11 19  5 00 000   -1.700   -2.550   -8.650   -876.90     77.50    -60.60   6.930    578318.0
2024  5 11 19  8 00 000    0.320   -1.600  -13.670   -898.30     65.30    -44.30   6.780    516646.0
2024  5 11 19  9 00 000    2.930    0.540  -12.220   -898.30     65.30    -44.30   6.780    516646.0
2024  5 11 19 10 00 000    7.360    4.720   -1.850   -890.10      4.10   -101.40  13.470    491789.0
2024  5 11 19 11 00 000    7.300    7.550   -0.860   -916.90     35.80    -49.40   9.590    317053.0
2024  5 11 19 12 00 000    7.220    6.710   -4.810   -925.40     47.20    -31.80   8.230    264177.0
2024  5 11 19 13 00 000    8.050    8.650   -1.020   -917.60     34.30    -19.40   9.650    234291.0
2024  5 11 19 14 00 000    8.110   10.200    4.690   -903.20     21.10    -66.00  10.270    268585.0
2024  5 11 19 15 00 000    9.030    9.670    6.650   -892.00      1.00   -114.90   9.510    413692.0
2024  5 11 19 16 00 000   10.820    9.220    6.450   -901.80     -3.70   -100.40   7.360    557336.0
2024  5 11 19 17 00 000   10.270    8.630    7.230   -901.80      7.30   -106.90   8.440    442270.0
2024  5 11 19 18 00 000    8.820    8.760    8.600   -901.80      7.30   -106.90   8.440    442270.0
2024  5 11 19 19 00 000   10.730    9.230    8.400   -894.80     14.80   -103.90   8.000    391568.0
2024  5 11 19 20 00 000    7.540    8.640    9.170   -894.80     14.80   -103.90   8.000    391568.0
2024  5 11 19 21 00 000    6.500    8.740    9.580   -885.20     -0.30   -119.20   9.630    329279.0
2024  5 11 19 22 00 000    6.640    9.760    9.090   -885.70     -1.00   -120.40   9.820    318208.0
2024  5 11 19 26 00 000    1.690    7.650   10.320   -887.90      0.60   -105.40  11.770    335520.0
2024  5 11 19 27 00 000    1.230    7.710    9.880   -887.60      0.70   -105.50  11.700    334042.0
2024  5 11 19 28 00 000    1.140    6.920    9.680   -884.60      1.20   -106.80  11.080    321434.0
2024  5 11 19 29 00 000    2.160    6.230   10.430   -879.30      1.50   -110.80  11.750    353462.0
2024  5 11 19 30 00 000    3.030    6.540   11.300   -877.10      1.60   -112.50  12.030    366849.0
2024  5 11 19 31 00 000    2.430    6.760   10.910   -892.70    -12.80   -108.50  10.460    297259.0
2024  5 11 19 32 00 000   -2.330    8.620    9.780   -888.40     -6.10   -108.50  10.370    299403.0
2024  5 11 19 33 00 000   -2.040    8.530    9.610   -882.00     18.40   -112.10  11.990    304036.0
2024  5 11 19 34 00 000   -0.950    7.730   10.640   -879.30     21.20   -108.50  11.530    292395.0
2024  5 11 19 35 00 000   -0.840    8.300   10.450   -870.40     30.20    -96.60  10.030    254513.0
2024  5 11 19 36 00 000   -3.060    6.210   11.260   -873.10     -0.80   -121.90  10.110    277612.0
2024  5 11 19 37 00 000   -1.120    6.880   10.860   -875.90    -13.70   -127.90  10.050    298004.0
2024  5 11 19 38 00 000   -1.120    6.670   10.340   -879.40     -8.90   -113.40   9.830    319527.0
2024  5 11 19 39 00 000    1.870    3.320    5.460   -864.10     41.40    -92.40  10.330    268110.0
2024  5 11 19 40 00 000   -1.590    2.000    5.380   -864.10     41.40    -92.40  10.330    268110.0
2024  5 11 19 41 00 000   -2.900    7.230   10.520   -878.20     -4.10   -118.70   9.890    309378.0
2024  5 11 19 42 00 000   -1.830    8.550    9.460   -878.20     -4.10   -118.70   9.890    309378.0
2024  5 11 19 43 00 000   -0.990    9.650    8.090   -878.20     -4.10   -118.70   9.890    309378.0
2024  5 11 19 45 00 000    1.220   -0.100    4.300   -863.30     14.50   -114.20   8.470    277371.0
2024  5 11 19 46 00 000    0.110    9.860    8.730   -863.30     14.50   -114.20   8.470    277371.0
2024  5 11 19 47 00 000   -0.060   10.410    7.720   -863.30     14.50   -114.20   8.470    277371.0
2024  5 11 19 50 00 000    1.390   -3.430    9.360   -871.00    -13.20    -85.50   3.390    335786.0
2024  5 11 19 51 00 000    0.710    7.590   14.000   -875.60     36.50    -95.60   4.510    326035.0
2024  5 11 19 52 00 000    0.760    6.080   11.680   -875.60     46.40    -58.70   6.420    443771.0
2024  5 11 19 53 00 000    0.760    7.060   12.750   -875.50     24.50    -60.20   4.830    439447.0
2024  5 11 19 54 00 000    1.430   -4.780    2.660   -876.00     12.70    -66.90   3.540    421279.0
2024  5 11 20  8 00 000    2.810   -1.400   -6.510   -891.70     60.20    -69.80   7.340    534806.0
2024  5 11 20 15 00 000   -0.350    1.660    7.450   -887.80     24.20   -114.10   6.140    272477.0
2024  5 11 20 16 00 000   -1.560    1.960    7.560   -871.70     12.90   -118.80   7.950    346760.0
2024  5 11 20 17 00 000   -1.850    3.050    5.270   -873.30     12.40   -101.50   7.310    331406.0
2024  5 11 20 18 00 000    2.260   -2.000   -3.190   -881.10     20.20    -84.30   5.610    295204.0
2024  5 11 20 19 00 000    1.030    3.600   -6.210   -876.80     47.80    -72.70   7.030    535378.0
2024  5 11 20 20 00 000    4.020   -4.800   -9.010   -885.20     66.40    -59.80   6.640    568248.0
2024  5 11 20 21 00 000    4.270   -5.320   -8.600   -910.70    109.80    -39.10   5.120    561291.0
2024  5 11 20 22 00 000    4.380   -1.020   -9.920   -910.40    103.80    -29.20   4.070    378093.0
2024  5 11 20 23 00 000    5.340   -3.500   -9.080   -913.20    106.00    -30.10   4.420    443187.0
2024  5 11 20 24 00 000    2.990    3.810   -5.430   -913.30     82.70    -29.40   5.280    423220.0
2024  5 11 20 25 00 000    2.740    6.140   -4.370   -908.50     47.90    -21.40   5.080    322929.0
2024  5 11 20 26 00 000    4.000    5.120   -4.940   -922.70     75.40      6.20   4.380    408093.0
2024  5 11 20 27 00 000    4.790    3.380   -5.430   -904.60     36.60    -17.90   7.270    294927.0
2024  5 11 20 28 00 000    4.950    2.170   -5.490   -904.60     36.60    -17.90   7.270    294927.0
2024  5 11 20 29 00 000    5.390    2.270   -5.120   -904.60     36.60    -17.90   7.270    294927.0
2024  5 11 20 34 00 000    6.370    2.680   -4.230   -918.40      5.60    -41.70   8.290    259639.0
2024  5 11 20 35 00 000    6.270    3.120   -3.630   -918.40      5.60    -41.70   8.290    259639.0
2024  5 11 20 36 00 000    6.470    3.440   -4.000   -909.00     20.40    -27.30   7.110    279253.0
2024  5 11 20 37 00 000    5.920    2.580   -4.310   -908.80     30.10    -23.60   6.920    301392.0
2024  5 11 20 38 00 000    6.500    1.140   -4.700   -904.40     53.00    -46.90   6.560    335598.0
2024  5 11 20 39 00 000    6.810    0.830   -4.420   -904.40     53.10    -47.00   6.560    335700.0
2024  5 11 20 40 00 000    6.540    1.790   -3.780   -918.90     51.60    -13.80   5.760    296535.0
2024  5 11 20 41 00 000    5.950    3.440   -4.500   -918.90     51.60    -13.80   5.760    296535.0
2024  5 11 20 43 00 000    5.630    3.740   -3.260   -906.40     13.70    -30.00   6.930    242340.0
2024  5 11 20 44 00 000    5.570    4.740   -3.280   -911.20     28.60    -36.00   6.890    343640.0
2024  5 11 20 45 00 000    5.960    5.000   -3.130   -911.20     29.40    -36.10   6.920    320307.0
2024  5 11 20 46 00 000    5.820    5.040   -2.770   -907.30     19.30    -31.60   7.000    195669.0
2024  5 11 20 47 00 000    6.700    3.690   -2.940   -911.10     21.70    -35.00   7.420    195797.0
2024  5 11 20 48 00 000    5.730    1.750    0.070   -913.50     26.00    -42.80   7.770    192557.0
2024  5 11 20 49 00 000    5.060    0.480    1.360   -897.10    -23.60    -78.70  13.740    133783.0
2024  5 11 20 50 00 000    4.780   -1.290    0.500   -905.40     29.80    -67.70  11.200    148082.0
2024  5 11 20 51 00 000    5.170   -0.590   -0.670   -910.90     70.90    -60.10   9.270    157861.0
2024  5 11 20 52 00 000    6.040    2.670   -0.200   -903.10     48.30    -71.30  10.020    168150.0
2024  5 11 20 53 00 000    5.540    6.310    0.910   -901.60    -31.00    -84.30  12.490    223748.0
2024  5 11 20 54 00 000    4.700    5.240   -0.360   -907.50     31.50    -24.90   7.040    350322.0
2024  5 11 20 55 00 000    5.200    4.190   -3.000   -898.60     20.30    -30.90   7.410    244591.0
2024  5 11 20 56 00 000    6.780    5.420   -3.260   -896.90     12.50    -41.50   8.110    153364.0
2024  5 11 20 57 00 000    6.150    5.110   -3.700   -900.20      3.50    -46.20   9.670    151035.0
2024  5 11 20 58 00 000    6.720    4.900   -5.120   -899.00      5.40    -41.20   8.720    174687.0
2024  5 11 20 59 00 000    6.320    4.780   -4.790   -899.20     19.20    -31.30   7.830    161272.0
2024  5 11 21  0 00 000    4.750    3.380    1.760   -898.10      9.60    -42.60   7.390    160258.0
2024  5 11 21  1 00 000    5.000    3.190    4.600   -897.40    -20.00    -68.40  11.500    184248.0
2024  5 11 21  2 00 000   10.060    1.940   -0.520   -895.50     12.20    -35.80   7.730    168572.0
2024  5 11 21  3 00 000   11.610   -2.190    0.350   -894.80     25.20    -21.20   6.310    165422.0
2024  5 11 21  4 00 000    8.340    0.990    2.350   -903.50    -16.10    -66.40  10.310    151206.0
2024  5 11 21  5 00 000    6.430    1.020    3.050   -903.80    -15.20    -75.30  12.460    195570.0
2024  5 11 21  6 00 000    6.220   -4.330   -4.570   -899.60     -9.20    -65.30   9.370    132413.0
2024  5 11 21  7 00 000    5.060   -5.890   -7.830   -899.00     -8.50    -63.40   8.820    121101.0
2024  5 11 21  8 00 000    6.660   -4.070   -7.820   -903.90     -0.10    -49.70  11.160    170137.0
2024  5 11 21  9 00 000    7.940   -2.330   -7.590   -903.90     -0.10    -49.70  11.160    170137.0
2024  5 11 21 11 00 000    4.770    0.950   -6.930   -890.70    -26.50    -63.60   8.430    260830.0
2024  5 11 21 12 00 000    2.770   -0.300   -7.700   -890.70    -26.50    -63.60   8.430    260830.0
2024  5 11 21 13 00 000    1.520   -0.060   -4.930   -890.70    -26.50    -63.60   8.430    260830.0
2024  5 11 21 14 00 000    3.210    0.570   -9.020   -894.00    -32.60    -59.90   6.950    283218.0
2024  5 11 21 15 00 000   -6.710   -2.410   11.220   -894.00    -32.60    -59.90   6.950    283218.0
2024  5 11 21 16 00 000   -6.650   -1.240   12.510   -894.00    -32.60    -59.90   6.950    283218.0
2024  5 11 21 17 00 000   -6.740   -1.620   12.910   -890.90     -6.80    -70.60   3.880    196910.0
2024  5 11 21 18 00 000   -6.340   -1.530   13.060   -890.90     -6.80    -70.60   3.880    196910.0
2024  5 11 21 19 00 000   -6.450   -2.240   12.590   -890.90     -6.80    -70.60   3.880    196910.0
2024  5 11 21 20 00 000   -8.050   -3.290   11.410   -897.40     -8.00    -64.10   4.820    143900.0
2024  5 11 21 21 00 000   -9.510   -4.010    7.460   -897.40     -8.00    -64.10   4.820    143900.0
2024  5 11 21 23 00 000   -9.160   -5.640    7.330   -889.20     12.00    -39.00   9.220    112699.0
2024  5 11 21 24 00 000  -10.140   -3.590    8.300   -889.20     12.00    -39.00   9.220    112699.0
2024  5 11 21 26 00 000   -9.520   -2.110    8.430   -895.30     -1.20    -12.20   7.520    221152.0
2024  5 11 21 27 00 000   -9.220   -2.750    7.390   -895.30     -1.20    -12.20   7.520    221152.0
2024  5 11 21 29 00 000  -10.370   -3.180    8.550   -891.60      5.40    -24.70   8.310    176745.0
2024  5 11 21 30 00 000   -4.900    2.450    8.560   -890.90      5.90    -26.30   8.200    178874.0
2024  5 11 21 31 00 000   -4.400   -4.670   10.300   -876.80     15.60    -55.80   6.130    219254.0
2024  5 11 21 32 00 000   -4.490   -7.320    8.540   -876.80     15.60    -55.80   6.130    219254.0
2024  5 11 21 33 00 000   -2.990   -5.360    9.800   -895.10      0.60    -51.00   5.460    314766.0
2024  5 11 21 34 00 000    1.970   -5.370    8.850   -895.10      0.60    -51.00   5.460    314766.0
2024  5 11 21 35 00 000    4.370   -5.900    5.780   -862.00    -26.60    -83.10   7.210    618383.0
2024  5 11 21 36 00 000   -0.690   -1.330    9.600   -862.00    -26.60    -83.10   7.210    618383.0
2024  5 11 21 37 00 000   -0.740    0.070    6.250   -862.00    -26.60    -83.10   7.210    618383.0
2024  5 11 21 38 00 000   -1.700    0.400    7.700   -891.80    -11.70    -47.80   5.250    400772.0
2024  5 11 21 39 00 000   -9.390   -3.190   10.290   -891.80    -11.70    -47.80   5.250    400772.0
2024  5 11 21 42 00 000  -11.000   -3.930    9.920   -896.10    -19.20    -54.90   8.860     68383.0
2024  5 11 21 43 00 000  -10.820   -4.190   10.160   -896.10    -19.20    -54.90   8.860     68383.0
2024  5 11 21 44 00 000  -10.810   -4.840    9.630   -896.10    -19.20    -54.90   8.860     68383.0
2024  5 11 21 45 00 000  -10.970   -5.030    9.360   -885.60    -23.90    -75.10   8.330     84662.0
2024  5 11 21 46 00 000  -10.840   -6.100    8.480   -892.90    -28.60    -63.70   8.060     79263.0
2024  5 11 21 47 00 000  -10.660   -7.450    7.630   -896.90    -31.90    -57.80   7.900     75774.0
2024  5 11 21 52 00 000  -10.360   -6.520    8.690   -892.80    -32.80    -60.20   7.490    100119.0
2024  5 11 21 53 00 000  -10.140   -6.350    9.140   -892.80    -32.80    -60.20   7.490    100119.0
2024  5 11 21 54 00 000   -9.960   -6.590    8.970   -887.00    -33.50    -72.60   7.400     77322.0
2024  5 11 21 55 00 000   -9.750   -5.870    9.350   -888.00    -32.70    -69.50   7.770     74519.0
2024  5 11 21 56 00 000   -9.350   -2.820   10.950   -895.20    -27.70    -48.40   9.920     63471.0
2024  5 11 21 57 00 000   -9.450   -2.610   11.340   -895.50    -19.90    -47.80   8.780     66448.0
2024  5 11 21 58 00 000   -9.730   -3.300   11.060   -895.50    -19.00    -47.70   8.640     66806.0
2024  5 11 21 59 00 000   -9.790   -3.070   10.840   -893.20    -27.00    -49.00   7.350     68628.0
2024  5 11 22  0 00 000  -10.180   -3.090   10.460   -893.20    -27.00    -49.00   7.350     68628.0
2024  5 11 22  1 00 000  -10.390   -4.280    9.690   -880.50     -8.30    -60.80   7.730     75175.0
2024  5 11 22  2 00 000  -10.660   -5.400    9.050   -879.30     -5.30    -60.80   7.280     73925.0
2024  5 11 22  3 00 000  -10.490   -5.500    9.040   -878.40     -3.00    -60.80   6.930     72973.0
2024  5 11 22  5 00 000  -10.250   -4.480    9.830   -880.60    -11.10    -63.20   6.540     78844.0
2024  5 11 22  6 00 000   -9.980   -4.490    9.920   -880.60    -11.10    -63.20   6.540     78844.0
2024  5 11 22  7 00 000   -9.970   -4.390    9.910   -880.60    -11.10    -63.20   6.540     78844.0
2024  5 11 22 10 00 000  -10.090   -4.440    9.790   -884.80    -22.40    -67.00   7.450     87822.0
2024  5 11 22 11 00 000  -10.170   -4.730    9.570   -884.80    -22.40    -67.00   7.450     87822.0
2024  5 11 22 13 00 000  -10.210   -4.940    9.240   -879.70    -20.40    -54.40   7.820     78234.0
2024  5 11 22 14 00 000  -10.490   -3.900    9.100   -883.30    -21.70    -51.50   8.360     85142.0
2024  5 11 22 15 00 000  -10.730   -4.300    8.480   -891.40    -25.20    -44.70   9.580     97230.0
2024  5 11 22 16 00 000  -10.610   -4.510    8.250   -891.60    -27.60    -42.90   9.640     79847.0
2024  5 11 22 17 00 000   -9.950   -3.120    9.270   -881.40    -39.10    -57.20   8.560    100801.0
2024  5 11 22 18 00 000   -9.310    0.710   10.160   -881.10    -39.50    -57.60   8.530    101453.0
2024  5 11 22 19 00 000   -9.140    2.290    9.440   -900.50    -32.60    -10.20   9.040    330183.0
2024  5 11 22 20 00 000   -8.400    2.830    4.550   -898.10    -25.80    -13.20   8.980    328541.0
2024  5 11 22 21 00 000   -2.050    3.270    9.600   -883.40     15.40    -31.50   8.590    318424.0
2024  5 11 22 22 00 000   -2.290    2.620    3.690   -887.90     31.40    -27.20   6.070    170216.0
2024  5 11 22 23 00 000    6.320    8.040   -4.060   -888.00     31.70    -26.90   6.010    165858.0
2024  5 11 22 24 00 000    5.630    8.950   -2.600   -890.70     34.60    -12.60   6.090    123058.0
2024  5 11 22 25 00 000    3.210    9.960    1.480   -889.10     32.10    -13.20   6.460    131898.0
2024  5 11 22 26 00 000    2.100   10.340    4.000   -887.10     29.00    -13.90   6.940    143248.0
2024  5 11 22 27 00 000   -1.030    8.210    7.380   -888.10     11.80    -26.80   6.330    145143.0
2024  5 11 22 28 00 000   -3.930    3.210    8.470   -890.50      2.40    -17.50   9.070    210113.0
2024  5 11 22 29 00 000   -2.490    4.300    8.950   -890.80      4.40    -19.30   9.280    207537.0
2024  5 11 22 30 00 000   -3.060    4.010    8.800   -889.50      9.00    -20.10   9.720    199047.0
2024  5 11 22 31 00 000   -5.130    3.290    9.020   -888.70     11.80    -20.30  10.050    194913.0
2024  5 11 22 32 00 000   -5.810    0.870    8.330   -884.00     17.60    -54.30   7.120    152341.0
2024  5 11 22 33 00 000   -6.670    2.000    9.290   -881.30     -1.10    -42.40   7.400    168014.0
2024  5 11 22 34 00 000   -5.740    5.620    9.810   -881.30     -4.20    -35.70   7.100    179871.0
2024  5 11 22 38 00 000   -5.780    3.810   11.070   -876.50     -3.60     -2.70   1.510    438554.0
2024  5 11 22 39 00 000   -6.920    2.930   10.130   -876.50     -3.60     -2.70   1.510    438554.0
2024  5 11 22 44 00 000   -6.100    0.350    9.310   -866.90     22.40     -3.70   1.560    412377.0
2024  5 11 22 45 00 000   -5.400    2.980   10.960   -866.90     22.40     -3.70   1.560    412377.0
2024  5 11 22 46 00 000   -5.240    3.330   11.470   -863.60     19.00      4.60   1.510    369783.0
2024  5 11 22 47 00 000   -6.270    0.770    8.670   -863.60     19.00      4.60   1.510    369783.0
2024  5 11 22 48 00 000   -6.290    3.950    9.040   -879.40     -2.00    -18.60   4.850    256400.0
2024  5 11 22 49 00 000   -7.100    0.580    7.650   -885.00    -52.10    -58.00   5.270    218333.0
2024  5 11 22 50 00 000   -6.860    1.300    8.700   -889.10    -88.40    -86.60   5.570    190815.0
2024  5 11 22 51 00 000   -6.410    0.640    7.350   -873.20    -13.50      2.20   1.650    325770.0
2024  5 11 22 52 00 000   -5.180    2.900    9.820   -873.60    -16.60      1.00   1.630    331964.0
2024  5 11 22 53 00 000   -4.890    4.020   10.240   -872.10    -29.70     -9.70   1.560    437006.0
2024  5 11 22 54 00 000   -4.620    3.020    8.170   -863.90    -23.80    -20.80   1.660    616315.0
2024  5 11 22 55 00 000   -2.730    5.730    7.400   -897.00    -31.70    -85.50   5.110    206933.0
2024  5 11 22 56 00 000   -1.500    5.500    9.570   -867.90    -22.90    -64.20   3.480    352912.0
2024  5 11 22 57 00 000    4.130    6.950    4.270   -838.60     18.80    -47.00   1.790    604500.0
2024  5 11 22 58 00 000    2.800    6.260    5.350   -800.20     24.40    -76.20   1.920   1085342.0
2024  5 11 22 59 00 000    4.530    9.890    3.380   -806.80      7.80    -76.30   1.750   1033928.0
2024  5 11 23  0 00 000    2.960    6.900    4.310   -846.90    -82.80    -73.30   0.840    704366.0
2024  5 11 23  1 00 000    2.460    8.710    6.270   -794.40    -77.40   -136.20   1.250   1255864.0
2024  5 11 23  2 00 000    5.310    8.680    5.030   -791.00    -77.10   -140.20   1.280   1291385.0
2024  5 11 23  3 00 000    5.820    8.580    4.240   -810.90    -35.90    -81.70   1.090   1194285.0
2024  5 11 23  4 00 000    5.430    8.620    5.260   -810.90    -35.90    -81.70   1.090   1194384.0
2024  5 11 23  5 00 000    3.550    9.840    6.120   -814.30    -14.00   -106.20   0.910   1248329.0
2024  5 11 23  6 00 000    3.930   10.000    4.200   -814.90    -10.90   -109.60   0.880   1255321.0
2024  5 11 23  7 00 000    5.370   10.330    3.260   -826.90    -32.20    -73.10   1.210   1109813.0
2024  5 11 23  8 00 000    5.920   10.230    1.850   -825.50     18.20    -79.10   0.860    948790.0
2024  5 11 23  9 00 000    5.940   10.490    0.500   -825.10     30.50    -80.60   0.780    909361.0
2024  5 11 23 10 00 000    6.770    9.420    0.230   -866.10    -12.90    -50.30   0.910   1070184.0
2024  5 11 23 11 00 000    6.560    9.250    0.010   -866.10    -12.90    -50.30   0.910   1070184.0
2024  5 11 23 21 00 000    2.520    8.340    2.760   -889.60    -20.60     11.10   2.160    675528.0
2024  5 11 23 22 00 000    1.570    8.580    1.240   -890.00    -30.10      0.50   2.250    619143.0
2024  5 11 23 23 00 000    3.290    7.900    0.780   -886.00    -37.30    -41.20   2.420    492102.0
2024  5 11 23 24 00 000    4.750    8.580    3.040   -885.90    -36.80    -41.30   2.420    492776.0
2024  5 11 23 25 00 000    3.960    9.300    2.720   -881.20    -51.10     11.80   0.990    863955.0
2024  5 11 23 26 00 000    3.310    6.580    1.710   -883.90    -52.80     12.30   1.060    849058.0
2024  5 11 23 27 00 000    5.380    5.400    1.930   -916.20    -63.40      6.70   1.790    739653.0
2024  5 11 23 28 00 000    5.680    6.430    1.630   -901.60     -4.80      9.10   1.570    832747.0
2024  5 11 23 29 00 000    5.650    6.420    0.720   -901.90    -10.10     18.20   1.300    881684.0
2024  5 11 23 30 00 000    5.950    6.260    0.940   -904.40    -36.10     25.20   1.470    965663.0
2024  5 11 23 31 00 000    5.610    7.670   -0.080   -909.70    -14.20     20.00   1.260    846692.0
2024  5 11 23 32 00 000    5.650    7.320   -0.310   -909.60     20.90     39.80   1.150    702190.0
2024  5 11 23 33 00 000    5.450    7.300   -0.450   -905.30     28.40     39.00   1.210    963550.0
2024  5 11 23 34 00 000    5.700    6.950   -0.370   -903.40     24.00     37.10   1.210    949961.0
2024  5 11 23 35 00 000    6.010    6.910    0.330   -894.20      2.50     27.50   1.230    882855.0
2024  5 11 23 36 00 000    6.420    6.220    0.900   -894.20      2.50     27.50   1.230    882855.0
2024  5 11 23 39 00 000    4.730    5.710    0.740   -930.50     20.10     18.20   1.530    749455.0
2024  5 11 23 40 00 000    5.280    5.220    0.930   -930.50     20.10     18.20   1.530    749455.0
2024  5 11 23 41 00 000    5.590    5.070    0.990   -929.50     32.60     20.90   1.500    744078.0
2024  5 11 23 42 00 000    5.230    5.520    1.220   -929.50     32.60     20.90   1.500    744078.0
2024  5 11 23 43 00 000    4.920    5.770    0.500   -929.50     32.60     20.90   1.500    744078.0
2024  5 11 23 45 00 000    4.570    6.220    0.090   -927.10     22.50     49.80   1.540    767065.0
2024  5 11 23 46 00 000    4.790    6.020    0.510   -927.10     22.50     49.80   1.540    767065.0
2024  5 11 23 47 00 000    4.430    5.940    0.130   -945.40     12.60     66.50   1.920    684918.0
2024  5 11 23 48 00 000    4.840    5.180    1.130   -945.40     12.60     66.50   1.920    684918.0
2024  5 11 23 49 00 000    4.740    4.850    0.970   -952.00     27.60     56.50   1.970    611466.0
2024  5 11 23 50 00 000    4.700    3.770    2.050   -953.00     29.90     55.00   1.980    600170.0
2024  5 11 23 51 00 000    4.710    5.620   -0.140   -953.00     29.90     55.00   1.980    600170.0
2024  5 11 23 52 00 000    4.430    5.860    0.230   -950.80      8.60     62.20   1.900    606211.0
2024  5 11 23 53 00 000    4.260    5.590    0.960   -950.80      8.60     62.20   1.900    606157.0
2024  5 11 23 54 00 000    2.870    5.280    4.080   -934.80      8.10     33.40   1.760    573403.0
2024  5 11 23 55 00 000    3.610    6.300    2.690   -928.90      7.90     24.10   1.740    685890.0
2024  5 11 23 56 00 000    3.690    6.340    0.810   -927.60      7.90     22.10   1.740    713535.0
2024  5 12  0  0 00 000    4.280    5.420   -0.410   -931.30     40.00     61.30   1.920    688786.0
2024  5 12  0  1 00 000    3.600    6.360    1.000   -931.30     40.00     61.30   1.920    688786.0
2024  5 12  0  2 00 000    3.050    6.250    3.470   -926.20      9.70     32.40   1.800    659411.0
2024  5 12  0  3 00 000    2.510    5.660    3.160   -926.20      9.70     32.40   1.800    659411.0
2024  5 12  0  4 00 000    4.140    6.350    0.780   -943.20     41.60     36.80   2.210    577135.0
2024  5 12  0  5 00 000    4.740    6.060   -0.050   -942.60     40.60     37.00   2.200    580947.0
2024  5 12  0  6 00 000    4.500    6.070    1.260   -926.90     23.50     51.10   1.960    704997.0
2024  5 12  0  7 00 000    5.350    5.630   -0.080   -933.40     39.80     57.90   2.030    695156.0
2024  5 12  0  8 00 000    5.310    5.220    2.080   -944.50     18.70     59.40   2.090    701783.0
2024  5 12  0  9 00 000    4.240    4.980    3.820   -935.70     28.50     30.40   1.940    623072.0
2024  5 12  0 10 00 000    3.540    5.170    3.890   -934.80     14.30     44.20   1.960    470795.0
2024  5 12  0 11 00 000    2.590    4.280    3.970   -923.10     12.80     31.90   2.360    486894.0
2024  5 12  0 12 00 000    3.700    4.290    0.130   -928.40     24.30     39.90   2.210    498969.0
2024  5 12  0 13 00 000    4.980    4.520   -2.860   -934.60     33.20     42.20   1.970    629442.0
2024  5 12  0 19 00 000    5.040    4.470   -1.330   -937.40     22.60     48.40   1.820    638111.0
2024  5 12  0 20 00 000    5.680    3.780    0.300   -937.40     22.60     48.40   1.820    638111.0
2024  5 12  0 21 00 000    5.310    3.850   -0.820   -937.40     22.60     48.40   1.820    638111.0
2024  5 12  0 22 00 000    5.380    3.720   -1.570   -940.70     35.80     40.00   1.850    611065.0
2024  5 12  0 23 00 000    5.600    3.040   -1.560   -940.70     35.80     40.00   1.850    611065.0
2024  5 12  0 24 00 000    5.620    1.620   -3.240   -940.70     35.80     40.00   1.850    611065.0
2024  5 12  0 27 00 000    3.750    5.880    0.030   -941.50     36.40     30.70   1.690    391471.0
2024  5 12  0 32 00 000    2.790    5.510    1.090   -907.40      7.10     30.90   2.110    558381.0
2024  5 12  0 33 00 000    2.550    5.720    0.560   -907.40      7.10     30.90   2.110    558381.0
2024  5 12  0 34 00 000    2.970    5.660    1.090   -902.90     -9.10     34.20   2.040    592960.0
2024  5 12  0 35 00 000    3.690    6.390    1.040   -902.90     -9.10     34.20   2.040    592960.0
2024  5 12  0 36 00 000    3.750    6.130    1.000   -902.90     -9.10     34.20   2.040    592960.0
2024  5 12  0 38 00 000    4.320    5.780    0.230   -928.90     -6.30     22.40   1.760    462357.0
2024  5 12  0 39 00 000    4.730    5.460   -0.340   -928.90     -6.30     22.40   1.760    462357.0
2024  5 12  0 41 00 000    4.010    6.320    1.170   -932.80      3.20     21.50   1.560    451319.0
2024  5 12  0 42 00 000    4.210    6.190    1.040   -926.90    -11.60     10.70   1.710    477512.0
2024  5 12  0 43 00 000    6.940    4.490   -0.640   -962.00    -16.40     43.20   1.520    348765.0
2024  5 12  0 44 00 000    6.800    3.270   -0.950   -960.70     -9.00     40.70   1.680    361427.0
2024  5 12  0 45 00 000    6.950    2.280   -0.960   -968.50     31.70     27.40   2.180    480667.0
2024  5 12  0 46 00 000    6.630    1.770   -1.990   -979.00     71.80     38.00   2.130    508122.0
2024  5 12  0 47 00 000    7.370    1.710   -2.680   -985.90     39.30     33.60   2.160    351162.0
2024  5 12  0 48 00 000    7.670    1.600   -2.890   -986.00     36.30     23.60   2.170    276640.0
2024  5 12  0 49 00 000    8.040    2.130   -2.510   -973.20     43.70     48.20   1.500    331818.0
2024  5 12  0 50 00 000    7.260    3.120   -2.280   -983.20     40.20     53.60   1.660    288943.0
2024  5 12  0 51 00 000    4.040   -4.130   -4.900   -999.50     28.10     46.40   2.010    289685.0
2024  5 12  0 52 00 000    3.960   -4.570   -5.730   -994.90     34.80     29.90   2.180    395193.0
2024  5 12  0 53 00 000    5.750   -0.190   -5.830   -992.00    101.40     41.20   2.300    286993.0
2024  5 12  0 54 00 000    6.080   -0.290   -5.550   -992.00    101.70     41.20   2.300    286540.0
2024  5 12  0 55 00 000    4.880   -4.020   -6.210   -983.80     82.90     29.60   1.760    231064.0
2024  5 12  0 56 00 000    2.710   -6.400   -6.030   -983.80     82.90     29.60   1.760    231064.0
2024  5 12  0 58 00 000    3.930   -4.360   -6.380   -987.90     56.20     20.60   1.480    110464.0
2024  5 12  0 59 00 000    3.520   -5.410   -5.770   -989.80     56.20     23.30   1.540    127409.0
2024  5 12  1  0 00 000    4.020   -5.550   -5.720  -1003.00     56.10     41.90   1.930    245413.0
2024  5 12  1  1 00 000    3.150   -5.960   -5.950  -1003.00     56.10     41.90   1.930    245413.0
2024  5 12  1  2 00 000    2.760   -6.060   -6.000  -1021.00     25.60     43.00   1.590    166372.0
2024  5 12  1  3 00 000    2.030   -5.840   -6.220  -1021.00     25.60     43.00   1.590    166372.0
2024  5 12  1  5 00 000    4.480   -4.510   -5.980  -1008.00     34.30     58.70   1.810    140148.0
2024  5 12  1  6 00 000    4.840   -3.470   -6.190  -1004.70     34.30     52.70   1.830    140898.0
2024  5 12  1  7 00 000    6.050   -2.500   -5.580   -991.70     34.40     29.10   1.900    143834.0
2024  5 12  1  8 00 000    4.130   -3.780   -6.500  -1015.90     18.40     47.90   1.860    137520.0
2024  5 12  1  9 00 000    4.090   -3.350   -6.600  -1006.80     23.60     43.80   1.910    128371.0
2024  5 12  1 10 00 000    3.420   -4.340   -6.230  -1002.30     25.80     41.90   1.970    101832.0
2024  5 12  1 12 00 000    3.770   -2.360   -5.480   -999.90     13.70     37.00   2.200     74367.0
2024  5 12  1 13 00 000    3.710   -2.070   -5.340  -1012.70      9.60     37.10   2.520    121158.0
2024  5 12  1 14 00 000    3.740   -1.990   -5.220  -1017.70      8.00     40.40   2.680    149627.0
2024  5 12  1 15 00 000    3.910   -0.580   -4.450  -1004.30      3.50     53.30   2.430    145644.0
2024  5 12  1 16 00 000    3.980   -1.660   -3.670  -1018.00      5.20     51.90   3.490    190798.0
2024  5 12  1 17 00 000    3.610   -1.930   -4.550  -1024.90     15.30     44.50   4.440    170546.0
2024  5 12  1 22 00 000    4.330   -1.730   -4.870  -1021.00     -1.40     37.70   3.800    202191.0
2024  5 12  1 23 00 000    5.660   -1.290   -4.150  -1021.00     -1.40     37.70   3.800    202191.0
2024  5 12  1 24 00 000    4.360   -0.810   -3.980  -1024.80     -2.90     37.00   3.680    188674.0
2024  5 12  1 25 00 000    4.160   -0.470   -3.130  -1024.80     -2.40     37.50   3.660    182244.0
2024  5 12  1 26 00 000    5.750   -0.330   -5.110  -1005.50     10.50     52.70   4.790    149736.0
2024  5 12  1 27 00 000    8.090    1.850   -2.990  -1004.90     10.40     52.70   4.780    152544.0
2024  5 12  1 28 00 000    8.200    1.760   -3.830   -985.40     22.70     50.50   2.770    132906.0
2024  5 12  1 29 00 000    4.300   -2.450   -4.700   -985.50     22.50     50.50   2.770    131448.0
2024  5 12  1 30 00 000    8.090    2.660   -2.080   -989.40     15.50     51.70   2.770     87869.0
2024  5 12  1 31 00 000    8.090    2.730   -1.030   -991.60     23.60     54.80   2.680     87586.0
2024  5 12  1 32 00 000    7.650    1.580   -3.580   -993.00     28.70     56.70   2.620     87408.0
2024  5 12  1 33 00 000    7.680    1.630   -3.390   -987.70     23.70     45.90   3.340    105910.0
2024  5 12  1 34 00 000    7.770    1.740   -3.200   -987.70     23.70     45.90   3.340    105910.0
2024  5 12  1 36 00 000    7.020    0.590   -3.710   -994.50     16.10     44.20   3.070     92872.0
2024  5 12  1 37 00 000    7.880    1.960   -2.800   -994.50     16.10     44.20   3.070     92872.0
2024  5 12  1 38 00 000    7.870    1.960   -2.920   -994.50     16.10     44.20   3.070     92872.0
2024  5 12  1 42 00 000    7.340    2.760   -2.150   -982.10     27.00     45.50   3.540     94730.0
2024  5 12  1 43 00 000    7.340    2.770   -2.150   -982.10     27.00     45.50   3.540     94730.0
2024  5 12  1 44 00 000    7.500    2.520   -1.930   -982.10     27.00     45.50   3.540     94730.0
2024  5 12  1 49 00 000    6.980    3.630    0.050   -979.60     25.90     43.30   3.380     95834.0
2024  5 12  1 50 00 000    6.900    3.560   -0.600   -979.60     25.90     43.30   3.380     95834.0
2024  5 12  1 55 00 000    6.700    0.600   -3.420   -980.40     52.50     36.20   3.800    115431.0
2024  5 12  1 56 00 000    5.030    3.480   -1.240   -978.40     29.90     31.20   3.790    130404.0
2024  5 12  1 57 00 000    4.550    3.730   -1.270   -979.40      9.90     27.70   4.000    168115.0
2024  5 12  1 58 00 000    4.020    4.650   -0.110   -979.90     15.20     26.50   4.120    174354.0
2024  5 12  1 59 00 000    5.420    2.530   -1.670   -971.80     10.90     17.80   3.750    127406.0
2024  5 12  2  0 00 000    4.350    1.920   -1.800   -957.90     37.20     20.60   6.170    116642.0
2024  5 12  2  1 00 000    4.660    0.810   -2.700   -968.70     43.00     27.90   4.730    111924.0
2024  5 12  2  2 00 000    1.540   -1.050   -3.160   -979.30     31.90     27.40   4.720    120411.0
2024  5 12  2  3 00 000   -2.930   -3.800   -3.550   -979.40     29.20     22.00   5.820    102867.0
2024  5 12  2  4 00 000   -1.550   -3.810   -3.550   -961.00     23.30      4.70   8.610     61091.0
2024  5 12  2  5 00 000   -2.000   -3.880   -3.610   -958.00     23.00      9.50   7.550     66225.0
2024  5 12  2  6 00 000   -2.450   -3.940   -3.700   -957.30     22.80      8.10   7.320     65395.0
2024  5 12  2  7 00 000    0.720   -4.590   -4.770   -964.10     22.40     -0.50   7.960     63236.0
2024  5 12  2  8 00 000    2.080   -1.610   -3.430   -947.20     32.40      9.30   6.330     53582.0
2024  5 12  2  9 00 000    2.460   -0.650   -2.900   -947.20     32.40      9.30   6.330     53582.0
2024  5 12  2 10 00 000    2.840    0.030   -2.460   -975.50     10.50     32.40   3.850    151472.0
2024  5 12  2 11 00 000   -1.120   -5.230   -4.280   -975.60     10.40     32.50   3.840    151797.0
2024  5 12  2 12 00 000    1.370   -2.120   -3.640   -945.30     34.60      1.90   4.630     47500.0
2024  5 12  2 15 00 000   -1.400   -4.660   -4.980   -939.80     29.30      2.50   5.200     54341.0
2024  5 12  2 16 00 000   -0.430   -5.120   -5.210   -939.80     29.30      2.50   5.200     54341.0
2024  5 12  2 17 00 000   -0.530   -5.280   -4.910   -939.80     29.30      2.50   5.200     54341.0
2024  5 12  2 21 00 000   -1.360   -5.830   -4.790   -946.20      2.10     11.50   2.930     39649.0
2024  5 12  2 22 00 000   -1.680   -5.960   -4.500   -946.20      2.10     11.50   2.930     39649.0
2024  5 12  2 23 00 000   -1.940   -5.690   -4.220   -944.30     25.00      8.90   3.690     45858.0
2024  5 12  2 24 00 000   -2.450   -6.180   -3.810   -942.80     44.10      6.80   4.320     51021.0
2024  5 12  2 25 00 000   -2.610   -6.070   -3.580   -946.70      4.40      4.90   2.960     39166.0
2024  5 12  2 26 00 000   -2.350   -6.000   -3.750   -947.80     11.30      2.70   3.020     37802.0
2024  5 12  2 28 00 000   -2.700   -6.050   -3.510   -953.30      0.00      7.80   2.530     56909.0
2024  5 12  2 29 00 000   -3.430   -6.060   -3.130   -953.20      0.90      7.10   2.530     55879.0
2024  5 12  2 30 00 000   -3.250   -6.120   -3.190   -951.50     15.50     -4.30   2.610     38511.0
2024  5 12  2 31 00 000   -3.140   -6.060   -3.490   -951.50     15.50     -4.30   2.610     38511.0
2024  5 12  2 32 00 000   -2.900   -6.050   -3.420   -948.10     -1.00     10.00   2.920     39495.0
2024  5 12  2 33 00 000   -2.860   -5.750   -3.860   -948.10     -1.00     10.00   2.920     39495.0
2024  5 12  2 34 00 000   -2.670   -5.640   -4.060   -946.50     -1.40      7.40   2.750     37926.0
2024  5 12  2 35 00 000   -2.760   -5.520   -3.970   -945.80     -0.60      7.10   2.910     38246.0
2024  5 12  2 36 00 000   -2.560   -5.350   -3.870   -945.20      0.30      7.00   3.120     38756.0
2024  5 12  2 37 00 000   -2.160   -5.050   -4.410   -943.80     26.80     -2.60   4.660     44342.0
2024  5 12  2 38 00 000   -1.560   -4.820   -4.680   -939.40     11.40     -0.30   5.520     43868.0
2024  5 12  2 39 00 000   -1.790   -4.500   -4.680   -941.50      2.50      3.00   6.220     40797.0
2024  5 12  2 40 00 000   -1.900   -4.380   -4.850   -944.40     -1.10      6.20   6.540     38695.0
2024  5 12  2 41 00 000   -1.490   -4.510   -4.540   -940.30     11.40     -1.10   6.600     43259.0
2024  5 12  2 42 00 000   -0.360   -3.850   -4.960   -938.60      8.80     -1.20   6.520     48996.0
2024  5 12  2 43 00 000   -0.380   -3.760   -4.680   -936.20      6.40     -4.70   6.660     48065.0
2024  5 12  2 44 00 000    0.170   -3.920   -4.700   -932.90      3.00    -11.90   7.100     43208.0
2024  5 12  2 45 00 000    2.270   -2.600   -5.880   -928.40     16.20     -9.40   7.010     45448.0
2024  5 12  2 46 00 000    2.870   -2.270   -5.970   -938.50     -0.90      4.30   7.320     47454.0
2024  5 12  2 47 00 000    1.410   -3.640   -5.210   -940.00     -3.90      5.90   7.360     47568.0
2024  5 12  2 48 00 000    0.120   -3.530   -4.650   -932.10      2.40    -13.00  10.190     38389.0
2024  5 12  2 49 00 000   -3.330   -1.360    1.070   -932.40     -1.90    -11.20  10.350     38283.0
2024  5 12  2 50 00 000   -4.730   -2.680   -1.570   -933.30    -11.40     -6.70  10.600     39450.0
2024  5 12  2 51 00 000   -5.880   -2.850    1.540   -937.20     -2.20     -4.90   9.130     54783.0
2024  5 12  2 52 00 000   -5.440   -0.410    4.250   -950.90     -6.40     15.40   6.450     41152.0
2024  5 12  2 53 00 000   -4.850   -0.750    3.470   -945.80     -9.50      7.40   7.870     45388.0
2024  5 12  2 54 00 000   -5.130   -0.380    4.560   -944.80     -5.70      8.60   8.590     47113.0
2024  5 12  2 55 00 000   -5.690    0.150    4.390   -947.10    -11.50     15.60   5.420     34980.0
2024  5 12  3 11 00 000   -5.940   -0.060    4.480   -943.50    -12.40     12.70   5.450     30248.0
2024  5 12  3 12 00 000   -5.940    0.250    4.480   -943.50    -12.40     12.70   5.450     30248.0
2024  5 12  3 13 00 000   -5.870    0.310    4.490   -943.50    -12.40     12.70   5.450     30248.0
2024  5 12  3 15 00 000   -5.790    0.710    4.680   -943.40    -13.20     14.80   5.610     29415.0
2024  5 12  3 16 00 000   -5.690    1.070    4.690   -943.40    -13.20     14.80   5.610     29415.0
2024  5 12  3 17 00 000   -5.680    1.030    4.720   -943.40    -13.20     14.80   5.610     29415.0
2024  5 12  3 19 00 000   -5.770    1.100    4.870   -943.90    -13.90     17.60   5.340     28489.0
2024  5 12  3 20 00 000   -5.580    1.290    4.930   -943.90    -13.80     17.60   5.340     28492.0
2024  5 12  3 21 00 000   -5.500    1.330    5.000   -921.80     25.90     -3.40   5.370     30302.0
2024  5 12  3 22 00 000   -5.520    1.230    4.990   -929.40     13.60      2.60   5.400     29695.0
2024  5 12  3 23 00 000   -5.310    1.510    5.020   -939.00     -2.50     10.90   5.500     29704.0
2024  5 12  3 24 00 000   -5.540    1.180    4.780   -923.70     20.70      0.60   5.950     32278.0
2024  5 12  3 25 00 000   -5.800    0.940    4.600   -932.60     -3.80     10.10   5.650     29515.0
2024  5 12  3 26 00 000   -5.670    1.130    4.740   -927.70      6.20      6.40   5.640     30447.0
2024  5 12  3 27 00 000   -5.740    0.680    4.720   -922.60      6.80     12.40   5.340     29139.0
2024  5 12  3 28 00 000   -5.840    1.030    4.760   -924.50     -2.20     12.80   5.360     29715.0
2024  5 12  3 29 00 000   -5.630    1.200    4.930   -929.70     -7.70    -12.80   4.930     33084.0
2024  5 12  3 30 00 000   -5.190    1.540    5.410   -929.80     -4.30     21.60   5.220     31727.0
2024  5 12  3 31 00 000   -5.070    1.870    5.420   -929.80     -4.30     21.60   5.220     31727.0
2024  5 12  3 32 00 000   -6.240    1.060    4.110   -929.80     -4.30     21.60   5.220     31727.0
2024  5 12  3 33 00 000   -6.350    0.750    4.020   -942.00    -10.20     15.10   5.430     29149.0
2024  5 12  3 34 00 000   -6.530    0.490    3.530   -942.00    -10.20     15.10   5.430     29149.0
2024  5 12  3 40 00 000   -6.420    0.230    2.870   -940.40     -7.40     11.20  10.800     30519.0
2024  5 12  3 41 00 000   -6.000    0.230    3.260   -940.40     -7.40     11.20  10.800     30519.0
2024  5 12  3 42 00 000   -6.420   -1.320    1.190   -935.50     -3.70      5.90  15.260     33440.0
2024  5 12  3 43 00 000   -6.440   -1.160    1.190   -935.40     -3.60      6.00  15.170     33580.0
2024  5 12  3 44 00 000   -5.880    0.610    3.310   -930.70     -1.90      9.40  12.350     38377.0
2024  5 12  3 45 00 000   -6.150   -0.120    2.640   -930.70     -1.90      9.40  12.320     38420.0
2024  5 12  3 47 00 000   -5.400    1.160    4.160   -923.60     -4.90     11.80  11.630     39866.0
2024  5 12  3 48 00 000   -5.300   -2.370    0.380   -923.60     -4.90     11.80  11.630     39866.0
2024  5 12  3 49 00 000   -3.670   -4.770   -3.820   -915.60     -4.60      4.20   7.630     42904.0
2024  5 12  3 50 00 000   -3.570   -4.980   -3.410   -915.60     -4.60      4.20   7.630     42883.0
2024  5 12  3 51 00 000   -3.550   -4.620   -3.300   -913.40     -5.30      1.90   7.740     36345.0
2024  5 12  3 52 00 000   -4.840   -4.100   -2.060   -913.40     -5.30      1.90   7.740     36345.0
2024  5 12  3 53 00 000   -4.640   -4.390   -2.020   -913.10     -3.10     -0.10  11.970     37843.0
2024  5 12  3 54 00 000   -5.020   -4.300   -1.560   -913.10     -3.10     -0.10  11.970     37843.0
2024  5 12  3 55 00 000   -5.910   -3.600   -0.230   -913.30     -6.20     -0.80  10.740     36702.0
2024  5 12  3 56 00 000   -6.230   -2.840    1.180   -913.90     -8.40     -2.20  10.560     37109.0
2024  5 12  3 57 00 000   -6.240   -2.060    2.500   -919.30    -26.70    -13.90   9.020     40553.0
2024  5 12  3 58 00 000   -6.070   -1.480    2.800   -919.30    -26.70    -13.90   9.020     40553.0
2024  5 12  4  0 00 000   -5.420   -2.900   -0.510   -924.30      0.10     19.10  10.280     39742.0
2024  5 12  4  1 00 000   -5.550   -2.690    1.010   -924.40     -0.30     19.50  10.440     39259.0
2024  5 12  4  2 00 000   -5.510   -2.990    0.780   -924.70     -2.10     21.70  11.250     36851.0
2024  5 12  4  3 00 000   -5.520   -2.840    0.710   -925.10     -1.70     19.30  11.610     36068.0
2024  5 12  4  4 00 000   -5.520   -2.580    0.980   -924.20      1.30     18.20  10.970     36168.0
2024  5 12  4  5 00 000   -5.530   -2.360    1.360   -921.10     19.00      4.30  10.570     37082.0
2024  5 12  4  6 00 000   -5.460   -1.790    1.890   -920.20     19.80      4.60  11.860     34594.0
2024  5 12  4  7 00 000   -5.370   -1.830    1.580   -916.70      5.80      5.30  13.120     36256.0
2024  5 12  4  8 00 000   -5.090   -2.040    1.050   -918.80     -1.50      4.60  12.620     34014.0
2024  5 12  4  9 00 000   -4.880   -2.550    0.260   -918.90     -0.40      5.80  12.840     34050.0
2024  5 12  4 10 00 000   -4.920   -2.640    0.890   -918.90      2.80      8.40  13.350     34327.0
2024  5 12  4 11 00 000   -5.030   -1.400    2.400   -918.90      2.80      8.40  13.350     34327.0
2024  5 12  4 13 00 000   -5.470   -1.640    2.610   -913.50     10.00     10.70   9.190     38058.0
2024  5 12  4 14 00 000   -5.550   -1.970    2.570   -915.00      8.20     12.60   7.280     35322.0
2024  5 12  4 15 00 000   -6.070   -1.910    2.320   -911.50     10.30     11.70   7.030     43787.0
2024  5 12  4 16 00 000   -6.010   -2.030    2.570   -911.20     17.00     12.30   6.340     45056.0
2024  5 12  4 17 00 000   -5.830   -1.820    2.980   -911.50     27.70     13.90   4.780     45222.0
2024  5 12  4 18 00 000   -5.980   -1.880    2.690   -917.60     30.70     12.30   3.890     32250.0
2024  5 12  4 19 00 000   -5.980   -1.940    2.640   -918.90     27.20     12.10   3.650     28969.0
2024  5 12  4 20 00 000   -6.060   -1.860    2.570   -917.60     -2.60     13.80   3.520     28463.0
2024  5 12  4 21 00 000   -6.010   -1.900    2.600   -917.60     -2.60     13.80   3.520     28463.0
2024  5 12  4 24 00 000   -6.050   -1.960    2.360   -917.80      1.20      9.70   3.840     29362.0
2024  5 12  4 25 00 000   -6.090   -2.010    2.300   -917.80      1.20      9.70   3.840     29362.0
2024  5 12  4 26 00 000   -5.970   -2.000    2.420   -917.80      1.20      9.70   3.840     29362.0
2024  5 12  4 30 00 000   -5.820   -2.640    1.900   -921.60     28.60      5.60   4.010     27732.0
2024  5 12  4 31 00 000   -5.850   -2.300    1.900   -921.60     28.60      5.60   4.010     27732.0
2024  5 12  4 36 00 000   -5.730   -1.700    2.280   -928.10      4.70     20.60   5.770     28990.0
2024  5 12  4 37 00 000   -5.780   -1.730    2.290   -928.10      4.70     20.60   5.770     28990.0
2024  5 12  4 47 00 000   -5.820   -1.050    2.450   -927.00      8.40     20.30   5.600     29252.0
2024  5 12  4 48 00 000   -5.710   -1.310    2.540   -926.50      8.20     20.80   5.520     29724.0
2024  5 12  4 49 00 000   -5.740   -1.430    2.630   -925.70     10.30     19.20   5.190     29951.0
2024  5 12  4 50 00 000   -5.610   -1.130    2.630   -919.50     10.80      6.90   4.170     29268.0
2024  5 12  4 51 00 000   -5.600   -0.930    2.700   -919.80     11.50      5.10   3.900     29441.0
2024  5 12  4 52 00 000   -5.610   -1.040    2.560   -923.50      6.30     18.40   4.200     32116.0
2024  5 12  4 53 00 000   -5.560   -1.310    2.470   -920.00      8.90     11.90   3.420     31727.0
2024  5 12  4 54 00 000   -5.640   -1.250    2.490   -921.60      8.30     16.40   3.480     31086.0
2024  5 12  4 55 00 000   -5.590   -1.260    2.430   -922.50      6.30     13.20   3.300     31168.0
2024  5 12  4 56 00 000   -5.530   -0.970    2.730   -920.20      8.40     13.50   2.990     31015.0
2024  5 12  4 57 00 000   -5.370   -0.620    2.900   -913.70     -1.60      3.90   2.610     34225.0
2024  5 12  4 58 00 000   -5.150   -0.050    3.260   -913.70     -1.70      3.80   2.600     34241.0
2024  5 12  4 59 00 000   -5.010    0.330    3.450   -921.60      4.10      3.70   2.750     40961.0
2024  5 12  5  0 00 000   -5.290   -0.280    3.040   -920.80      3.90      4.20   2.730     40062.0
2024  5 12  5  1 00 000   -5.350   -0.760    2.710   -914.90      2.60      7.70   2.550     33264.0
2024  5 12  5  2 00 000   -5.340   -0.780    2.670   -913.60      3.60      6.00   2.840     32964.0
2024  5 12  5  3 00 000   -5.070   -0.040    3.190   -915.00      0.70      7.50   2.630     35729.0
2024  5 12  5  4 00 000   -4.740    0.770    3.840   -915.50     -0.50      7.90   2.560     36574.0
2024  5 12  5  6 00 000   -4.870    0.820    3.700   -913.50     -6.30     -2.20   2.000     52793.0
2024  5 12  5  7 00 000   -4.970    0.650    3.570   -913.60     -7.10     -0.50   2.120     47137.0
2024  5 12  5  8 00 000   -4.740    0.600    3.800   -913.70     -8.50      2.60   2.350     36851.0
2024  5 12  5  9 00 000   -4.560    0.780    3.970   -913.70     -8.50      2.60   2.350     36851.0
2024  5 12  5 10 00 000   -4.810    0.570    3.690   -913.70     -6.50      7.30   2.180     37994.0
2024  5 12  5 11 00 000   -4.790    0.100    3.540   -913.70     -6.50      7.30   2.180     37994.0
2024  5 12  5 12 00 000   -4.670    0.820    3.690   -901.00     24.00     -3.80   3.110     39897.0
2024  5 12  5 13 00 000   -4.670    1.000    3.720   -901.00     24.00     -3.80   3.110     39897.0
2024  5 12  5 14 00 000   -4.810    0.770    3.580   -901.00     24.00     -3.80   3.110     39897.0
2024  5 12  5 16 00 000   -4.690    0.750    3.700   -900.60     24.40     -2.10   4.320     36731.0
2024  5 12  5 17 00 000   -5.010    0.150    3.350   -900.60     24.40     -2.10   4.320     36731.0
2024  5 12  5 18 00 000   -4.960    0.110    3.320   -901.20     25.20     -1.60   4.030     36837.0
2024  5 12  5 19 00 000   -4.890    0.360    3.500   -901.60     25.80     -1.30   3.830     36910.0
2024  5 12  5 20 00 000   -4.930    0.310    3.420   -901.60     25.80     -1.30   3.830     36910.0
2024  5 12  5 21 00 000   -4.940    0.250    3.430   -901.50     19.40     -3.40   3.230     37520.0
2024  5 12  5 22 00 000   -4.940    0.060    3.380   -902.10     18.40     -3.60   3.250     38271.0
2024  5 12  5 24 00 000   -5.020   -0.650    3.110   -909.00    -11.00    -15.90   3.380     43098.0
2024  5 12  5 25 00 000   -5.020   -0.410    3.190   -909.00    -11.00    -15.90   3.380     43098.0
2024  5 12  5 28 00 000   -5.000   -0.180    3.160   -901.90     17.20     -2.30   3.100     37240.0
2024  5 12  5 29 00 000   -5.050   -0.050    3.050   -901.90     17.20     -2.30   3.100     37240.0
2024  5 12  5 31 00 000   -4.980    0.110    3.130   -903.00     12.40    -12.50   2.970     36464.0
2024  5 12  5 32 00 000   -4.920   -0.270    3.150   -903.00     12.40    -12.50   2.970     36464.0
2024  5 12  5 33 00 000   -4.800   -0.140    3.150   -903.00     12.40    -12.50   2.970     36464.0
2024  5 12  5 34 00 000   -4.790   -0.270    3.140   -899.80     18.10     -1.40   2.910     36881.0
2024  5 12  5 35 00 000   -4.810    0.050    3.040   -899.80     18.10     -1.40   2.910     36881.0
2024  5 12  5 36 00 000   -4.350    0.310    3.270   -899.90     18.70     -1.80   3.160     37055.0
2024  5 12  5 37 00 000   -4.500    0.130    3.050   -900.50     21.10     -3.70   4.100     37585.0
2024  5 12  5 38 00 000   -4.770    0.030    2.980   -900.00     20.50     -3.20   3.420     36646.0
2024  5 12  5 39 00 000   -4.140    0.470    3.430   -899.40     13.60      2.00   3.500     37018.0
2024  5 12  5 40 00 000   -4.350    0.310    3.210   -900.30     18.10     -3.40   4.340     36274.0
2024  5 12  5 41 00 000   -4.410    0.100    3.110   -900.40     19.70     -4.40   4.350     36108.0
2024  5 12  5 42 00 000   -4.690   -0.270    2.840   -894.20     -5.80     12.10   3.740     33099.0
2024  5 12  5 43 00 000   -4.600   -0.130    2.990   -894.20     -5.80     12.10   3.740     33099.0
2024  5 12  5 44 00 000   -4.650    0.040    2.990   -894.20     -5.80     12.10   3.740     33099.0
2024  5 12  5 45 00 000   -4.610    0.290    3.000   -893.90     -8.20     14.80   3.300     31727.0
2024  5 12  5 46 00 000   -4.540    0.360    3.180   -893.90     -8.20     14.80   3.300     31727.0
2024  5 12  5 47 00 000   -4.620   -0.050    3.140   -896.80     20.80     -1.90   3.410     31478.0
2024  5 12  5 48 00 000   -4.860   -0.390    2.620   -896.80     20.80     -1.90   3.410     31478.0
2024  5 12  5 50 00 000   -4.840   -0.410    2.550   -894.30     -5.00     16.00   3.120     32620.0
2024  5 12  5 51 00 000   -5.030   -0.030    2.500   -894.30     -5.00     16.00   3.120     32620.0
2024  5 12  5 53 00 000   -4.760    0.070    2.640   -895.10    -10.00     16.40   3.350     36523.0
2024  5 12  5 54 00 000   -4.780    0.040    2.660   -895.10    -10.00     16.40   3.350     36523.0
2024  5 12  5 55 00 000   -4.690    0.520    2.740   -895.10    -10.00     16.40   3.350     36523.0
2024  5 12  5 56 00 000   -4.550    0.680    2.950   -892.30     -8.90     12.00   2.880     33549.0
2024  5 12  5 57 00 000   -4.770    0.130    2.760   -892.20     -8.80     12.10   2.890     33579.0
2024  5 12  5 58 00 000   -4.520    0.970    2.890   -891.90     -8.70     12.50   2.910     33668.0
2024  5 12  6  4 00 000   -4.300    1.140    3.260   -893.40    -12.10     15.20   3.050     30221.0
2024  5 12  6  5 00 000   -4.260    1.160    3.290   -893.40    -12.10     15.20   3.050     30221.0
2024  5 12  6 11 00 000   -4.390    1.000    3.260   -893.90     -8.60     14.90   3.260     30601.0
2024  5 12  6 12 00 000   -4.240    1.010    3.430   -893.90     -8.60     14.90   3.260     30601.0
2024  5 12  6 13 00 000   -4.380    0.990    3.160   -893.90     -8.60     14.90   3.260     30601.0
2024  5 12  6 17 00 000   -4.440    0.590    3.090   -893.90    -11.20     15.30   3.230     32592.0
2024  5 12  6 18 00 000   -4.520    0.480    3.090   -893.90    -11.20     15.30   3.230     32592.0
2024  5 12  6 21 00 000   -4.300   -0.300    3.210   -892.30    -13.80     12.80   2.910     30908.0
2024  5 12  6 22 00 000   -4.310   -0.720    3.200   -890.40    -14.80     11.70   2.630     29461.0
2024  5 12  6 23 00 000   -4.220   -0.300    3.300   -891.00    -11.90     14.40   2.710     30194.0
2024  5 12  6 24 00 000   -4.410   -0.790    3.030   -889.90     -8.30     20.20   2.450     30221.0
2024  5 12  6 25 00 000   -4.380   -1.060    3.010   -889.70    -12.00     14.70   2.210     29699.0
2024  5 12  6 26 00 000   -4.390   -0.950    2.910   -890.10    -11.50     13.30   2.270     29349.0
2024  5 12  6 27 00 000   -4.370   -0.700    2.890   -891.70    -10.50     19.10   2.120     31696.0
2024  5 12  6 28 00 000   -4.010   -0.540    2.460   -893.40    -13.20     20.80   2.290     34664.0
2024  5 12  6 29 00 000   -3.680   -0.520    2.260   -895.60    -12.90     14.40   2.610     35197.0
2024  5 12  6 30 00 000   -3.920   -0.300    2.230   -893.60    -11.20     11.90   2.170     35197.0
2024  5 12  6 31 00 000   -3.910   -0.290    2.000   -894.70    -11.40     12.80   2.210     35964.0
2024  5 12  6 32 00 000   -4.010   -0.100    1.840   -891.10    -11.70     -1.60   2.210     33880.0
2024  5 12  6 33 00 000   -3.870   -0.280    1.980   -891.20    -12.20     -9.70   2.520     34745.0
2024  5 12  6 34 00 000   -3.870   -0.210    2.020   -891.60    -12.50    -13.50   2.880     35818.0
2024  5 12  6 35 00 000   -4.060   -0.460    1.780   -893.40    -12.10     -3.20   2.580     37116.0
2024  5 12  6 36 00 000   -4.030   -0.690    1.660   -891.10    -11.90     -9.90   2.250     38109.0
2024  5 12  6 37 00 000   -3.550   -0.140    2.750   -896.00    -14.40      9.60   2.170     38533.0
2024  5 12  6 38 00 000   -3.640   -0.390    2.740   -887.50    -23.30    -13.70   2.170     31332.0
2024  5 12  6 39 00 000   -3.620   -0.410    2.660   -882.50    -16.80    -26.60   2.130     30229.0
2024  5 12  6 40 00 000   -3.810   -0.590    2.350   -882.20    -11.90    -28.00   1.990     33857.0
2024  5 12  6 41 00 000   -3.850   -0.620    2.310   -881.60    -12.00    -27.80   1.800     33868.0
2024  5 12  6 42 00 000   -3.870   -0.720    2.200   -881.60    -12.00    -27.80   1.800     33868.0
2024  5 12  6 43 00 000   -3.930   -0.650    2.090   -881.60    -12.00    -27.80   1.800     33868.0
2024  5 12  6 44 00 000   -3.900   -0.880    2.030   -881.70    -13.90    -26.00   1.830     33468.0
2024  5 12  6 45 00 000   -3.980   -0.390    1.830   -881.70    -13.90    -26.00   1.830     33468.0
2024  5 12  6 46 00 000   -3.890   -0.680    1.860   -881.70    -13.90    -26.00   1.830     33468.0
2024  5 12  6 47 00 000   -3.730   -0.960    1.890   -886.40    -13.10    -28.10   2.130     38695.0
2024  5 12  6 48 00 000   -3.730   -1.130    1.910   -886.40    -13.10    -28.10   2.130     38695.0
2024  5 12  6 49 00 000   -3.780   -1.250    1.920   -886.90    -11.10    -28.40   2.420     38055.0
2024  5 12  6 50 00 000   -3.850   -1.140    1.860   -886.90    -11.10    -28.40   2.420     38055.0
2024  5 12  6 51 00 000   -3.780   -1.180    2.100   -886.90    -11.10    -28.40   2.420     38055.0
2024  5 12  6 52 00 000   -3.680   -1.200    2.110   -884.10    -11.20    -28.10   1.880     36672.0
2024  5 12  6 53 00 000   -3.560   -1.320    1.970   -884.10    -11.20    -28.10   1.880     36672.0
2024  5 12  6 55 00 000   -3.470   -1.290    2.430   -886.10    -16.90    -26.10   1.810     37390.0
2024  5 12  6 56 00 000   -3.410   -1.360    2.350   -886.10    -16.90    -26.10   1.810     37390.0
2024  5 12  6 58 00 000   -3.320   -1.610    2.300   -886.70     18.40    -14.90   1.340     50951.0
2024  5 12  6 59 00 000   -3.420   -1.060    2.270   -886.70     18.40    -14.90   1.340     50951.0
2024  5 12  7  0 00 000   -3.520   -0.900    2.190   -878.30      6.20    -19.90   1.630     34443.0
2024  5 12  7  1 00 000   -3.630   -1.020    2.100   -878.30      6.20    -19.90   1.630     34443.0
2024  5 12  7  2 00 000   -3.460   -1.290    2.240   -878.30      6.20    -19.90   1.630     34443.0
2024  5 12  7  3 00 000   -3.350   -1.370    2.220   -883.00    -14.30    -25.10   1.820     35052.0
2024  5 12  7  4 00 000   -3.480   -1.290    2.140   -883.00    -14.30    -25.10   1.820     35052.0
2024  5 12  7  5 00 000   -3.480   -1.490    2.000   -883.00    -14.30    -25.10   1.820     35052.0
2024  5 12  7  6 00 000   -3.360   -1.300    2.130   -877.80      9.70    -20.30   1.640     34964.0
2024  5 12  7  7 00 000   -3.360   -1.490    1.890   -877.80      9.70    -20.30   1.640     34964.0
2024  5 12  7  8 00 000   -3.480   -1.310    1.840   -884.00    -10.60    -26.60   2.080     41213.0
2024  5 12  7  9 00 000   -3.470   -1.350    1.810   -884.00    -10.60    -26.60   2.080     41213.0
2024  5 12  7 10 00 000   -3.360   -1.470    1.940   -884.00    -10.60    -26.60   2.080     41213.0
2024  5 12  7 11 00 000   -3.620   -1.080    1.580   -883.60    -14.10    -24.50   1.760     37843.0
2024  5 12  7 12 00 000   -3.500   -1.300    1.790   -883.60    -14.10    -24.50   1.760     37843.0
2024  5 12  7 13 00 000   -3.660   -1.050    1.610   -883.60    -14.10    -24.50   1.760     37843.0
2024  5 12  7 14 00 000   -3.580   -1.110    1.630   -884.40    -14.70    -29.50   2.050     39649.0
2024  5 12  7 15 00 000   -3.570   -1.490    1.440   -884.40    -14.70    -29.50   2.050     39649.0
2024  5 12  7 16 00 000   -3.680   -1.080    1.500   -884.40    -14.70    -29.50   2.050     39649.0
2024  5 12  7 17 00 000   -3.450   -1.420    1.700   -884.60    -14.80    -27.60   1.980     41308.0
2024  5 12  7 18 00 000   -3.470   -1.610    1.740   -884.60    -14.80    -27.60   1.980     41308.0
2024  5 12  7 19 00 000   -3.490   -1.550    1.870   -884.60    -14.80    -27.60   1.980     41308.0
2024  5 12  7 20 00 000   -3.450   -1.420    1.880   -884.50    -12.00    -26.40   2.040     37782.0
2024  5 12  7 21 00 000   -3.490   -1.380    1.890   -884.50    -12.00    -26.40   2.040     37782.0
2024  5 12  7 22 00 000   -3.640   -1.470    1.620   -884.50    -12.00    -26.40   2.040     37782.0
2024  5 12  7 24 00 000   -3.900   -0.930    1.460   -876.10     20.00     -8.10   2.520     37692.0
2024  5 12  7 25 00 000   -3.560   -1.540    1.650   -876.10     20.00     -8.10   2.520     37692.0
2024  5 12  7 26 00 000   -3.330   -1.940    1.820   -876.10     20.00     -8.10   2.520     37692.0
2024  5 12  7 27 00 000   -3.350   -2.000    1.710   -880.60     17.70    -35.00   2.070     53979.0
2024  5 12  7 28 00 000   -3.480   -1.710    1.670   -880.60     17.70    -35.00   2.070     53979.0
2024  5 12  7 29 00 000   -3.570   -1.580    1.640   -884.70    -12.20    -26.20   2.250     40741.0
2024  5 12  7 30 00 000   -3.620   -1.690    1.600   -884.70    -12.20    -26.20   2.250     40741.0
2024  5 12  7 31 00 000   -3.710   -1.210    1.430   -884.70    -12.20    -26.20   2.250     40741.0
2024  5 12  7 34 00 000   -3.910   -1.030    1.360   -877.20     19.60     -7.30   2.360     40334.0
2024  5 12  7 35 00 000   -3.910   -1.070    1.420   -877.20     19.60     -7.30   2.360     40334.0
2024  5 12  7 36 00 000   -3.840   -1.270    1.230   -877.20     19.60     -7.30   2.360     40334.0
2024  5 12  7 38 00 000   -4.060   -0.440    1.270   -869.70    -10.50    -19.90   1.680     35496.0
2024  5 12  7 39 00 000   -4.110   -0.190    1.360   -867.00     -1.50     -7.90   1.760     31769.0
2024  5 12  7 40 00 000   -4.150   -0.130    1.260   -870.50     -0.00     -3.30   2.140     32127.0
2024  5 12  7 41 00 000   -4.170   -0.460    1.480   -871.10     -2.40     -0.80   2.220     32891.0
2024  5 12  7 42 00 000   -4.200   -0.400    1.410   -869.10      8.30     -7.30   1.940     31360.0
2024  5 12  7 43 00 000   -4.110   -0.390    1.420   -867.80     -7.10     -6.30   1.760     30200.0
2024  5 12  7 44 00 000   -4.050   -0.170    1.660   -866.10    -29.10     -4.90   1.520     28541.0
2024  5 12  7 45 00 000   -4.130   -0.280    1.510   -870.50     24.10     -8.40   2.020     33782.0
2024  5 12  7 46 00 000   -4.020   -0.400    1.540   -870.50     24.10     -8.40   2.020     33782.0
2024  5 12  7 47 00 000   -4.050   -0.390    1.380   -870.10     14.70    -14.30   1.880     30622.0
2024  5 12  7 48 00 000   -4.110   -0.140    1.450   -871.20      8.70    -17.90   1.910     29864.0
2024  5 12  7 49 00 000   -4.190   -0.370    1.280   -872.40      8.60    -17.70   2.010     30931.0
2024  5 12  7 53 00 000   -4.120    0.240    1.700   -868.90     10.70    -23.80   1.780     27268.0
2024  5 12  7 54 00 000   -4.210    0.370    1.250   -868.90     10.70    -23.80   1.780     27268.0
2024  5 12  7 59 00 000   -4.070    0.080    1.610   -868.70      4.60    -19.60   1.730     28122.0
2024  5 12  8  0 00 000   -4.100    0.030    1.620   -868.70      4.60    -19.60   1.730     28122.0
2024  5 12  8 11 00 000   -4.220    0.200    1.410   -868.90     10.90    -23.20   1.750     27888.0
2024  5 12  8 13 00 000   -4.290   -0.230    1.340   -868.90     10.90    -23.20   1.750     27888.0
2024  5 12  8 21 00 000   -4.180    0.100    1.600   -862.30    -16.80      9.60   1.740     27422.0
2024  5 12  8 22 00 000   -4.110   -0.210    1.740   -862.30    -16.80      9.60   1.740     27422.0
2024  5 12  8 25 00 000   -3.940   -0.300    1.710   -863.70    -10.30    -24.70   1.770     38420.0
2024  5 12  8 26 00 000   -3.850   -0.650    1.870   -863.70    -10.30    -24.70   1.770     38420.0
2024  5 12  8 29 00 000   -4.010   -0.360    1.630   -865.70    -25.40     -2.20   1.500     27577.0
2024  5 12  8 30 00 000   -4.180   -0.310    1.460   -865.70    -25.40     -2.20   1.500     27577.0
2024  5 12  8 31 00 000   -4.140   -0.060    1.540   -865.70    -25.40     -2.20   1.500     27577.0
2024  5 12  8 33 00 000   -4.150   -0.140    1.630   -861.10    -12.60      9.80   1.490     26301.0
2024  5 12  8 34 00 000   -4.140   -0.160    1.630   -861.10    -12.60      9.80   1.490     26301.0
2024  5 12  8 35 00 000   -4.190    0.310    1.300   -860.50    -21.30     15.60   1.460     26522.0
2024  5 12  8 36 00 000   -4.320    0.160    1.390   -860.50    -22.50     11.30   1.490     26209.0
2024  5 12  8 37 00 000   -4.400   -0.070    1.280   -860.80    -28.70     12.00   1.490     26925.0
2024  5 12  8 38 00 000   -4.390    0.030    1.150   -857.70    -12.70     -1.00   1.280     26170.0
2024  5 12  8 39 00 000   -4.390   -0.030    1.160   -857.40    -11.00     -2.00   1.240     26158.0
2024  5 12  8 40 00 000   -4.320   -0.030    0.750   -860.10    -12.30     10.70   1.400     26757.0
2024  5 12  8 41 00 000   -4.370    0.110    0.960   -860.10    -12.30     10.70   1.400     26757.0
2024  5 12  8 42 00 000   -4.330    0.040    0.870   -860.20    -15.30      9.60   1.260     26833.0
2024  5 12  8 43 00 000   -4.390    0.010    0.500   -855.60    -12.60     -6.60   1.170     27227.0
2024  5 12  8 44 00 000   -4.520   -0.110    0.510   -859.30    -15.90      4.90   1.180     26781.0
2024  5 12  8 45 00 000   -4.700   -0.200    0.550   -859.60     -9.70     10.00   1.360     26460.0
2024  5 12  8 46 00 000   -4.380    0.080    0.500   -857.50     -7.70      4.10   1.190     27895.0
2024  5 12  8 47 00 000   -4.340    0.060    0.450   -848.40     -4.60    -25.30   1.010     28421.0
2024  5 12  8 48 00 000   -4.100   -0.070    0.960   -848.00     -8.90    -33.40   1.060     27629.0
2024  5 12  8 49 00 000   -4.010    0.140    0.960   -847.00    -11.60    -41.40   1.300     26574.0
2024  5 12  8 50 00 000   -4.220    0.470    0.560   -847.30    -12.00    -39.00   1.330     25228.0
2024  5 12  8 51 00 000   -4.240    0.480    0.670   -847.30    -11.60    -37.70   1.300     25712.0
2024  5 12  8 52 00 000   -4.290    0.450    0.460   -847.30    -10.20    -33.50   1.170     27474.0
2024  5 12  8 53 00 000   -4.360    0.350   -0.020   -847.30    -10.20    -33.50   1.170     27474.0
2024  5 12  8 55 00 000   -4.390    0.290   -0.080   -841.10     11.30    -23.20   1.130     25288.0
2024  5 12  8 56 00 000   -4.310    0.320   -0.010   -839.40     17.90    -18.40   1.080     26125.0
2024  5 12  8 57 00 000   -4.270    0.270   -0.130   -837.80     23.10    -14.70   1.110     25747.0
2024  5 12  8 58 00 000   -4.350    0.230    0.070   -837.80     22.90    -14.90   1.140     25178.0
2024  5 12  8 59 00 000   -4.390    0.150    0.050   -840.70     24.40     -4.40   1.230     25482.0
2024  5 12  9  0 00 000   -4.340    0.130   -0.020   -842.40     17.10     -9.20   1.230     25124.0
2024  5 12  9  1 00 000   -4.430    0.060    0.200   -843.30      9.80    -16.00   1.200     24714.0
2024  5 12  9  4 00 000   -4.130    0.100   -0.290   -837.60     21.60    -13.20   1.270     25153.0
2024  5 12  9  5 00 000   -4.080    0.430   -0.610   -838.30     21.40    -13.80   1.250     25252.0
2024  5 12  9  6 00 000   -4.050    0.210   -0.630   -839.50     18.10    -15.70   1.270     25351.0
2024  5 12  9  7 00 000   -3.990    0.380   -0.530   -843.60     13.00    -13.00   1.390     24908.0
2024  5 12  9  8 00 000   -4.370    0.300   -0.480   -843.60     13.00    -13.00   1.390     24907.0
2024  5 12  9  9 00 000   -4.190    0.110   -0.530   -839.70     26.00     -1.90   1.390     24638.0
2024  5 12  9 10 00 000   -4.170    0.140   -0.400   -840.10     27.20     -1.20   1.390     24776.0
2024  5 12  9 11 00 000   -4.070    0.290   -0.420   -840.90     29.60      0.30   1.400     25054.0
2024  5 12  9 12 00 000   -4.100    0.320   -0.350   -838.50     38.70     -2.30   1.350     24662.0
2024  5 12  9 13 00 000   -4.030    0.220   -0.410   -838.50     38.70     -2.30   1.350     24662.0
2024  5 12  9 14 00 000   -4.440    0.160   -0.270   -836.70      9.50     -1.10   1.510     24973.0
2024  5 12  9 15 00 000   -4.210   -0.180   -0.420   -837.30     13.60     -4.00   1.510     25018.0
2024  5 12  9 16 00 000   -4.110    0.170   -0.670   -840.90     13.20     -3.20   1.530     25330.0
2024  5 12  9 17 00 000   -3.940    0.240   -1.020   -839.50     25.00     -2.40   1.290     27162.0
2024  5 12  9 18 00 000   -4.110    0.100   -0.740   -837.40     23.10     -9.40   1.240     25164.0
2024  5 12  9 19 00 000   -4.180    0.010   -0.750   -840.60     43.10      0.10   1.430     24898.0
2024  5 12  9 20 00 000   -4.190   -0.190   -0.800   -841.10     44.20      1.70   1.430     24941.0
2024  5 12  9 21 00 000   -4.050   -0.070   -0.830   -842.70     27.80      2.30   1.210     26709.0
2024  5 12  9 22 00 000   -4.010   -0.430   -0.350   -843.00     29.10     -5.10   1.070     28827.0
2024  5 12  9 23 00 000   -4.220   -0.160   -0.540   -838.80     23.10     -1.80   0.950     36167.0
2024  5 12  9 24 00 000   -4.110   -0.010   -0.480   -838.60     21.70     -1.10   0.960     35380.0
2024  5 12  9 25 00 000   -4.020   -0.230    0.070   -835.90      2.40      9.10   1.260     24687.0
2024  5 12  9 26 00 000   -4.210   -0.120    0.630   -839.30     30.10    -12.00   1.540     27669.0
2024  5 12  9 27 00 000   -7.590   -1.020    2.410   -859.00     56.30    -48.40   2.010     58410.0
2024  5 12  9 28 00 000   -7.090   -0.720    2.580   -876.90     76.20    -79.00   3.710     73236.0
2024  5 12  9 29 00 000  -10.430   -1.290    4.610   -862.40     61.50    -50.10   2.860     53774.0
2024  5 12  9 30 00 000  -10.100   -0.810    4.540   -881.30     94.20    -88.70   3.980     71695.0
2024  5 12  9 31 00 000   -9.010    0.090    4.660   -871.50     75.80    -84.50   3.670     91973.0
2024  5 12  9 32 00 000  -10.030   -0.820    4.860   -870.50     73.70    -83.30   3.960     86353.0
2024  5 12  9 33 00 000  -10.300   -0.580    4.820   -872.90     73.60    -84.80   4.360     76527.0
2024  5 12  9 34 00 000  -10.030   -1.430    4.850   -879.90     90.60    -91.40   3.700     86103.0
2024  5 12  9 35 00 000  -10.110   -1.800    5.300   -872.00    120.70    -84.70   3.680     88147.0
2024  5 12  9 36 00 000   -9.220    0.530    5.310   -861.80     78.80   -100.30   3.940     70037.0
2024  5 12  9 37 00 000   -9.750    0.140    4.390   -861.60     77.80   -100.70   3.950     69609.0
2024  5 12  9 38 00 000  -10.550    0.380    3.190   -869.90     52.60   -117.00   4.240     69036.0
2024  5 12  9 39 00 000  -10.710    0.270    3.180   -869.90     52.60   -117.00   4.240     69036.0
2024  5 12  9 41 00 000   -8.880    0.940    5.480   -867.80     47.30   -106.80   4.070     65088.0
2024  5 12  9 42 00 000   -7.780    1.760    6.090   -867.80     47.30   -106.80   4.070     65088.0
2024  5 12  9 47 00 000   -8.550    1.590    5.030   -866.00     45.10   -108.80   4.760     83363.0
2024  5 12  9 48 00 000   -9.110    1.060    4.520   -866.00     45.10   -108.80   4.760     83363.0
2024  5 12  9 50 00 000   -9.440    1.350    4.740   -861.80     45.40   -101.70   5.320     65845.0
2024  5 12  9 51 00 000   -9.590    1.890    3.830   -861.80     45.40   -101.70   5.320     65845.0
2024  5 12  9 52 00 000   -8.770    1.560    5.320   -861.80     45.40   -101.70   5.320     65845.0
2024  5 12  9 58 00 000  -10.570    0.930    2.560   -858.30     38.90    -74.40   4.840     61797.0
2024  5 12  9 59 00 000  -10.170    0.640    3.770   -858.30     38.90    -74.40   4.840     61797.0
2024  5 12 10  0 00 000   -9.720    0.860    3.750   -859.30     63.10    -91.30   5.090     71219.0
2024  5 12 10  1 00 000   -9.630    0.830    3.560   -859.30     63.10    -91.30   5.090     71219.0
2024  5 12 10  2 00 000   -9.590    0.650    3.290   -859.30     63.10    -91.30   5.090     71219.0
2024  5 12 10  3 00 000   -9.940    0.900    3.450   -858.50     60.00    -93.70   4.790     64850.0
2024  5 12 10  4 00 000  -10.000    1.270    3.210   -858.50     60.00    -93.70   4.790     64850.0
2024  5 12 10  5 00 000   -9.710    1.490    2.990   -858.50     60.00    -93.70   4.790     64850.0
2024  5 12 10  6 00 000   -9.550    1.280    3.810   -873.40     34.90   -115.50   2.260     91879.0
2024  5 12 10  7 00 000   -9.580    1.030    4.220   -866.80     42.70   -104.60   3.430     85931.0
2024  5 12 10  8 00 000   -9.730    0.640    4.520   -858.00     53.00    -90.20   5.000     78060.0
2024  5 12 10  9 00 000   -9.670    0.360    4.440   -863.80     40.70   -106.80   4.520     68587.0
2024  5 12 10 10 00 000   -8.850    1.640    5.560   -863.80     40.70   -106.80   4.520     68587.0
2024  5 12 10 11 00 000   -9.030    0.820    5.350   -869.60     36.70   -120.00   2.480     93109.0
2024  5 12 10 12 00 000   -9.440    0.790    5.380   -868.40     37.50   -116.50   2.660     89114.0
2024  5 12 10 13 00 000   -7.530    3.350    6.560   -870.30     32.70   -111.60   3.060     86322.0
2024  5 12 10 14 00 000   -7.780    2.470    6.460   -886.60      9.20   -117.90   3.170    112856.0
2024  5 12 10 15 00 000   -8.570    2.190    5.130   -874.20     25.90   -114.70   3.160     96941.0
2024  5 12 10 16 00 000   -8.780    2.260    4.600   -869.10     17.30   -101.20   2.920     80107.0
2024  5 12 10 17 00 000   -8.730    2.210    5.340   -884.00      6.40   -103.90   3.060     91192.0
2024  5 12 10 18 00 000   -8.490    1.910    5.410   -875.50     44.00   -115.90   2.570     95240.0
2024  5 12 10 19 00 000   -8.390    2.000    5.480   -869.00     24.10   -105.50   3.040     76046.0
2024  5 12 10 21 00 000   -9.240    1.030    5.460   -868.20     41.40   -114.00   2.340     80469.0
2024  5 12 10 22 00 000   -9.250    1.090    5.180   -868.20     41.40   -114.00   2.340     80469.0
2024  5 12 10 23 00 000   -9.710    0.910    4.940   -864.00     35.60   -101.70   2.840     89117.0
2024  5 12 10 24 00 000   -9.350    1.780    4.800   -865.40     31.00   -102.40   2.760     84617.0
2024  5 12 10 25 00 000   -9.410    2.390    4.360   -867.10     20.70   -100.70   2.520     85036.0
2024  5 12 10 26 00 000   -8.800    2.190    5.450   -863.70     10.20    -94.50   2.910     82134.0
2024  5 12 10 27 00 000   -7.590    3.580    6.400   -868.50     28.80   -117.60   3.120     95758.0
2024  5 12 10 28 00 000   -8.350    2.670    5.980   -867.00     24.00   -119.80   3.430     76934.0
2024  5 12 10 29 00 000   -9.100    1.530    5.110   -867.00     24.00   -119.80   3.430     76934.0
2024  5 12 10 30 00 000   -8.390    1.760    5.630   -868.40     24.70   -127.00   2.530    118889.0
2024  5 12 10 31 00 000   -7.670    2.230    6.590   -868.60     33.00   -127.70   3.020     94480.0
2024  5 12 10 32 00 000   -8.180    1.240    6.250   -868.60     36.50   -128.00   3.210     85767.0
2024  5 12 10 33 00 000   -8.220    1.230    5.750   -867.90     31.30   -132.00   2.830    119409.0
2024  5 12 10 34 00 000   -8.130    1.930    5.180   -880.20      0.90   -141.20   2.440    138851.0
2024  5 12 10 35 00 000   -7.700    2.290    5.510   -890.60      6.50   -143.30   1.420    228141.0
2024  5 12 10 36 00 000   -7.200    3.020    5.720   -884.40     -1.60   -142.10   3.120     97038.0
2024  5 12 10 37 00 000   -7.850    1.600    6.300   -882.90     17.50   -135.20   2.580    203679.0
2024  5 12 10 38 00 000   -7.890    1.460    5.980   -884.10     28.60   -128.50   2.170    285542.0
2024  5 12 10 39 00 000   -8.480    1.190    5.120   -880.70     -0.10   -109.20   2.380    164514.0
2024  5 12 10 40 00 000   -8.930    1.230    4.770   -881.70     -4.30    -80.50   1.820    219615.0
2024  5 12 10 43 00 000   -9.440   -0.290    3.700   -867.70     75.30    -88.30   0.970    420206.0
2024  5 12 10 44 00 000   -9.480   -0.190    3.680   -867.70     75.30    -88.30   0.970    420206.0
2024  5 12 10 45 00 000   -9.490   -0.390    3.750   -867.70     75.30    -88.30   0.970    420206.0
2024  5 12 10 46 00 000   -9.520   -0.360    3.620   -868.80     79.80    -85.30   0.960    435776.0
2024  5 12 10 47 00 000   -9.570   -0.610    3.450   -868.80     79.80    -85.30   0.960    435776.0
2024  5 12 10 48 00 000   -9.340   -0.510    3.880   -868.80     79.80    -85.30   0.960    435776.0
2024  5 12 10 51 00 000   -9.260   -0.500    3.960   -879.00     71.70    -74.10   1.100    588179.0
2024  5 12 10 52 00 000   -9.070   -0.410    4.400   -879.00     71.70    -74.10   1.100    588179.0
2024  5 12 10 53 00 000   -9.180   -0.970    3.790   -879.00     71.70    -74.10   1.100    588179.0
2024  5 12 10 59 00 000   -9.080    0.040    4.320   -879.10     66.20    -67.80   1.060    595479.0
2024  5 12 11  0 00 000   -9.160    0.010    4.150   -879.10     66.20    -67.80   1.060    595479.0
2024  5 12 11  6 00 000   -9.110   -1.110    4.230   -873.70     87.20    -75.70   0.990    489406.0
2024  5 12 11  7 00 000   -9.180   -1.910    4.190   -867.10     78.60    -85.30   1.050    514423.0
2024  5 12 11  8 00 000   -9.290   -2.160    3.910   -873.60     87.20    -81.70   0.970    520832.0
2024  5 12 11  9 00 000   -9.250   -1.880    3.710   -875.30     86.20    -76.90   0.890    467364.0
2024  5 12 11 10 00 000   -9.070   -0.150    4.210   -875.60     82.50    -72.90   0.830    414979.0
2024  5 12 11 11 00 000   -8.130    2.390    4.900   -875.60     82.50    -72.90   0.830    414979.0
2024  5 12 11 12 00 000   -8.410    1.670    4.830   -845.80     78.00   -107.00   0.960    244028.0
2024  5 12 11 13 00 000   -8.320    2.100    4.670   -845.80     78.00   -107.00   0.960    244028.0
2024  5 12 11 14 00 000   -8.620    0.830    4.530   -845.80     78.00   -107.00   0.960    244028.0
2024  5 12 11 16 00 000   -8.890    0.340    3.960   -850.20     53.90    -85.50   1.170    261466.0
2024  5 12 11 17 00 000   -9.070   -0.340    3.560   -850.20     53.90    -85.50   1.170    261466.0
2024  5 12 11 18 00 000   -9.200   -1.660    3.210   -850.20     53.90    -85.50   1.170    261466.0
2024  5 12 11 20 00 000   -9.220   -1.460    2.870   -862.90     65.30    -77.10   1.020    387103.0
2024  5 12 11 21 00 000   -9.310   -1.070    2.790   -862.90     65.30    -77.10   1.020    387103.0
2024  5 12 11 23 00 000   -8.760    0.130    4.340   -854.00     76.20    -77.10   1.120    288208.0
2024  5 12 11 24 00 000   -8.670    0.190    4.460   -854.00     76.20    -77.10   1.120    288208.0
2024  5 12 11 25 00 000   -8.820   -0.180    4.260   -855.10     87.50   -102.50   0.970    318617.0
2024  5 12 11 26 00 000   -9.010   -0.230    3.790   -855.10     87.50   -102.50   0.970    318617.0
2024  5 12 11 29 00 000   -8.950   -1.120    3.930   -846.30     87.40    -90.40   1.170    379591.0
2024  5 12 11 30 00 000   -8.950   -0.560    3.850   -846.30     87.40    -90.40   1.170    379591.0
2024  5 12 11 33 00 000   -9.300    1.250    3.270   -859.30     68.20    -84.40   0.850    363406.0
2024  5 12 11 34 00 000   -9.280    0.900    3.400   -857.60     80.00    -73.50   0.880    328887.0
2024  5 12 11 35 00 000   -8.830    1.910    3.480   -855.60     93.30    -61.30   0.910    289880.0
2024  5 12 11 36 00 000   -8.460    1.640    3.210   -874.80     91.00    -89.60   1.060    503978.0
2024  5 12 11 37 00 000   -8.450    1.420    3.210   -870.20     85.50    -87.90   1.010    454328.0
2024  5 12 11 38 00 000   -7.670    2.820    3.380   -855.90     68.60    -82.50   0.880    300956.0
2024  5 12 11 39 00 000   -8.210    2.040    3.540   -855.90     68.60    -82.50   0.880    300956.0
2024  5 12 11 40 00 000   -8.600    1.550    3.080   -876.10     80.20    -53.80   0.990    504641.0
2024  5 12 11 41 00 000   -8.500    1.640    3.230   -876.10     80.20    -53.80   0.990    504641.0
2024  5 12 11 42 00 000   -8.270    2.080    3.320   -854.60     65.00    -92.20   0.950    281978.0
2024  5 12 11 43 00 000   -7.710    2.680    4.120   -863.30     72.30    -90.50   0.970    370899.0
2024  5 12 11 44 00 000   -8.560    1.850    3.070   -875.00     75.20    -86.90   1.060    488516.0
2024  5 12 11 45 00 000   -7.710    1.930    3.960   -853.80     27.70    -85.70   1.240    258670.0
2024  5 12 11 46 00 000   -8.260    1.040    3.750   -853.80     27.60    -85.70   1.240    258135.0
2024  5 12 11 47 00 000   -8.050    0.630    4.010   -876.50     89.70    -68.60   0.990    570654.0
2024  5 12 11 48 00 000   -8.120    0.090    3.860   -871.00     96.10    -71.60   1.040    539542.0
2024  5 12 11 49 00 000   -7.920   -0.580    4.280   -836.40    136.80    -90.60   1.340    343620.0
2024  5 12 11 50 00 000   -8.140    0.280    3.850   -832.90    140.80    -92.50   1.370    324085.0
2024  5 12 11 53 00 000   -7.670   -2.160    4.480   -884.60    141.30    -81.40   1.230    875764.0
2024  5 12 11 54 00 000   -7.940   -0.570    3.850   -879.60    155.20   -105.90   1.060    666106.0
2024  5 12 11 55 00 000   -8.100    0.450    3.190   -876.90    162.80   -119.20   0.970    552700.0
2024  5 12 11 56 00 000   -8.150    1.730    3.330   -873.20     82.00    -66.40   1.060    591644.0
2024  5 12 11 57 00 000   -8.060    0.190    3.440   -873.20     82.00    -66.40   1.060    591644.0
2024  5 12 11 59 00 000   -8.260    0.010    3.550   -870.00    159.40   -100.20   0.980    545323.0
2024  5 12 12  0 00 000   -8.180   -0.170    3.820   -871.60    126.10    -87.10   0.990    561147.0
2024  5 12 12  1 00 000   -8.180   -0.220    3.880   -873.50     84.70    -70.80   1.000    580805.0
2024  5 12 12  2 00 000   -8.390    0.520    3.780   -865.30     98.70    -79.40   0.900    402251.0
2024  5 12 12  3 00 000   -8.390    2.110    2.950   -867.30     89.00    -73.70   0.940    440105.0
2024  5 12 12  4 00 000   -7.850    2.340    3.560   -867.70     74.20    -73.90   0.990    520168.0
2024  5 12 12  5 00 000   -7.950    2.070    3.670   -862.30     82.30    -91.40   0.950    519670.0
2024  5 12 12  6 00 000   -8.190    2.220    3.170   -867.60    104.80    -87.00   0.990    461299.0
2024  5 12 12  7 00 000   -8.370    1.940    2.990   -867.70    104.20    -86.10   0.990    466871.0
2024  5 12 12  8 00 000   -8.130    2.700    3.070   -869.90     92.60    -72.50   0.990    542158.0
2024  5 12 12  9 00 000   -8.150    2.120    3.470   -871.10     88.20    -68.00   1.000    563469.0
2024  5 12 12 10 00 000   -8.220    2.050    3.250   -873.90     78.50    -69.70   1.020    636465.0
2024  5 12 12 11 00 000   -7.540    0.040    4.800   -868.90     87.80   -108.40   0.940    507290.0
2024  5 12 12 15 00 000   -7.840    0.500    4.280   -867.80    104.20    -88.70   1.000    556871.0
2024  5 12 12 16 00 000   -7.550    0.920    4.770   -867.80    104.20    -88.70   1.000    556871.0
2024  5 12 12 17 00 000   -7.720    1.030    4.460   -859.40    107.50   -112.00   0.950    468086.0
2024  5 12 12 18 00 000   -8.140    0.310    3.690   -859.40    107.50   -112.00   0.950    468086.0
2024  5 12 12 19 00 000   -8.070    0.320    3.930   -859.40    107.50   -112.00   0.950    468086.0
2024  5 12 12 23 00 000   -7.960    1.320    4.320   -867.80    123.80    -57.90   1.070    780750.0
2024  5 12 12 24 00 000   -7.830    1.260    4.320   -867.80    123.80    -57.90   1.070    780750.0
2024  5 12 12 27 00 000   -8.020    1.270    3.940   -885.50     93.70    -33.90   1.060    692664.0
2024  5 12 12 28 00 000   -7.560    2.720    3.690   -885.50     93.70    -33.90   1.060    692664.0
2024  5 12 12 31 00 000   -8.110    1.220    3.580   -860.20    110.70    -62.60   1.060    668284.0
2024  5 12 12 32 00 000   -8.180    1.400    3.380   -860.20    110.70    -62.60   1.060    668284.0
2024  5 12 12 33 00 000   -8.240    0.930    3.450   -860.20    110.70    -62.60   1.060    668284.0
2024  5 12 12 34 00 000   -7.820    2.610    2.730   -861.00    110.50    -69.60   0.950    437978.0
2024  5 12 12 35 00 000   -6.760    4.280    3.260   -872.90     90.30    -67.10   0.940    393286.0
2024  5 12 12 36 00 000   -6.460    4.130    3.970   -888.60     47.20    -69.60   0.960    500849.0
2024  5 12 12 37 00 000   -5.950    3.900    4.900   -888.30     41.80    -71.70   0.980    560126.0
2024  5 12 12 44 00 000   -7.130    3.760    3.270   -886.00     46.20     -4.90   1.110    775262.0
2024  5 12 12 45 00 000   -7.450    1.110    4.300   -879.30     62.80    -42.10   1.050    620268.0
2024  5 12 12 46 00 000   -7.520   -0.220    4.670   -870.40    111.50    -64.30   1.010    626751.0
2024  5 12 12 47 00 000   -7.330   -0.110    4.860   -868.70    123.40    -65.50   1.010    650598.0
2024  5 12 12 49 00 000   -7.630    0.220    4.540   -859.70    131.90    -88.70   0.960    570184.0
2024  5 12 12 50 00 000   -7.550    0.950    4.550   -859.70    131.90    -88.70   0.960    570184.0
2024  5 12 12 51 00 000   -7.700    1.260    4.180   -859.70    131.90    -88.70   0.960    570184.0
2024  5 12 12 54 00 000   -7.510    1.380    4.470   -869.10     88.40    -66.00   1.040    716165.0
2024  5 12 12 55 00 000   -7.680    1.100    4.180   -869.10     88.40    -66.00   1.040    716165.0
2024  5 12 12 56 00 000   -8.050   -0.200    3.640   -869.10     88.40    -66.00   1.040    716165.0
2024  5 12 13  0 00 000   -7.940    1.960    3.470   -849.60     83.80    -49.60   1.060    482673.0
2024  5 12 13  1 00 000   -7.850    1.870    3.630   -849.60     83.80    -49.60   1.060    482673.0
2024  5 12 13  2 00 000   -7.680    1.720    3.840   -849.60     83.80    -49.60   1.060    482673.0
2024  5 12 13  3 00 000   -7.540    2.510    3.450   -869.90     67.60    -53.10   1.050    663206.0
2024  5 12 13  4 00 000   -7.580    2.250    3.290   -869.90     67.60    -53.10   1.050    663206.0
2024  5 12 13  5 00 000   -7.390    2.450    3.770   -847.40    110.60    -46.00   1.040    494844.0
2024  5 12 13  6 00 000   -6.930    2.000    4.440   -860.50    100.80    -51.90   1.040    617911.0
2024  5 12 13  7 00 000   -7.510    1.510    3.530   -861.70     99.50    -71.00   1.030    517724.0
2024  5 12 13  8 00 000   -7.870    2.080    2.530   -858.70    102.40    -78.40   1.020    438451.0
2024  5 12 13  9 00 000   -7.610    2.840    2.360   -878.30     56.40    -48.50   0.950    507518.0
2024  5 12 13 10 00 000   -6.970    3.720    2.480   -878.30     56.40    -48.50   0.950    507518.0
2024  5 12 13 11 00 000   -6.520    4.660    1.990   -862.00     69.40    -31.80   0.990    518621.0
2024  5 12 13 12 00 000   -6.420    3.360    3.910   -883.00     52.30    -31.70   1.060    788019.0
2024  5 12 13 13 00 000   -6.510    1.860    5.020   -878.80     79.00    -79.10   1.040    689705.0
2024  5 12 13 14 00 000   -6.700    3.130    4.070   -888.30     52.40    -99.10   0.980    578002.0
2024  5 12 13 15 00 000   -6.620    3.280    3.940   -881.50     52.60    -58.50   1.200    932821.0
2024  5 12 13 16 00 000   -6.290    4.300    3.360   -878.40     52.80    -40.00   1.300   1094460.0
2024  5 12 13 20 00 000   -6.730    3.420    3.580   -866.90     82.50    -49.00   0.980    737384.0
2024  5 12 13 21 00 000   -7.320    2.960    2.680   -866.90     82.50    -49.00   0.980    737384.0
2024  5 12 13 22 00 000   -6.990    3.670    2.890   -866.90     82.50    -49.00   0.980    737384.0
2024  5 12 13 23 00 000   -7.570    3.350    1.660   -869.00     67.50    -32.90   1.000    537882.0
2024  5 12 13 24 00 000   -7.810    2.890    1.340   -869.00     67.50    -32.90   1.000    537882.0
2024  5 12 13 27 00 000   -7.960    2.270    1.190   -849.40     85.60    -22.30   1.060    460666.0
2024  5 12 13 28 00 000   -7.990    1.890    1.360   -849.40     85.60    -22.30   1.060    460666.0
2024  5 12 13 29 00 000   -7.430    1.560    2.740   -861.30     62.60    -32.50   1.010    472053.0
2024  5 12 13 30 00 000   -7.130    2.260    2.420   -877.30     34.60    -47.50   0.950    485380.0
2024  5 12 13 31 00 000   -6.840    1.850    2.050   -857.70    111.00    -53.40   1.060    581305.0
2024  5 12 13 32 00 000   -6.900    2.130    2.510   -863.70    121.60    -73.10   1.080    709169.0
2024  5 12 13 33 00 000   -7.170    2.040    2.730   -863.10     90.80    -41.00   1.040    541587.0
2024  5 12 13 34 00 000   -7.310    1.580    2.750   -875.50     91.20    -51.80   1.070    656290.0
2024  5 12 13 35 00 000   -6.870    2.310    2.880   -855.50    123.10    -46.70   0.980    458959.0
2024  5 12 13 36 00 000   -7.320    2.500    2.590   -858.20     98.90    -17.60   1.000    530157.0
2024  5 12 13 37 00 000   -7.360    1.600    2.210   -856.80     87.10      0.70   1.010    558614.0
2024  5 12 13 39 00 000   -6.840    2.470    3.050   -862.20     85.70    -42.90   0.950    410083.0
2024  5 12 13 40 00 000   -7.080    2.300    2.920   -862.20     85.70    -42.90   0.950    410083.0
2024  5 12 13 41 00 000   -7.200    2.430    2.580   -862.20     85.70    -42.90   0.950    410083.0
2024  5 12 13 44 00 000   -7.070    1.290    2.880   -867.00     70.40    -27.20   1.210   1030330.0
2024  5 12 13 45 00 000   -6.950    1.000    3.130   -867.00     70.40    -27.20   1.210   1030330.0
2024  5 12 13 49 00 000   -6.330    0.530    4.110   -866.60    131.90    -73.00   0.990    706979.0
2024  5 12 13 50 00 000   -6.370    0.580    4.110   -866.60    131.90    -73.00   0.990    706979.0
2024  5 12 13 51 00 000   -6.370    0.580    4.110   -866.60    131.90    -73.00   0.990    706979.0
2024  5 12 13 55 00 000   -6.550    1.490    3.450   -861.50     98.90    -80.00   1.020    531058.0
2024  5 12 13 56 00 000   -6.340    1.230    3.710   -854.50    130.70    -73.50   1.120    658368.0
2024  5 12 13 57 00 000   -6.920    2.370    2.310   -849.80    152.10    -69.20   1.180    744078.0
2024  5 12 13 59 00 000   -6.760    2.040    2.690   -857.00     95.60    -75.20   1.010    554900.0
2024  5 12 14  0 00 000   -6.840    1.590    2.610   -857.00     95.60    -75.20   1.010    554900.0
2024  5 12 14  1 00 000   -6.660    0.190    3.110   -857.00     95.60    -75.20   1.010    554900.0
2024  5 12 14  8 00 000   -5.990    1.460    4.030   -855.80    115.70    -96.90   1.120    649957.0
2024  5 12 14  9 00 000   -5.780    1.190    4.340   -855.70    111.30    -95.90   1.110    651619.0
2024  5 12 14 14 00 000   -6.230    1.160    3.540   -857.00     80.90    -55.90   1.030    798722.0
2024  5 12 14 15 00 000   -6.280    1.330    3.420   -857.00     80.90    -55.90   1.030    798722.0
2024  5 12 14 16 00 000   -6.340    1.640    3.210   -857.00     80.90    -55.90   1.030    798722.0
2024  5 12 14 19 00 000   -6.180    3.070    1.870   -860.70     35.10    -20.20   0.950    678496.0
2024  5 12 14 20 00 000   -6.270    2.650    2.270   -860.70     35.10    -20.20   0.950    678496.0
2024  5 12 14 21 00 000   -5.940    1.350    3.590   -845.30    106.00    -81.40   0.970    488302.0
2024  5 12 14 22 00 000   -6.310    2.100    2.240   -844.80    108.10    -83.20   0.970    482673.0
2024  5 12 14 23 00 000   -6.420    2.810    1.250   -844.80    108.10    -83.20   0.970    482673.0
2024  5 12 14 26 00 000   -6.380    1.950    2.470   -845.40    109.90    -37.30   1.040    612282.0
2024  5 12 14 27 00 000   -6.550    1.480    2.840   -845.50    109.40    -37.60   1.040    612826.0
2024  5 12 14 28 00 000   -6.340    1.950    2.460   -851.00     83.90    -49.70   1.000    639016.0
2024  5 12 14 29 00 000   -6.210    1.430    2.900   -851.30     82.40    -50.40   1.000    640599.0
2024  5 12 14 31 00 000   -6.520    2.430    1.320   -845.90     53.80     -1.30   1.010    537783.0
2024  5 12 14 32 00 000   -6.070    2.350    2.590   -853.20     71.20    -37.10   0.960    595521.0
2024  5 12 14 33 00 000   -5.930    1.970    3.090   -849.40     85.20    -55.00   0.960    524353.0
2024  5 12 14 34 00 000   -6.300    1.760    2.370   -842.60     82.70    -46.90   0.990    503927.0
2024  5 12 14 35 00 000   -6.520    1.540    2.420   -840.50     74.10    -34.50   1.010    532760.0
2024  5 12 14 37 00 000   -6.410    2.000    2.050   -840.60     81.60    -36.40   0.970    474280.0
2024  5 12 14 38 00 000   -6.410    2.000    2.050   -840.60     81.60    -36.40   0.970    474280.0
2024  5 12 14 39 00 000   -6.410    1.910    2.050   -840.60     81.60    -36.40   0.970    474280.0
2024  5 12 14 41 00 000   -6.380    1.950    2.100   -840.10    101.20    -50.90   0.990    486246.0
2024  5 12 14 42 00 000   -6.400    2.030    2.260   -840.10    101.20    -50.90   0.990    486246.0
2024  5 12 14 43 00 000   -6.480    1.990    1.920   -837.50    102.40    -52.60   0.950    470530.0
2024  5 12 14 44 00 000   -6.570    2.050    1.500   -833.50    104.10    -55.10   0.900    446754.0
2024  5 12 14 45 00 000   -6.540    1.900    1.780   -832.80     73.80     -6.30   0.950    334739.0
2024  5 12 14 46 00 000   -6.550    2.020    1.500   -832.80     73.00     -5.00   0.950    331746.0
2024  5 12 14 49 00 000   -6.060    2.410    0.920   -851.60     48.60    -11.00   0.870    622720.0
2024  5 12 14 50 00 000   -6.050    2.590    0.760   -841.40     74.40    -14.50   0.900    521566.0
2024  5 12 14 51 00 000   -5.630    3.150    0.350   -847.00     71.40      8.90   0.920    541667.0
2024  5 12 14 52 00 000   -5.650    2.850    0.480   -843.90     71.10     10.00   0.940    567767.0
2024  5 12 14 53 00 000   -5.800    2.700    0.780   -830.40    111.80    -40.00   0.980    685179.0
2024  5 12 14 54 00 000   -5.940    2.360    0.920   -829.90    112.80    -25.30   0.950    508048.0
2024  5 12 14 55 00 000   -5.360    3.240    0.180   -829.10    134.70    -46.30   0.960    533671.0
2024  5 12 14 56 00 000   -5.890    2.320    0.830   -855.90     79.60     29.30   0.890    616855.0
2024  5 12 14 57 00 000   -5.750    2.380    0.480   -866.00     58.80     57.80   0.860    648091.0
2024  5 12 14 58 00 000   -5.280    3.160   -0.110   -886.30     66.40     47.50   0.920    748178.0
2024  5 12 14 59 00 000   -6.110    2.330    0.270   -881.10     75.80     39.60   0.930    711070.0
2024  5 12 15  0 00 000   -5.120    3.280   -0.680   -823.30    121.20      7.20   0.940    354483.0
2024  5 12 15  1 00 000   -4.290    4.590   -1.690   -878.80     76.30     44.00   0.890    839397.0
2024  5 12 15  2 00 000   -4.460    4.560   -1.120   -884.60     71.50     47.80   0.890    893139.0
2024  5 12 15  3 00 000   -4.330    4.550   -1.020   -877.00     75.40     39.90   0.990   1185398.0
2024  5 12 15  4 00 000   -2.950    5.020   -2.380   -876.90     75.50     39.80   0.990   1189190.0
2024  5 12 15  6 00 000   -2.580    5.250   -2.370   -913.60     78.70     74.00   0.950    787638.0
2024  5 12 15  7 00 000   -3.740    4.660   -1.320   -910.60     76.20     70.50   0.940    784809.0
2024  5 12 15  8 00 000   -3.350    4.630   -2.370   -887.60     57.10     43.10   0.900    763010.0
2024  5 12 15  9 00 000   -3.130    4.970   -2.030   -887.60     57.10     43.10   0.900    762983.0
2024  5 12 15 11 00 000   -2.470    5.200   -2.260   -889.50     60.80     75.80   0.960    717482.0
2024  5 12 15 12 00 000   -2.510    5.150   -2.150   -891.50     62.50     79.60   0.970    744643.0
2024  5 12 15 13 00 000   -3.870    4.310   -0.880   -903.60     76.30     94.00   0.970    768770.0
2024  5 12 15 14 00 000   -3.530    4.090   -1.300   -903.80     78.80     92.10   0.930    676132.0
2024  5 12 15 17 00 000   -3.120    4.520   -2.100   -888.50     66.40     72.60   0.900    652996.0
2024  5 12 15 18 00 000   -3.080    4.270   -2.030   -882.40     64.00     69.00   0.920    621407.0
2024  5 12 15 19 00 000   -5.990    2.620    1.800   -895.90     70.90     75.40   0.970    700821.0
2024  5 12 15 20 00 000   -5.630    3.190    0.950   -826.10     65.80    -10.20   0.840    464262.0
2024  5 12 15 21 00 000   -5.680    3.040    0.820   -826.10     65.80    -10.20   0.840    464262.0
2024  5 12 15 24 00 000   -6.010    2.720    1.550   -825.40     88.00    -22.70   0.810    417387.0
2024  5 12 15 26 00 000   -6.100    2.620    1.430   -825.40     88.00    -22.70   0.810    417387.0
2024  5 12 15 29 00 000   -5.460    3.070    0.420   -832.00     48.00     45.80   0.840    562457.0
2024  5 12 15 30 00 000   -5.310    3.150    0.110   -832.00     48.00     45.80   0.840    562457.0
2024  5 12 15 32 00 000   -5.320    3.180    0.180   -831.80     75.40     39.80   0.880    553642.0
2024  5 12 15 33 00 000   -5.230    3.010    1.340   -826.30     68.10     36.40   0.860    693015.0
2024  5 12 15 34 00 000   -5.110    3.220    1.080   -841.80     66.80     -0.90   0.840    864137.0
2024  5 12 15 35 00 000   -5.370    2.630    1.440   -843.70     51.40      8.80   0.890    922236.0
2024  5 12 15 36 00 000   -5.530    2.450    1.230   -815.70     75.30    -18.60   0.800    419098.0
2024  5 12 15 37 00 000   -5.710    2.070    1.190   -815.70     75.30    -18.60   0.800    419098.0
2024  5 12 15 38 00 000   -5.540    2.460    1.350   -825.60     81.50     -1.70   0.950    929364.0
2024  5 12 15 39 00 000   -5.040    3.050    1.130   -831.40     78.00      5.10   0.970   1131879.0
2024  5 12 15 40 00 000   -5.130    2.950    1.250   -835.60     72.20      7.80   0.950   1236300.0
2024  5 12 15 41 00 000   -5.290    2.620    1.370   -820.40     98.50    -26.10   0.880    827364.0
2024  5 12 15 42 00 000   -5.260    2.910    1.070   -816.80    104.00    -34.20   0.860    724086.0
2024  5 12 15 43 00 000   -5.210    2.670    1.700   -821.50     71.60    -17.20   0.950   1092428.0
2024  5 12 15 44 00 000   -5.180    2.980    1.330   -819.50     73.20    -24.40   0.820    649814.0
2024  5 12 15 45 00 000   -5.040    3.110    1.240   -821.00     63.30    -15.80   0.740    412181.0
2024  5 12 15 46 00 000   -5.120    3.110    1.070   -809.40     28.80     -1.90   1.070   1282561.0
2024  5 12 15 47 00 000   -5.080    2.710    1.600   -813.50     41.50     -0.20   1.070   1277750.0
2024  5 12 15 48 00 000   -5.070    2.670    1.790   -824.50     85.20      3.90   1.070   1284425.0
2024  5 12 15 49 00 000   -5.030    2.570    2.070   -824.20    103.00      2.80   1.090   1321629.0
2024  5 12 15 54 00 000   -5.280    2.930    0.660   -813.30     97.00     14.20   0.870    897532.0
2024  5 12 15 55 00 000   -5.150    2.800    1.630   -817.90     97.00      9.10   0.990   1282746.0
2024  5 12 15 56 00 000   -5.100    3.100    1.320   -813.60     82.60     -9.00   0.840    797710.0
2024  5 12 15 57 00 000   -5.130    3.200    1.000   -813.90     87.80     -5.90   0.860    855257.0
2024  5 12 15 59 00 000   -5.210    3.120    1.030   -808.80    101.40    -15.40   0.730    530491.0
2024  5 12 16  0 00 000   -5.180    3.090    1.140   -808.80     81.60     -8.50   0.730    551489.0
2024  5 12 16  1 00 000   -5.030    3.480    0.670   -808.70     71.00      0.40   0.740    590210.0
2024  5 12 16  2 00 000   -5.060    3.250    0.760   -812.40     89.20      2.60   0.890    921923.0
2024  5 12 16  3 00 000   -5.030    3.320    0.950   -812.70     87.20      3.20   0.880    912353.0
2024  5 12 16  4 00 000   -5.230    3.010    1.180   -806.90     85.60     -5.50   0.730    567954.0
2024  5 12 16  5 00 000   -4.770    2.930    1.690   -813.10     42.80    -16.10   0.710    524232.0
2024  5 12 16  6 00 000   -4.400    3.250    1.830   -817.60     49.70     -0.00   0.840    888047.0
2024  5 12 16  7 00 000   -4.760    3.270    0.950   -823.00     54.00     -1.80   0.950   1199943.0
2024  5 12 16  8 00 000   -4.850    3.550    0.100   -810.40     91.20      8.80   0.760    588693.0
2024  5 12 16  9 00 000   -4.880    3.330   -0.950   -813.70     85.20     16.90   0.850    748373.0
2024  5 12 16 10 00 000   -4.650    3.210    0.790   -814.60     81.40     18.80   0.890    800731.0
2024  5 12 16 11 00 000   -4.380    3.340    2.180   -832.20     70.90     11.20   0.960   1328776.0
2024  5 12 16 12 00 000   -4.370    3.670    1.710   -832.20     70.90     11.20   0.960   1328776.0
2024  5 12 16 13 00 000   -4.600    3.620    1.400   -832.20     70.90     11.20   0.960   1328776.0
2024  5 12 16 15 00 000   -4.810    3.570    0.930   -815.40     82.70     10.50   0.910   1036656.0
2024  5 12 16 16 00 000   -4.700    3.490    0.960   -818.10     78.90     12.90   0.890   1025131.0
2024  5 12 16 17 00 000   -4.760    3.530   -0.800   -818.20     76.80     29.80   0.890    938284.0
2024  5 12 16 18 00 000   -4.760    3.390    0.380   -816.90     77.20     41.00   0.890    879934.0
2024  5 12 16 19 00 000   -4.460    3.600    1.530   -819.90     58.00     -1.80   0.760    577017.0
2024  5 12 16 20 00 000   -4.350    3.760    1.620   -819.90     58.00     -1.80   0.760    577017.0
2024  5 12 16 21 00 000   -4.260    3.410    1.960   -819.90     58.00     -1.80   0.760    577017.0
2024  5 12 16 23 00 000   -4.670    3.510    1.350   -814.30     84.00      9.70   0.950   1123950.0
2024  5 12 16 24 00 000   -4.730    3.400    1.780   -813.60     78.90      4.70   0.920    997913.0
2024  5 12 16 25 00 000   -4.540    3.350    1.910   -815.00     59.10    -13.00   0.770    593577.0
2024  5 12 16 26 00 000   -4.540    3.350    2.030   -818.60     54.70    -15.70   0.740    569832.0
2024  5 12 16 28 00 000   -4.370    3.230    2.210   -822.10     80.50      3.40   1.110   1769080.0
2024  5 12 16 29 00 000   -4.230    3.240    2.630   -823.10     79.30      2.90   1.090   1694781.0
2024  5 12 16 30 00 000   -4.580    2.970    2.300   -829.20     72.40      0.20   1.000   1258600.0
2024  5 12 16 31 00 000   -4.620    2.690    2.450   -815.90     96.60     13.20   1.060   1879453.0
2024  5 12 16 32 00 000   -4.210    2.410    3.110   -821.90     89.60      6.10   1.020   1569927.0
2024  5 12 16 33 00 000   -4.140    3.290    2.670   -827.00     83.50      0.00   0.990   1305566.0
2024  5 12 16 34 00 000   -4.100    3.500    2.620   -824.90     81.30      2.30   0.980   1179064.0
2024  5 12 16 35 00 000   -4.320    3.240    2.630   -824.90     81.30      2.30   0.980   1179034.0
2024  5 12 16 36 00 000   -4.180    2.870    2.960   -823.40     84.40     -3.10   1.050   1300239.0
2024  5 12 16 37 00 000   -4.380    2.540    2.810   -825.50     96.10    -49.30   0.890    907450.0
2024  5 12 16 38 00 000   -4.650    2.830    2.090   -826.40    100.70    -67.50   0.830    752151.0
2024  5 12 16 40 00 000   -4.530    2.190    2.480   -809.90     74.30     -9.30   0.840    801505.0
2024  5 12 16 41 00 000   -4.580    2.470    2.310   -809.90     74.30     -9.30   0.840    801505.0
2024  5 12 16 42 00 000   -4.530    2.400    2.420   -808.40     92.10     -9.80   0.830    762399.0
2024  5 12 16 43 00 000   -4.050    1.410    3.190   -812.20    114.90    -14.20   0.950    992143.0
2024  5 12 16 44 00 000   -4.120    1.490    2.900   -818.90    128.50    -19.80   1.140   1327284.0
2024  5 12 16 45 00 000   -3.880    0.670    3.350   -819.00    142.60    -22.90   1.110   1187495.0
2024  5 12 16 46 00 000   -3.760   -0.940    2.860   -819.00    142.60    -22.90   1.110   1187495.0
2024  5 12 16 47 00 000   -4.120    1.680    2.680   -807.60    137.10    -38.40   0.940    768694.0
2024  5 12 16 48 00 000   -4.340    2.930    1.630   -804.20     70.60     -6.70   0.920    775354.0
2024  5 12 16 49 00 000   -3.640    3.020    2.070   -822.90     61.80      0.40   1.050   1129073.0
2024  5 12 16 50 00 000   -4.230    2.280    2.180   -802.80     71.10      5.40   0.980    978090.0
2024  5 12 16 51 00 000   -3.290    3.780    1.860   -806.50     64.10     20.10   0.910    805665.0
2024  5 12 16 52 00 000   -4.430    2.630    1.890   -829.40     50.80     -2.50   0.980    728007.0
2024  5 12 16 53 00 000   -4.450    3.160    1.140   -778.70    109.90     27.70   0.790    573013.0
2024  5 12 16 54 00 000   -3.870    3.710    1.160   -811.90     59.70    -16.20   0.880    865655.0
2024  5 12 16 55 00 000   -3.670    3.860    1.140   -790.10     82.40     58.20   0.840    569616.0
2024  5 12 16 56 00 000   -3.640    3.780    1.260   -788.00     84.80     64.50   0.830    543257.0
2024  5 12 16 57 00 000   -2.160    3.910    1.990   -836.10     86.80    -18.40   1.260   1083098.0
2024  5 12 16 58 00 000   -3.150    3.450    1.800   -831.10     82.90     -0.70   1.180    989600.0
2024  5 12 16 59 00 000   -3.340    2.910    1.920   -829.90     74.40     19.80   1.100    891370.0
2024  5 12 17  0 00 000   -2.070    3.890    1.420   -818.10    101.10     15.10   1.130    996342.0
2024  5 12 17  1 00 000   -4.280    1.540    2.700   -788.40    123.50      7.00   1.060    930248.0
2024  5 12 17  2 00 000   -3.680    2.260    2.680   -808.70    107.80      0.70   1.210    949855.0
2024  5 12 17  3 00 000   -3.490    2.280    2.770   -808.70    107.80      0.70   1.210    949855.0
2024  5 12 17  4 00 000   -3.460    2.300    2.840   -808.70    107.80      0.70   1.210    949855.0
2024  5 12 17  8 00 000   -3.490    3.260    2.460   -805.70    102.90    -26.40   1.020    663206.0
2024  5 12 17  9 00 000   -3.430    3.350    1.780   -805.70    102.90    -26.40   1.020    663206.0
2024  5 12 17 10 00 000   -3.250    4.220    1.110   -805.70    102.90    -26.40   1.020    663206.0
2024  5 12 17 18 00 000   -2.950    4.180    1.150   -835.90     82.60      8.80   1.200   1122302.0
2024  5 12 17 19 00 000   -3.110    3.820    1.780   -835.90     82.60      8.80   1.200   1122302.0
2024  5 12 17 27 00 000   -4.230    2.210    2.960   -806.90     91.20     -3.20   1.070    918284.0
2024  5 12 17 28 00 000   -4.380    1.950    2.990   -806.90     91.20     -3.20   1.070    918284.0
2024  5 12 17 29 00 000   -4.420    2.050    2.870   -806.90     91.20     -3.20   1.070    918284.0
2024  5 12 17 31 00 000   -3.040    2.590    0.670   -846.70    101.60      2.40   1.570   1793997.0
2024  5 12 17 32 00 000   -2.700    3.180   -0.080   -846.70    101.60      2.40   1.570   1793625.0
2024  5 12 17 33 00 000   -3.530    2.980    1.860   -797.20    127.70      5.50   1.090    927265.0
2024  5 12 17 34 00 000   -3.500    2.780    1.700   -793.50    129.60      5.70   1.060    862510.0
2024  5 12 17 35 00 000   -3.270    3.170    1.500   -811.10    155.30      2.80   1.470   1715693.0
2024  5 12 17 36 00 000   -3.570    2.960    2.330   -811.10    155.30      2.80   1.470   1715693.0
2024  5 12 17 38 00 000   -3.790    2.430    2.520   -844.10     91.00      6.50   1.350   1384225.0
2024  5 12 17 39 00 000   -4.190    2.180    1.050   -839.80     97.10      7.50   1.360   1467071.0
2024  5 12 17 40 00 000   -4.400    2.720    1.340   -849.30     13.70     -6.80   1.360   1005220.0
2024  5 12 17 41 00 000   -4.360    3.650    2.010   -831.40     44.10     13.30   1.470   1314394.0
2024  5 12 17 42 00 000   -3.610    4.100    1.500   -824.20     33.80      4.80   1.480   1264828.0
2024  5 12 17 43 00 000   -3.600    3.970    2.310   -836.70     58.80     20.00   1.500   1242082.0
2024  5 12 17 44 00 000   -3.950    4.150    2.490   -852.10     81.90     41.60   1.610   1617301.0
2024  5 12 17 46 00 000   -4.290    3.950    2.600   -836.90     59.80     17.20   1.200    734714.0
2024  5 12 17 47 00 000   -4.240    4.460    1.730   -836.90     59.80     17.20   1.200    734714.0
2024  5 12 17 48 00 000   -4.310    4.180    2.500   -825.30     15.20    -13.10   1.300    805321.0
2024  5 12 17 49 00 000   -3.680    4.460    2.370   -825.20     15.00    -13.30   1.300    805688.0
2024  5 12 17 50 00 000   -1.100    5.770    0.040   -898.30     56.70     50.40   1.700   1363066.0
2024  5 12 17 51 00 000   -4.090    3.660    3.190   -896.10     57.30     47.80   1.690   1345878.0
2024  5 12 17 52 00 000   -3.830    4.360    2.390   -838.60     73.70    -20.10   1.380    895221.0
2024  5 12 17 53 00 000   -3.490    4.590    2.090   -835.30     74.60    -23.90   1.360    869749.0
2024  5 12 17 55 00 000   -2.800    5.630    1.440   -857.10     28.30     11.50   1.370   1044591.0
2024  5 12 17 56 00 000   -2.360    5.490    1.550   -859.00     32.70     13.50   1.420   1125536.0
2024  5 12 17 57 00 000   -0.490    5.770    0.750   -864.40     44.80     19.20   1.560   1350382.0
2024  5 12 17 58 00 000    0.450    4.710   -1.240   -903.10     50.90     64.00   1.690   1304069.0
2024  5 12 17 59 00 000   -0.050    5.460   -0.140   -901.10     67.80     65.70   1.670   1334019.0
2024  5 12 18  0 00 000   -0.360    5.750   -0.020   -901.30     60.90     48.50   1.510   1161668.0
2024  5 12 18  1 00 000   -0.500    5.400    0.860   -896.00     52.60     40.30   1.540   1143008.0
2024  5 12 18  2 00 000   -0.780    5.710    1.590   -888.90     86.50     43.50   1.510   1168668.0
2024  5 12 18  3 00 000    1.530    5.330    0.960   -899.50     56.90     46.90   1.470    993258.0
2024  5 12 18  4 00 000    4.440    3.780    1.780   -906.70     59.20     48.00   1.540    875448.0
2024  5 12 18  5 00 000    4.280    4.290    1.620   -917.70     71.00     42.80   1.620    776632.0
2024  5 12 18  7 00 000    3.540    4.920    1.240   -906.10     63.70     38.10   1.710    733382.0
2024  5 12 18  8 00 000    3.650    4.840    1.180   -906.50     65.10     42.60   1.710    734059.0
2024  5 12 18  9 00 000    2.900    5.570   -0.410   -906.90     66.40     47.00   1.710    734714.0
2024  5 12 18 10 00 000    2.720    5.280   -0.190   -901.90     63.90     59.30   1.780    833857.0
2024  5 12 18 11 00 000    1.780    5.700   -0.820   -899.10     58.90     65.30   1.600    898722.0
2024  5 12 18 15 00 000    0.610    5.920   -0.970   -905.90     53.60     42.90   1.460   1052555.0
2024  5 12 18 16 00 000    1.050    5.770   -0.550   -905.90     53.60     42.90   1.460   1052555.0
2024  5 12 18 17 00 000    0.510    5.740   -1.580   -905.90     53.60     42.90   1.460   1052555.0
2024  5 12 18 19 00 000    1.200    5.370   -1.130   -897.00     70.40     81.00   1.530   1060550.0
2024  5 12 18 20 00 000    1.830    5.540   -0.860   -897.00     70.40     81.00   1.530   1060550.0
2024  5 12 18 21 00 000    1.390    5.450   -1.660   -898.70     84.50     76.90   1.560    963550.0
2024  5 12 18 22 00 000    2.330    5.660    0.200   -898.70     84.50     76.90   1.560    963550.0
2024  5 12 18 23 00 000    2.010    5.660   -0.530   -913.50     59.10     49.40   1.570   1049366.0
2024  5 12 18 24 00 000    2.850    4.320    1.510   -913.50     59.10     49.40   1.570   1049366.0
2024  5 12 18 25 00 000    2.350    5.240    0.890   -913.50     59.10     49.40   1.570   1049366.0
2024  5 12 18 26 00 000    2.630    5.520   -0.780   -912.70     81.00     52.80   1.870    890178.0
2024  5 12 18 27 00 000    1.610    5.300    0.130   -912.70     81.00     52.80   1.870    890178.0
2024  5 12 18 28 00 000    2.110    4.580    1.990   -915.10     68.20     45.80   1.620   1005220.0
2024  5 12 18 29 00 000    2.560    4.270    4.560   -915.10     68.20     45.80   1.620   1005220.0
2024  5 12 18 31 00 000    2.730    3.670    5.980   -913.70     77.50    -19.60   1.460    613500.0
2024  5 12 18 32 00 000    3.070    3.060    6.450   -913.70     77.50    -19.60   1.460    613500.0
2024  5 12 18 33 00 000    2.900    2.980    6.390   -907.80     87.40     -0.20   1.550    653110.0
2024  5 12 18 34 00 000    2.990    3.350    6.480   -907.80     87.40     -0.20   1.550    653110.0
2024  5 12 18 35 00 000    2.880    3.130    6.450   -907.80     87.40     -0.20   1.550    653110.0
2024  5 12 18 36 00 000    1.990    4.950    3.870   -911.50     72.30     41.30   1.760    634388.0
2024  5 12 18 37 00 000    1.620    5.310    4.300   -911.50     72.30     41.30   1.760    634388.0
2024  5 12 18 38 00 000    0.630    6.320    2.730   -892.60     62.20     29.00   1.690    791785.0
2024  5 12 18 39 00 000   -0.360    6.980    1.450   -892.60     62.20     29.00   1.690    791785.0
2024  5 12 18 40 00 000   -2.040    6.660   -1.160   -874.10     80.40     49.10   1.850   1114077.0
2024  5 12 18 41 00 000   -2.500    6.460   -1.370   -874.10     80.40     49.10   1.850   1114077.0
2024  5 12 18 42 00 000    1.150    6.810    1.080   -874.10     80.40     49.10   1.850   1114077.0
2024  5 12 18 44 00 000   -1.440    6.360    0.260   -877.70     47.30     59.00   1.740    721441.0
2024  5 12 18 45 00 000   -2.000    5.520    2.420   -877.70     47.30     59.00   1.740    721441.0
2024  5 12 18 46 00 000   -0.410    5.190    3.440   -883.10     36.80     47.70   2.270   1120654.0
2024  5 12 18 47 00 000    0.970    4.280    4.400   -883.10     36.80     47.70   2.270   1120654.0
2024  5 12 18 48 00 000   -0.010    4.880    3.610   -883.10     36.80     47.70   2.270   1120654.0
2024  5 12 18 49 00 000   -1.330    5.900    0.720   -878.90     73.90     33.40   1.870    946826.0
2024  5 12 18 50 00 000   -2.010    5.450    0.690   -878.90     73.90     33.40   1.870    946826.0
2024  5 12 18 51 00 000   -1.700    5.280   -0.320   -878.90     73.90     33.40   1.870    946826.0
2024  5 12 18 52 00 000   -1.810    5.480   -0.410   -881.40     79.10     46.00   1.840   1120654.0
2024  5 12 18 53 00 000   -1.770    5.560    0.180   -881.40     79.10     46.00   1.840   1120654.0
2024  5 12 18 54 00 000   -1.580    5.650    0.180   -881.40     79.10     46.00   1.840   1120654.0
2024  5 12 18 55 00 000   -1.580    5.650    0.440   -882.80     55.10     39.20   1.880   1145492.0
2024  5 12 18 56 00 000   -1.330    5.630    0.270   -882.80     55.10     39.20   1.880   1145492.0
2024  5 12 18 57 00 000   -1.630    5.570    0.160   -882.80     55.10     39.20   1.880   1145492.0
2024  5 12 18 59 00 000   -3.260    5.410    1.950   -879.70     65.60     32.10   1.630    825356.0
2024  5 12 19  0 00 000   -3.810    4.870    3.210   -879.70     65.60     32.10   1.630    825356.0
2024  5 12 19  1 00 000   -4.060    4.820    2.760   -879.70     65.60     32.10   1.630    825356.0
2024  5 12 19  2 00 000   -5.190    4.220    2.780   -844.00     57.70     17.70   2.000    446730.0
2024  5 12 19  3 00 000   -4.010    4.480    1.420   -844.00     57.70     17.70   2.000    446730.0
2024  5 12 19  4 00 000   -2.660    5.010    1.530   -846.30     58.40     24.30   1.950    498757.0
2024  5 12 19  5 00 000   -3.410    5.480    0.530   -856.20     57.90     44.70   1.820    715568.0
2024  5 12 19  6 00 000   -2.510    6.010    0.600   -861.40     47.60     45.10   1.890    954955.0
2024  5 12 19  7 00 000   -2.370    5.820   -0.030   -867.30     48.60     40.80   1.770   1096472.0
2024  5 12 19  8 00 000   -2.210    4.620    3.120   -865.80     64.20     45.20   1.880   1135601.0
2024  5 12 19  9 00 000   -1.830    4.980    2.150   -865.40     64.80     45.50   1.890   1140503.0
2024  5 12 19 10 00 000   -1.170    6.300    0.240   -872.30     52.20     69.30   1.910    904916.0
2024  5 12 19 11 00 000   -1.090    5.960    1.150   -872.30     52.20     69.30   1.910    904916.0
2024  5 12 19 12 00 000   -1.550    5.710    1.490   -872.30     52.20     69.30   1.910    904916.0
2024  5 12 19 14 00 000   -1.700    5.570    2.440   -875.20     47.00     64.60   1.940    927250.0
2024  5 12 19 15 00 000   -1.590    6.190    0.030   -875.30     47.30     64.00   1.930    928725.0
2024  5 12 19 16 00 000   -1.200    6.830   -1.220   -876.60     50.00     57.60   1.850    943801.0
2024  5 12 19 17 00 000   -1.150    6.790   -1.100   -875.30     46.30     62.70   1.920    968890.0
2024  5 12 19 18 00 000   -1.440    6.890   -1.290   -873.20     40.60     70.80   2.010   1007033.0
2024  5 12 19 19 00 000   -1.790    6.540   -1.010   -870.60     40.60     70.10   1.780    980276.0
2024  5 12 19 20 00 000   -1.600    6.560    0.530   -862.10     44.20     51.30   2.020   1101847.0
2024  5 12 19 21 00 000   -1.040    6.510   -0.160   -866.30     31.70     51.60   1.960   1130860.0
2024  5 12 19 23 00 000   -1.440    6.420   -0.750   -857.80     51.70    100.40   1.950   1128903.0
2024  5 12 19 24 00 000   -1.480    6.200    0.420   -857.80     51.70    100.40   1.950   1128903.0
2024  5 12 19 26 00 000   -1.230    5.980    1.720   -863.70     55.50     53.60   1.930   1133623.0
2024  5 12 19 27 00 000   -0.530    6.020    1.230   -867.10     49.90     59.20   1.930   1088149.0
2024  5 12 19 28 00 000   -0.090    5.980    1.980   -873.20     46.70     50.50   1.980    971868.0
2024  5 12 19 29 00 000   -0.850    6.160    1.390   -888.30     36.10     42.50   2.230    706384.0
2024  5 12 19 30 00 000   -1.030    6.010    2.000   -882.30     38.20     37.30   2.200    636213.0
2024  5 12 19 31 00 000   -0.980    5.360    3.770   -875.60     41.10     33.50   2.160    603893.0
2024  5 12 19 32 00 000    0.280    5.270    3.620   -872.50     46.60     13.70   1.990    938985.0
2024  5 12 19 33 00 000    0.650    4.980    3.390   -881.30     33.40     20.40   1.960    951985.0
2024  5 12 19 34 00 000    1.240    5.030    3.160   -882.20     25.90     29.30   1.890    839438.0
2024  5 12 19 35 00 000    0.940    5.490    2.240   -881.30     27.80     41.50   2.010    794366.0
2024  5 12 19 36 00 000   -0.590    5.450    1.720   -882.20     34.40     42.30   2.030    839288.0
2024  5 12 19 37 00 000   -0.820    5.920    1.640   -887.30     41.30     40.70   2.050    854758.0
2024  5 12 19 38 00 000   -1.010    6.030    1.790   -860.50     33.40     51.90   1.950   1001858.0
2024  5 12 19 39 00 000   -0.830    6.100    1.740   -870.40     22.70     48.30   1.980    876770.0
2024  5 12 19 40 00 000   -2.140    5.930    1.040   -868.70     16.90     48.50   2.140    780731.0
2024  5 12 19 41 00 000   -2.470    5.770    1.070   -861.70     14.50     61.10   2.160    741397.0
2024  5 12 19 57 00 000    0.590    5.880    0.930   -870.40     20.10     53.50   2.170    791704.0
2024  5 12 19 58 00 000   -0.250    5.990    0.440   -869.90     22.00     53.60   2.170    763069.0
2024  5 12 19 59 00 000    0.290    5.850   -0.110   -864.00     26.50     60.10   2.240    846131.0
2024  5 12 20  0 00 000    0.070    5.900    0.660   -868.00     17.00     60.00   2.220    846209.0
2024  5 12 20  1 00 000    0.240    6.030    1.010   -873.40     16.70     56.90   2.290    762810.0
2024  5 12 20  2 00 000   -0.090    6.430    0.340   -882.00     19.20     61.70   2.350    514809.0
2024  5 12 20  3 00 000   -0.080    6.350   -1.120   -880.30     15.60     62.80   2.420    458185.0
2024  5 12 20  4 00 000    0.060    5.590   -2.660   -880.10     18.30     62.80   2.140    591096.0
2024  5 12 20  5 00 000   -0.390    5.960   -1.850   -876.20     20.50     63.70   2.300    554864.0
2024  5 12 20  6 00 000   -0.860    6.230   -1.420   -878.10     22.70     61.80   2.460    481377.0
2024  5 12 20  8 00 000   -1.020    6.380   -2.680   -879.20     12.70     50.20   2.450    433520.0
2024  5 12 20  9 00 000   -0.940    6.140   -2.890   -879.20     12.70     50.20   2.450    433520.0
2024  5 12 20 11 00 000   -0.860    6.320   -2.970   -871.80     14.50     48.50   2.200    431514.0
2024  5 12 20 12 00 000   -1.040    6.270   -2.780   -863.50     16.20     56.80   2.260    406041.0
2024  5 12 20 13 00 000   -1.100    6.280   -3.030   -858.90     23.50     71.80   2.350    434845.0
2024  5 12 20 14 00 000   -1.250    6.250   -3.450   -857.60     31.10     81.20   2.370    447562.0
2024  5 12 20 16 00 000   -1.390    6.130   -3.140   -857.40     28.20     76.10   2.140    400871.0
2024  5 12 20 17 00 000   -1.130    6.340   -2.770   -857.40     28.20     76.10   2.140    400871.0
2024  5 12 20 19 00 000   -0.930    6.300   -2.190   -849.30     32.40     89.60   2.110    403238.0
2024  5 12 20 20 00 000   -0.550    6.360   -2.610   -849.30     32.40     89.60   2.110    403238.0
2024  5 12 20 21 00 000   -0.100    6.550   -1.920   -846.80     37.20     79.50   2.110    455087.0
2024  5 12 20 22 00 000    0.040    6.420   -1.790   -846.80     37.20     79.50   2.110    455065.0
2024  5 12 20 23 00 000   -0.260    6.510   -1.790   -846.00     32.10     80.70   2.160    445379.0
2024  5 12 20 24 00 000   -0.560    6.280   -1.780   -848.40     31.20     83.40   2.170    481709.0
2024  5 12 20 25 00 000   -1.280    6.140   -1.480   -850.40     30.40     85.80   2.180    513186.0
2024  5 12 20 26 00 000   -0.770    6.270   -1.980   -852.90     31.90     81.40   2.170    571710.0
2024  5 12 20 27 00 000   -0.540    6.010   -2.650   -852.90     31.90     81.40   2.170    571498.0
2024  5 12 20 28 00 000   -0.370    5.990   -2.120   -850.00     32.10     81.00   2.080    538452.0
2024  5 12 20 29 00 000   -0.180    5.650   -2.630   -848.50     31.50     79.40   2.060    569581.0
2024  5 12 20 30 00 000   -0.380    6.210   -2.150   -841.90     29.00     72.70   1.980    701757.0
2024  5 12 20 31 00 000   -0.410    6.530   -2.000   -846.60     47.20     76.70   1.960    528426.0
2024  5 12 20 32 00 000   -0.100    6.940   -1.750   -847.00     49.40     78.50   1.970    496114.0
2024  5 12 20 33 00 000    0.750    7.050   -2.590   -843.20     45.20     92.60   2.030    397627.0
2024  5 12 20 34 00 000    0.200    7.200   -2.820   -845.30     51.60    108.90   2.090    321215.0
2024  5 12 20 35 00 000    0.220    7.620   -2.560   -845.60     52.60    111.40   2.100    309464.0
2024  5 12 20 36 00 000    0.810    7.850   -1.360   -843.40     39.50    103.70   1.910    336782.0
2024  5 12 20 37 00 000    0.970    7.300   -1.190   -843.40     39.50    103.70   1.910    336782.0
2024  5 12 20 41 00 000    1.670    6.920   -2.200   -854.50     38.00     80.20   2.990    187667.0
2024  5 12 20 42 00 000    1.130    7.170   -1.840   -856.40     35.20     81.00   2.800    192460.0
2024  5 12 20 43 00 000    0.010    5.930   -3.880   -849.40     44.60     84.00   2.850    172402.0
2024  5 12 20 44 00 000    0.120    6.500   -3.440   -835.10     52.40     90.30   2.380    240301.0
2024  5 12 20 45 00 000   -1.320    6.480   -3.780   -836.00     49.10     89.50   2.240    244851.0
2024  5 12 20 46 00 000   -1.650    5.570   -4.950   -827.10     56.90     97.80   2.450    193281.0
2024  5 12 20 47 00 000   -1.760    5.830   -4.630   -828.00     56.00    103.40   2.280    176707.0
2024  5 12 20 48 00 000   -0.740    6.840   -3.140   -827.80     55.10    103.20   2.280    178081.0
2024  5 12 20 49 00 000   -0.780    7.020   -2.240   -841.50     34.30     84.10   2.040    280905.0
2024  5 12 20 50 00 000   -1.520    6.670   -2.840   -825.70     43.00     85.40   2.330    223979.0
2024  5 12 20 51 00 000   -2.720    5.610   -4.720   -808.50     52.50     86.80   2.640    162148.0
2024  5 12 20 53 00 000   -2.070    5.850   -5.130   -818.20     66.00    100.50   3.610    121480.0
2024  5 12 20 54 00 000   -1.190    6.310   -4.640   -818.20     66.00    100.50   3.610    121480.0
2024  5 12 20 55 00 000   -1.250    6.930   -3.540   -818.20     66.00    100.50   3.610    121480.0
2024  5 12 20 57 00 000   -1.040    7.310   -3.000   -828.80     42.80     78.00   2.610    155024.0
2024  5 12 20 58 00 000   -1.300    7.300   -2.680   -828.80     42.80     78.00   2.610    155024.0
2024  5 12 21  0 00 000   -0.510    6.560   -4.900   -827.70     59.50     89.10   3.820     93822.0
2024  5 12 21  1 00 000    0.120    6.050   -5.300   -827.70     59.50     89.10   3.820     93822.0
2024  5 12 21  3 00 000   -0.270    6.170   -5.180   -830.20     56.20     94.50   3.700     96655.0
2024  5 12 21  4 00 000   -0.520    6.360   -4.940   -830.20     56.20     94.50   3.700     96655.0
2024  5 12 21  5 00 000   -0.400    6.300   -5.200   -830.20     56.20     94.50   3.700     96655.0
2024  5 12 21  7 00 000   -0.660    6.760   -4.550   -825.10     61.30     90.60   3.450    118035.0
2024  5 12 21  8 00 000   -0.870    7.470   -3.640   -825.10     61.30     90.60   3.450    118035.0
2024  5 12 21  9 00 000   -0.410    7.790   -3.340   -829.00     43.50     89.10   3.510    106164.0
2024  5 12 21 10 00 000   -0.560    7.630   -3.670   -829.00     43.50     89.10   3.510    106164.0
2024  5 12 21 11 00 000   -0.300    7.010   -4.550   -835.30     47.00     98.70   3.470     97785.0
2024  5 12 21 12 00 000   -0.270    7.180   -4.480   -835.30     47.00     98.70   3.470     97770.0
2024  5 12 21 13 00 000   -0.220    7.540   -4.010   -835.30     47.00     98.70   3.470     97770.0
2024  5 12 21 14 00 000    1.450    7.940   -3.560   -839.10     41.30     88.50   3.030     98257.0
2024  5 12 21 15 00 000    2.230    7.900   -4.010   -839.10     41.30     88.50   3.030     98257.0
2024  5 12 21 16 00 000    2.460    7.670   -4.560   -839.10     41.30     88.50   3.030     98257.0
2024  5 12 21 17 00 000    1.110    7.670   -4.380   -832.80     42.10     88.70   2.860     88145.0
2024  5 12 21 18 00 000   -0.550    8.030   -3.310   -832.80     42.10     88.70   2.860     88145.0
2024  5 12 21 19 00 000   -0.830    8.200   -3.300   -832.80     42.10     88.70   2.860     88145.0
2024  5 12 21 20 00 000   -0.050    7.790   -4.290   -820.50     37.30     81.90   3.490    100267.0
2024  5 12 21 21 00 000   -0.140    7.790   -4.440   -820.50     37.30     81.90   3.490    100267.0
2024  5 12 21 24 00 000   -0.380    7.140   -5.620   -820.70     66.60     89.00   2.700    104196.0
2024  5 12 21 25 00 000   -0.500    7.270   -5.430   -820.70     66.60     89.00   2.700    104196.0
2024  5 12 21 28 00 000   -0.400    7.320   -5.310   -825.90     53.60     78.80   2.790     93965.0
2024  5 12 21 29 00 000   -0.030    7.180   -5.610   -825.90     53.60     78.80   2.790     93965.0
2024  5 12 21 30 00 000    0.020    6.950   -6.000   -825.90     53.60     78.80   2.790     93965.0
2024  5 12 21 31 00 000    0.370    6.570   -6.410   -834.50     58.00    115.20   2.970    111293.0
2024  5 12 21 32 00 000   -0.450    6.620   -6.570   -834.50     58.00    115.20   2.970    111246.0
2024  5 12 21 33 00 000   -0.250    6.650   -6.690   -827.40     46.70    101.90   2.890     98533.0
2024  5 12 21 34 00 000   -0.050    6.440   -6.790   -827.30     46.50    101.70   2.890     98306.0
2024  5 12 21 35 00 000   -0.630    6.900   -6.100   -821.20     43.20     84.50   2.850    118356.0
2024  5 12 21 36 00 000   -0.520    6.940   -6.100   -821.20     43.20     84.50   2.850    118274.0
2024  5 12 21 37 00 000   -0.720    6.770   -6.130   -827.30     46.30     88.80   3.070    105783.0
2024  5 12 21 38 00 000   -1.850    7.330   -5.500   -827.50     46.40     88.90   3.080    105405.0
2024  5 12 21 39 00 000   -1.360    6.760   -6.330   -812.70     49.00     85.90   3.180    119214.0
2024  5 12 21 40 00 000   -1.610    6.310   -6.730   -812.70     49.00     85.90   3.180    119214.0
2024  5 12 21 41 00 000   -1.070    7.020   -6.450   -821.60     45.90     91.50   3.270    119267.0
2024  5 12 21 42 00 000   -0.920    5.980   -7.460   -821.60     45.90     91.50   3.270    119267.0
2024  5 12 21 43 00 000   -0.360    5.460   -7.860   -819.50     72.00    103.30   3.610    140381.0
2024  5 12 21 44 00 000   -0.860    5.220   -7.940   -819.50     72.00    103.30   3.610    140381.0
2024  5 12 21 45 00 000   -0.740    4.790   -8.140   -822.30     77.60     91.20   3.580    116543.0
2024  5 12 21 46 00 000   -1.250    6.480   -7.260   -822.30     77.60     91.20   3.580    116543.0
2024  5 12 21 47 00 000   -1.180    6.280   -7.560   -817.10     59.20     97.50   3.170    134727.0
2024  5 12 21 48 00 000   -1.600    6.790   -6.590   -817.10     59.20     97.50   3.170    134727.0
2024  5 12 21 49 00 000   -1.460    6.250   -7.110   -816.50     58.60     96.90   3.190    131985.0
2024  5 12 21 50 00 000   -1.090    6.620   -7.140   -809.80     51.00     89.10   3.440     99035.0
2024  5 12 21 51 00 000   -1.050    7.170   -6.530   -818.50     55.10     89.30   3.670    118798.0
2024  5 12 21 52 00 000    0.230    6.420   -7.230   -821.50     57.60     88.50   3.640    114788.0
2024  5 12 21 53 00 000   -0.340    7.340   -6.520   -822.00     43.50     87.00   3.950    124975.0
2024  5 12 21 54 00 000   -0.790    8.520   -5.100   -822.00     43.50     87.00   3.950    124975.0
2024  5 12 21 55 00 000   -0.680    8.610   -4.890   -822.00     43.50     87.00   3.950    124975.0
2024  5 12 21 56 00 000   -0.590    7.590   -5.730   -822.20     33.80     80.70   4.520    122186.0
2024  5 12 21 57 00 000   -0.480    6.660   -6.910   -822.20     33.80     80.70   4.520    122186.0
2024  5 12 21 58 00 000   -0.380    6.010   -7.460   -822.20     33.80     80.70   4.520    122186.0
2024  5 12 22  5 00 000   -0.970    7.150   -6.650   -826.10     14.50     72.80   4.600    135070.0
2024  5 12 22  6 00 000   -1.020    7.390   -6.380   -825.00     16.40     75.40   4.500    134871.0
2024  5 12 22  7 00 000   -1.350    7.100   -6.350   -820.60     24.30     86.00   4.120    134062.0
2024  5 12 22  8 00 000   -1.100    6.590   -6.890   -819.90     25.60     87.70   4.060    133929.0
2024  5 12 22 11 00 000   -1.710    8.230   -4.700   -819.50    -17.90     86.90   4.690    134328.0
2024  5 12 22 12 00 000   -2.230    8.110   -4.720   -816.50     -5.20     83.40   4.400    131333.0
2024  5 12 22 13 00 000   -2.430    8.280   -4.710   -818.20     -1.50     82.30   4.410    121240.0
2024  5 12 22 14 00 000   -2.560    7.770   -5.590   -817.70     -4.10     83.90   4.570    114025.0
2024  5 12 22 15 00 000   -3.200    7.020   -4.920   -818.80     -0.60     90.20   4.770    122358.0
2024  5 12 22 16 00 000   -3.240    6.860   -4.830   -810.10     17.70     93.30   5.240    113132.0
2024  5 12 22 17 00 000   -2.520    3.190   -6.490   -808.90     14.10     87.80   4.840    134759.0
2024  5 12 22 18 00 000   -3.320    5.260   -4.540   -813.50     24.00     88.90   4.980    119432.0
2024  5 12 22 19 00 000   -2.950    3.640   -5.660   -805.00      2.60     88.00   4.000    140838.0
2024  5 12 22 20 00 000   -3.020    0.670   -7.880   -813.40     49.60     89.80   6.430     72010.0
2024  5 12 22 21 00 000   -2.520   -0.140   -8.180   -813.70     50.90     89.60   6.440     72909.0
2024  5 12 22 22 00 000   -0.560   -0.840   -4.310   -819.90     39.40     73.50   4.750     94555.0
2024  5 12 22 23 00 000    0.580   -1.230   -1.600   -845.30      2.00     34.30   3.390    100253.0
2024  5 12 22 24 00 000    0.740   -3.220   -2.800   -826.70     48.10     61.20   5.300     76049.0
2024  5 12 22 25 00 000    2.230   -1.530    0.380   -827.80     22.00     59.60   4.070    109226.0
2024  5 12 22 26 00 000    2.460    1.500   -0.320   -838.30      6.50     75.90   5.510    112531.0
2024  5 12 22 27 00 000    3.130    0.610    3.160   -855.40    -11.30     19.50   4.350     95636.0
2024  5 12 22 28 00 000    2.800   -0.170    3.170   -836.30     51.20     41.40   5.080     68661.0
2024  5 12 22 29 00 000    0.700    2.430   -1.140   -830.60     -2.50     70.80   5.600    144745.0
2024  5 12 22 30 00 000    1.390   -7.200   -4.460   -834.20     -2.40     62.90   5.200    155935.0
2024  5 12 22 31 00 000   -0.850   -0.030   -2.970   -834.20     37.80     75.20   6.330     94395.0
2024  5 12 22 35 00 000    1.570   -3.950    9.590   -857.30    -27.10     -3.80   3.440    154412.0
2024  5 12 22 36 00 000    0.320   -3.710   10.400   -857.30    -27.10     -3.80   3.440    154412.0
2024  5 12 22 38 00 000    2.100   -2.320   10.520   -862.70     -8.60     15.10   4.600     85033.0
2024  5 12 22 39 00 000    1.630   -1.370   10.750   -862.70     -8.60     15.10   4.600     85033.0
2024  5 12 22 42 00 000    3.410    0.520    9.800   -860.20    -10.10     23.70   5.230     99186.0
2024  5 12 22 43 00 000    2.950    2.180    9.820   -857.30     -5.00     24.70   5.310    122078.0
2024  5 12 22 44 00 000    3.330    3.960    7.840   -857.00     -1.40     24.90   5.250    153534.0
2024  5 12 22 45 00 000    2.770    3.180    8.320   -875.50    -19.20     19.60   4.450    141959.0
2024  5 12 22 46 00 000    2.070    3.720    8.450   -864.60    -23.30     12.40   3.790    126992.0
2024  5 12 22 47 00 000    1.960    4.980    7.780   -863.50    -22.90     12.60   3.750    124706.0
2024  5 12 22 48 00 000    1.790    5.530    7.270   -863.40    -15.80     21.10   4.050    117197.0
2024  5 12 22 49 00 000    2.370    3.350    8.540   -863.40    -15.80     21.10   4.050    117181.0
2024  5 12 22 53 00 000    1.230    5.610    7.580   -864.40    -29.70     27.20   3.800    107486.0
2024  5 12 22 54 00 000    1.430    5.580    7.660   -864.40    -29.70     27.20   3.800    107486.0
2024  5 12 22 55 00 000   -0.280    3.860    8.570   -857.30     -7.60     24.70   4.280    124605.0
2024  5 12 22 56 00 000    1.400    8.000    5.430   -862.70    -26.40     14.40   4.190     98534.0
2024  5 12 22 57 00 000   -0.030    6.970    5.090   -864.60    -32.90     10.90   4.160     89490.0
2024  5 12 22 58 00 000    3.690    1.070    6.870   -879.60      6.80    -35.80   5.730    122104.0
2024  5 12 22 59 00 000    4.070    5.410    6.620   -878.70     -8.00    -22.60   5.710     99373.0
2024  5 12 23  0 00 000    3.080    7.280    4.230   -879.80    -13.70     -0.20   5.280     99262.0
2024  5 12 23  1 00 000    2.150    7.830    3.200   -869.20     -8.90     18.00   4.790    101052.0
2024  5 12 23  2 00 000    0.870    7.100    4.170   -853.10     -9.50     13.30   4.120    101627.0
2024  5 12 23  3 00 000    0.480    7.110    4.680   -846.80     -4.10    -21.10   4.450     95993.0
2024  5 12 23  4 00 000   -0.250    6.260    4.550   -846.20     -3.60    -24.40   4.480     95450.0
2024  5 12 23  5 00 000   -1.140    7.390    2.330   -845.30     -0.50     14.70   4.260     96220.0
2024  5 12 23  6 00 000    0.060    7.570    0.950   -845.30     -0.50     14.70   4.260     96220.0
2024  5 12 23  7 00 000    0.020    7.120    1.950   -847.40     -9.70     26.70   6.170     73451.0
2024  5 12 23  8 00 000    0.840    7.190    1.790   -847.40     -9.70     26.80   6.180     73352.0
2024  5 12 23 11 00 000   -1.730    7.840    1.290   -842.40      0.50     32.90   4.760     59158.0
2024  5 12 23 12 00 000   -1.420    7.450    1.090   -842.40      0.50     32.90   4.760     59158.0
2024  5 12 23 15 00 000   -1.780    7.280    0.350   -840.20    -17.50     29.30   6.630     61488.0
2024  5 12 23 16 00 000   -3.180    6.870    1.870   -840.20    -17.50     29.30   6.630     61488.0
2024  5 12 23 20 00 000   -1.970    7.940    1.390   -827.50     -7.60     41.10   6.220     56428.0
2024  5 12 23 21 00 000   -2.910    7.130    2.600   -828.30    -12.20     35.30   6.480     53545.0
2024  5 12 23 22 00 000   -2.790    6.550    4.100   -829.30    -18.70     27.20   6.840     49464.0
2024  5 12 23 23 00 000   -3.980    5.760    4.450   -827.10    -18.00     23.60   7.940     56798.0
2024  5 12 23 24 00 000   -2.130    7.420    3.340   -827.80    -20.40     19.10   7.570     54955.0
2024  5 12 23 25 00 000   -2.210    7.150    3.370   -829.30    -26.10      8.40   6.730     50600.0
2024  5 12 23 26 00 000   -3.010    6.720    3.430   -827.10    -26.10     11.10   7.240     50422.0
2024  5 12 23 27 00 000   -2.270    7.310    3.370   -819.10    -26.20     21.10   9.130     49764.0
2024  5 12 23 28 00 000   -3.640    7.080    2.240   -820.00    -24.20     21.10   8.950     50624.0
2024  5 12 23 29 00 000   -4.160    6.850    2.120   -824.30    -14.30     20.90   8.070     54850.0
2024  5 12 23 30 00 000   -3.280    6.290    3.430   -823.00    -13.70     18.50   8.400     56510.0
2024  5 12 23 31 00 000   -4.860    4.680    3.730   -820.60    -12.60     14.10   9.010     59461.0
2024  5 12 23 32 00 000   -4.270    5.840    1.930   -820.60    -12.60     14.10   9.010     59461.0
2024  5 12 23 33 00 000   -3.720    6.470    1.480   -816.40     -3.80     27.20   8.200     79676.0
2024  5 12 23 34 00 000   -2.150    7.690    1.350   -816.40     -3.80     27.20   8.200     79676.0
2024  5 12 23 35 00 000   -2.830    7.660    1.320   -818.80    -13.90     26.80   8.530     57207.0
2024  5 12 23 36 00 000   -3.440    7.580    0.980   -818.80    -13.90     26.80   8.530     57207.0
2024  5 12 23 37 00 000   -5.140    6.070    1.950   -807.40    -11.20     11.60   9.160    123713.0
2024  5 12 23 38 00 000   -5.070    4.700    2.240   -807.40    -12.20     11.30   9.190    121714.0
2024  5 12 23 39 00 000   -5.680    3.390    2.280   -807.90    -25.00      7.80   9.550     96330.0
2024  5 12 23 40 00 000   -5.680    3.660    2.290   -808.00    -24.90      7.50  10.010     97691.0
2024  5 12 23 41 00 000   -4.900    4.390    2.830   -808.10    -24.70      7.20  10.440     99088.0
2024  5 12 23 42 00 000   -5.240    3.100    2.030   -804.30    -35.50      2.50   8.340    121984.0
2024  5 12 23 43 00 000   -6.810   -1.090    0.900   -803.30    -38.40      1.20   7.790    128074.0
2024  5 12 23 44 00 000   -6.750    0.680    1.410   -793.20    -19.10     -9.80   9.630    202202.0
2024  5 12 23 45 00 000   -6.590    1.620    1.060   -793.20    -19.10     -9.80   9.630    202331.0
2024  5 12 23 46 00 000   -6.780    0.790    0.640   -793.20    -19.10     -9.80   9.640    202483.0
2024  5 12 23 47 00 000   -6.780    0.760    0.470   -793.00    -17.80    -11.60  10.000    211172.0
2024  5 12 23 48 00 000   -6.670    0.860    0.650   -793.00    -17.80    -11.60  10.000    211172.0
2024  5 12 23 49 00 000   -6.560    1.180    1.240   -794.90    -21.00     -9.70   9.730    182348.0
2024  5 12 23 50 00 000   -5.900    2.550    1.990   -794.90    -21.00     -9.70   9.730    182348.0
2024  5 12 23 52 00 000   -5.660    3.070    2.340   -800.30    -18.90      1.00   9.060     97916.0
2024  5 12 23 53 00 000   -5.960    2.180    2.920   -800.30    -18.90      1.00   9.060     97916.0
2024  5 12 23 54 00 000   -6.600    1.260    3.020   -804.20    -10.50      0.20   8.320    102595.0
2024  5 12 23 55 00 000   -6.620    2.670    2.380   -804.20    -10.50      0.20   8.320    102595.0
2024  5 12 23 56 00 000   -5.770    2.990    2.050   -804.20    -10.50      0.20   8.320    102595.0
2024  5 12 23 58 00 000   -5.410    4.180    2.190   -798.30    -19.20      5.70   9.350    112385.0
2024  5 12 23 59 00 000   -5.080    4.270    2.460   -798.30    -19.20      5.70   9.350    112385.0
2024  5 13  0  0 00 000   -3.940    4.700    2.170   -805.20    -15.70      7.20   9.650     96938.0
2024  5 13  0  1 00 000   -5.270    4.530    3.250   -807.00    -11.70      4.60   9.030     77667.0
2024  5 13  0  2 00 000   -6.140    4.790    2.080   -802.90     -3.20     -2.30   8.010     81509.0
2024  5 13  0  3 00 000   -6.640    2.510    4.700   -802.40     -3.00      4.00   8.030     85418.0
2024  5 13  0  4 00 000   -5.600    6.210    2.280   -817.90      1.80     12.10   7.910     55215.0
2024  5 13  0  5 00 000   -6.360    4.680    3.500   -819.10      1.20     11.90   7.390     57011.0
2024  5 13  0  6 00 000   -6.620    4.290    3.690   -823.30     -0.10     10.00   6.060     59394.0
2024  5 13  0  7 00 000   -6.360    4.860    3.310   -822.20      0.30     13.30   6.090     56385.0
2024  5 13  0  8 00 000   -6.210    5.120    3.270   -822.20     -3.70     15.10   6.460     63002.0
2024  5 13  0  9 00 000   -5.920    5.570    2.690   -822.80     -4.30     14.10   6.430     66704.0
2024  5 13  0 10 00 000   -7.070    4.460    1.960   -827.50     -9.00      5.50   6.180     97430.0
2024  5 13  0 11 00 000   -5.380    4.350    4.870   -827.50     -9.00      5.50   6.180     97430.0
2024  5 13  0 13 00 000   -5.360    5.680    3.740   -820.00    -10.60      9.40   6.430     64297.0
2024  5 13  0 14 00 000   -5.590    5.420    3.770   -820.00    -10.60      9.40   6.430     64297.0
2024  5 13  0 16 00 000   -4.720    6.540    3.300   -820.60    -10.10     13.50   7.090     63589.0
2024  5 13  0 17 00 000   -4.610    6.500    3.270   -820.60    -10.10     13.50   7.090     63589.0
2024  5 13  0 19 00 000   -5.160    5.940    3.600   -816.00     -5.00     13.40   6.970     63119.0
2024  5 13  0 20 00 000   -5.460    5.590    3.800   -815.80     -5.00     13.10   6.960     63018.0
2024  5 13  0 21 00 000   -5.320    5.670    3.410   -811.80     -6.30      5.50   6.660     60503.0
2024  5 13  0 22 00 000   -6.220    4.370    3.530   -811.80     -6.30      5.50   6.660     60489.0
2024  5 13  0 23 00 000   -5.610    4.310    3.680   -806.30     -7.20      2.00   8.930     89072.0
2024  5 13  0 24 00 000   -5.550    4.710    3.210   -806.30     -7.20      2.00   8.930     89072.0
2024  5 13  0 25 00 000   -5.770    4.980    2.360   -806.30     -7.20      2.00   8.930     89072.0
2024  5 13  0 27 00 000   -6.000    5.210    1.120   -804.30    -11.20     -0.50   8.660     91408.0
2024  5 13  0 28 00 000   -6.070    5.390    0.650   -804.30    -11.20     -0.50   8.660     91408.0
2024  5 13  0 29 00 000   -5.950    5.550    0.840   -804.30    -11.20     -0.50   8.660     91408.0
2024  5 13  0 31 00 000   -4.680    6.530   -0.890   -801.40    -12.60      4.50   8.880     84806.0
2024  5 13  0 32 00 000   -4.180    6.750   -1.450   -801.40    -12.60      4.50   8.880     84806.0
2024  5 13  0 36 00 000   -7.700    4.030    1.940   -812.20     -3.30     21.90   6.830     77496.0
2024  5 13  0 37 00 000   -7.740    3.780    2.500   -812.20     -3.30     21.90   6.830     77496.0
2024  5 13  0 38 00 000   -7.660    3.290    3.360   -812.20     -3.30     21.90   6.830     77496.0
2024  5 13  0 39 00 000   -7.790    3.450    3.210   -820.80     -1.20     20.10   5.950     57991.0
2024  5 13  0 40 00 000   -7.840    2.760    3.840   -820.80     -1.20     20.10   5.950     57993.0
2024  5 13  0 41 00 000   -7.900    3.880    2.570   -815.40     -3.80     11.20   5.580     78467.0
2024  5 13  0 42 00 000   -7.930    3.920    2.140   -814.50     -4.20      9.70   5.520     81798.0
2024  5 13  0 43 00 000   -7.500    3.900    3.050   -815.30     -4.50     19.50   5.980     66645.0
2024  5 13  0 44 00 000   -7.420    4.550    2.000   -815.30     -4.50     19.50   5.980     66645.0
2024  5 13  0 45 00 000   -7.000    5.080    0.960   -808.10    -18.30     14.70   6.040     77626.0
2024  5 13  0 46 00 000   -6.780    5.370    0.810   -809.60    -10.10     17.80   6.110     76166.0
2024  5 13  0 47 00 000   -6.730    5.250    1.080   -813.10    -10.10     16.80   6.420     70769.0
2024  5 13  0 48 00 000   -6.960    4.950    0.630   -816.10    -10.60     16.80   6.530     66977.0
2024  5 13  0 49 00 000   -7.350    4.620   -0.380   -815.00     -4.90     23.30   6.260     74324.0
2024  5 13  0 50 00 000   -7.220    4.620   -0.200   -815.00     -4.90     23.30   6.260     74324.0
2024  5 13  0 51 00 000   -6.660    5.140   -0.410   -815.00     -4.90     23.30   6.260     74324.0
2024  5 13  0 52 00 000   -6.390    5.500   -1.090   -808.60     -4.60      2.60   6.860     78452.0
2024  5 13  0 53 00 000   -6.300    5.420   -1.230   -808.60     -4.60      2.60   6.860     78452.0
2024  5 13  0 54 00 000   -6.490    4.140   -2.330   -805.00     -1.00      9.80   6.510     89586.0
2024  5 13  0 55 00 000   -6.570    3.170   -3.120   -804.60     -0.60     10.50   6.480     90657.0
2024  5 13  0 56 00 000   -6.900    3.950    0.880   -805.30      1.50      8.60   7.700    106824.0
2024  5 13  0 57 00 000   -6.460    2.490   -3.350   -803.90      1.70     10.50   7.780    105784.0
2024  5 13  0 58 00 000   -6.770    2.820   -2.550   -800.50      2.20     15.00   7.980    103242.0
2024  5 13  0 59 00 000   -6.870    2.550   -2.730   -797.60     -2.50     29.20   7.370    135528.0
2024  5 13  1  0 00 000   -7.040    2.840   -2.450   -797.60     -2.50     29.20   7.370    135528.0
2024  5 13  1  1 00 000   -6.970    2.780   -2.540   -797.60     -2.50     29.20   7.370    135528.0
2024  5 13  1  4 00 000   -6.640    3.310   -2.470   -802.20     -1.30      8.20   7.370    109484.0
2024  5 13  1  5 00 000   -6.700    3.240   -2.480   -802.20     -1.30      8.20   7.370    109484.0
2024  5 13  1  6 00 000   -6.600    3.280   -2.470   -802.20     -1.30      8.20   7.370    109484.0
2024  5 13  1  8 00 000   -6.210    2.130   -2.950   -818.80      8.90     19.50   6.090     88608.0
2024  5 13  1  9 00 000   -6.170    1.860   -3.160   -818.80      8.90     19.50   6.090     88608.0
2024  5 13  1 10 00 000   -6.280    2.720   -3.290   -799.60     -3.10     11.60   7.180    107333.0
2024  5 13  1 11 00 000   -6.220    2.610   -2.970   -799.60     -3.10     11.60   7.180    107333.0
2024  5 13  1 12 00 000   -6.240    2.680   -2.770   -799.60     -3.10     11.60   7.180    107305.0
2024  5 13  1 13 00 000   -6.100    2.330   -3.030   -801.90     -7.20     10.00   7.110    101552.0
2024  5 13  1 14 00 000   -6.390    3.380   -2.520   -801.90     -7.20     10.00   7.110    101552.0
2024  5 13  1 16 00 000   -6.260    2.000   -2.880   -801.70     -1.70     11.90   6.880    101007.0
2024  5 13  1 17 00 000   -6.240    3.400   -2.810   -801.70     -1.70     11.90   6.880    101007.0
2024  5 13  1 18 00 000   -6.050    1.820   -2.910   -821.10     11.70      7.80   6.390    120461.0
2024  5 13  1 19 00 000   -6.290    2.550   -1.980   -821.40     11.90      7.70   6.380    120776.0
2024  5 13  1 21 00 000   -6.050    1.830   -2.950   -803.40     -4.80     15.00   6.780     99284.0
2024  5 13  1 22 00 000   -6.160    1.300   -2.620   -803.50     -4.80     14.90   6.780     99331.0
2024  5 13  1 23 00 000   -6.290    3.080   -1.310   -810.10     -5.00      7.70   7.670    103008.0
2024  5 13  1 24 00 000   -6.390    1.960   -2.030   -810.40     -5.00      7.30   7.720    103194.0
2024  5 13  1 26 00 000   -6.470    2.680   -1.250   -818.00      2.40     18.10   7.930    149372.0
2024  5 13  1 27 00 000   -6.340    2.530   -1.090   -820.20      6.70     15.00   6.800    121531.0
2024  5 13  1 28 00 000   -6.200    2.360   -1.350   -814.40      4.80     20.10   7.520    115913.0
2024  5 13  1 29 00 000   -6.150    2.790   -1.340   -815.30      2.30     14.20   7.610    159068.0
2024  5 13  1 30 00 000   -6.230    2.240   -1.550   -813.10      6.90     14.20   7.290    137872.0
2024  5 13  1 31 00 000   -6.400    2.270   -1.510   -810.20      3.70     13.20   7.190    121645.0
2024  5 13  1 32 00 000   -6.370    2.410   -1.660   -807.10      0.20     14.10   7.010    114215.0
2024  5 13  1 33 00 000   -6.020    2.170   -1.500   -811.00      8.00     16.10   7.710    114291.0
2024  5 13  1 34 00 000   -5.950    2.290   -1.460   -815.00      4.30      9.50   8.290    109501.0
2024  5 13  1 35 00 000   -5.940    2.030   -1.680   -821.40      1.10      4.70   6.440    119000.0
2024  5 13  1 36 00 000   -5.990    2.080   -1.720   -818.20     11.70      0.80   6.550    116345.0
2024  5 13  1 37 00 000   -5.810    2.390   -1.470   -817.40      8.50      7.60   6.800    119052.0
2024  5 13  1 38 00 000   -5.860    2.360   -1.410   -817.60      3.40      9.30   7.710    157881.0
2024  5 13  1 39 00 000   -5.940    1.770   -2.110   -815.40      5.60     13.40   8.010    151755.0
2024  5 13  1 40 00 000   -5.570    2.050   -3.350   -813.00     -2.50     20.40   6.840    112539.0
2024  5 13  1 42 00 000   -5.950    2.770   -1.470   -814.70      5.20      9.40   8.160    161585.0
2024  5 13  1 43 00 000   -5.930    2.970   -2.140   -814.70      5.20      9.40   8.160    161585.0
2024  5 13  1 44 00 000   -5.860    3.240   -2.560   -814.70      5.20      9.40   8.160    161585.0
2024  5 13  1 53 00 000   -6.210    2.810   -2.330   -796.10     -4.60     32.10   5.400     74367.0
2024  5 13  1 54 00 000   -6.150    2.800   -2.370   -796.10     -4.60     32.10   5.400     74367.0
2024  5 13  2  1 00 000   -6.270    2.750   -2.460   -791.70     -1.90     33.40   5.240     74537.0
2024  5 13  2  2 00 000   -6.300    2.710   -2.360   -791.70     -1.90     33.40   5.240     74537.0
2024  5 13  2  7 00 000   -6.480    2.870   -2.800   -795.80     -0.70     34.90   4.720     93014.0
2024  5 13  2  8 00 000   -6.270    3.060   -3.420   -795.80     -0.70     34.90   4.720     93014.0
2024  5 13  2  9 00 000   -6.090    3.270   -4.150   -798.10     -0.60     21.10   3.750     67875.0
2024  5 13  2 10 00 000   -6.360    3.050   -3.520   -799.00     -0.50     15.90   3.380     58441.0
2024  5 13  2 11 00 000   -6.440    2.930   -3.600   -800.80     -6.70     19.30   5.890     87915.0
2024  5 13  2 12 00 000   -6.170    3.080   -1.770   -801.30     -4.70     19.30   5.080     76608.0
2024  5 13  2 13 00 000   -6.110    2.150   -1.770   -806.00    -10.50     23.50   5.500     69113.0
2024  5 13  2 14 00 000   -6.040    2.200   -1.760   -811.90    -16.20     25.50   6.140     74175.0
2024  5 13  2 15 00 000   -6.390    2.080   -1.250   -811.10    -13.90     24.00   6.330     91661.0
2024  5 13  2 16 00 000   -6.190    2.190   -1.480   -808.10     -9.20     33.50   6.060     93093.0
2024  5 13  2 17 00 000   -6.600    1.930   -1.130   -807.80    -12.60     31.00   6.640     88613.0
2024  5 13  2 18 00 000   -6.340    2.550    0.200   -806.20    -15.20     30.70   6.360     84301.0
2024  5 13  2 19 00 000   -6.300    2.290    0.580   -805.10    -14.50     31.80   6.760     88113.0
2024  5 13  2 20 00 000   -7.150    1.200   -0.210   -811.60    -14.30     32.50   7.120     77719.0
2024  5 13  2 21 00 000   -7.180    1.270   -0.270   -808.80    -13.60     29.30   6.930     80579.0
2024  5 13  2 22 00 000   -7.120    1.640   -0.280   -806.20    -15.10     27.90   6.720    101270.0
2024  5 13  2 23 00 000   -7.500    1.180   -0.470   -810.00    -13.60     31.20   7.180    103489.0
2024  5 13  2 24 00 000   -7.530    1.150   -0.880   -809.00    -19.10     26.10   7.260     80292.0
2024  5 13  2 25 00 000   -7.570    1.280   -0.980   -810.40    -22.20     23.20   6.930     71146.0
2024  5 13  2 26 00 000   -7.470    1.340   -1.050   -810.00    -20.90     25.50   7.070     75947.0
2024  5 13  2 27 00 000   -7.260    1.860   -1.400   -809.60    -19.90     27.10   7.180     79457.0
2024  5 13  2 28 00 000   -6.870    2.200   -1.610   -808.70    -18.80     28.60   7.560     82288.0
2024  5 13  2 29 00 000   -7.000    2.030   -1.700   -808.70    -18.80     28.60   7.560     82288.0
2024  5 13  2 30 00 000   -7.050    2.060   -1.480   -808.60    -19.70     26.90   7.840     83920.0
2024  5 13  2 31 00 000   -7.150    2.110   -1.660   -808.50    -19.70     26.60   7.860     83890.0
2024  5 13  2 32 00 000   -7.070    2.200   -1.680   -805.20    -18.20     25.50   7.500     77409.0
2024  5 13  2 33 00 000   -7.010    2.120   -1.750   -807.40    -21.40     21.80   7.610     81699.0
2024  5 13  2 34 00 000   -7.020    2.080   -0.900   -808.10    -19.00     25.30   7.640     89898.0
2024  5 13  2 35 00 000   -6.930    2.020   -1.880   -807.50    -14.20     31.70   7.590     96281.0
2024  5 13  2 37 00 000   -6.780    2.360   -2.510   -800.60    -17.70     16.50   7.330     93870.0
2024  5 13  2 38 00 000   -6.730    2.330   -2.560   -800.60    -17.70     16.50   7.330     93825.0
2024  5 13  2 39 00 000   -6.710    2.100   -2.370   -798.90     -9.40      7.00   7.390     69691.0
2024  5 13  2 40 00 000   -6.820    1.720   -2.050   -799.40     -9.60      5.60   7.550     71928.0
2024  5 13  2 41 00 000   -6.770    1.690   -2.140   -800.00     -9.90      4.10   7.750     74465.0
2024  5 13  2 42 00 000   -6.230    2.270   -2.740   -798.50     -9.70      5.00   7.790     73938.0
2024  5 13  2 43 00 000   -6.690    1.430   -2.220   -798.10     -9.70     10.80   7.860     76646.0
2024  5 13  2 44 00 000   -5.800    3.090   -2.870   -798.80    -10.20     13.30   7.580     80954.0
2024  5 13  2 45 00 000   -6.030    2.830   -2.810   -798.60     -9.70     14.80   7.810     79220.0
2024  5 13  2 46 00 000   -6.020    3.270   -2.520   -798.70     -9.50     14.80   7.870     79496.0
2024  5 13  2 47 00 000   -5.810    3.380   -2.610   -799.80     -8.20     10.80   7.880     87316.0
2024  5 13  2 48 00 000   -6.250    2.450   -2.320   -801.80    -12.70     10.30   7.580     79915.0
2024  5 13  2 49 00 000   -6.030    2.840   -2.190   -803.10    -12.90     10.20   7.400     83204.0
2024  5 13  2 50 00 000   -5.970    2.520   -2.330   -805.00    -12.20     10.20   7.170     91032.0
2024  5 13  2 51 00 000   -6.110    2.870   -1.850   -800.90    -10.90     11.20   6.990     97812.0
2024  5 13  2 52 00 000   -6.200    2.570   -2.130   -802.20    -12.40     10.50   7.060     94301.0
2024  5 13  2 53 00 000   -6.230    2.390   -2.530   -804.40    -14.70      9.30   7.150     87850.0
2024  5 13  2 54 00 000   -5.770    3.280   -2.580   -801.50     -8.50      9.50   6.540     83273.0
2024  5 13  2 55 00 000   -5.240    3.570   -2.670   -799.00     -8.60     13.50   7.320     80643.0
2024  5 13  2 56 00 000   -5.170    4.130   -2.940   -800.20     -9.40     12.50   7.040     78548.0
2024  5 13  2 57 00 000   -6.780    1.150   -1.500   -800.00    -10.40     14.20   6.190     74425.0
2024  5 13  2 58 00 000   -7.810   -0.730   -0.740   -796.00    -11.10     22.50   4.800     67937.0
2024  5 13  3  0 00 000   -7.450    0.680   -1.650   -790.80     -7.90     14.20   5.310     64061.0
2024  5 13  3  1 00 000   -7.210    0.490   -1.320   -790.80     -7.90     14.20   5.310     64061.0
2024  5 13  3  2 00 000   -7.030    0.920   -1.190   -796.10     -7.30     10.70   5.720     87737.0
2024  5 13  3  3 00 000   -7.190    1.330   -1.870   -797.50     -7.00     10.40   5.700     91232.0
2024  5 13  3  4 00 000   -7.090    1.740   -1.890   -796.90     -6.70     13.70   5.100     76891.0
2024  5 13  3  5 00 000   -7.050    1.860   -1.510   -794.70    -13.40     13.30   4.690     87374.0
2024  5 13  3  6 00 000   -6.380    2.160   -1.350   -797.30    -11.50     12.90   5.020     90388.0
2024  5 13  3  7 00 000   -4.510    2.960   -2.150   -804.60     -5.70     11.80   5.920     97273.0
2024  5 13  3  8 00 000   -3.620    2.870   -2.530   -798.80     -8.60     18.30  12.140     83677.0
2024  5 13  3  9 00 000   -2.300    2.770   -2.880   -799.30     -8.40     16.90  11.110     85193.0
2024  5 13  3 10 00 000   -2.790    2.760   -2.950   -800.40     -8.10     14.00   8.960     90490.0
2024  5 13  3 11 00 000   -4.010    2.550   -2.830   -795.00     -3.80     15.10   9.240     87503.0
2024  5 13  3 12 00 000   -2.600    3.340   -1.330   -802.80    -12.00     14.80   9.610     88983.0
2024  5 13  3 13 00 000   -3.390    3.440   -2.060   -809.70    -15.10     10.10   6.770     78068.0
2024  5 13  3 14 00 000   -2.640    3.470   -2.540   -807.40     -8.90      9.30   6.170     85518.0
2024  5 13  3 15 00 000   -1.990    4.030   -2.190   -810.10     -4.30     12.40   6.250     83913.0
2024  5 13  3 16 00 000   -0.310    3.880   -3.420   -805.60     -7.80     17.60   9.040     72279.0
2024  5 13  3 17 00 000    0.930    3.580   -3.000   -800.90     -2.80     17.80  10.410     70304.0
2024  5 13  3 18 00 000    1.410    3.630   -3.280   -792.20     -1.60     18.90  11.080     83088.0
2024  5 13  3 19 00 000   -0.840    2.100   -2.500   -792.10     -5.30     19.30  11.250     78418.0
2024  5 13  3 32 00 000   -0.590    1.550   -2.640   -799.60    -11.60     16.60  12.740     85442.0
2024  5 13  3 33 00 000   -0.590    1.550   -2.640   -799.60    -11.60     16.60  12.740     85442.0
2024  5 13  3 41 00 000    0.330    2.210   -2.690   -793.70     -5.10      9.20  13.310     75559.0
2024  5 13  3 42 00 000    0.310    3.830   -2.450   -793.70     -5.10      9.20  13.310     75559.0
2024  5 13  3 43 00 000   -0.090    2.730   -2.920   -793.70     -5.10      9.20  13.310     75559.0
2024  5 13  3 44 00 000   -0.860    2.090   -3.790   -794.40     -7.10     25.80  12.940     82824.0
2024  5 13  3 45 00 000   -0.220    2.520   -2.990   -793.40     -5.10     24.40  12.650     80456.0
2024  5 13  3 46 00 000    0.210    2.760   -2.780   -787.20      6.30     16.20  11.010     66511.0
2024  5 13  3 47 00 000    0.600    3.170   -3.080   -785.70      9.10     14.20  10.610     63158.0
2024  5 13  3 48 00 000    0.790    3.330   -2.690   -794.80     -1.70      7.30  10.650     75859.0
2024  5 13  3 49 00 000    0.140    3.020   -2.650   -794.80     -1.70      7.30  10.650     75859.0
2024  5 13  3 50 00 000    0.020    2.760   -1.910   -779.50      3.60     12.30  10.110    101067.0
2024  5 13  3 51 00 000    0.210    2.720   -2.150   -779.40      3.60     12.30  10.100    101304.0
2024  5 13  3 53 00 000   -0.230    3.030   -2.810   -794.80     -5.20     13.80  13.210     78844.0
2024  5 13  3 54 00 000    0.120    2.950   -2.700   -794.80     -5.20     13.80  13.210     78844.0
2024  5 13  3 55 00 000   -0.730    2.960   -3.080   -796.70     -4.90      4.00   9.930     68237.0
2024  5 13  3 56 00 000   -0.860    3.600   -3.090   -786.20     -7.20     11.00  10.760     67379.0
2024  5 13  3 57 00 000   -1.080    3.050   -3.180   -779.70     -8.60     15.30  11.290     66887.0
2024  5 13  3 59 00 000   -0.790    3.750   -2.920   -781.30    -14.50     14.00  10.120     66605.0
2024  5 13  4  0 00 000   -0.060    3.710   -3.240   -784.00    -12.40     10.70  10.860     69197.0
2024  5 13  4  1 00 000   -0.020    3.420   -3.360   -785.00    -11.60      9.50  11.140     70162.0
2024  5 13  4  2 00 000   -0.210    3.100   -3.200   -790.10     -5.20     12.60  11.760     82601.0
2024  5 13  4  3 00 000    0.060    3.390   -2.680   -790.10     -5.20     12.60  11.760     82601.0
2024  5 13  4  4 00 000    0.170    3.120   -3.320   -794.00     -0.20     16.30  11.530     70680.0
2024  5 13  4  5 00 000    1.410    3.630   -4.480   -794.00     -0.20     16.30  11.530     70680.0
2024  5 13  4  6 00 000    1.660    3.330   -4.910   -794.00     -0.20     16.30  11.530     70680.0
2024  5 13  4  7 00 000    2.240    3.200   -4.590   -791.80     -5.00     16.60   9.690     65207.0
2024  5 13  4  8 00 000    1.360    3.060   -4.310   -791.80     -5.00     16.60   9.690     65207.0
2024  5 13  4  9 00 000    1.390    2.970   -4.260   -791.80     -5.00     16.60   9.690     65207.0
2024  5 13  4 14 00 000    0.640    3.340   -4.210   -790.40     -5.80     14.20   9.530     61797.0
2024  5 13  4 15 00 000    1.960    3.630   -4.580   -790.40     -5.80     14.20   9.530     61797.0
2024  5 13  4 16 00 000    0.660    3.270   -4.580   -790.40     -5.80     14.20   9.530     61797.0
2024  5 13  4 21 00 000    1.080    3.630   -5.080   -785.70     -7.30     10.30   8.700     60834.0
2024  5 13  4 22 00 000    3.880    3.410   -3.140   -787.30    -10.50     13.40   8.340     69880.0
2024  5 13  4 23 00 000    2.800    3.600   -4.270   -790.00    -15.80     18.70   7.750     85103.0
2024  5 13  4 26 00 000    2.540    3.300   -4.190   -772.60      1.30     26.50   7.840     96413.0
2024  5 13  4 27 00 000    0.940    4.270   -4.090   -774.00      0.90     25.10   7.860     94462.0
2024  5 13  4 28 00 000    0.410    3.590   -3.760   -788.20     -6.80     11.30   8.120     70832.0
2024  5 13  4 29 00 000    0.800    4.330   -2.970   -788.20    -21.20     12.20   8.550     54525.0
2024  5 13  4 30 00 000    0.870    3.940   -4.230   -788.20    -22.10     12.30   8.580     53546.0
2024  5 13  4 31 00 000    0.880    5.310   -2.810   -796.10    -13.60      3.60  10.790     81620.0
2024  5 13  4 32 00 000   -1.070    6.770   -3.410   -789.80    -13.10      5.60   9.680     66908.0
2024  5 13  4 33 00 000   -0.580    6.180   -4.430   -770.70    -16.10     14.70   8.230     50183.0
2024  5 13  4 34 00 000    2.020    3.740   -4.180   -773.40    -15.40     21.00   7.400     53128.0
2024  5 13  4 35 00 000   -0.080    4.210   -6.280   -779.20    -12.60     21.20   6.990     55850.0
2024  5 13  4 36 00 000    2.060    2.830   -6.370   -791.30     -0.10     14.30   8.370     65417.0
2024  5 13  4 37 00 000    1.730    3.200   -5.650   -793.00     -6.40     16.70   8.910     58648.0
2024  5 13  4 38 00 000    2.490    3.060   -3.660   -787.70    -11.50     16.50   8.830     50841.0
2024  5 13  4 39 00 000    1.480    3.690   -4.670   -766.00    -17.10     17.20   7.960     34317.0
2024  5 13  4 40 00 000    2.590    1.900   -5.540   -791.00     -3.50     12.10   9.560     65536.0
2024  5 13  4 41 00 000    2.920    2.360   -4.460   -791.50     -3.20     12.00   9.590     66204.0
2024  5 13  4 42 00 000    1.570    3.730   -4.850   -793.60     -4.40     14.20   8.700     66405.0
2024  5 13  4 43 00 000    2.890    2.040   -5.350   -793.60     -4.40     14.20   8.700     66405.0
2024  5 13  4 44 00 000    2.350    3.870   -4.290   -793.60     -4.40     14.20   8.700     66405.0
2024  5 13  4 46 00 000    4.260    4.140   -2.580   -787.50    -23.20     -5.10   9.260     55325.0
2024  5 13  4 47 00 000    3.630    3.480   -3.200   -787.50    -23.20     -5.10   9.260     55325.0
2024  5 13  4 51 00 000    1.350    2.540   -4.730   -792.40     -4.00     18.80   7.840     53438.0
2024  5 13  4 52 00 000    2.990    4.400   -2.000   -792.40     -4.00     18.80   7.840     53438.0
2024  5 13  4 55 00 000    1.350    4.350   -4.160   -792.60    -29.20     10.10   9.050     73394.0
2024  5 13  4 56 00 000    3.930    3.710   -2.750   -785.70    -23.30     23.80   8.640     72012.0
2024  5 13  4 57 00 000   -0.480    4.710   -5.060   -782.60    -20.60     30.00   8.450     71385.0
2024  5 13  4 58 00 000    4.430    2.700   -3.200   -794.80    -10.30      3.00   9.530     71012.0
2024  5 13  4 59 00 000    2.800    2.850   -3.590   -794.80    -10.30      3.00   9.530     71012.0
2024  5 13  5  4 00 000    1.850    4.440   -3.920   -778.30     -8.80     10.10   8.700     62177.0
2024  5 13  5  5 00 000    3.490    4.300   -2.270   -778.40     -8.80     10.10   8.700     62177.0
2024  5 13  5  9 00 000    0.440    3.710   -3.900   -768.10    -22.00      5.00   6.270     65446.0
2024  5 13  5 10 00 000    0.060    3.510   -5.410   -764.20    -16.10      8.90   8.550     47825.0
2024  5 13  5 11 00 000   -0.610    4.130   -5.520   -760.50    -11.50     11.50   9.890     34543.0
2024  5 13  5 12 00 000   -0.370    4.310   -6.300   -769.70     -5.90     13.90   8.820     60743.0
2024  5 13  5 13 00 000   -0.330    4.100   -5.520   -779.80     -1.20     16.60   8.270     86308.0
2024  5 13  5 14 00 000   -1.110    5.980   -6.330   -766.20     -5.40     18.80   7.080     52579.0
2024  5 13  5 15 00 000    0.380    3.040   -4.980   -769.20     -8.60     18.00   7.660     55359.0
2024  5 13  5 16 00 000    2.070    2.430   -5.120   -775.60    -15.40     16.30   8.880     61180.0
2024  5 13  5 17 00 000   -0.770    3.500   -5.210   -775.60    -15.40     16.30   8.880     61180.0
2024  5 13  5 20 00 000   -0.910    3.130   -4.800   -776.10     -8.90      7.00   8.620     62582.0
2024  5 13  5 21 00 000   -1.830    3.180   -4.190   -776.30     -8.90      7.00   8.600     62646.0
2024  5 13  5 25 00 000   -2.500    4.120   -4.520   -761.40    -10.40     -2.10   8.300     57361.0
2024  5 13  5 26 00 000   -1.150    3.250   -6.840   -764.60    -11.20      9.10   8.130     52924.0
2024  5 13  5 27 00 000   -0.740    3.280   -7.730   -771.00     22.60     15.70   8.120     48744.0
2024  5 13  5 28 00 000   -0.490    2.680   -7.980   -768.30      1.40     24.70   8.060     47145.0
2024  5 13  5 29 00 000    1.490    1.420   -7.940   -767.40     -5.90     26.90   8.040     46974.0
2024  5 13  5 30 00 000   -2.640    4.000   -2.820   -756.90    -26.90     10.60   8.320     67760.0
2024  5 13  5 31 00 000   -4.790    5.490   -1.820   -756.60    -18.30     14.50   7.970     65608.0
2024  5 13  5 32 00 000   -4.980    4.430   -2.560   -757.10     -9.00     22.00   7.810     62628.0
2024  5 13  5 33 00 000   -4.640    4.240   -3.540   -759.80     -6.40     43.30   9.030     61459.0
2024  5 13  5 34 00 000   -4.790    4.570   -3.630   -759.70    -12.00     36.50   8.680     67782.0
2024  5 13  5 35 00 000   -4.300    4.650   -4.140   -760.60    -12.50     36.40   8.850     69812.0
2024  5 13  5 36 00 000   -4.910    5.000   -3.580   -763.40    -17.10     28.80   8.860     76089.0
2024  5 13  5 37 00 000   -4.880    3.870   -5.940   -763.10    -17.50     33.70   8.080     66041.0
2024  5 13  5 38 00 000   -4.910    3.740   -5.980   -763.10    -15.60     44.30   7.610     53295.0
2024  5 13  5 40 00 000   -4.700    4.560   -5.750   -765.70    -14.70     39.10   6.780     50042.0
2024  5 13  5 41 00 000   -4.950    4.550   -5.300   -765.20    -15.60     41.30   7.000     51642.0
2024  5 13  5 42 00 000   -5.240    4.310   -5.350   -764.40    -16.10     46.00   7.360     53894.0
2024  5 13  5 43 00 000   -5.070    4.210   -5.460   -764.60    -17.40     47.50   7.480     55085.0
2024  5 13  5 44 00 000   -5.250    4.000   -5.470   -764.20    -18.00     47.40   7.400     61108.0
2024  5 13  5 45 00 000   -5.110    4.520   -5.250   -762.50    -15.20     47.10   6.700     73953.0
2024  5 13  5 46 00 000   -4.910    4.590   -5.330   -765.00    -17.10     45.80   6.460     52618.0
2024  5 13  5 47 00 000   -4.180    4.490   -6.150   -763.30    -20.50     45.40   6.500     52788.0
2024  5 13  5 48 00 000   -3.510    4.860   -6.700   -765.00    -19.70     38.70   5.560     47262.0
2024  5 13  5 49 00 000   -3.520    4.770   -6.840   -770.30    -13.20     31.40   4.320     35896.0
2024  5 13  5 50 00 000   -3.560    5.030   -6.590   -770.00    -15.20     35.30   4.420     35576.0
2024  5 13  5 51 00 000   -3.170    4.920   -6.850   -772.80    -17.40     33.60   4.500     34792.0
2024  5 13  5 52 00 000   -3.680    4.720   -6.710   -771.20    -12.30     33.10   4.170     31272.0
2024  5 13  5 53 00 000   -2.670    4.740   -7.110   -769.60    -10.80     32.90   4.200     38596.0
2024  5 13  5 54 00 000   -2.940    4.550   -7.040   -772.60    -12.50     31.30   4.380     42461.0
2024  5 13  5 55 00 000   -3.110    4.540   -7.000   -767.30    -12.80     33.60   4.090     35153.0
2024  5 13  5 56 00 000   -2.270    4.910   -7.000   -769.00    -15.90     33.90   4.160     33821.0
2024  5 13  5 57 00 000   -2.160    4.930   -6.940   -771.20    -15.50     38.30   4.270     33179.0
2024  5 13  5 58 00 000   -1.790    4.360   -7.000   -757.30    -10.50     30.50   4.700     39217.0
2024  5 13  5 59 00 000   -2.720    4.500   -6.460   -753.60     -9.40     22.50   4.990     39247.0
2024  5 13  6  0 00 000   -3.650    4.530   -6.120   -745.50    -10.50     19.10   5.100     41681.0
2024  5 13  6  1 00 000    0.330    3.080   -7.530   -744.50    -16.50     15.50   5.050     44402.0
2024  5 13  6  2 00 000    0.330    3.070   -7.530   -755.50    -10.60     29.50   6.000     40178.0
2024  5 13  6  3 00 000   -0.720    3.070   -7.460   -755.50    -10.60     29.50   6.000     40178.0
2024  5 13  6 10 00 000   -3.970    3.460   -6.120   -739.90      1.80     25.70   4.820     36553.0
2024  5 13  6 11 00 000   -3.970    3.460   -6.120   -739.90      1.80     25.70   4.820     36553.0
2024  5 13  6 12 00 000   -3.900    3.680   -5.990   -739.90      1.80     25.70   4.820     36553.0
2024  5 13  6 19 00 000   -3.520    3.070   -6.310   -735.10    -10.00     16.70   5.650     42422.0
2024  5 13  6 20 00 000   -3.000    2.360   -6.780   -735.10    -10.00     16.70   5.650     42422.0
2024  5 13  6 28 00 000   -3.610    3.010   -6.000   -736.80     -3.00     25.70   5.410     40490.0
2024  5 13  6 29 00 000   -2.930    2.950   -6.290   -736.80     -3.00     25.70   5.410     40490.0
2024  5 13  6 36 00 000   -5.200    1.080   -5.110   -728.60     -2.50      7.20   4.010     37571.0
2024  5 13  6 37 00 000   -5.200    1.070   -5.110   -728.60     -2.50      7.20   4.010     37571.0
2024  5 13  6 38 00 000   -5.450    0.430   -5.080   -728.60     -2.50      7.20   4.010     37571.0
2024  5 13  6 45 00 000   -5.600    2.960   -3.940   -728.90    -17.50     14.50   4.720     49556.0
2024  5 13  6 46 00 000   -5.930    2.510   -3.510   -728.90    -17.50     14.50   4.720     49556.0
2024  5 13  6 53 00 000   -5.490    2.470   -3.690   -722.10    -13.80      7.90   3.870     54196.0
2024  5 13  6 54 00 000   -5.490    2.470   -3.690   -722.10    -13.80      7.90   3.870     54196.0
2024  5 13  6 55 00 000   -5.600    2.250   -3.750   -722.10    -13.80      7.90   3.870     54196.0
2024  5 13  7  4 00 000   -6.080    2.110   -3.040   -713.10     -6.30      2.90   4.650     56835.0
2024  5 13  7  5 00 000   -5.950    2.180   -3.260   -713.10     -6.30      2.90   4.650     56835.0
2024  5 13  7 11 00 000   -5.910    1.440   -3.980   -715.90     -9.70      2.20   4.430     66124.0
2024  5 13  7 12 00 000   -5.720    0.990   -4.590   -712.40    -13.80      1.60   4.460     64680.0
2024  5 13  7 13 00 000   -5.230    1.110   -5.440   -715.40    -12.80      5.60   4.260     59107.0
2024  5 13  7 14 00 000   -5.290    1.200   -5.400   -722.00     -8.30     11.30   3.980     53115.0
2024  5 13  7 15 00 000   -5.230    0.910   -5.440   -722.80     -4.10     15.40   4.670     57841.0
2024  5 13  7 16 00 000   -6.220    1.130   -4.440   -722.80     -4.10     15.40   4.670     57841.0
2024  5 13  7 17 00 000   -6.390    1.520   -4.000   -717.30    -10.40      3.20   4.950     48961.0
2024  5 13  7 18 00 000   -5.790    1.280   -5.020   -715.10     -7.70      2.90   4.790     60772.0
2024  5 13  7 19 00 000   -6.130    1.020   -5.140   -718.10     -5.40      8.30   4.930     50828.0
2024  5 13  7 20 00 000   -6.400    0.400   -5.630   -719.60     -5.70     10.30   5.030     50362.0
2024  5 13  7 21 00 000   -6.780    0.660   -5.320   -727.90     -4.60     20.30   5.700     45953.0
2024  5 13  7 22 00 000   -6.880    0.510   -5.400   -726.40     -4.50     15.30   5.530     47534.0
2024  5 13  7 23 00 000   -6.640    0.390   -5.640   -726.40     -4.50     15.30   5.530     47534.0
2024  5 13  7 24 00 000   -6.630    0.220   -5.510   -726.40     -4.50     15.30   5.530     47534.0
2024  5 13  7 25 00 000   -6.540    0.250   -5.580   -722.90     -1.20     16.10   5.920     46220.0
2024  5 13  7 26 00 000   -6.330    0.320   -5.920   -722.90     -1.20     16.10   5.920     46220.0
2024  5 13  7 27 00 000   -6.520    0.160   -5.720   -724.10     -0.80     15.10   6.640     65088.0
2024  5 13  7 28 00 000   -6.700    0.240   -5.540   -724.10     -0.80     15.10   6.640     65088.0
2024  5 13  7 29 00 000   -6.600    0.010   -5.690   -724.10      0.40     16.30   6.400     49305.0
2024  5 13  7 30 00 000   -6.910    0.230   -5.290   -724.10      0.60     16.50   6.360     46728.0
2024  5 13  7 31 00 000   -7.210    0.180   -5.020   -722.70     -2.70     15.40   6.250     50425.0
2024  5 13  7 32 00 000   -7.420    0.090   -4.830   -722.70     -2.70     15.40   6.250     50425.0
2024  5 13  7 33 00 000   -7.700    0.230   -4.330   -722.50     -7.40      4.20   6.460     51408.0
2024  5 13  7 34 00 000   -7.650    0.030   -4.400   -722.50     -7.40      4.20   6.460     51408.0
2024  5 13  7 35 00 000   -7.720    0.040   -4.450   -720.60     -6.00      2.60   6.390     48010.0
2024  5 13  7 36 00 000   -7.870    0.030   -4.170   -720.60     -6.00      2.60   6.390     48010.0
2024  5 13  7 38 00 000   -8.070    0.100   -3.820   -717.70     -3.70     -3.00   6.550     51443.0
2024  5 13  7 39 00 000   -8.120    0.040   -3.830   -717.70     -3.70     -2.90   6.560     51458.0
2024  5 13  7 40 00 000   -8.230    0.090   -3.620   -718.40     -4.10     -1.00   6.700     51655.0
2024  5 13  7 41 00 000   -8.370    0.190   -3.220   -718.40     -4.10     -1.00   6.700     51655.0
2024  5 13  7 42 00 000   -8.270    0.450   -3.080   -715.30     -4.60     -5.80   6.900     61759.0
2024  5 13  7 43 00 000   -8.400    0.280   -2.720   -715.30     -4.60     -5.80   6.900     61759.0
2024  5 13  7 45 00 000   -8.400    0.450   -2.230   -710.80     -0.50     -8.60   7.350     71095.0
2024  5 13  7 46 00 000   -8.600    0.340   -1.550   -710.80     -0.50     -8.70   7.350     71130.0
2024  5 13  7 47 00 000   -8.640    0.080   -1.550   -710.20     -6.10    -19.40   7.410     75773.0
2024  5 13  7 48 00 000   -8.710    0.220   -1.890   -711.30     -5.70    -17.70   7.500     75726.0
2024  5 13  7 49 00 000   -8.740    0.260   -2.180   -716.90     -3.40     -8.80   7.990     75474.0
2024  5 13  7 50 00 000   -8.910    0.430   -1.870   -716.90     -2.40     -9.10   7.650     65909.0
2024  5 13  7 51 00 000   -8.930    0.540   -1.740   -716.90     -2.20     -9.20   7.560     63393.0
2024  5 13  7 52 00 000   -8.880    0.580   -1.660   -716.30     -4.10    -10.00   7.870     64415.0
2024  5 13  7 53 00 000   -8.900    0.420   -1.690   -716.30     -4.10    -10.00   7.870     64415.0
2024  5 13  7 54 00 000   -8.860    0.460   -1.870   -715.30     -0.50    -12.20   7.800     65565.0
2024  5 13  7 55 00 000   -8.860    0.280   -2.050   -715.30     -0.50    -12.20   7.800     65565.0
2024  5 13  7 56 00 000   -8.870    0.450   -1.980   -715.50     -3.80    -12.50   7.860     63401.0
2024  5 13  7 57 00 000   -8.900    0.430   -1.970   -715.50     -4.10    -12.50   7.870     63197.0
2024  5 13  7 58 00 000   -8.820    0.250   -2.100   -714.60     -3.30    -12.10   8.010     65247.0
2024  5 13  7 59 00 000   -8.870    0.400   -1.920   -714.60     -3.30    -12.10   8.010     65247.0
2024  5 13  8  0 00 000   -8.920    0.430   -1.750   -714.90     -3.80    -11.90   7.500     58780.0
2024  5 13  8  1 00 000   -8.960    0.540   -1.310   -714.90     -3.80    -11.90   7.500     58793.0
2024  5 13  8  2 00 000   -8.990    0.670   -1.360   -714.90     -4.30    -12.90   7.580     60107.0
2024  5 13  8  3 00 000   -8.980    0.650   -1.570   -714.90     -4.30    -12.90   7.580     60107.0
2024  5 13  8  4 00 000   -8.980    0.690   -1.560   -713.60     -3.00    -13.80   7.610     57430.0
2024  5 13  8  5 00 000   -9.000    0.810   -0.890   -713.60     -3.00    -13.80   7.610     57430.0
2024  5 13  8  6 00 000   -8.940    0.560   -1.960   -712.60     -4.00    -18.60   7.860     61875.0
2024  5 13  8  7 00 000   -8.930    0.510   -2.110   -712.60     -4.00    -18.60   7.860     61875.0
2024  5 13  8  9 00 000   -8.950    0.730   -1.640   -713.10      2.30     -6.50   8.570     72805.0
2024  5 13  8 10 00 000   -8.970    1.080   -1.400   -712.80     -1.90    -12.70   8.240     61400.0
2024  5 13  8 11 00 000   -8.970    0.870   -1.570   -712.50     -6.40    -19.20   7.890     49292.0
2024  5 13  8 13 00 000   -9.060    0.650   -1.550   -711.80      0.40    -15.30   7.780     50251.0
2024  5 13  8 14 00 000   -9.070    0.540   -1.880   -711.80      0.40    -15.20   7.780     50189.0
2024  5 13  8 15 00 000   -9.070    0.850   -0.990   -710.20      0.60     -6.20   7.500     42038.0
2024  5 13  8 16 00 000   -9.110    0.800   -0.020   -711.80     -1.70     -1.90   7.810     51987.0
2024  5 13  8 17 00 000   -9.110    0.910   -0.230   -712.40     -2.50     -0.30   7.920     55618.0
2024  5 13  8 19 00 000   -9.160    1.060   -0.340   -710.50      0.80      1.00   7.450     54341.0
2024  5 13  8 20 00 000   -8.940    1.100    0.120   -710.50      0.80      1.00   7.450     54341.0
2024  5 13  8 21 00 000   -8.750    1.520    1.310   -711.00      0.60     -2.50   8.350     65446.0
2024  5 13  8 22 00 000   -8.770    1.490    1.200   -711.00      0.60     -2.50   8.350     65446.0
2024  5 13  8 24 00 000   -9.010    1.430    1.200   -711.00      8.70     -7.90   7.410     53295.0
2024  5 13  8 25 00 000   -9.010    1.590    0.790   -711.00      8.70     -7.90   7.410     53295.0
2024  5 13  8 26 00 000   -8.690    1.410    1.620   -715.20      1.80     -6.80   8.500     62461.0
2024  5 13  8 27 00 000   -7.840    1.260    3.790   -713.90      4.80     -5.50   8.290     59307.0
2024  5 13  8 30 00 000   -6.800    1.540    5.120   -720.20      5.80      4.50   9.230     95161.0
2024  5 13  8 31 00 000   -7.170    1.560    4.540   -718.40      5.00      0.50   9.070     83234.0
2024  5 13  8 32 00 000   -7.150    1.600    4.500   -715.90      3.90     -5.00   8.840     66806.0
2024  5 13  8 33 00 000   -7.250    1.760    4.210   -713.00      2.40     -2.50   8.990     65042.0
2024  5 13  8 34 00 000   -7.180    1.680    4.320   -712.90      2.40     -2.50   8.990     65009.0
2024  5 13  8 35 00 000   -6.850    1.680    4.640   -712.90      2.40     -2.50   8.990     65009.0
2024  5 13  8 36 00 000   -6.830    1.300    4.810   -713.30      4.80      0.00   8.910     60949.0
2024  5 13  8 37 00 000   -6.810    1.600    4.410   -713.30      4.80      0.00   8.910     60949.0
2024  5 13  8 38 00 000   -6.690    1.720    4.570   -714.30      7.30      3.20  10.090     66726.0
2024  5 13  8 39 00 000   -6.710    1.770    4.550   -714.30      7.30      3.20  10.090     66726.0
2024  5 13  8 40 00 000   -6.860    1.880    4.400   -713.80      6.60      2.90   9.860     65145.0
2024  5 13  8 41 00 000   -7.130    1.650    4.320   -712.20      4.80      2.20   9.220     60681.0
2024  5 13  8 42 00 000   -7.450    1.430    4.160   -712.20      4.80      2.20   9.220     60681.0
2024  5 13  8 43 00 000   -7.470    1.510    4.240   -710.50      6.40     -0.70   8.850     59006.0
2024  5 13  8 44 00 000   -7.130    1.470    4.560   -710.50      6.40     -0.70   8.850     59006.0
2024  5 13  8 45 00 000   -7.100    1.230    4.440   -713.90      4.50     12.30   9.580     61759.0
2024  5 13  8 46 00 000   -7.240    1.360    4.150   -713.90      4.50     12.30   9.580     61759.0
2024  5 13  8 47 00 000   -7.350    1.340    4.140   -712.30      7.40      4.00   9.230     55728.0
2024  5 13  8 48 00 000   -7.350    1.410    4.020   -712.30      7.40      4.00   9.230     55728.0
2024  5 13  8 49 00 000   -7.390    1.440    3.980   -712.30      7.40      4.00   9.230     55728.0
2024  5 13  8 50 00 000   -7.370    1.420    3.920   -711.60      7.20      5.00   9.470     56576.0
2024  5 13  8 51 00 000   -7.300    1.390    3.950   -711.60      7.20      5.00   9.470     56576.0
2024  5 13  8 54 00 000   -7.100    1.410    3.890   -712.00      2.90     15.90  10.530     58216.0
2024  5 13  8 55 00 000   -7.100    1.430    3.890   -712.00      2.90     15.90  10.530     58216.0
2024  5 13  8 56 00 000   -6.980    1.460    4.060   -710.70      2.90     18.40  10.580     59727.0
2024  5 13  8 57 00 000   -6.990    1.560    3.980   -710.70      2.90     18.40  10.580     59727.0
2024  5 13  8 58 00 000   -7.070    1.440    3.880   -710.70      2.90     18.40  10.580     59727.0
2024  5 13  9  2 00 000   -7.200    1.260    3.610   -708.70     15.10     10.40  10.610     57281.0
2024  5 13  9  3 00 000   -7.110    1.240    3.780   -708.70     15.10     10.40  10.610     57281.0
2024  5 13  9  5 00 000   -7.220    1.370    4.000   -706.90     15.80     15.30  10.400     57207.0
2024  5 13  9  6 00 000   -7.050    1.240    4.310   -706.90     15.80     15.30  10.400     57207.0
2024  5 13  9  7 00 000   -7.100    1.200    4.230   -706.90     15.80     15.30  10.400     57207.0
2024  5 13  9  8 00 000   -7.250    1.210    4.120   -705.80     14.20     14.10  10.210     55735.0
2024  5 13  9  9 00 000   -7.690    1.390    4.110   -703.40      6.40     10.50   9.260     50966.0
2024  5 13  9 10 00 000   -7.670    1.370    4.130   -703.30      6.20     11.70   9.030     52399.0
2024  5 13  9 11 00 000   -7.710    1.520    3.980   -704.50     11.50     18.10   9.140     65643.0
2024  5 13  9 12 00 000   -7.790    1.610    4.100   -702.20      2.90     10.00   8.580     51328.0
2024  5 13  9 13 00 000   -7.910    1.090    4.250   -704.20     13.20     13.20   9.100     53775.0
2024  5 13  9 14 00 000   -8.020    1.060    4.140   -697.80      5.60      4.80   6.850     44462.0
2024  5 13  9 15 00 000   -7.990    1.210    4.180   -696.80      7.70      5.90   6.960     43217.0
2024  5 13  9 16 00 000   -8.310    1.210    4.200   -700.40      7.30      8.00   8.080     47183.0
2024  5 13  9 17 00 000   -8.320    1.380    4.170   -698.80     -1.50      2.90   7.490     42271.0
2024  5 13  9 18 00 000   -8.220    1.290    4.260   -700.90     -2.00      5.50   7.890     40246.0
2024  5 13  9 19 00 000   -8.160    1.090    4.040   -698.70     -0.30      4.90   7.790     39408.0
2024  5 13  9 20 00 000   -8.190    1.090    4.060   -700.00      3.20      6.20   8.270     41899.0
2024  5 13  9 21 00 000   -8.140    1.060    4.050   -699.20      3.00      7.40   8.100     44552.0
2024  5 13  9 22 00 000   -8.160    0.930    4.080   -698.40      1.30      5.50   8.210     42262.0
2024  5 13  9 23 00 000   -8.100    0.780    4.080   -701.40      4.90      8.30   8.590     40834.0
2024  5 13  9 24 00 000   -7.770    1.350    4.630   -699.40      5.00      6.30   8.650     45289.0
2024  5 13  9 25 00 000   -7.810    1.280    4.660   -701.10      3.50      5.60   8.470     46217.0
2024  5 13  9 26 00 000   -8.050    0.680    4.140   -703.50      3.80      5.00   8.450     44020.0
2024  5 13  9 27 00 000   -7.940    0.740    4.310   -701.40     10.40      8.50   8.150     42505.0
2024  5 13  9 28 00 000   -8.060    0.890    4.240   -694.50     -2.30      0.40   7.520     38930.0
2024  5 13  9 29 00 000   -8.110    0.700    4.080   -693.80     -3.00      0.30   7.340     37099.0
2024  5 13  9 30 00 000   -8.040    0.960    4.250   -689.80      4.30      3.40   7.670     37617.0
2024  5 13  9 31 00 000   -7.940    1.220    4.190   -695.30      6.70      6.50   7.940     40248.0
2024  5 13  9 32 00 000   -7.670    0.860    4.230   -698.00      8.00      7.10   8.080     41227.0
2024  5 13  9 34 00 000   -7.250    1.100    4.680   -690.00     -5.80     -0.80   7.580     41435.0
2024  5 13  9 35 00 000   -7.320    1.360    4.560   -690.90     -7.10      2.00   7.530     45950.0
2024  5 13  9 36 00 000   -7.320    1.200    4.640   -691.80     -8.60      5.10   7.470     50880.0
2024  5 13  9 37 00 000   -7.320    1.240    4.600   -690.00     -6.00      0.40   7.670     40459.0
2024  5 13  9 38 00 000   -7.490    1.170    4.590   -690.00     -6.00      0.40   7.670     40459.0
2024  5 13  9 39 00 000   -7.190    1.100    4.830   -689.50     -5.40      2.40   5.960     53629.0
2024  5 13  9 40 00 000   -7.750    0.900    4.270   -689.40     -5.50      0.80   6.300     49750.0
2024  5 13  9 41 00 000   -7.380    1.000    4.480   -689.30     -5.70     -3.70   7.420     37450.0
2024  5 13  9 44 00 000   -7.220    0.630    4.570   -691.00      1.00      3.90   7.160     45123.0
2024  5 13  9 46 00 000   -5.940    1.310    5.580   -691.00      1.00      3.90   7.160     45123.0
2024  5 13  9 47 00 000   -6.210    1.810    5.270   -687.80     -3.60      4.30   6.960     69938.0
2024  5 13  9 49 00 000   -6.340    2.220    5.010   -687.80     -3.60      4.30   6.960     69938.0
2024  5 13  9 54 00 000   -6.450    1.690    5.150   -687.00     -7.20     -0.10   7.600     61565.0
2024  5 13  9 55 00 000   -6.450    1.690    5.150   -687.00     -7.20     -0.10   7.600     61565.0
2024  5 13  9 56 00 000   -6.860    1.100    4.750   -687.00     -7.20     -0.10   7.600     61565.0
2024  5 13 10  3 00 000   -4.170    2.720    6.870   -680.30      4.10    -19.70   6.260     72470.0
2024  5 13 10  4 00 000   -4.370    2.760    6.680   -680.30      4.10    -19.70   6.260     72470.0
2024  5 13 10 10 00 000   -4.680    0.570    7.060   -677.70     -3.10     -2.60   6.970    100218.0
2024  5 13 10 11 00 000   -4.650    0.640    7.050   -677.70     -3.10     -2.60   6.970    100218.0
2024  5 13 10 12 00 000   -4.110    1.900    6.920   -677.70     -3.10     -2.60   6.970    100218.0
2024  5 13 10 18 00 000   -6.250    2.460    5.990   -684.20      3.60      6.00   6.370     53295.0
2024  5 13 10 19 00 000   -6.820    1.610    5.630   -684.20      3.60      6.00   6.370     53295.0
2024  5 13 10 24 00 000   -6.470    2.190    5.450   -676.40      0.40      4.20   8.340     71344.0
2024  5 13 10 25 00 000   -6.800    2.260    4.930   -676.40      0.40      4.20   8.340     71344.0
2024  5 13 10 26 00 000   -6.050    2.820    5.670   -676.40      0.40      4.20   8.340     71344.0
2024  5 13 10 30 00 000   -5.630    2.620    5.960   -679.60      0.80      4.80   7.760     56096.0
2024  5 13 10 31 00 000   -6.100    3.260    5.250   -679.60      0.80      4.80   7.760     56096.0
2024  5 13 10 34 00 000   -4.890    3.150    5.680   -683.00      4.30     12.30   6.260     80409.0
2024  5 13 10 35 00 000   -5.130    3.320    5.470   -683.70      3.50     11.60   6.030     74992.0
2024  5 13 10 36 00 000   -4.760    2.920    5.690   -686.40      2.40     10.60   6.250     55250.0
2024  5 13 10 37 00 000   -4.860    3.120    5.770   -686.60      6.40     15.00   8.270     65730.0
2024  5 13 10 39 00 000   -4.370    3.420    5.690   -682.30     -7.00     10.30   9.330     78670.0
2024  5 13 10 40 00 000   -3.700    3.620    5.710   -684.50     -2.50      3.60   7.700     64756.0
2024  5 13 10 41 00 000   -3.140    3.420    5.940   -684.50      3.10      4.30   6.350     54349.0
2024  5 13 10 42 00 000   -3.150    3.260    6.190   -678.00      3.90     14.20   8.620     76880.0
2024  5 13 10 43 00 000   -3.460    3.250    6.030   -673.60      2.60     17.10  10.880     97916.0
2024  5 13 10 44 00 000   -3.410    3.620    5.610   -676.00      9.20     18.80   7.990     69856.0
2024  5 13 10 45 00 000   -4.530    3.240    5.720   -676.00      9.20     18.80   7.990     69856.0
2024  5 13 10 46 00 000   -4.010    3.730    5.100   -681.50      5.00     11.00   6.810     68182.0
2024  5 13 10 47 00 000   -4.550    3.080    5.420   -689.20      3.00      6.70   6.730     73979.0
2024  5 13 10 48 00 000   -4.820    3.210    5.350   -690.10      3.50      5.30   6.600     73051.0
2024  5 13 10 50 00 000   -5.990    3.480    4.510   -677.20      3.60      3.30   5.630     53613.0
2024  5 13 10 51 00 000   -6.240    3.210    4.030   -674.90     -4.90      7.50   6.190     45546.0
2024  5 13 10 52 00 000   -6.000    2.830    4.460   -679.50     13.00     10.00   6.950     59632.0
2024  5 13 10 53 00 000   -5.950    2.620    4.390   -677.80      6.40      7.60   6.630     52300.0
2024  5 13 10 54 00 000   -6.040    2.700    4.460   -678.40      1.20      4.90   6.210     56190.0
2024  5 13 10 55 00 000   -5.910    2.840    4.530   -682.40      8.00      5.10   6.190     74664.0
2024  5 13 10 56 00 000   -5.750    2.970    4.650   -675.60    -13.90     17.00   6.280     45753.0
2024  5 13 10 57 00 000   -5.190    3.180    4.470   -675.60    -11.90     16.10   6.260     46446.0
2024  5 13 10 58 00 000   -5.130    2.990    3.970   -675.30      5.50      8.30   6.050     52579.0
2024  5 13 10 59 00 000   -5.210    3.100    4.170   -683.10      3.20     14.90   8.360     94614.0
2024  5 13 11  0 00 000   -5.450    2.880    4.560   -680.80      4.00     12.70   7.360     77327.0
2024  5 13 11  1 00 000   -5.220    3.440    3.600   -676.90     -1.60      9.00   6.450     60361.0
2024  5 13 11  2 00 000   -5.280    3.610    3.440   -676.40    -11.30      8.20   7.130     70474.0
2024  5 13 11  3 00 000   -5.550    3.570    3.770   -678.40     -0.10      6.00   5.650     40772.0
2024  5 13 11  4 00 000   -5.610    3.620    3.490   -678.40     -0.10      6.00   5.650     40772.0
2024  5 13 11  5 00 000   -5.270    3.860    3.430   -678.40     -0.10      6.00   5.650     40772.0
2024  5 13 11  6 00 000   -5.620    3.820    3.370   -682.70     -9.50     17.10   6.170     53907.0
2024  5 13 11  7 00 000   -5.580    3.590    3.120   -682.70     -9.50     17.10   6.170     53907.0
2024  5 13 11  8 00 000   -5.930    3.250    3.040   -682.70     -9.50     17.10   6.170     53907.0
2024  5 13 11  9 00 000   -5.050    2.800    3.100   -685.20    -14.60     20.30   6.410     49279.0
2024  5 13 11 10 00 000   -3.580    3.530    4.270   -685.20    -14.60     20.30   6.410     49279.0
2024  5 13 11 13 00 000   -1.200    4.830    4.800   -692.10     -8.20      7.30   7.140     82601.0
2024  5 13 11 14 00 000    0.930    4.970    4.970   -692.10     -8.20      7.30   7.140     82601.0
2024  5 13 11 15 00 000    0.900    4.930    4.910   -692.10     -8.20      7.30   7.140     82601.0
2024  5 13 11 17 00 000    3.930    4.360    3.030   -678.70     -3.00     19.20   5.950     67977.0
2024  5 13 11 18 00 000    5.660    3.240    2.120   -678.70     -3.00     19.20   5.950     67977.0
2024  5 13 11 20 00 000    5.150    3.500    2.860   -672.10     -9.70     17.10   5.300     69979.0
2024  5 13 11 21 00 000    5.210    3.220    2.620   -672.10     -9.70     17.10   5.300     69979.0
2024  5 13 11 22 00 000    5.230    2.960    2.520   -656.50     -2.80      2.00   6.250     65009.0
2024  5 13 11 23 00 000    5.190    1.910    1.610   -656.50     -2.80      2.00   6.250     65009.0
2024  5 13 11 24 00 000    5.170    0.720    0.190   -656.50     -2.80      2.00   6.250     65009.0
2024  5 13 11 25 00 000    4.730    1.560    1.780   -675.20      9.20      9.90   5.980    110878.0
2024  5 13 11 26 00 000    4.550    2.250    2.480   -675.20      9.20      9.90   5.980    110878.0
2024  5 13 11 27 00 000    3.230    2.540    3.010   -675.20      9.20      9.90   5.980    110878.0
2024  5 13 11 28 00 000    4.740    2.090    1.850   -668.20    -14.70     22.80   7.440     82422.0
2024  5 13 11 29 00 000    4.610    1.810    1.870   -668.20    -14.70     22.80   7.440     82422.0
2024  5 13 11 30 00 000    0.550    2.400    4.510   -662.50     16.10      9.40   7.770     98014.0
2024  5 13 11 31 00 000    1.370    2.370    3.680   -662.50     16.10      9.40   7.770     98014.0
2024  5 13 11 32 00 000    3.980    1.730    2.030   -662.50     16.10      9.40   7.770     98014.0
2024  5 13 11 33 00 000    5.040    0.630    0.150   -670.50      0.00     15.90   7.450     98892.0
2024  5 13 11 34 00 000    4.790    0.710    0.070   -670.50      0.00     15.90   7.450     98892.0
2024  5 13 11 36 00 000    4.750    0.420   -0.850   -667.50     16.20     17.70   7.420     91973.0
2024  5 13 11 37 00 000    5.340   -0.180   -1.650   -667.50     16.20     17.70   7.420     91973.0
2024  5 13 11 38 00 000    5.000   -0.720   -3.110   -674.60     21.20     24.30   6.350     83183.0
2024  5 13 11 39 00 000    5.460   -0.850   -1.340   -674.60     21.20     24.30   6.350     83183.0
2024  5 13 11 40 00 000    5.440   -0.250    0.140   -672.40     14.70     18.20   6.630     82568.0
2024  5 13 11 41 00 000    5.350   -0.260    1.020   -671.90     13.20     16.70   6.700     82422.0
2024  5 13 11 42 00 000    5.100    0.050    1.310   -671.90     13.20     16.70   6.700     82422.0
2024  5 13 11 43 00 000    5.150   -0.020    0.600   -672.40      9.00     21.20   6.620    103094.0
2024  5 13 11 44 00 000    5.000   -0.830   -0.390   -672.40      9.00     21.20   6.620    103094.0
2024  5 13 11 45 00 000    4.330   -2.170   -2.140   -672.40      9.00     21.20   6.620    103094.0
2024  5 13 11 46 00 000    4.930   -1.330   -1.950   -666.60     17.90     16.60   6.060     72763.0
2024  5 13 11 47 00 000    5.600    0.180   -1.370   -666.60     17.90     16.60   6.060     72763.0
2024  5 13 11 48 00 000    5.970    0.460    0.380   -666.60     17.90     16.60   6.060     72763.0
2024  5 13 11 49 00 000    6.090    0.320    1.720   -664.40      9.80     17.70   6.550     84716.0
2024  5 13 11 50 00 000    5.180    0.910    3.170   -664.40      9.80     17.70   6.550     84716.0
2024  5 13 11 51 00 000    4.060    1.350    3.570   -664.00     11.90     16.70   7.020     76618.0
2024  5 13 11 52 00 000    1.880    1.570    2.940   -663.80     12.70     16.40   7.190     73774.0
2024  5 13 11 53 00 000   -0.150    3.180    4.750   -669.90     13.50     19.90   7.230     55271.0
2024  5 13 11 54 00 000   -1.560    2.730    4.680   -672.20     13.80     21.20   7.250     48180.0
2024  5 13 11 55 00 000   -1.870    1.820    4.730   -672.20     13.80     21.20   7.250     48180.0
2024  5 13 11 56 00 000   -1.650    1.740    4.750   -656.10      3.90     22.20   7.130     50735.0
2024  5 13 11 57 00 000   -1.840    1.160    4.900   -649.10      0.90     16.10   6.950     49421.0
2024  5 13 11 58 00 000   -2.640    0.720    4.930   -636.00     -4.60      4.90   6.630     46959.0
2024  5 13 11 59 00 000   -3.130    1.820    4.700   -644.50      3.70      8.10   5.210     43250.0
