t,alt_km,lat_deg,lon_deg,density_kg_m3
2024-05-10T12:00:00Z,491.761,-14.959,-104.679,5.291733e-13
2024-05-10T12:01:00Z,491.049,-11.127,-104.857,5.448359e-13
2024-05-10T12:02:00Z,490.448,-7.294,-105.038,5.650129e-13
2024-05-10T12:03:00Z,489.968,-3.459,-105.219,5.740085e-13
2024-05-10T12:04:00Z,489.614,0.376,-105.402,5.848283e-13
2024-05-10T12:05:00Z,489.387,4.212,-105.584,6.148844e-13
2024-05-10T12:06:00Z,489.288,8.047,-105.765,6.395083e-13
2024-05-10T12:07:00Z,489.314,11.882,-105.945,6.682303e-13
2024-05-10T12:08:00Z,489.459,15.716,-106.124,6.815972e-13
2024-05-10T12:09:00Z,489.715,19.549,-106.299,6.912901e-13
2024-05-10T12:10:00Z,490.071,23.380,-106.471,6.878685e-13
2024-05-10T12:11:00Z,490.515,27.210,-106.638,6.909284e-13
2024-05-10T12:12:00Z,491.033,31.037,-106.799,6.750322e-13
2024-05-10T12:13:00Z,491.608,34.861,-106.953,6.872335e-13
2024-05-10T12:14:00Z,492.222,38.683,-107.097,7.481368e-13
2024-05-10T12:15:00Z,492.858,42.503,-107.229,7.946754e-13
2024-05-10T12:16:00Z,493.498,46.319,-107.346,8.240129e-13
2024-05-10T12:17:00Z,494.121,50.133,-107.443,9.311902e-13
2024-05-10T12:18:00Z,494.709,53.944,-107.513,1.011944e-12
2024-05-10T12:19:00Z,495.245,57.752,-107.548,9.891759e-13
2024-05-10T12:20:00Z,495.711,61.558,-107.531,1.116803e-12
2024-05-10T12:21:00Z,496.091,65.361,-107.440,1.006650e-12
2024-05-10T12:22:00Z,496.372,69.160,-107.233,1.060016e-12
2024-05-10T12:23:00Z,496.540,72.957,-106.833,1.072375e-12
2024-05-10T12:24:00Z,496.584,76.749,-106.074,1.146183e-12
2024-05-10T12:25:00Z,496.497,80.533,-104.526,1.172096e-12
2024-05-10T12:26:00Z,496.272,84.296,-100.625,1.333370e-12
2024-05-10T12:27:00Z,495.906,87.919,-81.731,1.487769e-12
2024-05-10T12:28:00Z,495.398,87.764,41.354,1.580611e-12
2024-05-10T12:29:00Z,494.752,84.121,58.333,1.581833e-12
2024-05-10T12:30:00Z,493.970,80.354,62.039,1.630682e-12
2024-05-10T12:31:00Z,493.063,76.566,63.532,1.628262e-12
2024-05-10T12:32:00Z,492.039,72.769,64.268,1.803111e-12
2024-05-10T12:33:00Z,490.912,68.967,64.657,1.835195e-12
2024-05-10T12:34:00Z,489.696,65.161,64.857,1.848020e-12
2024-05-10T12:35:00Z,488.408,61.350,64.944,1.885024e-12
2024-05-10T12:36:00Z,487.068,57.536,64.958,1.914334e-12
2024-05-10T12:37:00Z,485.693,53.718,64.922,1.968798e-12
2024-05-10T12:38:00Z,484.307,49.897,64.850,2.035678e-12
2024-05-10T12:39:00Z,482.931,46.071,64.752,2.127455e-12
2024-05-10T12:40:00Z,481.588,42.242,64.634,2.201308e-12
2024-05-10T12:41:00Z,480.298,38.410,64.501,2.270660e-12
2024-05-10T12:42:00Z,479.086,34.574,64.356,2.342654e-12
2024-05-10T12:43:00Z,477.970,30.735,64.202,2.377158e-12
2024-05-10T12:44:00Z,476.971,26.893,64.041,2.412960e-12
2024-05-10T12:45:00Z,476.108,23.048,63.874,2.437577e-12
2024-05-10T12:46:00Z,475.396,19.201,63.702,2.452544e-12
2024-05-10T12:47:00Z,474.851,15.352,63.527,2.440652e-12
2024-05-10T12:48:00Z,474.484,11.501,63.348,2.404803e-12
2024-05-10T12:49:00Z,474.304,7.649,63.168,2.403731e-12
2024-05-10T12:50:00Z,474.318,3.797,62.987,2.404611e-12
2024-05-10T12:51:00Z,474.529,-0.056,62.805,2.451233e-12
2024-05-10T12:52:00Z,474.937,-3.908,62.623,2.470011e-12
2024-05-10T12:53:00Z,475.538,-7.759,62.442,2.501003e-12
2024-05-10T12:54:00Z,476.327,-11.609,62.262,2.469568e-12
2024-05-10T12:55:00Z,477.294,-15.457,62.084,2.436553e-12
2024-05-10T12:56:00Z,478.427,-19.303,61.908,2.377786e-12
2024-05-10T12:57:00Z,479.713,-23.147,61.737,2.288420e-12
2024-05-10T12:58:00Z,481.132,-26.987,61.569,2.171887e-12
2024-05-10T12:59:00Z,482.668,-30.824,61.408,2.027384e-12
2024-05-10T13:00:00Z,484.299,-34.658,61.254,1.870310e-12
2024-05-10T13:01:00Z,486.002,-38.487,61.109,1.752159e-12
2024-05-10T13:02:00Z,487.755,-42.313,60.976,1.655885e-12
2024-05-10T13:03:00Z,489.534,-46.135,60.858,1.588218e-12
2024-05-10T13:04:00Z,491.314,-49.953,60.760,1.474713e-12
2024-05-10T13:05:00Z,493.072,-53.766,60.688,1.345284e-12
2024-05-10T13:06:00Z,494.785,-57.576,60.652,1.232863e-12
2024-05-10T13:07:00Z,496.429,-61.381,60.665,1.167178e-12
2024-05-10T13:08:00Z,497.984,-65.183,60.752,1.118787e-12
2024-05-10T13:09:00Z,499.430,-68.980,60.951,9.894840e-13
2024-05-10T13:10:00Z,500.750,-72.773,61.337,1.081270e-12
2024-05-10T13:11:00Z,501.927,-76.560,62.069,1.305192e-12
2024-05-10T13:12:00Z,502.949,-80.338,63.552,1.174036e-12
2024-05-10T13:13:00Z,503.804,-84.095,67.218,1.036604e-12
2024-05-10T13:14:00Z,504.486,-87.732,83.802,8.695606e-13
2024-05-10T13:15:00Z,504.990,-87.960,-153.271,7.886950e-13
2024-05-10T13:16:00Z,505.313,-84.352,-133.855,7.382017e-13
2024-05-10T13:17:00Z,505.455,-80.600,-129.901,7.346778e-13
2024-05-10T13:18:00Z,505.422,-76.825,-128.336,6.920824e-13
2024-05-10T13:19:00Z,505.218,-73.043,-127.571,6.562115e-13
2024-05-10T13:20:00Z,504.852,-69.256,-127.167,6.445404e-13
2024-05-10T13:21:00Z,504.336,-65.466,-126.958,6.412282e-13
2024-05-10T13:22:00Z,503.684,-61.672,-126.865,6.260011e-13
2024-05-10T13:23:00Z,502.910,-57.875,-126.848,6.274097e-13
2024-05-10T13:24:00Z,502.032,-54.075,-126.882,6.497816e-13
2024-05-10T13:25:00Z,501.068,-50.272,-126.951,6.568802e-13
2024-05-10T13:26:00Z,500.038,-46.466,-127.048,6.650430e-13
2024-05-10T13:27:00Z,498.962,-42.657,-127.165,6.645626e-13
2024-05-10T13:28:00Z,497.861,-38.844,-127.297,6.405054e-13
2024-05-10T13:29:00Z,496.757,-35.028,-127.441,6.009331e-13
2024-05-10T13:30:00Z,495.668,-31.209,-127.595,5.827287e-13
2024-05-10T13:31:00Z,494.615,-27.387,-127.756,5.677493e-13
2024-05-10T13:32:00Z,493.617,-23.562,-127.923,5.704002e-13
2024-05-10T13:33:00Z,492.689,-19.734,-128.094,5.800652e-13
2024-05-10T13:34:00Z,491.848,-15.904,-128.270,5.885548e-13
2024-05-10T13:35:00Z,491.107,-12.073,-128.448,6.120546e-13
2024-05-10T13:36:00Z,490.476,-8.240,-128.628,6.254152e-13
2024-05-10T13:37:00Z,489.963,-4.405,-128.810,6.307116e-13
2024-05-10T13:38:00Z,489.576,-0.570,-128.992,6.396145e-13
2024-05-10T13:39:00Z,489.317,3.266,-129.174,6.449249e-13
2024-05-10T13:40:00Z,489.186,7.101,-129.356,6.646183e-13
2024-05-10T13:41:00Z,489.181,10.937,-129.537,6.849756e-13
2024-05-10T13:42:00Z,489.297,14.771,-129.715,7.032419e-13
2024-05-10T13:43:00Z,489.528,18.604,-129.892,7.256624e-13
2024-05-10T13:44:00Z,489.862,22.436,-130.064,7.420628e-13
2024-05-10T13:45:00Z,490.288,26.266,-130.233,7.520961e-13
2024-05-10T13:46:00Z,490.792,30.094,-130.396,7.611198e-13
2024-05-10T13:47:00Z,491.358,33.919,-130.552,7.760338e-13
2024-05-10T13:48:00Z,491.969,37.742,-130.698,8.058396e-13
2024-05-10T13:49:00Z,492.607,41.562,-130.834,7.775338e-13
2024-05-10T13:50:00Z,493.254,45.379,-130.956,7.938610e-13
2024-05-10T13:51:00Z,493.889,49.194,-131.058,8.429797e-13
2024-05-10T13:52:00Z,494.495,53.006,-131.136,8.753593e-13
2024-05-10T13:53:00Z,495.052,56.815,-131.181,8.742675e-13
2024-05-10T13:54:00Z,495.544,60.621,-131.179,9.432653e-13
2024-05-10T13:55:00Z,495.954,64.424,-131.110,1.108938e-12
2024-05-10T13:56:00Z,496.266,68.225,-130.937,8.995368e-13
2024-05-10T13:57:00Z,496.468,72.023,-130.596,9.572929e-13
2024-05-10T13:58:00Z,496.549,75.816,-129.951,1.028458e-12
2024-05-10T13:59:00Z,496.500,79.603,-128.671,1.057559e-12
2024-05-10T14:00:00Z,496.315,83.374,-125.669,1.116309e-12
2024-05-10T14:01:00Z,495.989,87.069,-114.369,1.261340e-12
2024-05-10T14:02:00Z,495.521,88.533,0.868,1.269432e-12
2024-05-10T14:03:00Z,494.914,85.040,32.892,1.184580e-12
2024-05-10T14:04:00Z,494.170,81.285,37.819,1.128280e-12
2024-05-10T14:05:00Z,493.298,77.500,39.634,1.309873e-12
2024-05-10T14:06:00Z,492.306,73.705,40.500,1.556539e-12
2024-05-10T14:07:00Z,491.208,69.904,40.952,1.681433e-12
2024-05-10T14:08:00Z,490.016,66.098,41.189,1.759686e-12
2024-05-10T14:09:00Z,488.748,62.289,41.299,1.839946e-12
2024-05-10T14:10:00Z,487.422,58.476,41.328,1.911851e-12
2024-05-10T14:11:00Z,486.057,54.659,41.302,1.996041e-12
2024-05-10T14:12:00Z,484.675,50.838,41.237,2.082855e-12
2024-05-10T14:13:00Z,483.296,47.014,41.145,2.161011e-12
2024-05-10T14:14:00Z,481.944,43.186,41.031,2.230715e-12
2024-05-10T14:15:00Z,480.640,39.354,40.902,2.291413e-12
2024-05-10T14:16:00Z,479.405,35.519,40.759,2.345260e-12
2024-05-10T14:17:00Z,478.263,31.681,40.607,2.380782e-12
2024-05-10T14:18:00Z,477.232,27.839,40.447,2.411423e-12
2024-05-10T14:19:00Z,476.332,23.995,40.281,2.419300e-12
2024-05-10T14:20:00Z,475.579,20.148,40.110,2.426135e-12
2024-05-10T14:21:00Z,474.988,16.300,39.936,2.413510e-12
2024-05-10T14:22:00Z,474.572,12.449,39.758,2.424997e-12
2024-05-10T14:23:00Z,474.341,8.598,39.578,2.455044e-12
2024-05-10T14:24:00Z,474.301,4.746,39.397,2.452335e-12
2024-05-10T14:25:00Z,474.457,0.893,39.215,2.448502e-12
2024-05-10T14:26:00Z,474.810,-2.959,39.033,2.495912e-12
2024-05-10T14:27:00Z,475.357,-6.811,38.851,2.497152e-12
2024-05-10T14:28:00Z,476.094,-10.661,38.671,2.460738e-12
2024-05-10T14:29:00Z,477.011,-14.510,38.492,2.392495e-12
2024-05-10T14:30:00Z,478.098,-18.357,38.316,2.295146e-12
2024-05-10T14:31:00Z,479.342,-22.201,38.143,2.193546e-12
2024-05-10T14:32:00Z,480.724,-26.042,37.974,2.084135e-12
2024-05-10T14:33:00Z,482.228,-29.880,37.811,1.975379e-12
2024-05-10T14:34:00Z,483.832,-33.714,37.655,1.864911e-12
2024-05-10T14:35:00Z,485.515,-37.545,37.508,1.737986e-12
2024-05-10T14:36:00Z,487.253,-41.372,37.371,1.610043e-12
2024-05-10T14:37:00Z,489.023,-45.195,37.249,1.511168e-12
2024-05-10T14:38:00Z,490.801,-49.014,37.146,1.420961e-12
2024-05-10T14:39:00Z,492.563,-52.828,37.066,1.303083e-12
2024-05-10T14:40:00Z,494.285,-56.639,37.020,1.171435e-12
2024-05-10T14:41:00Z,495.944,-60.445,37.019,1.044745e-12
2024-05-10T14:42:00Z,497.520,-64.248,37.084,9.114356e-13
2024-05-10T14:43:00Z,498.992,-68.046,37.250,8.171076e-13
2024-05-10T14:44:00Z,500.342,-71.840,37.579,7.649092e-13
2024-05-10T14:45:00Z,501.553,-75.629,38.202,7.965038e-13
2024-05-10T14:46:00Z,502.613,-79.410,39.432,8.721464e-13
2024-05-10T14:47:00Z,503.509,-83.175,42.273,7.857933e-13
2024-05-10T14:48:00Z,504.234,-86.872,52.487,8.530173e-13
2024-05-10T14:49:00Z,504.781,-88.682,162.462,9.114261e-13
2024-05-10T14:50:00Z,505.148,-85.265,-159.457,8.024618e-13
2024-05-10T14:51:00Z,505.335,-81.525,-154.155,6.792504e-13
2024-05-10T14:52:00Z,505.345,-77.754,-152.247,6.661240e-13
2024-05-10T14:53:00Z,505.183,-73.973,-151.346,7.024415e-13
2024-05-10T14:54:00Z,504.858,-70.187,-150.875,6.711422e-13
2024-05-10T14:55:00Z,504.380,-66.397,-150.629,6.520459e-13
2024-05-10T14:56:00Z,503.762,-62.604,-150.513,6.186466e-13
2024-05-10T14:57:00Z,503.020,-58.808,-150.480,5.755182e-13
2024-05-10T14:58:00Z,502.169,-55.009,-150.503,5.473293e-13
2024-05-10T14:59:00Z,501.229,-51.206,-150.565,5.491822e-13
2024-05-10T15:00:00Z,500.217,-47.401,-150.656,5.642365e-13
2024-05-10T15:01:00Z,499.155,-43.592,-150.769,5.710775e-13
2024-05-10T15:02:00Z,498.064,-39.780,-150.897,5.771791e-13
2024-05-10T15:03:00Z,496.963,-35.965,-151.039,5.755152e-13
2024-05-10T15:04:00Z,495.874,-32.146,-151.191,5.594108e-13
2024-05-10T15:05:00Z,494.815,-28.325,-151.350,5.560061e-13
2024-05-10T15:06:00Z,493.807,-24.501,-151.516,5.676209e-13
2024-05-10T15:07:00Z,492.866,-20.674,-151.687,5.643450e-13
2024-05-10T15:08:00Z,492.008,-16.844,-151.861,5.868461e-13
2024-05-10T15:09:00Z,491.246,-13.013,-152.039,6.347411e-13
2024-05-10T15:10:00Z,490.592,-9.180,-152.219,6.588923e-13
2024-05-10T15:11:00Z,490.056,-5.346,-152.400,6.791831e-13
2024-05-10T15:12:00Z,489.642,-1.511,-152.583,7.246675e-13
2024-05-10T15:13:00Z,489.356,2.325,-152.765,7.581881e-13
2024-05-10T15:14:00Z,489.199,6.160,-152.947,7.674930e-13
2024-05-10T15:15:00Z,489.168,9.996,-153.128,7.621132e-13
2024-05-10T15:16:00Z,489.259,13.830,-153.308,7.626833e-13
2024-05-10T15:17:00Z,489.465,17.664,-153.485,7.553828e-13
2024-05-10T15:18:00Z,489.778,21.496,-153.658,7.423300e-13
2024-05-10T15:19:00Z,490.185,25.326,-153.828,7.383531e-13
2024-05-10T15:20:00Z,490.673,29.155,-153.993,7.522027e-13
2024-05-10T15:21:00Z,491.227,32.981,-154.151,7.575520e-13
2024-05-10T15:22:00Z,491.829,36.804,-154.300,7.659051e-13
2024-05-10T15:23:00Z,492.463,40.625,-154.439,8.014623e-13
2024-05-10T15:24:00Z,493.109,44.443,-154.564,8.052264e-13
2024-05-10T15:25:00Z,493.748,48.258,-154.672,7.996257e-13
2024-05-10T15:26:00Z,494.362,52.071,-154.757,7.846744e-13
2024-05-10T15:27:00Z,494.932,55.881,-154.812,7.845136e-13
2024-05-10T15:28:00Z,495.440,59.687,-154.823,8.708692e-13
2024-05-10T15:29:00Z,495.870,63.492,-154.773,8.641628e-13
2024-05-10T15:30:00Z,496.205,67.293,-154.631,1.041867e-12
2024-05-10T15:31:00Z,496.433,71.091,-154.341,1.098533e-12
2024-05-10T15:32:00Z,496.542,74.886,-153.792,9.277782e-13
2024-05-10T15:33:00Z,496.523,78.675,-152.722,1.374686e-12
2024-05-10T15:34:00Z,496.369,82.452,-150.352,1.262168e-12
2024-05-10T15:35:00Z,496.075,86.182,-142.854,1.120874e-12
2024-05-10T15:36:00Z,495.639,88.973,-61.850,1.168015e-12
2024-05-10T15:37:00Z,495.062,85.949,6.618,1.188879e-12
2024-05-10T15:38:00Z,494.348,82.211,13.447,1.274731e-12
2024-05-10T15:39:00Z,493.504,78.430,15.685,1.383219e-12
2024-05-10T15:40:00Z,492.537,74.637,16.708,1.588804e-12
2024-05-10T15:41:00Z,491.459,70.837,17.236,1.606277e-12
2024-05-10T15:42:00Z,490.285,67.032,17.514,1.683941e-12
2024-05-10T15:43:00Z,489.029,63.224,17.649,1.717759e-12
2024-05-10T15:44:00Z,487.711,59.411,17.694,1.766888e-12
2024-05-10T15:45:00Z,486.350,55.595,17.679,1.829089e-12
2024-05-10T15:46:00Z,484.965,51.776,17.623,1.905065e-12
2024-05-10T15:47:00Z,483.580,47.952,17.536,2.002418e-12
2024-05-10T15:48:00Z,482.214,44.125,17.427,2.105701e-12
2024-05-10T15:49:00Z,480.892,40.294,17.301,2.196002e-12
2024-05-10T15:50:00Z,479.635,36.460,17.161,2.268717e-12
2024-05-10T15:51:00Z,478.464,32.622,17.011,2.336905e-12
2024-05-10T15:52:00Z,477.401,28.781,16.853,2.368507e-12
2024-05-10T15:53:00Z,476.464,24.938,16.688,2.423536e-12
2024-05-10T15:54:00Z,475.671,21.092,16.518,2.477420e-12
2024-05-10T15:55:00Z,475.037,17.243,16.344,2.527242e-12
2024-05-10T15:56:00Z,474.575,13.393,16.167,2.568629e-12
2024-05-10T15:57:00Z,474.296,9.542,15.987,2.599290e-12
2024-05-10T15:58:00Z,474.208,5.690,15.806,2.603572e-12
2024-05-10T15:59:00Z,474.315,1.837,15.625,2.608151e-12
2024-05-10T16:00:00Z,474.620,-2.015,15.442,2.601616e-12
2024-05-10T16:01:00Z,475.119,-5.867,15.260,2.573396e-12
2024-05-10T16:02:00Z,475.810,-9.718,15.079,2.533025e-12
2024-05-10T16:03:00Z,476.684,-13.568,14.900,2.457273e-12
2024-05-10T16:04:00Z,477.730,-17.415,14.723,2.367917e-12
2024-05-10T16:05:00Z,478.936,-21.260,14.549,2.263947e-12
2024-05-10T16:06:00Z,480.286,-25.102,14.379,2.140044e-12
2024-05-10T16:07:00Z,481.761,-28.941,14.215,1.995777e-12
2024-05-10T16:08:00Z,483.341,-32.776,14.056,1.861115e-12
2024-05-10T16:09:00Z,485.007,-36.608,13.907,1.684543e-12
2024-05-10T16:10:00Z,486.734,-40.436,13.767,1.522629e-12
2024-05-10T16:11:00Z,488.499,-44.260,13.641,1.410733e-12
2024-05-10T16:12:00Z,490.278,-48.080,13.532,1.312135e-12
2024-05-10T16:13:00Z,492.048,-51.896,13.446,1.220861e-12
2024-05-10T16:14:00Z,493.784,-55.707,13.390,1.161600e-12
2024-05-10T16:15:00Z,495.463,-59.515,13.376,1.083578e-12
2024-05-10T16:16:00Z,497.065,-63.318,13.422,1.009964e-12
2024-05-10T16:17:00Z,498.567,-67.118,13.559,9.641172e-13
2024-05-10T16:18:00Z,499.953,-70.913,13.839,8.958195e-13
2024-05-10T16:19:00Z,501.204,-74.703,14.371,8.356883e-13
2024-05-10T16:20:00Z,502.306,-78.487,15.401,7.756226e-13
2024-05-10T16:21:00Z,503.248,-82.258,17.659,7.382608e-13
2024-05-10T16:22:00Z,504.020,-85.985,24.572,6.909890e-13
2024-05-10T16:23:00Z,504.616,-88.977,94.425,7.909091e-13
2024-05-10T16:24:00Z,505.033,-86.165,173.996,8.692227e-13
2024-05-10T16:25:00Z,505.269,-82.444,-178.571,7.402334e-13
2024-05-10T16:26:00Z,505.328,-78.677,-176.211,6.767841e-13
2024-05-10T16:27:00Z,505.213,-74.898,-175.145,6.550578e-13
2024-05-10T16:28:00Z,504.932,-71.113,-174.596,6.138848e-13
2024-05-10T16:29:00Z,504.496,-67.324,-174.307,5.881873e-13
2024-05-10T16:30:00Z,503.918,-63.531,-174.165,5.807965e-13
2024-05-10T16:31:00Z,503.210,-59.736,-174.115,5.641408e-13
2024-05-10T16:32:00Z,502.390,-55.938,-174.127,5.420096e-13
2024-05-10T16:33:00Z,501.476,-52.136,-174.181,5.421351e-13
2024-05-10T16:34:00Z,500.486,-48.332,-174.266,5.625844e-13
2024-05-10T16:35:00Z,499.441,-44.524,-174.374,5.709298e-13
2024-05-10T16:36:00Z,498.361,-40.712,-174.499,5.812870e-13
2024-05-10T16:37:00Z,497.266,-36.898,-174.638,5.743866e-13
2024-05-10T16:38:00Z,496.177,-33.080,-174.788,5.645354e-13
2024-05-10T16:39:00Z,495.114,-29.259,-174.945,5.739964e-13
2024-05-10T16:40:00Z,494.096,-25.436,-175.110,5.927641e-13
2024-05-10T16:41:00Z,493.140,-21.610,-175.280,6.168542e-13
2024-05-10T16:42:00Z,492.263,-17.781,-175.454,6.345166e-13
2024-05-10T16:43:00Z,491.478,-13.950,-175.631,6.359514e-13
2024-05-10T16:44:00Z,490.798,-10.118,-175.810,6.365082e-13
2024-05-10T16:45:00Z,490.233,-6.284,-175.991,6.320994e-13
2024-05-10T16:46:00Z,489.789,-2.449,-176.174,6.065354e-13
2024-05-10T16:47:00Z,489.472,1.386,-176.356,5.905616e-13
2024-05-10T16:48:00Z,489.284,5.222,-176.538,6.136637e-13
2024-05-10T16:49:00Z,489.222,9.058,-176.720,6.503365e-13
2024-05-10T16:50:00Z,489.284,12.892,-176.900,6.773609e-13
2024-05-10T16:51:00Z,489.463,16.726,-177.078,6.949032e-13
2024-05-10T16:52:00Z,489.750,20.559,-177.253,7.094096e-13
2024-05-10T16:53:00Z,490.135,24.389,-177.424,7.235080e-13
2024-05-10T16:54:00Z,490.603,28.218,-177.590,7.471449e-13
2024-05-10T16:55:00Z,491.141,32.045,-177.749,7.793852e-13
2024-05-10T16:56:00Z,491.732,35.869,-177.901,8.149646e-13
2024-05-10T16:57:00Z,492.358,39.690,-178.043,8.115876e-13
2024-05-10T16:58:00Z,493.001,43.509,-178.172,8.442436e-13
2024-05-10T16:59:00Z,493.642,47.325,-178.285,8.661982e-13
2024-05-10T17:00:00Z,494.262,51.138,-178.377,8.718531e-13
2024-05-10T17:01:00Z,494.842,54.948,-178.439,8.921782e-13
2024-05-10T17:02:00Z,495.365,58.756,-178.463,8.846880e-13
2024-05-10T17:03:00Z,495.813,62.560,-178.431,8.712463e-13
2024-05-10T17:04:00Z,496.170,66.362,-178.316,9.070540e-13
2024-05-10T17:05:00Z,496.423,70.161,-178.070,1.002713e-12
2024-05-10T17:06:00Z,496.560,73.957,-177.601,1.044736e-12
2024-05-10T17:07:00Z,496.570,77.748,-176.700,1.317061e-12
2024-05-10T17:08:00Z,496.447,81.529,-174.791,1.508917e-12
2024-05-10T17:09:00Z,496.184,85.279,-169.466,1.388611e-12
2024-05-10T17:10:00Z,495.780,88.698,-130.662,1.442198e-12
2024-05-10T17:11:00Z,495.234,86.842,-21.196,1.462247e-12
2024-05-10T17:12:00Z,494.549,83.133,-11.141,1.425959e-12
2024-05-10T17:13:00Z,493.732,79.358,-8.331,1.469902e-12
2024-05-10T17:14:00Z,492.790,75.567,-7.113,1.577421e-12
2024-05-10T17:15:00Z,491.734,71.768,-6.497,1.580194e-12
2024-05-10T17:16:00Z,490.577,67.965,-6.171,1.723638e-12
2024-05-10T17:17:00Z,489.335,64.157,-6.008,1.817733e-12
2024-05-10T17:18:00Z,488.025,60.346,-5.945,1.814560e-12
2024-05-10T17:19:00Z,486.666,56.530,-5.947,1.853983e-12
2024-05-10T17:20:00Z,485.279,52.712,-5.994,1.897545e-12
2024-05-10T17:21:00Z,483.885,48.889,-6.075,1.964218e-12
2024-05-10T17:22:00Z,482.506,45.063,-6.179,2.073071e-12
2024-05-10T17:23:00Z,481.165,41.233,-6.302,2.166853e-12
2024-05-10T17:24:00Z,479.884,37.399,-6.439,2.252264e-12
2024-05-10T17:25:00Z,478.684,33.562,-6.586,2.324406e-12
2024-05-10T17:26:00Z,477.586,29.722,-6.743,2.387102e-12
2024-05-10T17:27:00Z,476.611,25.879,-6.906,2.459100e-12
2024-05-10T17:28:00Z,475.775,22.033,-7.075,2.523963e-12
2024-05-10T17:29:00Z,475.095,18.186,-7.248,2.528806e-12
2024-05-10T17:30:00Z,474.585,14.336,-7.425,2.511703e-12
2024-05-10T17:31:00Z,474.256,10.485,-7.604,2.512344e-12
2024-05-10T17:32:00Z,474.116,6.632,-7.785,2.548424e-12
2024-05-10T17:33:00Z,474.170,2.780,-7.966,2.597662e-12
2024-05-10T17:34:00Z,474.422,-1.073,-8.149,2.641517e-12
2024-05-10T17:35:00Z,474.869,-4.925,-8.331,2.621414e-12
2024-05-10T17:36:00Z,475.510,-8.777,-8.512,2.585090e-12
2024-05-10T17:37:00Z,476.336,-12.626,-8.692,2.516017e-12
2024-05-10T17:38:00Z,477.338,-16.474,-8.870,2.442577e-12
2024-05-10T17:39:00Z,478.504,-20.320,-9.044,2.326828e-12
2024-05-10T17:40:00Z,479.819,-24.163,-9.215,2.186437e-12
2024-05-10T17:41:00Z,481.264,-28.003,-9.382,2.041139e-12
2024-05-10T17:42:00Z,482.821,-31.839,-9.541,1.910987e-12
2024-05-10T17:43:00Z,484.468,-35.672,-9.694,1.778618e-12
2024-05-10T17:44:00Z,486.184,-39.501,-9.836,1.681958e-12
2024-05-10T17:45:00Z,487.943,-43.326,-9.965,1.630903e-12
2024-05-10T17:46:00Z,489.724,-47.147,-10.079,1.605948e-12
2024-05-10T17:47:00Z,491.500,-50.964,-10.171,1.611598e-12
2024-05-10T17:48:00Z,493.250,-54.777,-10.236,1.588112e-12
2024-05-10T17:49:00Z,494.949,-58.586,-10.261,1.549363e-12
2024-05-10T17:50:00Z,496.575,-62.390,-10.232,1.490179e-12
2024-05-10T17:51:00Z,498.108,-66.191,-10.122,1.345928e-12
2024-05-10T17:52:00Z,499.528,-69.987,-9.884,1.358451e-12
2024-05-10T17:53:00Z,500.818,-73.779,-9.429,1.271259e-12
2024-05-10T17:54:00Z,501.964,-77.565,-8.559,1.370628e-12
2024-05-10T17:55:00Z,502.952,-81.340,-6.731,1.253576e-12
2024-05-10T17:56:00Z,503.773,-85.085,-1.753,1.191736e-12
2024-05-10T17:57:00Z,504.419,-88.560,31.088,1.308595e-12
2024-05-10T17:58:00Z,504.887,-87.046,145.657,1.489047e-12
2024-05-10T17:59:00Z,505.175,-83.359,156.778,1.578351e-12
2024-05-10T18:00:00Z,505.284,-79.598,159.754,1.562157e-12
2024-05-10T18:01:00Z,505.218,-75.820,161.026,1.574510e-12
2024-05-10T18:02:00Z,504.985,-72.036,161.666,1.519129e-12
2024-05-10T18:03:00Z,504.594,-68.248,162.005,1.365060e-12
2024-05-10T18:04:00Z,504.056,-64.456,162.176,1.009546e-12
2024-05-10T18:05:00Z,503.386,-60.662,162.245,8.156884e-13
2024-05-10T18:06:00Z,502.600,-56.864,162.246,8.316043e-13
2024-05-10T18:07:00Z,501.714,-53.064,162.201,8.173016e-13
2024-05-10T18:08:00Z,500.748,-49.260,162.123,7.116471e-13
2024-05-10T18:09:00Z,499.721,-45.452,162.020,7.584934e-13
2024-05-10T18:10:00Z,498.654,-41.642,161.898,1.047142e-12
2024-05-10T18:11:00Z,497.567,-37.828,161.762,9.732261e-13
2024-05-10T18:12:00Z,496.482,-34.012,161.615,6.997636e-13
2024-05-10T18:13:00Z,495.418,-30.192,161.459,5.931991e-13
2024-05-10T18:14:00Z,494.393,-26.369,161.296,5.613677e-13
2024-05-10T18:15:00Z,493.427,-22.543,161.127,5.566127e-13
2024-05-10T18:16:00Z,492.535,-18.715,160.954,5.637647e-13
2024-05-10T18:17:00Z,491.732,-14.885,160.778,5.763619e-13
2024-05-10T18:18:00Z,491.031,-11.053,160.599,5.879155e-13
2024-05-10T18:19:00Z,490.442,-7.219,160.418,6.040950e-13
2024-05-10T18:20:00Z,489.972,-3.385,160.236,6.070328e-13
2024-05-10T18:21:00Z,489.627,0.450,160.053,6.165038e-13
2024-05-10T18:22:00Z,489.410,4.286,159.871,6.425936e-13
2024-05-10T18:23:00Z,489.319,8.121,159.689,6.583739e-13
2024-05-10T18:24:00Z,489.352,11.956,159.509,6.647921e-13
2024-05-10T18:25:00Z,489.504,15.790,159.330,6.762876e-13
2024-05-10T18:26:00Z,489.766,19.623,159.154,6.871916e-13
2024-05-10T18:27:00Z,490.127,23.454,158.982,6.654317e-13
2024-05-10T18:28:00Z,490.576,27.283,158.815,6.559560e-13
2024-05-10T18:29:00Z,491.097,31.110,158.654,6.716191e-13
2024-05-10T18:30:00Z,491.675,34.935,158.500,7.718408e-13
2024-05-10T18:31:00Z,492.291,38.757,158.355,1.008112e-12
2024-05-10T18:32:00Z,492.929,42.576,158.222,1.252065e-12
2024-05-10T18:33:00Z,493.569,46.393,158.105,1.448603e-12
2024-05-10T18:34:00Z,494.193,50.206,158.008,1.972685e-12
2024-05-10T18:35:00Z,494.780,54.017,157.937,1.966607e-12
2024-05-10T18:36:00Z,495.313,57.825,157.902,1.752435e-12
2024-05-10T18:37:00Z,495.775,61.631,157.919,2.358666e-12
2024-05-10T18:38:00Z,496.150,65.433,158.010,2.360565e-12
2024-05-10T18:39:00Z,496.423,69.233,158.217,2.491300e-12
2024-05-10T18:40:00Z,496.583,73.029,158.619,2.568986e-12
2024-05-10T18:41:00Z,496.618,76.822,159.382,2.594694e-12
2024-05-10T18:42:00Z,496.520,80.606,160.945,2.377571e-12
2024-05-10T18:43:00Z,496.284,84.368,164.909,2.543724e-12
2024-05-10T18:44:00Z,495.907,87.984,-175.398,2.369885e-12
2024-05-10T18:45:00Z,495.388,87.702,-52.254,2.777797e-12
2024-05-10T18:46:00Z,494.729,84.051,-36.042,2.697897e-12
2024-05-10T18:47:00Z,493.935,80.283,-32.431,2.569594e-12
2024-05-10T18:48:00Z,493.015,76.495,-30.968,2.705212e-12
2024-05-10T18:49:00Z,491.978,72.698,-30.246,2.744296e-12
2024-05-10T18:50:00Z,490.836,68.895,-29.866,2.960651e-12
2024-05-10T18:51:00Z,489.605,65.089,-29.671,2.875528e-12
2024-05-10T18:52:00Z,488.302,61.278,-29.587,3.061722e-12
2024-05-10T18:53:00Z,486.945,57.464,-29.575,3.034938e-12
2024-05-10T18:54:00Z,485.555,53.645,-29.613,2.859812e-12
2024-05-10T18:55:00Z,484.153,49.824,-29.687,2.983013e-12
2024-05-10T18:56:00Z,482.760,45.998,-29.786,3.005048e-12
2024-05-10T18:57:00Z,481.399,42.169,-29.905,3.040623e-12
2024-05-10T18:58:00Z,480.093,38.336,-30.038,2.968983e-12
2024-05-10T18:59:00Z,478.863,34.500,-30.184,2.836193e-12
2024-05-10T19:00:00Z,477.731,30.661,-30.338,2.753295e-12
2024-05-10T19:01:00Z,476.716,26.818,-30.500,2.664207e-12
2024-05-10T19:02:00Z,475.838,22.973,-30.668,2.527567e-12
2024-05-10T19:03:00Z,475.113,19.125,-30.840,2.383077e-12
2024-05-10T19:04:00Z,474.555,15.276,-31.016,2.310225e-12
2024-05-10T19:05:00Z,474.175,11.425,-31.194,2.252218e-12
2024-05-10T19:06:00Z,473.985,7.573,-31.375,2.204080e-12
2024-05-10T19:07:00Z,473.988,3.720,-31.556,2.182019e-12
2024-05-10T19:08:00Z,474.189,-0.133,-31.738,2.146216e-12
2024-05-10T19:09:00Z,474.587,-3.986,-31.920,2.141960e-12
2024-05-10T19:10:00Z,475.181,-7.837,-32.102,2.158893e-12
2024-05-10T19:11:00Z,475.963,-11.688,-32.282,2.159997e-12
2024-05-10T19:12:00Z,476.924,-15.536,-32.461,2.115881e-12
2024-05-10T19:13:00Z,478.054,-19.383,-32.636,2.044010e-12
2024-05-10T19:14:00Z,479.336,-23.226,-32.808,1.964965e-12
2024-05-10T19:15:00Z,480.755,-27.067,-32.976,1.928168e-12
2024-05-10T19:16:00Z,482.291,-30.905,-33.137,1.850501e-12
2024-05-10T19:17:00Z,483.924,-34.739,-33.291,1.804382e-12
2024-05-10T19:18:00Z,485.631,-38.569,-33.436,1.576268e-12
2024-05-10T19:19:00Z,487.389,-42.395,-33.569,1.619499e-12
2024-05-10T19:20:00Z,489.174,-46.217,-33.687,2.000597e-12
2024-05-10T19:21:00Z,490.963,-50.035,-33.785,2.877293e-12
2024-05-10T19:22:00Z,492.731,-53.849,-33.857,2.610596e-12
2024-05-10T19:23:00Z,494.454,-57.659,-33.893,2.982732e-12
2024-05-10T19:24:00Z,496.110,-61.464,-33.879,3.291671e-12
2024-05-10T19:25:00Z,497.678,-65.266,-33.791,3.447524e-12
2024-05-10T19:26:00Z,499.137,-69.064,-33.590,3.271163e-12
2024-05-10T19:27:00Z,500.472,-72.857,-33.200,3.173632e-12
2024-05-10T19:28:00Z,501.665,-76.644,-32.460,3.815424e-12
2024-05-10T19:29:00Z,502.704,-80.422,-30.957,4.406030e-12
2024-05-10T19:30:00Z,503.578,-84.179,-27.210,4.133227e-12
2024-05-10T19:31:00Z,504.279,-87.809,-9.809,4.034040e-12
2024-05-10T19:32:00Z,504.802,-87.888,113.408,3.205454e-12
2024-05-10T19:33:00Z,505.145,-84.269,131.782,2.979705e-12
2024-05-10T19:34:00Z,505.309,-80.515,135.627,2.872407e-12
2024-05-10T19:35:00Z,505.297,-76.740,137.159,2.457782e-12
2024-05-10T19:36:00Z,505.115,-72.958,137.911,1.806875e-12
2024-05-10T19:37:00Z,504.772,-69.170,138.307,1.769302e-12
2024-05-10T19:38:00Z,504.279,-65.380,138.511,2.604433e-12
2024-05-10T19:39:00Z,503.650,-61.586,138.600,2.108248e-12
2024-05-10T19:40:00Z,502.900,-57.789,138.616,1.392214e-12
2024-05-10T19:41:00Z,502.046,-53.989,138.581,1.206057e-12
2024-05-10T19:42:00Z,501.106,-50.186,138.509,1.529344e-12
2024-05-10T19:43:00Z,500.100,-46.380,138.412,9.837954e-13
2024-05-10T19:44:00Z,499.049,-42.571,138.294,8.414190e-13
2024-05-10T19:45:00Z,497.973,-38.758,138.162,1.047478e-12
2024-05-10T19:46:00Z,496.892,-34.942,138.017,1.214892e-12
2024-05-10T19:47:00Z,495.827,-31.123,137.863,1.184555e-12
2024-05-10T19:48:00Z,494.798,-27.301,137.701,1.082482e-12
2024-05-10T19:49:00Z,493.821,-23.476,137.534,1.129034e-12
2024-05-10T19:50:00Z,492.915,-19.649,137.362,1.085438e-12
2024-05-10T19:51:00Z,492.094,-15.820,137.186,1.065716e-12
2024-05-10T19:52:00Z,491.371,-11.988,137.008,1.057290e-12
2024-05-10T19:53:00Z,490.757,-8.155,136.828,1.063553e-12
2024-05-10T19:54:00Z,490.259,-4.321,136.646,1.178361e-12
2024-05-10T19:55:00Z,489.885,-0.486,136.463,1.533495e-12
2024-05-10T19:56:00Z,489.636,3.349,136.281,2.269958e-12
2024-05-10T19:57:00Z,489.513,7.185,136.099,2.627806e-12
2024-05-10T19:58:00Z,489.514,11.019,135.918,2.437477e-12
2024-05-10T19:59:00Z,489.634,14.854,135.739,1.878615e-12
2024-05-10T20:00:00Z,489.865,18.686,135.563,1.590310e-12
2024-05-10T20:01:00Z,490.198,22.518,135.390,1.392984e-12
2024-05-10T20:02:00Z,490.620,26.347,135.222,1.261254e-12
2024-05-10T20:03:00Z,491.117,30.175,135.059,1.169978e-12
2024-05-10T20:04:00Z,491.674,34.000,134.903,1.407829e-12
2024-05-10T20:05:00Z,492.273,37.822,134.756,1.358944e-12
2024-05-10T20:06:00Z,492.897,41.642,134.620,1.449415e-12
2024-05-10T20:07:00Z,493.526,45.459,134.499,1.536550e-12
2024-05-10T20:08:00Z,494.142,49.273,134.396,1.540350e-12
2024-05-10T20:09:00Z,494.726,53.085,134.319,1.416068e-12
2024-05-10T20:10:00Z,495.261,56.893,134.274,2.279715e-12
2024-05-10T20:11:00Z,495.728,60.699,134.277,2.287890e-12
2024-05-10T20:12:00Z,496.112,64.503,134.347,2.867770e-12
2024-05-10T20:13:00Z,496.397,68.303,134.522,2.142899e-12
2024-05-10T20:14:00Z,496.572,72.100,134.866,1.562522e-12
2024-05-10T20:15:00Z,496.625,75.894,135.518,1.455673e-12
2024-05-10T20:16:00Z,496.547,79.680,136.815,1.663600e-12
2024-05-10T20:17:00Z,496.332,83.451,139.874,1.769623e-12
2024-05-10T20:18:00Z,495.976,87.142,151.592,1.884572e-12
2024-05-10T20:19:00Z,495.479,88.478,-91.599,1.730934e-12
2024-05-10T20:20:00Z,494.841,84.965,-61.453,1.227707e-12
2024-05-10T20:21:00Z,494.068,81.208,-56.657,1.306608e-12
2024-05-10T20:22:00Z,493.166,77.423,-54.875,1.129685e-12
2024-05-10T20:23:00Z,492.145,73.627,-54.023,1.713263e-12
2024-05-10T20:24:00Z,491.018,69.826,-53.577,2.646239e-12
2024-05-10T20:25:00Z,489.798,66.020,-53.345,3.650183e-12
2024-05-10T20:26:00Z,488.503,62.210,-53.238,4.049139e-12
2024-05-10T20:27:00Z,487.150,58.397,-53.211,3.549675e-12
2024-05-10T20:28:00Z,485.760,54.579,-53.238,3.805510e-12
2024-05-10T20:29:00Z,484.353,50.758,-53.303,3.699043e-12
2024-05-10T20:30:00Z,482.953,46.934,-53.396,3.542140e-12
2024-05-10T20:31:00Z,481.580,43.105,-53.510,3.287281e-12
2024-05-10T20:32:00Z,480.257,39.273,-53.640,3.245013e-12
2024-05-10T20:33:00Z,479.007,35.438,-53.783,3.127462e-12
2024-05-10T20:34:00Z,477.852,31.599,-53.935,2.992581e-12
2024-05-10T20:35:00Z,476.810,27.757,-54.095,2.916681e-12
2024-05-10T20:36:00Z,475.902,23.912,-54.262,2.756201e-12
2024-05-10T20:37:00Z,475.145,20.065,-54.433,2.674700e-12
2024-05-10T20:38:00Z,474.552,16.216,-54.607,2.565324e-12
2024-05-10T20:39:00Z,474.137,12.365,-54.785,2.628768e-12
2024-05-10T20:40:00Z,473.910,8.513,-54.965,2.736850e-12
2024-05-10T20:41:00Z,473.877,4.660,-55.146,2.820575e-12
2024-05-10T20:42:00Z,474.042,0.807,-55.328,2.878202e-12
2024-05-10T20:43:00Z,474.405,-3.045,-55.510,2.985092e-12
2024-05-10T20:44:00Z,474.965,-6.898,-55.692,3.097604e-12
2024-05-10T20:45:00Z,475.716,-10.748,-55.872,3.082696e-12
2024-05-10T20:46:00Z,476.649,-14.597,-56.051,3.085056e-12
2024-05-10T20:47:00Z,477.753,-18.444,-56.227,3.238404e-12
2024-05-10T20:48:00Z,479.014,-22.289,-56.400,3.473278e-12
2024-05-10T20:49:00Z,480.415,-26.130,-56.568,3.671140e-12
2024-05-10T20:50:00Z,481.939,-29.969,-56.731,3.367344e-12
2024-05-10T20:51:00Z,483.563,-33.804,-56.887,3.232307e-12
2024-05-10T20:52:00Z,485.267,-37.635,-57.035,3.270775e-12
2024-05-10T20:53:00Z,487.027,-41.462,-57.171,3.132955e-12
2024-05-10T20:54:00Z,488.820,-45.285,-57.292,2.839957e-12
2024-05-10T20:55:00Z,490.622,-49.104,-57.396,2.710202e-12
2024-05-10T20:56:00Z,492.408,-52.918,-57.474,2.649983e-12
2024-05-10T20:57:00Z,494.155,-56.729,-57.520,2.318113e-12
2024-05-10T20:58:00Z,495.840,-60.536,-57.520,2.218134e-12
2024-05-10T20:59:00Z,497.440,-64.338,-57.453,2.674749e-12
2024-05-10T21:00:00Z,498.937,-68.136,-57.284,2.358672e-12
2024-05-10T21:01:00Z,500.312,-71.930,-56.950,1.904264e-12
2024-05-10T21:02:00Z,501.548,-75.719,-56.318,2.022496e-12
2024-05-10T21:03:00Z,502.632,-79.500,-55.067,2.400033e-12
2024-05-10T21:04:00Z,503.553,-83.265,-52.159,2.676487e-12
2024-05-10T21:05:00Z,504.303,-86.957,-41.510,2.687708e-12
2024-05-10T21:06:00Z,504.874,-88.624,70.827,2.487336e-12
2024-05-10T21:07:00Z,505.266,-85.178,106.232,1.976898e-12
2024-05-10T21:08:00Z,505.476,-81.436,111.375,2.095339e-12
2024-05-10T21:09:00Z,505.508,-77.665,113.244,2.121605e-12
2024-05-10T21:10:00Z,505.368,-73.884,114.131,1.831627e-12
2024-05-10T21:11:00Z,505.063,-70.098,114.594,1.901965e-12
2024-05-10T21:12:00Z,504.605,-66.308,114.837,3.047159e-12
2024-05-10T21:13:00Z,504.006,-62.515,114.950,3.626981e-12
2024-05-10T21:14:00Z,503.281,-58.719,114.981,5.183113e-12
2024-05-10T21:15:00Z,502.447,-54.921,114.957,4.838686e-12
2024-05-10T21:16:00Z,501.521,-51.118,114.894,3.205139e-12
2024-05-10T21:17:00Z,500.524,-47.313,114.802,2.530454e-12
2024-05-10T21:18:00Z,499.476,-43.505,114.689,1.935308e-12
2024-05-10T21:19:00Z,498.397,-39.693,114.560,1.393128e-12
2024-05-10T21:20:00Z,497.309,-35.878,114.418,1.487046e-12
2024-05-10T21:21:00Z,496.231,-32.060,114.266,2.412608e-12
2024-05-10T21:22:00Z,495.183,-28.239,114.106,2.353243e-12
2024-05-10T21:23:00Z,494.184,-24.415,113.941,3.610423e-12
2024-05-10T21:24:00Z,493.250,-20.589,113.770,4.006203e-12
2024-05-10T21:25:00Z,492.399,-16.760,113.595,3.803776e-12
2024-05-10T21:26:00Z,491.642,-12.929,113.417,3.533783e-12
2024-05-10T21:27:00Z,490.992,-9.096,113.237,3.213816e-12
2024-05-10T21:28:00Z,490.456,-5.263,113.056,2.889168e-12
2024-05-10T21:29:00Z,490.042,-1.428,112.874,2.459416e-12
2024-05-10T21:30:00Z,489.753,2.407,112.691,1.969143e-12
2024-05-10T21:31:00Z,489.590,6.243,112.509,1.611458e-12
2024-05-10T21:32:00Z,489.551,10.077,112.328,1.805958e-12
2024-05-10T21:33:00Z,489.633,13.912,112.149,2.305632e-12
2024-05-10T21:34:00Z,489.828,17.745,111.972,2.632412e-12
2024-05-10T21:35:00Z,490.127,21.577,111.798,2.896409e-12
2024-05-10T21:36:00Z,490.519,25.406,111.628,3.107856e-12
2024-05-10T21:37:00Z,490.991,29.234,111.464,2.803023e-12
2024-05-10T21:38:00Z,491.527,33.060,111.307,2.578956e-12
2024-05-10T21:39:00Z,492.110,36.883,111.157,2.152337e-12
2024-05-10T21:40:00Z,492.723,40.704,111.019,1.955099e-12
2024-05-10T21:41:00Z,493.347,44.521,110.894,1.921467e-12
2024-05-10T21:42:00Z,493.963,48.336,110.787,2.736176e-12
2024-05-10T21:43:00Z,494.554,52.148,110.702,2.006827e-12
2024-05-10T21:44:00Z,495.099,55.958,110.649,3.419966e-12
2024-05-10T21:45:00Z,495.583,59.764,110.639,3.925771e-12
2024-05-10T21:46:00Z,495.987,63.568,110.691,3.400418e-12
2024-05-10T21:47:00Z,496.298,67.370,110.836,2.062464e-12
2024-05-10T21:48:00Z,496.501,71.168,111.131,2.025341e-12
2024-05-10T21:49:00Z,496.584,74.962,111.689,2.121600e-12
2024-05-10T21:50:00Z,496.540,78.751,112.776,2.210969e-12
2024-05-10T21:51:00Z,496.360,82.527,115.195,2.221745e-12
2024-05-10T21:52:00Z,496.040,86.255,122.941,2.860717e-12
2024-05-10T21:53:00Z,495.579,88.959,-152.211,2.319631e-12
2024-05-10T21:54:00Z,494.977,85.874,-87.685,2.447000e-12
2024-05-10T21:55:00Z,494.239,82.134,-81.039,2.253207e-12
2024-05-10T21:56:00Z,493.370,78.353,-78.836,2.296918e-12
2024-05-10T21:57:00Z,492.381,74.560,-77.826,2.476420e-12
2024-05-10T21:58:00Z,491.281,70.760,-77.303,2.749235e-12
2024-05-10T21:59:00Z,490.087,66.955,-77.028,2.349203e-12
2024-05-10T22:00:00Z,488.814,63.146,-76.894,2.120921e-12
2024-05-10T22:01:00Z,487.479,59.333,-76.850,1.836558e-12
2024-05-10T22:02:00Z,486.104,55.517,-76.865,1.702544e-12
2024-05-10T22:03:00Z,484.707,51.697,-76.922,1.774590e-12
2024-05-10T22:04:00Z,483.312,47.873,-77.008,2.094531e-12
2024-05-10T22:05:00Z,481.939,44.046,-77.118,2.789013e-12
2024-05-10T22:06:00Z,480.611,40.214,-77.244,2.977004e-12
2024-05-10T22:07:00Z,479.351,36.380,-77.384,3.125879e-12
2024-05-10T22:08:00Z,478.180,32.542,-77.534,3.431954e-12
2024-05-10T22:09:00Z,477.118,28.701,-77.692,3.786102e-12
2024-05-10T22:10:00Z,476.184,24.857,-77.856,4.072419e-12
2024-05-10T22:11:00Z,475.397,21.010,-78.026,4.131845e-12
2024-05-10T22:12:00Z,474.770,17.162,-78.200,4.262856e-12
2024-05-10T22:13:00Z,474.317,13.311,-78.377,4.514318e-12
2024-05-10T22:14:00Z,474.048,9.460,-78.556,4.735699e-12
2024-05-10T22:15:00Z,473.971,5.607,-78.737,4.857257e-12
2024-05-10T22:16:00Z,474.090,1.754,-78.919,4.876713e-12
2024-05-10T22:17:00Z,474.407,-2.098,-79.101,4.696643e-12
2024-05-10T22:18:00Z,474.919,-5.951,-79.283,4.296240e-12
2024-05-10T22:19:00Z,475.624,-9.802,-79.464,3.935741e-12
2024-05-10T22:20:00Z,476.512,-13.651,-79.643,3.735803e-12
2024-05-10T22:21:00Z,477.574,-17.499,-79.819,3.685740e-12
2024-05-10T22:22:00Z,478.795,-21.344,-79.993,3.655379e-12
2024-05-10T22:23:00Z,480.162,-25.186,-80.163,3.634384e-12
2024-05-10T22:24:00Z,481.654,-29.025,-80.327,3.715947e-12
2024-05-10T22:25:00Z,483.253,-32.860,-80.485,3.857937e-12
2024-05-10T22:26:00Z,484.937,-36.692,-80.634,3.840824e-12
2024-05-10T22:27:00Z,486.682,-40.520,-80.773,3.720853e-12
2024-05-10T22:28:00Z,488.466,-44.344,-80.898,3.504989e-12
2024-05-10T22:29:00Z,490.264,-48.164,-81.006,3.243959e-12
2024-05-10T22:30:00Z,492.052,-51.980,-81.091,3.099285e-12
2024-05-10T22:31:00Z,493.806,-55.791,-81.146,2.610245e-12
2024-05-10T22:32:00Z,495.504,-59.599,-81.158,2.624173e-12
2024-05-10T22:33:00Z,497.123,-63.402,-81.109,2.347441e-12
2024-05-10T22:34:00Z,498.643,-67.201,-80.969,2.407398e-12
2024-05-10T22:35:00Z,500.046,-70.996,-80.683,2.794851e-12
2024-05-10T22:36:00Z,501.314,-74.787,-80.141,2.626115e-12
2024-05-10T22:37:00Z,502.433,-78.570,-79.091,2.391771e-12
2024-05-10T22:38:00Z,503.391,-82.340,-76.781,2.820306e-12
2024-05-10T22:39:00Z,504.179,-86.065,-69.622,3.097500e-12
2024-05-10T22:40:00Z,504.791,-88.978,4.530,3.653582e-12
2024-05-10T22:41:00Z,505.222,-86.084,79.729,3.934932e-12
2024-05-10T22:42:00Z,505.473,-82.362,86.944,3.057590e-12
2024-05-10T22:43:00Z,505.544,-78.595,89.265,2.120327e-12
2024-05-10T22:44:00Z,505.440,-74.816,90.319,1.487725e-12
2024-05-10T22:45:00Z,505.170,-71.031,90.863,1.457926e-12
2024-05-10T22:46:00Z,504.743,-67.242,91.150,2.005406e-12
2024-05-10T22:47:00Z,504.171,-63.450,91.290,1.900432e-12
2024-05-10T22:48:00Z,503.469,-59.655,91.339,1.803340e-12
2024-05-10T22:49:00Z,502.654,-55.857,91.327,1.524873e-12
2024-05-10T22:50:00Z,501.743,-52.055,91.273,1.778545e-12
2024-05-10T22:51:00Z,500.755,-48.251,91.188,2.761236e-12
2024-05-10T22:52:00Z,499.710,-44.443,91.080,2.955128e-12
2024-05-10T22:53:00Z,498.630,-40.632,90.955,3.186251e-12
2024-05-10T22:54:00Z,497.534,-36.818,90.816,3.479354e-12
2024-05-10T22:55:00Z,496.444,-33.000,90.666,3.544141e-12
2024-05-10T22:56:00Z,495.380,-29.180,90.509,3.329185e-12
2024-05-10T22:57:00Z,494.359,-25.357,90.344,3.022521e-12
2024-05-10T22:58:00Z,493.401,-21.531,90.175,2.691667e-12
2024-05-10T22:59:00Z,492.522,-17.702,90.001,2.454091e-12
2024-05-10T23:00:00Z,491.735,-13.872,89.824,2.396891e-12
2024-05-10T23:01:00Z,491.053,-10.040,89.645,2.416681e-12
2024-05-10T23:02:00Z,490.485,-6.206,89.464,2.492775e-12
2024-05-10T23:03:00Z,490.038,-2.372,89.282,2.624789e-12
2024-05-10T23:04:00Z,489.718,1.463,89.099,2.754183e-12
2024-05-10T23:05:00Z,489.525,5.299,88.917,2.869039e-12
2024-05-10T23:06:00Z,489.458,9.134,88.736,3.147108e-12
2024-05-10T23:07:00Z,489.515,12.968,88.556,3.485789e-12
2024-05-10T23:08:00Z,489.688,16.802,88.379,3.466461e-12
2024-05-10T23:09:00Z,489.969,20.634,88.204,3.249899e-12
2024-05-10T23:10:00Z,490.346,24.464,88.034,3.272878e-12
2024-05-10T23:11:00Z,490.807,28.293,87.868,3.385100e-12
2024-05-10T23:12:00Z,491.336,32.119,87.709,3.216816e-12
2024-05-10T23:13:00Z,491.916,35.943,87.558,3.153771e-12
2024-05-10T23:14:00Z,492.531,39.764,87.416,3.482460e-12
2024-05-10T23:15:00Z,493.162,43.583,87.288,3.066570e-12
2024-05-10T23:16:00Z,493.790,47.398,87.176,2.575674e-12
2024-05-10T23:17:00Z,494.398,51.211,87.086,2.880433e-12
2024-05-10T23:18:00Z,494.965,55.021,87.024,2.584508e-12
2024-05-10T23:19:00Z,495.474,58.829,87.002,1.968922e-12
2024-05-10T23:20:00Z,495.908,62.633,87.037,1.731520e-12
2024-05-10T23:21:00Z,496.252,66.435,87.155,1.739261e-12
2024-05-10T23:22:00Z,496.492,70.234,87.406,1.475780e-12
2024-05-10T23:23:00Z,496.615,74.029,87.884,1.380191e-12
2024-05-10T23:24:00Z,496.611,77.820,88.801,1.435109e-12
2024-05-10T23:25:00Z,496.473,81.600,90.750,2.141422e-12
2024-05-10T23:26:00Z,496.197,85.349,96.229,2.761536e-12
2024-05-10T23:27:00Z,495.779,88.739,137.486,3.180574e-12
2024-05-10T23:28:00Z,495.219,86.771,-115.394,2.598739e-12
2024-05-10T23:29:00Z,494.521,83.061,-105.630,3.438047e-12
2024-05-10T23:30:00Z,493.691,79.285,-102.860,4.934481e-12
2024-05-10T23:31:00Z,492.738,75.494,-101.654,5.665450e-12
2024-05-10T23:32:00Z,491.671,71.695,-101.042,5.198914e-12
2024-05-10T23:33:00Z,490.505,67.892,-100.718,4.146517e-12
2024-05-10T23:34:00Z,489.256,64.084,-100.555,5.558172e-12
2024-05-10T23:35:00Z,487.941,60.273,-100.492,6.611067e-12
2024-05-10T23:36:00Z,486.579,56.457,-100.494,5.855049e-12
2024-05-10T23:37:00Z,485.190,52.638,-100.542,5.855215e-12
2024-05-10T23:38:00Z,483.796,48.815,-100.622,5.289496e-12
2024-05-10T23:39:00Z,482.418,44.989,-100.726,4.588084e-12
2024-05-10T23:40:00Z,481.079,41.159,-100.849,4.165297e-12
2024-05-10T23:41:00Z,479.801,37.325,-100.985,3.940745e-12
2024-05-10T23:42:00Z,478.606,33.488,-101.133,3.917530e-12
2024-05-10T23:43:00Z,477.514,29.648,-101.289,4.028299e-12
2024-05-10T23:44:00Z,476.545,25.805,-101.452,4.149591e-12
2024-05-10T23:45:00Z,475.717,21.959,-101.621,4.325141e-12
2024-05-10T23:46:00Z,475.045,18.111,-101.794,4.610600e-12
2024-05-10T23:47:00Z,474.544,14.262,-101.970,4.763890e-12
2024-05-10T23:48:00Z,474.224,10.410,-102.149,4.786510e-12
2024-05-10T23:49:00Z,474.094,6.558,-102.329,4.916132e-12
2024-05-10T23:50:00Z,474.158,2.705,-102.511,5.140503e-12
2024-05-10T23:51:00Z,474.421,-1.147,-102.693,5.293868e-12
2024-05-10T23:52:00Z,474.880,-5.000,-102.875,5.263403e-12
2024-05-10T23:53:00Z,475.532,-8.851,-103.056,5.158565e-12
2024-05-10T23:54:00Z,476.370,-12.701,-103.235,5.098760e-12
2024-05-10T23:55:00Z,477.384,-16.548,-103.413,5.198155e-12
2024-05-10T23:56:00Z,478.561,-20.394,-103.587,5.310762e-12
2024-05-10T23:57:00Z,479.886,-24.237,-103.758,5.322863e-12
2024-05-10T23:58:00Z,481.343,-28.077,-103.923,5.319322e-12
2024-05-10T23:59:00Z,482.910,-31.913,-104.083,5.287485e-12
2024-05-11T00:00:00Z,484.567,-35.746,-104.234,5.246572e-12
2024-05-11T00:01:00Z,486.292,-39.575,-104.376,5.410133e-12
2024-05-11T00:02:00Z,488.061,-43.399,-104.505,5.551952e-12
2024-05-11T00:03:00Z,489.849,-47.220,-104.617,5.775376e-12
2024-05-11T00:04:00Z,491.635,-51.037,-104.709,5.446310e-12
2024-05-11T00:05:00Z,493.392,-54.849,-104.772,4.337961e-12
2024-05-11T00:06:00Z,495.098,-58.658,-104.795,4.130761e-12
2024-05-11T00:07:00Z,496.731,-62.462,-104.764,3.743091e-12
2024-05-11T00:08:00Z,498.270,-66.263,-104.650,3.795034e-12
2024-05-11T00:09:00Z,499.696,-70.059,-104.407,3.622422e-12
2024-05-11T00:10:00Z,500.991,-73.850,-103.944,4.204193e-12
2024-05-11T00:11:00Z,502.142,-77.635,-103.058,3.858860e-12
2024-05-11T00:12:00Z,503.134,-81.410,-101.192,3.553067e-12
2024-05-11T00:13:00Z,503.959,-85.154,-96.075,3.909905e-12
2024-05-11T00:14:00Z,504.609,-88.606,-61.272,4.078880e-12
2024-05-11T00:15:00Z,505.079,-86.978,51.497,4.206863e-12
2024-05-11T00:16:00Z,505.369,-83.289,62.289,4.146466e-12
2024-05-11T00:17:00Z,505.478,-79.527,65.223,5.006466e-12
2024-05-11T00:18:00Z,505.412,-75.750,66.484,4.958601e-12
2024-05-11T00:19:00Z,505.177,-71.966,67.120,3.376010e-12
2024-05-11T00:20:00Z,504.783,-68.178,67.458,2.156978e-12
2024-05-11T00:21:00Z,504.241,-64.387,67.628,2.112122e-12
2024-05-11T00:22:00Z,503.566,-60.592,67.697,2.428227e-12
2024-05-11T00:23:00Z,502.773,-56.795,67.698,2.367334e-12
2024-05-11T00:24:00Z,501.880,-52.994,67.653,2.845820e-12
2024-05-11T00:25:00Z,500.906,-49.190,67.575,3.714706e-12
2024-05-11T00:26:00Z,499.871,-45.383,67.472,3.716776e-12
2024-05-11T00:27:00Z,498.795,-41.573,67.350,3.467559e-12
2024-05-11T00:28:00Z,497.698,-37.759,67.215,3.355713e-12
2024-05-11T00:29:00Z,496.603,-33.943,67.068,2.776541e-12
2024-05-11T00:30:00Z,495.528,-30.123,66.912,2.820170e-12
2024-05-11T00:31:00Z,494.493,-26.300,66.749,2.890404e-12
2024-05-11T00:32:00Z,493.515,-22.475,66.581,3.014195e-12
2024-05-11T00:33:00Z,492.613,-18.647,66.408,3.183394e-12
2024-05-11T00:34:00Z,491.800,-14.817,66.232,3.144996e-12
2024-05-11T00:35:00Z,491.089,-10.985,66.053,3.171381e-12
2024-05-11T00:36:00Z,490.490,-7.151,65.872,3.475114e-12
2024-05-11T00:37:00Z,490.012,-3.317,65.690,3.613652e-12
2024-05-11T00:38:00Z,489.659,0.518,65.508,3.424416e-12
2024-05-11T00:39:00Z,489.435,4.354,65.326,3.001159e-12
2024-05-11T00:40:00Z,489.338,8.189,65.144,2.495990e-12
2024-05-11T00:41:00Z,489.365,12.024,64.964,2.433114e-12
2024-05-11T00:42:00Z,489.512,15.858,64.786,2.385838e-12
2024-05-11T00:43:00Z,489.769,19.691,64.611,2.208954e-12
2024-05-11T00:44:00Z,490.126,23.522,64.439,2.165743e-12
2024-05-11T00:45:00Z,490.570,27.351,64.272,2.407316e-12
2024-05-11T00:46:00Z,491.087,31.178,64.111,2.621331e-12
2024-05-11T00:47:00Z,491.659,35.002,63.958,3.103406e-12
2024-05-11T00:48:00Z,492.270,38.824,63.814,3.726183e-12
2024-05-11T00:49:00Z,492.903,42.643,63.682,4.234039e-12
2024-05-11T00:50:00Z,493.537,46.460,63.565,4.745720e-12
2024-05-11T00:51:00Z,494.156,50.274,63.469,4.458457e-12
2024-05-11T00:52:00Z,494.738,54.084,63.399,5.120978e-12
2024-05-11T00:53:00Z,495.268,57.893,63.366,6.720138e-12
2024-05-11T00:54:00Z,495.726,61.698,63.384,6.105478e-12
2024-05-11T00:55:00Z,496.098,65.500,63.478,5.496827e-12
2024-05-11T00:56:00Z,496.368,69.300,63.690,3.906190e-12
2024-05-11T00:57:00Z,496.525,73.097,64.098,3.028198e-12
2024-05-11T00:58:00Z,496.558,76.889,64.874,3.590837e-12
2024-05-11T00:59:00Z,496.459,80.673,66.465,2.851655e-12
2024-05-11T01:00:00Z,496.222,84.434,70.524,3.183804e-12
2024-05-11T01:01:00Z,495.843,88.041,91.144,3.118488e-12
2024-05-11T01:02:00Z,495.324,87.639,-146.143,3.298691e-12
2024-05-11T01:03:00Z,494.665,83.984,-130.509,3.710847e-12
2024-05-11T01:04:00Z,493.872,80.215,-126.954,3.686905e-12
2024-05-11T01:05:00Z,492.953,76.427,-125.506,3.259453e-12
2024-05-11T01:06:00Z,491.918,72.629,-124.789,2.414315e-12
2024-05-11T01:07:00Z,490.781,68.827,-124.411,1.819813e-12
2024-05-11T01:08:00Z,489.555,65.020,-124.217,1.953691e-12
2024-05-11T01:09:00Z,488.259,61.209,-124.134,2.132731e-12
2024-05-11T01:10:00Z,486.909,57.395,-124.122,2.840506e-12
2024-05-11T01:11:00Z,485.528,53.577,-124.161,2.629139e-12
2024-05-11T01:12:00Z,484.136,49.755,-124.234,3.962174e-12
2024-05-11T01:13:00Z,482.754,45.930,-124.333,4.683938e-12
2024-05-11T01:14:00Z,481.405,42.100,-124.451,5.470710e-12
2024-05-11T01:15:00Z,480.112,38.268,-124.585,5.902489e-12
2024-05-11T01:16:00Z,478.897,34.431,-124.730,6.633558e-12
2024-05-11T01:17:00Z,477.781,30.592,-124.885,7.283338e-12
2024-05-11T01:18:00Z,476.782,26.750,-125.046,7.345871e-12
2024-05-11T01:19:00Z,475.921,22.905,-125.214,7.287899e-12
2024-05-11T01:20:00Z,475.213,19.057,-125.386,7.085280e-12
2024-05-11T01:21:00Z,474.673,15.208,-125.562,6.814515e-12
2024-05-11T01:22:00Z,474.312,11.357,-125.740,6.715146e-12
2024-05-11T01:23:00Z,474.138,7.505,-125.920,6.566929e-12
2024-05-11T01:24:00Z,474.159,3.652,-126.102,6.290417e-12
2024-05-11T01:25:00Z,474.377,-0.200,-126.284,5.926372e-12
2024-05-11T01:26:00Z,474.792,-4.053,-126.466,5.511335e-12
2024-05-11T01:27:00Z,475.400,-7.904,-126.647,5.158027e-12
2024-05-11T01:28:00Z,476.196,-11.754,-126.827,4.988531e-12
2024-05-11T01:29:00Z,477.170,-15.603,-127.005,4.832745e-12
2024-05-11T01:30:00Z,478.311,-19.449,-127.180,4.713233e-12
2024-05-11T01:31:00Z,479.604,-23.292,-127.352,4.650059e-12
2024-05-11T01:32:00Z,481.031,-27.133,-127.519,4.677490e-12
2024-05-11T01:33:00Z,482.574,-30.970,-127.681,4.866882e-12
2024-05-11T01:34:00Z,484.212,-34.803,-127.834,5.242970e-12
2024-05-11T01:35:00Z,485.923,-38.633,-127.979,5.751565e-12
2024-05-11T01:36:00Z,487.684,-42.459,-128.111,5.981751e-12
2024-05-11T01:37:00Z,489.470,-46.281,-128.229,5.083830e-12
2024-05-11T01:38:00Z,491.257,-50.098,-128.326,4.854279e-12
2024-05-11T01:39:00Z,493.022,-53.912,-128.397,4.586184e-12
2024-05-11T01:40:00Z,494.742,-57.721,-128.432,3.909908e-12
2024-05-11T01:41:00Z,496.393,-61.526,-128.416,3.828622e-12
2024-05-11T01:42:00Z,497.954,-65.328,-128.327,3.759449e-12
2024-05-11T01:43:00Z,499.407,-69.125,-128.122,3.736901e-12
2024-05-11T01:44:00Z,500.733,-72.917,-127.727,3.534436e-12
2024-05-11T01:45:00Z,501.918,-76.704,-126.977,3.454697e-12
2024-05-11T01:46:00Z,502.947,-80.482,-125.451,3.525357e-12
2024-05-11T01:47:00Z,503.810,-84.238,-121.630,3.480483e-12
2024-05-11T01:48:00Z,504.500,-87.861,-103.556,2.899377e-12
2024-05-11T01:49:00Z,505.011,-87.834,19.573,3.736477e-12
2024-05-11T01:50:00Z,505.340,-84.210,37.319,5.678188e-12
2024-05-11T01:51:00Z,505.490,-80.456,41.106,4.814131e-12
2024-05-11T01:52:00Z,505.462,-76.681,42.623,3.442249e-12
2024-05-11T01:53:00Z,505.263,-72.899,43.369,3.291679e-12
2024-05-11T01:54:00Z,504.901,-69.111,43.763,3.233020e-12
2024-05-11T01:55:00Z,504.389,-65.321,43.966,2.581867e-12
2024-05-11T01:56:00Z,503.740,-61.527,44.055,2.515309e-12
2024-05-11T01:57:00Z,502.969,-57.730,44.070,2.374036e-12
2024-05-11T01:58:00Z,502.094,-53.930,44.034,2.526265e-12
2024-05-11T01:59:00Z,501.132,-50.127,43.963,3.015453e-12
2024-05-11T02:00:00Z,500.104,-46.321,43.865,3.129841e-12
2024-05-11T02:01:00Z,499.030,-42.512,43.748,3.044480e-12
2024-05-11T02:02:00Z,497.931,-38.699,43.615,2.870024e-12
2024-05-11T02:03:00Z,496.827,-34.883,43.471,2.899105e-12
2024-05-11T02:04:00Z,495.739,-31.064,43.317,3.146654e-12
2024-05-11T02:05:00Z,494.687,-27.242,43.155,3.304357e-12
2024-05-11T02:06:00Z,493.689,-23.417,42.988,3.135629e-12
2024-05-11T02:07:00Z,492.761,-19.589,42.816,2.869005e-12
2024-05-11T02:08:00Z,491.920,-15.760,42.641,2.661945e-12
2024-05-11T02:09:00Z,491.179,-11.928,42.462,2.709237e-12
2024-05-11T02:10:00Z,490.548,-8.095,42.282,3.314861e-12
2024-05-11T02:11:00Z,490.036,-4.261,42.100,4.490576e-12
2024-05-11T02:12:00Z,489.649,-0.425,41.918,5.198461e-12
2024-05-11T02:13:00Z,489.389,3.410,41.736,5.425907e-12
2024-05-11T02:14:00Z,489.257,7.246,41.554,5.402325e-12
2024-05-11T02:15:00Z,489.251,11.081,41.373,5.169003e-12
2024-05-11T02:16:00Z,489.365,14.915,41.195,4.626078e-12
2024-05-11T02:17:00Z,489.592,18.748,41.018,4.167012e-12
2024-05-11T02:18:00Z,489.921,22.580,40.846,4.316494e-12
2024-05-11T02:19:00Z,490.340,26.410,40.677,4.273923e-12
2024-05-11T02:20:00Z,490.836,30.237,40.515,3.763973e-12
2024-05-11T02:21:00Z,491.392,34.063,40.359,3.903244e-12
2024-05-11T02:22:00Z,491.991,37.885,40.212,4.124988e-12
2024-05-11T02:23:00Z,492.616,41.705,40.077,3.138614e-12
2024-05-11T02:24:00Z,493.248,45.523,39.956,2.892416e-12
2024-05-11T02:25:00Z,493.867,49.337,39.854,2.951232e-12
2024-05-11T02:26:00Z,494.456,53.149,39.777,3.861327e-12
2024-05-11T02:27:00Z,494.997,56.958,39.733,4.154097e-12
2024-05-11T02:28:00Z,495.471,60.764,39.737,2.833941e-12
2024-05-11T02:29:00Z,495.862,64.568,39.809,2.783005e-12
2024-05-11T02:30:00Z,496.156,68.368,39.986,2.490980e-12
2024-05-11T02:31:00Z,496.340,72.166,40.334,2.597779e-12
2024-05-11T02:32:00Z,496.403,75.959,40.994,4.020948e-12
2024-05-11T02:33:00Z,496.335,79.746,42.309,5.084827e-12
2024-05-11T02:34:00Z,496.131,83.516,45.423,4.929034e-12
2024-05-11T02:35:00Z,495.788,87.204,57.541,5.098109e-12
2024-05-11T02:36:00Z,495.303,88.427,175.472,5.866684e-12
2024-05-11T02:37:00Z,494.678,84.899,-155.850,6.573085e-12
2024-05-11T02:38:00Z,493.919,81.141,-151.154,6.603427e-12
2024-05-11T02:39:00Z,493.033,77.356,-149.397,6.373022e-12
2024-05-11T02:40:00Z,492.028,73.560,-148.555,6.333165e-12
2024-05-11T02:41:00Z,490.917,69.759,-148.114,6.563825e-12
2024-05-11T02:42:00Z,489.716,65.953,-147.884,6.170652e-12
2024-05-11T02:43:00Z,488.439,62.143,-147.778,6.359798e-12
2024-05-11T02:44:00Z,487.105,58.329,-147.752,6.106682e-12
2024-05-11T02:45:00Z,485.733,54.512,-147.780,7.042567e-12
2024-05-11T02:46:00Z,484.346,50.691,-147.846,7.047774e-12
2024-05-11T02:47:00Z,482.965,46.866,-147.940,6.076934e-12
2024-05-11T02:48:00Z,481.611,43.037,-148.054,5.462328e-12
2024-05-11T02:49:00Z,480.308,39.205,-148.185,5.009003e-12
2024-05-11T02:50:00Z,479.078,35.370,-148.327,4.751449e-12
2024-05-11T02:51:00Z,477.942,31.531,-148.480,4.522292e-12
2024-05-11T02:52:00Z,476.919,27.689,-148.640,4.501966e-12
2024-05-11T02:53:00Z,476.029,23.845,-148.806,4.598312e-12
2024-05-11T02:54:00Z,475.289,19.998,-148.978,4.822298e-12
2024-05-11T02:55:00Z,474.712,16.149,-149.153,5.150459e-12
2024-05-11T02:56:00Z,474.312,12.298,-149.330,5.465977e-12
2024-05-11T02:57:00Z,474.098,8.446,-149.510,5.747461e-12
2024-05-11T02:58:00Z,474.076,4.594,-149.692,5.951120e-12
2024-05-11T02:59:00Z,474.251,0.741,-149.874,6.078451e-12
2024-05-11T03:00:00Z,474.623,-3.112,-150.056,6.198291e-12
2024-05-11T03:01:00Z,475.189,-6.963,-150.237,6.384045e-12
2024-05-11T03:02:00Z,475.945,-10.814,-150.418,6.343004e-12
2024-05-11T03:03:00Z,476.882,-14.663,-150.597,6.052859e-12
2024-05-11T03:04:00Z,477.988,-18.510,-150.773,5.682874e-12
2024-05-11T03:05:00Z,479.250,-22.354,-150.946,5.600810e-12
2024-05-11T03:06:00Z,480.651,-26.195,-151.114,5.768931e-12
2024-05-11T03:07:00Z,482.172,-30.033,-151.277,5.790985e-12
2024-05-11T03:08:00Z,483.794,-33.867,-151.433,6.427560e-12
2024-05-11T03:09:00Z,485.494,-37.698,-151.580,6.710393e-12
2024-05-11T03:10:00Z,487.248,-41.525,-151.716,7.001756e-12
2024-05-11T03:11:00Z,489.035,-45.348,-151.838,6.525075e-12
2024-05-11T03:12:00Z,490.828,-49.166,-151.941,5.856663e-12
2024-05-11T03:13:00Z,492.605,-52.981,-152.019,5.737886e-12
2024-05-11T03:14:00Z,494.341,-56.791,-152.064,5.198646e-12
2024-05-11T03:15:00Z,496.014,-60.597,-152.063,4.942461e-12
2024-05-11T03:16:00Z,497.603,-64.400,-151.995,4.617881e-12
2024-05-11T03:17:00Z,499.087,-68.198,-151.825,4.693009e-12
2024-05-11T03:18:00Z,500.449,-71.992,-151.488,4.896132e-12
2024-05-11T03:19:00Z,501.673,-75.780,-150.850,4.985719e-12
2024-05-11T03:20:00Z,502.744,-79.561,-149.585,4.950692e-12
2024-05-11T03:21:00Z,503.652,-83.325,-146.633,4.823764e-12
2024-05-11T03:22:00Z,504.387,-87.014,-135.680,4.487788e-12
2024-05-11T03:23:00Z,504.944,-88.583,-21.888,4.214004e-12
2024-05-11T03:24:00Z,505.320,-85.119,11.844,3.777770e-12
2024-05-11T03:25:00Z,505.515,-81.376,16.881,4.013684e-12
2024-05-11T03:26:00Z,505.532,-77.605,18.724,3.817144e-12
2024-05-11T03:27:00Z,505.375,-73.824,19.601,3.525345e-12
2024-05-11T03:28:00Z,505.054,-70.038,20.059,4.221950e-12
2024-05-11T03:29:00Z,504.578,-66.248,20.299,4.971024e-12
2024-05-11T03:30:00Z,503.962,-62.455,20.410,4.011536e-12
2024-05-11T03:31:00Z,503.220,-58.659,20.440,3.447748e-12
2024-05-11T03:32:00Z,502.368,-54.860,20.415,3.330230e-12
2024-05-11T03:33:00Z,501.426,-51.058,20.351,2.802097e-12
2024-05-11T03:34:00Z,500.412,-47.252,20.259,2.888352e-12
2024-05-11T03:35:00Z,499.347,-43.444,20.146,3.148124e-12
2024-05-11T03:36:00Z,498.252,-39.632,20.016,3.831313e-12
2024-05-11T03:37:00Z,497.147,-35.817,19.874,4.235651e-12
2024-05-11T03:38:00Z,496.053,-31.998,19.722,4.857856e-12
2024-05-11T03:39:00Z,494.989,-28.177,19.562,5.197064e-12
2024-05-11T03:40:00Z,493.975,-24.353,19.396,5.379012e-12
2024-05-11T03:41:00Z,493.026,-20.526,19.225,5.358265e-12
2024-05-11T03:42:00Z,492.160,-16.697,19.050,5.028025e-12
2024-05-11T03:43:00Z,491.389,-12.866,18.872,4.650530e-12
2024-05-11T03:44:00Z,490.726,-9.033,18.692,4.479935e-12
2024-05-11T03:45:00Z,490.179,-5.199,18.511,4.448361e-12
2024-05-11T03:46:00Z,489.756,-1.364,18.329,4.222707e-12
2024-05-11T03:47:00Z,489.459,2.472,18.146,3.838222e-12
2024-05-11T03:48:00Z,489.291,6.307,17.964,3.600400e-12
2024-05-11T03:49:00Z,489.248,10.142,17.783,3.467968e-12
2024-05-11T03:50:00Z,489.327,13.977,17.604,3.528059e-12
2024-05-11T03:51:00Z,489.521,17.810,17.426,3.422578e-12
2024-05-11T03:52:00Z,489.820,21.642,17.253,3.259544e-12
2024-05-11T03:53:00Z,490.213,25.473,17.083,3.388886e-12
2024-05-11T03:54:00Z,490.685,29.301,16.919,3.288786e-12
2024-05-11T03:55:00Z,491.222,33.127,16.761,3.101969e-12
2024-05-11T03:56:00Z,491.807,36.950,16.612,3.051315e-12
2024-05-11T03:57:00Z,492.422,40.771,16.473,2.951091e-12
2024-05-11T03:58:00Z,493.048,44.589,16.348,2.797801e-12
2024-05-11T03:59:00Z,493.667,48.404,16.241,3.266001e-12
2024-05-11T04:00:00Z,494.260,52.217,16.157,4.941726e-12
2024-05-11T04:01:00Z,494.808,56.027,16.104,4.850311e-12
2024-05-11T04:02:00Z,495.294,59.833,16.094,4.365455e-12
2024-05-11T04:03:00Z,495.702,63.638,16.146,3.499978e-12
2024-05-11T04:04:00Z,496.016,67.439,16.292,2.396729e-12
2024-05-11T04:05:00Z,496.223,71.238,16.589,3.383060e-12
2024-05-11T04:06:00Z,496.311,75.032,17.151,4.034915e-12
2024-05-11T04:07:00Z,496.271,78.821,18.249,4.884522e-12
2024-05-11T04:08:00Z,496.095,82.598,20.702,4.888734e-12
2024-05-11T04:09:00Z,495.781,86.324,28.652,3.975149e-12
2024-05-11T04:10:00Z,495.326,88.947,117.081,3.486157e-12
2024-05-11T04:11:00Z,494.731,85.806,178.053,3.685797e-12
2024-05-11T04:12:00Z,494.000,82.064,-175.494,3.827686e-12
2024-05-11T04:13:00Z,493.140,78.282,-173.335,3.224291e-12
2024-05-11T04:14:00Z,492.160,74.488,-172.341,2.616946e-12
2024-05-11T04:15:00Z,491.071,70.687,-171.827,3.206662e-12
2024-05-11T04:16:00Z,489.887,66.882,-171.557,3.389257e-12
2024-05-11T04:17:00Z,488.625,63.073,-171.427,3.301367e-12
2024-05-11T04:18:00Z,487.302,59.260,-171.385,4.302206e-12
2024-05-11T04:19:00Z,485.937,55.444,-171.401,4.512397e-12
2024-05-11T04:20:00Z,484.552,51.623,-171.459,5.799680e-12
2024-05-11T04:21:00Z,483.167,47.799,-171.547,5.678138e-12
2024-05-11T04:22:00Z,481.806,43.972,-171.657,5.499503e-12
2024-05-11T04:23:00Z,480.490,40.140,-171.784,5.440944e-12
2024-05-11T04:24:00Z,479.242,36.306,-171.924,5.514340e-12
2024-05-11T04:25:00Z,478.083,32.467,-172.075,5.434280e-12
2024-05-11T04:26:00Z,477.034,28.626,-172.234,5.796501e-12
2024-05-11T04:27:00Z,476.113,24.782,-172.399,6.047962e-12
2024-05-11T04:28:00Z,475.338,20.936,-172.569,6.342812e-12
2024-05-11T04:29:00Z,474.725,17.087,-172.743,6.724884e-12
2024-05-11T04:30:00Z,474.285,13.237,-172.920,6.892730e-12
2024-05-11T04:31:00Z,474.029,9.385,-173.100,6.879086e-12
2024-05-11T04:32:00Z,473.966,5.532,-173.281,6.784741e-12
2024-05-11T04:33:00Z,474.098,1.679,-173.463,6.585933e-12
2024-05-11T04:34:00Z,474.429,-2.173,-173.645,6.283226e-12
2024-05-11T04:35:00Z,474.955,-6.025,-173.827,5.854078e-12
2024-05-11T04:36:00Z,475.673,-9.876,-174.008,5.405337e-12
2024-05-11T04:37:00Z,476.574,-13.726,-174.187,5.050804e-12
2024-05-11T04:38:00Z,477.648,-17.573,-174.364,4.968608e-12
2024-05-11T04:39:00Z,478.881,-21.418,-174.538,5.000154e-12
2024-05-11T04:40:00Z,480.257,-25.260,-174.708,5.071401e-12
2024-05-11T04:41:00Z,481.757,-29.099,-174.872,4.937299e-12
2024-05-11T04:42:00Z,483.363,-32.934,-175.030,4.926949e-12
2024-05-11T04:43:00Z,485.052,-36.766,-175.180,5.176935e-12
2024-05-11T04:44:00Z,486.802,-40.594,-175.319,5.133104e-12
2024-05-11T04:45:00Z,488.588,-44.418,-175.444,4.665832e-12
2024-05-11T04:46:00Z,490.388,-48.237,-175.553,4.482669e-12
2024-05-11T04:47:00Z,492.176,-52.053,-175.638,3.396729e-12
2024-05-11T04:48:00Z,493.930,-55.864,-175.692,3.390470e-12
2024-05-11T04:49:00Z,495.627,-59.671,-175.705,3.251627e-12
2024-05-11T04:50:00Z,497.244,-63.475,-175.656,2.874572e-12
2024-05-11T04:51:00Z,498.761,-67.274,-175.515,3.140166e-12
2024-05-11T04:52:00Z,500.160,-71.068,-175.228,3.807376e-12
2024-05-11T04:53:00Z,501.424,-74.858,-174.683,4.421004e-12
2024-05-11T04:54:00Z,502.539,-78.641,-173.624,4.222276e-12
2024-05-11T04:55:00Z,503.492,-82.411,-171.285,3.995044e-12
2024-05-11T04:56:00Z,504.275,-86.134,-163.952,4.014716e-12
2024-05-11T04:57:00Z,504.880,-88.980,-86.020,3.917853e-12
2024-05-11T04:58:00Z,505.305,-86.017,-14.489,3.919527e-12
2024-05-11T04:59:00Z,505.547,-82.292,-7.498,3.757706e-12
2024-05-11T05:00:00Z,505.610,-78.525,-5.226,3.932242e-12
2024-05-11T05:01:00Z,505.498,-74.745,-4.191,3.992210e-12
2024-05-11T05:02:00Z,505.219,-70.960,-3.657,3.810857e-12
2024-05-11T05:03:00Z,504.782,-67.172,-3.376,2.743267e-12
2024-05-11T05:04:00Z,504.200,-63.379,-3.239,2.081466e-12
2024-05-11T05:05:00Z,503.489,-59.584,-3.192,2.145120e-12
2024-05-11T05:06:00Z,502.664,-55.786,-3.206,3.021757e-12
2024-05-11T05:07:00Z,501.743,-51.985,-3.262,3.796372e-12
2024-05-11T05:08:00Z,500.745,-48.180,-3.348,4.069152e-12
2024-05-11T05:09:00Z,499.691,-44.373,-3.457,3.927153e-12
2024-05-11T05:10:00Z,498.600,-40.562,-3.583,4.075164e-12
2024-05-11T05:11:00Z,497.495,-36.747,-3.722,4.012504e-12
2024-05-11T05:12:00Z,496.395,-32.930,-3.872,3.875579e-12
2024-05-11T05:13:00Z,495.321,-29.109,-4.031,3.703462e-12
2024-05-11T05:14:00Z,494.291,-25.286,-4.196,3.605020e-12
2024-05-11T05:15:00Z,493.323,-21.460,-4.366,3.642709e-12
2024-05-11T05:16:00Z,492.433,-17.631,-4.540,3.967115e-12
2024-05-11T05:17:00Z,491.636,-13.801,-4.717,4.203214e-12
2024-05-11T05:18:00Z,490.943,-9.968,-4.897,4.359346e-12
2024-05-11T05:19:00Z,490.364,-6.135,-5.078,4.428233e-12
2024-05-11T05:20:00Z,489.907,-2.300,-5.260,4.282073e-12
2024-05-11T05:21:00Z,489.575,1.535,-5.443,4.015805e-12
2024-05-11T05:22:00Z,489.370,5.371,-5.625,3.832856e-12
2024-05-11T05:23:00Z,489.291,9.206,-5.806,4.015850e-12
2024-05-11T05:24:00Z,489.335,13.041,-5.986,4.191431e-12
2024-05-11T05:25:00Z,489.495,16.875,-6.164,4.182754e-12
2024-05-11T05:26:00Z,489.762,20.707,-6.339,4.115202e-12
2024-05-11T05:27:00Z,490.126,24.538,-6.510,3.608092e-12
2024-05-11T05:28:00Z,490.573,28.366,-6.676,3.362841e-12
2024-05-11T05:29:00Z,491.089,32.193,-6.835,3.805727e-12
2024-05-11T05:30:00Z,491.656,36.017,-6.987,3.830399e-12
2024-05-11T05:31:00Z,492.257,39.838,-7.128,3.113220e-12
2024-05-11T05:32:00Z,492.875,43.657,-7.257,2.666677e-12
2024-05-11T05:33:00Z,493.489,47.473,-7.369,3.136877e-12
2024-05-11T05:34:00Z,494.083,51.286,-7.460,3.641500e-12
2024-05-11T05:35:00Z,494.636,55.097,-7.521,4.159255e-12
2024-05-11T05:36:00Z,495.131,58.905,-7.543,4.383150e-12
2024-05-11T05:37:00Z,495.551,62.709,-7.508,3.547521e-12
2024-05-11T05:38:00Z,495.881,66.512,-7.389,3.077698e-12
2024-05-11T05:39:00Z,496.106,70.311,-7.137,2.392018e-12
2024-05-11T05:40:00Z,496.216,74.107,-6.656,2.132942e-12
2024-05-11T05:41:00Z,496.199,77.898,-5.732,2.244444e-12
2024-05-11T05:42:00Z,496.049,81.678,-3.758,2.544415e-12
2024-05-11T05:43:00Z,495.761,85.426,1.848,2.844589e-12
2024-05-11T05:44:00Z,495.333,88.787,45.851,3.500322e-12
2024-05-11T05:45:00Z,494.765,86.697,150.577,4.630840e-12
2024-05-11T05:46:00Z,494.060,82.982,159.961,5.274109e-12
2024-05-11T05:47:00Z,493.225,79.206,162.662,5.587407e-12
2024-05-11T05:48:00Z,492.267,75.413,163.844,5.988907e-12
2024-05-11T05:49:00Z,491.199,71.614,164.444,7.448285e-12
2024-05-11T05:50:00Z,490.032,67.810,164.761,6.764145e-12
2024-05-11T05:51:00Z,488.784,64.002,164.919,5.614540e-12
2024-05-11T05:52:00Z,487.470,60.189,164.979,5.096012e-12
2024-05-11T05:53:00Z,486.111,56.374,164.974,4.815219e-12
2024-05-11T05:54:00Z,484.727,52.554,164.925,4.855919e-12
2024-05-11T05:55:00Z,483.339,48.731,164.844,4.852614e-12
2024-05-11T05:56:00Z,481.969,44.904,164.738,5.112247e-12
2024-05-11T05:57:00Z,480.640,41.073,164.615,5.208067e-12
2024-05-11T05:58:00Z,479.375,37.239,164.477,5.276415e-12
2024-05-11T05:59:00Z,478.194,33.401,164.329,5.368586e-12
2024-05-11T06:00:00Z,477.119,29.561,164.172,5.504741e-12
2024-05-11T06:01:00Z,476.168,25.717,164.009,5.525680e-12
2024-05-11T06:02:00Z,475.361,21.871,163.840,5.517501e-12
2024-05-11T06:03:00Z,474.712,18.023,163.666,5.406426e-12
2024-05-11T06:04:00Z,474.234,14.172,163.489,5.228251e-12
2024-05-11T06:05:00Z,473.939,10.321,163.310,5.134121e-12
2024-05-11T06:06:00Z,473.835,6.468,163.130,5.169689e-12
2024-05-11T06:07:00Z,473.926,2.615,162.948,5.268077e-12
2024-05-11T06:08:00Z,474.216,-1.238,162.765,5.422739e-12
2024-05-11T06:09:00Z,474.702,-5.090,162.583,5.567209e-12
2024-05-11T06:10:00Z,475.382,-8.942,162.402,5.598850e-12
2024-05-11T06:11:00Z,476.247,-12.791,162.222,5.499435e-12
2024-05-11T06:12:00Z,477.287,-16.639,162.044,5.341620e-12
2024-05-11T06:13:00Z,478.490,-20.485,161.870,5.193504e-12
2024-05-11T06:14:00Z,479.841,-24.328,161.699,5.126807e-12
2024-05-11T06:15:00Z,481.321,-28.168,161.533,5.153644e-12
2024-05-11T06:16:00Z,482.912,-32.004,161.373,5.232799e-12
2024-05-11T06:17:00Z,484.592,-35.837,161.221,5.059507e-12
2024-05-11T06:18:00Z,486.338,-39.665,161.079,4.896722e-12
2024-05-11T06:19:00Z,488.127,-43.490,160.950,4.759779e-12
2024-05-11T06:20:00Z,489.935,-47.311,160.837,4.714060e-12
2024-05-11T06:21:00Z,491.738,-51.127,160.746,4.505008e-12
2024-05-11T06:22:00Z,493.512,-54.940,160.683,4.102816e-12
2024-05-11T06:23:00Z,495.233,-58.748,160.659,3.620522e-12
2024-05-11T06:24:00Z,496.880,-62.552,160.690,3.580092e-12
2024-05-11T06:25:00Z,498.432,-66.352,160.805,3.512802e-12
2024-05-11T06:26:00Z,499.869,-70.148,161.049,3.413771e-12
2024-05-11T06:27:00Z,501.175,-73.939,161.516,2.841111e-12
2024-05-11T06:28:00Z,502.335,-77.724,162.410,2.793240e-12
2024-05-11T06:29:00Z,503.335,-81.498,164.301,2.563807e-12
2024-05-11T06:30:00Z,504.167,-85.241,169.544,2.596095e-12
2024-05-11T06:31:00Z,504.822,-88.668,-153.198,2.705574e-12
2024-05-11T06:32:00Z,505.296,-86.898,-42.404,3.062046e-12
2024-05-11T06:33:00Z,505.589,-83.203,-32.096,3.188702e-12
2024-05-11T06:34:00Z,505.700,-79.441,-29.244,3.044062e-12
2024-05-11T06:35:00Z,505.635,-75.664,-28.012,3.392726e-12
2024-05-11T06:36:00Z,505.399,-71.880,-27.389,2.817575e-12
2024-05-11T06:37:00Z,505.004,-68.092,-27.060,3.215461e-12
2024-05-11T06:38:00Z,504.460,-64.301,-26.895,3.020839e-12
2024-05-11T06:39:00Z,503.782,-60.507,-26.830,3.416454e-12
2024-05-11T06:40:00Z,502.985,-56.709,-26.831,3.664719e-12
2024-05-11T06:41:00Z,502.087,-52.909,-26.878,3.268057e-12
2024-05-11T06:42:00Z,501.107,-49.105,-26.958,3.415191e-12
2024-05-11T06:43:00Z,500.065,-45.299,-27.062,3.065519e-12
2024-05-11T06:44:00Z,498.982,-41.488,-27.184,3.131078e-12
2024-05-11T06:45:00Z,497.878,-37.675,-27.321,3.082142e-12
2024-05-11T06:46:00Z,496.774,-33.859,-27.469,2.860164e-12
2024-05-11T06:47:00Z,495.690,-30.039,-27.625,2.770407e-12
2024-05-11T06:48:00Z,494.646,-26.216,-27.789,2.861070e-12
2024-05-11T06:49:00Z,493.659,-22.391,-27.957,2.937971e-12
2024-05-11T06:50:00Z,492.746,-18.563,-28.131,3.032772e-12
2024-05-11T06:51:00Z,491.922,-14.733,-28.307,3.092843e-12
2024-05-11T06:52:00Z,491.199,-10.901,-28.486,3.174014e-12
2024-05-11T06:53:00Z,490.588,-7.068,-28.667,3.270479e-12
2024-05-11T06:54:00Z,490.096,-3.234,-28.850,3.324327e-12
2024-05-11T06:55:00Z,489.729,0.601,-29.032,3.286252e-12
2024-05-11T06:56:00Z,489.488,4.437,-29.215,3.515408e-12
2024-05-11T06:57:00Z,489.374,8.272,-29.396,3.847670e-12
2024-05-11T06:58:00Z,489.383,12.107,-29.577,4.154132e-12
2024-05-11T06:59:00Z,489.510,15.941,-29.755,3.944163e-12
2024-05-11T07:00:00Z,489.746,19.773,-29.931,3.510648e-12
2024-05-11T07:01:00Z,490.082,23.605,-30.103,3.205914e-12
2024-05-11T07:02:00Z,490.503,27.434,-30.270,3.038929e-12
2024-05-11T07:03:00Z,490.997,31.261,-30.431,3.037515e-12
2024-05-11T07:04:00Z,491.546,35.085,-30.585,3.269627e-12
2024-05-11T07:05:00Z,492.134,38.907,-30.729,3.543552e-12
2024-05-11T07:06:00Z,492.741,42.727,-30.861,3.434796e-12
2024-05-11T07:07:00Z,493.350,46.543,-30.977,3.576973e-12
2024-05-11T07:08:00Z,493.942,50.357,-31.074,3.673408e-12
2024-05-11T07:09:00Z,494.498,54.168,-31.143,3.922293e-12
2024-05-11T07:10:00Z,495.000,57.977,-31.176,3.954805e-12
2024-05-11T07:11:00Z,495.430,61.782,-31.157,3.654733e-12
2024-05-11T07:12:00Z,495.774,65.585,-31.062,2.923983e-12
2024-05-11T07:13:00Z,496.017,69.385,-30.848,3.108990e-12
2024-05-11T07:14:00Z,496.147,73.182,-30.436,3.077525e-12
2024-05-11T07:15:00Z,496.153,76.975,-29.651,2.206325e-12
2024-05-11T07:16:00Z,496.027,80.759,-28.036,3.561540e-12
2024-05-11T07:17:00Z,495.765,84.520,-23.881,3.044874e-12
2024-05-11T07:18:00Z,495.363,88.116,-2.087,3.981764e-12
2024-05-11T07:19:00Z,494.821,87.561,120.267,5.045128e-12
2024-05-11T07:20:00Z,494.142,83.897,135.116,5.677349e-12
2024-05-11T07:21:00Z,493.331,80.127,138.573,4.932817e-12
2024-05-11T07:22:00Z,492.396,76.337,139.991,4.565191e-12
2024-05-11T07:23:00Z,491.348,72.540,140.694,4.866313e-12
2024-05-11T07:24:00Z,490.199,68.736,141.065,4.805739e-12
2024-05-11T07:25:00Z,488.964,64.929,141.255,6.023126e-12
2024-05-11T07:26:00Z,487.661,61.117,141.336,5.582274e-12
2024-05-11T07:27:00Z,486.308,57.302,141.345,6.404926e-12
2024-05-11T07:28:00Z,484.925,53.483,141.305,5.951771e-12
2024-05-11T07:29:00Z,483.533,49.661,141.231,6.018156e-12
2024-05-11T07:30:00Z,482.155,45.835,141.131,6.141026e-12
2024-05-11T07:31:00Z,480.812,42.005,141.011,6.318076e-12
2024-05-11T07:32:00Z,479.527,38.171,140.877,6.310369e-12
2024-05-11T07:33:00Z,478.322,34.334,140.731,5.978009e-12
2024-05-11T07:34:00Z,477.217,30.494,140.576,5.599870e-12
2024-05-11T07:35:00Z,476.233,26.651,140.414,5.300679e-12
2024-05-11T07:36:00Z,475.388,22.805,140.246,5.067289e-12
2024-05-11T07:37:00Z,474.697,18.957,140.074,4.891984e-12
2024-05-11T07:38:00Z,474.176,15.107,139.898,4.740493e-12
2024-05-11T07:39:00Z,473.835,11.256,139.720,4.638795e-12
2024-05-11T07:40:00Z,473.683,7.403,139.539,4.565522e-12
2024-05-11T07:41:00Z,473.727,3.550,139.358,4.561381e-12
2024-05-11T07:42:00Z,473.969,-0.303,139.175,4.711404e-12
2024-05-11T07:43:00Z,474.409,-4.156,138.993,4.994663e-12
2024-05-11T07:44:00Z,475.043,-8.008,138.812,5.452711e-12
2024-05-11T07:45:00Z,475.865,-11.858,138.632,6.014821e-12
2024-05-11T07:46:00Z,476.866,-15.707,138.453,6.548910e-12
2024-05-11T07:47:00Z,478.034,-19.553,138.278,6.677370e-12
2024-05-11T07:48:00Z,479.355,-23.397,138.106,6.748469e-12
2024-05-11T07:49:00Z,480.810,-27.238,137.939,6.236589e-12
2024-05-11T07:50:00Z,482.381,-31.075,137.778,5.255726e-12
2024-05-11T07:51:00Z,484.048,-34.909,137.624,4.525043e-12
2024-05-11T07:52:00Z,485.788,-38.739,137.480,4.281509e-12
2024-05-11T07:53:00Z,487.577,-42.564,137.347,4.134748e-12
2024-05-11T07:54:00Z,489.392,-46.386,137.230,3.493564e-12
2024-05-11T07:55:00Z,491.208,-50.204,137.133,3.810743e-12
2024-05-11T07:56:00Z,493.001,-54.017,137.063,3.877659e-12
2024-05-11T07:57:00Z,494.748,-57.827,137.028,4.352271e-12
2024-05-11T07:58:00Z,496.426,-61.632,137.045,4.154578e-12
2024-05-11T07:59:00Z,498.014,-65.433,137.136,3.921773e-12
2024-05-11T08:00:00Z,499.492,-69.230,137.344,4.244640e-12
2024-05-11T08:01:00Z,500.843,-73.022,137.745,4.786075e-12
2024-05-11T08:02:00Z,502.051,-76.809,138.506,5.552322e-12
2024-05-11T08:03:00Z,503.103,-80.587,140.062,6.378528e-12
2024-05-11T08:04:00Z,503.988,-84.341,143.993,6.912257e-12
2024-05-11T08:05:00Z,504.698,-87.953,163.239,6.890757e-12
2024-05-11T08:06:00Z,505.229,-87.743,-73.674,6.349643e-12
2024-05-11T08:07:00Z,505.577,-84.108,-57.023,5.552143e-12
2024-05-11T08:08:00Z,505.744,-80.353,-53.356,5.337903e-12
2024-05-11T08:09:00Z,505.732,-76.578,-51.875,4.667142e-12
2024-05-11T08:10:00Z,505.549,-72.796,-51.145,3.738785e-12
2024-05-11T08:11:00Z,505.202,-69.009,-50.759,3.487807e-12
2024-05-11T08:12:00Z,504.704,-65.219,-50.561,3.429433e-12
2024-05-11T08:13:00Z,504.067,-61.425,-50.475,3.350906e-12
2024-05-11T08:14:00Z,503.307,-57.629,-50.462,3.134052e-12
2024-05-11T08:15:00Z,502.440,-53.829,-50.499,3.225368e-12
2024-05-11T08:16:00Z,501.487,-50.027,-50.572,3.356271e-12
2024-05-11T08:17:00Z,500.466,-46.221,-50.671,3.453647e-12
2024-05-11T08:18:00Z,499.399,-42.412,-50.789,3.346890e-12
2024-05-11T08:19:00Z,498.306,-38.599,-50.922,3.206579e-12
2024-05-11T08:20:00Z,497.206,-34.784,-51.067,3.427700e-12
2024-05-11T08:21:00Z,496.122,-30.965,-51.222,3.379701e-12
2024-05-11T08:22:00Z,495.072,-27.143,-51.383,3.869423e-12
2024-05-11T08:23:00Z,494.074,-23.319,-51.551,4.116351e-12
2024-05-11T08:24:00Z,493.145,-19.492,-51.723,4.270571e-12
2024-05-11T08:25:00Z,492.301,-15.663,-51.899,4.171480e-12
2024-05-11T08:26:00Z,491.554,-11.831,-52.078,4.067141e-12
2024-05-11T08:27:00Z,490.916,-7.999,-52.258,3.984193e-12
2024-05-11T08:28:00Z,490.395,-4.165,-52.440,3.996714e-12
2024-05-11T08:29:00Z,489.997,-0.330,-52.622,4.044686e-12
2024-05-11T08:30:00Z,489.725,3.505,-52.805,4.041488e-12
2024-05-11T08:31:00Z,489.579,7.340,-52.987,3.747472e-12
2024-05-11T08:32:00Z,489.557,11.175,-53.168,3.602413e-12
2024-05-11T08:33:00Z,489.654,15.009,-53.346,3.300993e-12
2024-05-11T08:34:00Z,489.863,18.842,-53.523,3.307925e-12
2024-05-11T08:35:00Z,490.173,22.673,-53.696,3.736116e-12
2024-05-11T08:36:00Z,490.572,26.502,-53.864,4.118048e-12
2024-05-11T08:37:00Z,491.047,30.330,-54.027,3.835010e-12
2024-05-11T08:38:00Z,491.581,34.155,-54.182,3.267184e-12
2024-05-11T08:39:00Z,492.158,37.977,-54.329,3.350747e-12
2024-05-11T08:40:00Z,492.759,41.797,-54.464,3.565322e-12
2024-05-11T08:41:00Z,493.367,45.614,-54.585,2.966167e-12
2024-05-11T08:42:00Z,493.962,49.429,-54.687,2.862568e-12
2024-05-11T08:43:00Z,494.525,53.240,-54.763,4.071302e-12
2024-05-11T08:44:00Z,495.038,57.049,-54.806,3.262586e-12
2024-05-11T08:45:00Z,495.484,60.855,-54.801,3.507582e-12
2024-05-11T08:46:00Z,495.847,64.658,-54.727,3.591979e-12
2024-05-11T08:47:00Z,496.112,68.459,-54.548,4.643806e-12
2024-05-11T08:48:00Z,496.266,72.257,-54.194,4.688690e-12
2024-05-11T08:49:00Z,496.298,76.050,-53.525,3.468984e-12
2024-05-11T08:50:00Z,496.201,79.837,-52.187,2.447304e-12
2024-05-11T08:51:00Z,495.967,83.606,-48.997,2.414977e-12
2024-05-11T08:52:00Z,495.593,87.289,-36.309,2.546804e-12
2024-05-11T08:53:00Z,495.079,88.357,83.017,2.922129e-12
2024-05-11T08:54:00Z,494.426,84.809,109.815,3.566531e-12
2024-05-11T08:55:00Z,493.639,81.050,114.374,3.650836e-12
2024-05-11T08:56:00Z,492.726,77.264,116.095,3.379653e-12
2024-05-11T08:57:00Z,491.696,73.467,116.923,2.910112e-12
2024-05-11T08:58:00Z,490.562,69.665,117.357,2.194199e-12
2024-05-11T08:59:00Z,489.339,65.859,117.583,2.734774e-12
2024-05-11T09:00:00Z,488.042,62.049,117.686,3.893788e-12
2024-05-11T09:01:00Z,486.691,58.234,117.710,3.500871e-12
2024-05-11T09:02:00Z,485.305,54.417,117.681,4.402323e-12
2024-05-11T09:03:00Z,483.906,50.595,117.615,4.152910e-12
2024-05-11T09:04:00Z,482.515,46.770,117.520,4.230336e-12
2024-05-11T09:05:00Z,481.154,42.941,117.405,4.113873e-12
2024-05-11T09:06:00Z,479.846,39.108,117.275,4.165227e-12
2024-05-11T09:07:00Z,478.613,35.272,117.132,4.317553e-12
2024-05-11T09:08:00Z,477.476,31.433,116.979,4.623133e-12
2024-05-11T09:09:00Z,476.455,27.590,116.818,5.002721e-12
2024-05-11T09:10:00Z,475.569,23.745,116.652,5.327302e-12
2024-05-11T09:11:00Z,474.834,19.898,116.481,5.839902e-12
2024-05-11T09:12:00Z,474.266,16.048,116.306,6.462639e-12
2024-05-11T09:13:00Z,473.876,12.197,116.128,6.996287e-12
2024-05-11T09:14:00Z,473.674,8.345,115.948,7.298927e-12
2024-05-11T09:15:00Z,473.666,4.492,115.767,7.240901e-12
2024-05-11T09:16:00Z,473.855,0.638,115.585,7.035033e-12
2024-05-11T09:17:00Z,474.243,-3.215,115.403,6.534463e-12
2024-05-11T09:18:00Z,474.827,-7.067,115.221,6.145048e-12
2024-05-11T09:19:00Z,475.601,-10.918,115.041,5.930667e-12
2024-05-11T09:20:00Z,476.557,-14.767,114.862,5.748864e-12
2024-05-11T09:21:00Z,477.684,-18.614,114.686,5.823206e-12
2024-05-11T09:22:00Z,478.968,-22.459,114.514,6.060865e-12
2024-05-11T09:23:00Z,480.392,-26.300,114.346,6.662611e-12
2024-05-11T09:24:00Z,481.938,-30.138,114.183,7.354538e-12
2024-05-11T09:25:00Z,483.585,-33.973,114.027,7.458322e-12
2024-05-11T09:26:00Z,485.311,-37.804,113.881,5.853113e-12
2024-05-11T09:27:00Z,487.092,-41.631,113.746,4.494507e-12
2024-05-11T09:28:00Z,488.906,-45.453,113.625,3.988542e-12
2024-05-11T09:29:00Z,490.728,-49.272,113.523,3.895633e-12
2024-05-11T09:30:00Z,492.532,-53.087,113.445,3.579815e-12
2024-05-11T09:31:00Z,494.296,-56.897,113.401,4.063505e-12
2024-05-11T09:32:00Z,495.997,-60.703,113.405,3.776009e-12
2024-05-11T09:33:00Z,497.613,-64.505,113.476,3.072471e-12
2024-05-11T09:34:00Z,499.124,-68.303,113.650,2.235448e-12
2024-05-11T09:35:00Z,500.512,-72.097,113.995,2.127401e-12
2024-05-11T09:36:00Z,501.760,-75.885,114.646,2.110398e-12
2024-05-11T09:37:00Z,502.855,-79.666,115.940,1.569839e-12
2024-05-11T09:38:00Z,503.786,-83.429,118.981,1.547298e-12
2024-05-11T09:39:00Z,504.543,-87.113,130.525,1.744091e-12
2024-05-11T09:40:00Z,505.122,-88.507,-113.574,2.570439e-12
2024-05-11T09:41:00Z,505.518,-85.016,-82.467,2.430261e-12
2024-05-11T09:42:00Z,505.733,-81.272,-77.591,1.902248e-12
2024-05-11T09:43:00Z,505.769,-77.501,-75.786,2.154308e-12
2024-05-11T09:44:00Z,505.631,-73.720,-74.924,2.071674e-12
2024-05-11T09:45:00Z,505.327,-69.934,-74.473,2.090137e-12
2024-05-11T09:46:00Z,504.869,-66.144,-74.236,1.905437e-12
2024-05-11T09:47:00Z,504.269,-62.352,-74.127,2.078438e-12
2024-05-11T09:48:00Z,503.541,-58.556,-74.098,2.129282e-12
2024-05-11T09:49:00Z,502.704,-54.757,-74.124,2.549717e-12
2024-05-11T09:50:00Z,501.774,-50.955,-74.189,2.811962e-12
2024-05-11T09:51:00Z,500.772,-47.150,-74.281,2.946703e-12
2024-05-11T09:52:00Z,499.718,-43.342,-74.395,2.958302e-12
2024-05-11T09:53:00Z,498.632,-39.531,-74.524,3.052444e-12
2024-05-11T09:54:00Z,497.535,-35.716,-74.667,3.117050e-12
2024-05-11T09:55:00Z,496.448,-31.898,-74.819,3.132346e-12
2024-05-11T09:56:00Z,495.389,-28.077,-74.979,3.295511e-12
2024-05-11T09:57:00Z,494.379,-24.253,-75.145,3.325978e-12
2024-05-11T09:58:00Z,493.433,-20.427,-75.316,3.228208e-12
2024-05-11T09:59:00Z,492.568,-16.598,-75.491,3.314465e-12
2024-05-11T10:00:00Z,491.797,-12.767,-75.668,3.530587e-12
2024-05-11T10:01:00Z,491.131,-8.935,-75.848,3.867881e-12
2024-05-11T10:02:00Z,490.580,-5.101,-76.030,4.192277e-12
2024-05-11T10:03:00Z,490.149,-1.267,-76.212,4.502408e-12
2024-05-11T10:04:00Z,489.843,2.568,-76.394,4.681496e-12
2024-05-11T10:05:00Z,489.663,6.403,-76.576,4.487100e-12
2024-05-11T10:06:00Z,489.606,10.238,-76.757,3.903488e-12
2024-05-11T10:07:00Z,489.669,14.072,-76.936,3.924152e-12
2024-05-11T10:08:00Z,489.844,17.905,-77.113,5.217291e-12
2024-05-11T10:09:00Z,490.124,21.737,-77.286,5.546610e-12
2024-05-11T10:10:00Z,490.495,25.567,-77.456,6.280044e-12
2024-05-11T10:11:00Z,490.945,29.395,-77.620,6.234160e-12
2024-05-11T10:12:00Z,491.459,33.220,-77.777,3.873796e-12
2024-05-11T10:13:00Z,492.020,37.043,-77.926,4.623999e-12
2024-05-11T10:14:00Z,492.609,40.864,-78.064,3.283319e-12
2024-05-11T10:15:00Z,493.210,44.682,-78.188,3.405599e-12
2024-05-11T10:16:00Z,493.803,48.497,-78.294,2.914884e-12
2024-05-11T10:17:00Z,494.369,52.309,-78.378,2.574608e-12
2024-05-11T10:18:00Z,494.891,56.118,-78.429,2.541328e-12
2024-05-11T10:19:00Z,495.351,59.925,-78.437,3.662601e-12
2024-05-11T10:20:00Z,495.732,63.729,-78.382,4.335452e-12
2024-05-11T10:21:00Z,496.020,67.530,-78.232,4.615033e-12
2024-05-11T10:22:00Z,496.202,71.329,-77.929,4.905043e-12
2024-05-11T10:23:00Z,496.264,75.123,-77.356,4.527852e-12
2024-05-11T10:24:00Z,496.199,78.912,-76.234,4.058821e-12
2024-05-11T10:25:00Z,495.999,82.688,-73.717,4.605637e-12
2024-05-11T10:26:00Z,495.661,86.411,-65.437,4.118539e-12
2024-05-11T10:27:00Z,495.183,88.917,27.201,2.982100e-12
2024-05-11T10:28:00Z,494.565,85.716,83.769,2.916137e-12
2024-05-11T10:29:00Z,493.812,81.972,90.026,2.938238e-12
2024-05-11T10:30:00Z,492.931,78.190,92.146,3.148715e-12
2024-05-11T10:31:00Z,491.931,74.395,93.127,3.382916e-12
2024-05-11T10:32:00Z,490.824,70.594,93.636,2.936170e-12
2024-05-11T10:33:00Z,489.624,66.789,93.903,3.039299e-12
2024-05-11T10:34:00Z,488.346,62.980,94.032,3.049730e-12
2024-05-11T10:35:00Z,487.010,59.166,94.073,3.560136e-12
2024-05-11T10:36:00Z,485.635,55.349,94.056,4.366879e-12
2024-05-11T10:37:00Z,484.241,51.529,93.998,4.087731e-12
2024-05-11T10:38:00Z,482.850,47.704,93.910,4.286023e-12
2024-05-11T10:39:00Z,481.485,43.876,93.800,4.404828e-12
2024-05-11T10:40:00Z,480.168,40.044,93.673,4.732012e-12
2024-05-11T10:41:00Z,478.921,36.209,93.532,5.042476e-12
2024-05-11T10:42:00Z,477.765,32.371,93.382,5.486720e-12
2024-05-11T10:43:00Z,476.721,28.529,93.224,5.663039e-12
2024-05-11T10:44:00Z,475.807,24.685,93.059,5.594673e-12
2024-05-11T10:45:00Z,475.040,20.838,92.889,5.688628e-12
2024-05-11T10:46:00Z,474.437,16.989,92.715,5.781640e-12
2024-05-11T10:47:00Z,474.010,13.138,92.537,5.793970e-12
2024-05-11T10:48:00Z,473.770,9.286,92.358,5.782318e-12
2024-05-11T10:49:00Z,473.722,5.433,92.177,5.735017e-12
2024-05-11T10:50:00Z,473.873,1.580,91.996,5.600279e-12
2024-05-11T10:51:00Z,474.223,-2.273,91.814,5.686137e-12
2024-05-11T10:52:00Z,474.770,-6.125,91.632,5.941056e-12
2024-05-11T10:53:00Z,475.509,-9.976,91.451,6.165683e-12
2024-05-11T10:54:00Z,476.434,-13.826,91.272,6.069088e-12
2024-05-11T10:55:00Z,477.532,-17.673,91.096,5.711273e-12
2024-05-11T10:56:00Z,478.790,-21.518,90.922,5.190618e-12
2024-05-11T10:57:00Z,480.192,-25.360,90.753,4.959206e-12
2024-05-11T10:58:00Z,481.720,-29.199,90.589,4.575739e-12
2024-05-11T10:59:00Z,483.354,-33.034,90.432,4.196697e-12
2024-05-11T11:00:00Z,485.070,-36.866,90.283,3.992016e-12
2024-05-11T11:01:00Z,486.848,-40.694,90.145,4.175367e-12
2024-05-11T11:02:00Z,488.661,-44.517,90.020,3.229241e-12
2024-05-11T11:03:00Z,490.487,-48.337,89.913,3.116748e-12
2024-05-11T11:04:00Z,492.301,-52.152,89.829,3.120542e-12
2024-05-11T11:05:00Z,494.079,-55.963,89.776,2.668161e-12
2024-05-11T11:06:00Z,495.798,-59.770,89.767,3.459829e-12
2024-05-11T11:07:00Z,497.436,-63.573,89.819,4.918202e-12
2024-05-11T11:08:00Z,498.973,-67.372,89.964,5.310700e-12
2024-05-11T11:09:00Z,500.389,-71.167,90.259,5.209408e-12
2024-05-11T11:10:00Z,501.668,-74.956,90.816,4.523429e-12
2024-05-11T11:11:00Z,502.796,-78.739,91.900,2.867107e-12
2024-05-11T11:12:00Z,503.761,-82.507,94.305,2.037278e-12
2024-05-11T11:13:00Z,504.554,-86.227,101.956,1.562055e-12
2024-05-11T11:14:00Z,505.168,-88.966,-175.201,1.375159e-12
2024-05-11T11:15:00Z,505.599,-85.922,-108.741,1.414727e-12
2024-05-11T11:16:00Z,505.849,-82.196,-101.977,1.990436e-12
2024-05-11T11:17:00Z,505.917,-78.429,-99.746,1.706305e-12
2024-05-11T11:18:00Z,505.810,-74.650,-98.724,2.068946e-12
2024-05-11T11:19:00Z,505.534,-70.865,-98.196,2.292194e-12
2024-05-11T11:20:00Z,505.101,-67.076,-97.917,2.288357e-12
2024-05-11T11:21:00Z,504.522,-63.285,-97.781,2.389296e-12
2024-05-11T11:22:00Z,503.812,-59.490,-97.735,2.491112e-12
2024-05-11T11:23:00Z,502.987,-55.692,-97.749,2.534713e-12
2024-05-11T11:24:00Z,502.066,-51.891,-97.805,2.756187e-12
2024-05-11T11:25:00Z,501.068,-48.087,-97.891,3.110763e-12
2024-05-11T11:26:00Z,500.012,-44.279,-98.000,3.126279e-12
2024-05-11T11:27:00Z,498.920,-40.469,-98.126,3.325503e-12
2024-05-11T11:28:00Z,497.812,-36.655,-98.266,3.582817e-12
2024-05-11T11:29:00Z,496.708,-32.837,-98.415,4.105224e-12
2024-05-11T11:30:00Z,495.629,-29.017,-98.573,4.427327e-12
2024-05-11T11:31:00Z,494.594,-25.194,-98.738,4.520724e-12
2024-05-11T11:32:00Z,493.619,-21.368,-98.908,4.497884e-12
2024-05-11T11:33:00Z,492.722,-17.540,-99.082,4.457289e-12
2024-05-11T11:34:00Z,491.917,-13.710,-99.259,4.395993e-12
2024-05-11T11:35:00Z,491.215,-9.878,-99.438,4.404171e-12
2024-05-11T11:36:00Z,490.626,-6.044,-99.619,4.348239e-12
2024-05-11T11:37:00Z,490.157,-2.210,-99.801,4.151382e-12
2024-05-11T11:38:00Z,489.813,1.625,-99.983,3.492228e-12
2024-05-11T11:39:00Z,489.596,5.460,-100.165,2.799377e-12
2024-05-11T11:40:00Z,489.504,9.295,-100.346,2.573212e-12
2024-05-11T11:41:00Z,489.534,13.130,-100.526,2.509883e-12
2024-05-11T11:42:00Z,489.678,16.963,-100.703,2.561687e-12
2024-05-11T11:43:00Z,489.930,20.795,-100.878,2.865848e-12
2024-05-11T11:44:00Z,490.277,24.626,-101.048,3.294618e-12
2024-05-11T11:45:00Z,490.706,28.454,-101.213,3.172093e-12
2024-05-11T11:46:00Z,491.203,32.281,-101.372,2.958011e-12
2024-05-11T11:47:00Z,491.751,36.104,-101.523,3.141014e-12
2024-05-11T11:48:00Z,492.334,39.926,-101.664,2.571832e-12
2024-05-11T11:49:00Z,492.932,43.744,-101.792,2.503137e-12
2024-05-11T11:50:00Z,493.527,47.560,-101.903,2.011300e-12
2024-05-11T11:51:00Z,494.100,51.373,-101.992,2.491863e-12
2024-05-11T11:52:00Z,494.634,55.184,-102.052,2.181363e-12
2024-05-11T11:53:00Z,495.110,58.991,-102.072,2.113176e-12
2024-05-11T11:54:00Z,495.512,62.796,-102.035,2.285290e-12
2024-05-11T11:55:00Z,495.824,66.598,-101.912,2.870519e-12
2024-05-11T11:56:00Z,496.034,70.397,-101.653,3.148553e-12
2024-05-11T11:57:00Z,496.129,74.193,-101.162,2.896026e-12
2024-05-11T11:58:00Z,496.098,77.984,-100.217,2.161688e-12
2024-05-11T11:59:00Z,495.936,81.764,-98.195,2.499107e-12
2024-05-11T12:00:00Z,495.636,85.510,-92.390,2.790700e-12
2024-05-11T12:01:00Z,495.197,88.829,-44.981,3.069230e-12
2024-05-11T12:02:00Z,494.618,86.613,56.417,3.301105e-12
2024-05-11T12:03:00Z,493.904,82.895,65.485,3.209999e-12
2024-05-11T12:04:00Z,493.060,79.118,68.140,3.264349e-12
2024-05-11T12:05:00Z,492.095,75.325,69.308,3.525773e-12
2024-05-11T12:06:00Z,491.020,71.526,69.903,3.751920e-12
2024-05-11T12:07:00Z,489.849,67.721,70.218,4.122220e-12
2024-05-11T12:08:00Z,488.597,63.913,70.375,4.596372e-12
2024-05-11T12:09:00Z,487.282,60.100,70.434,4.827992e-12
2024-05-11T12:10:00Z,485.922,56.284,70.430,4.657071e-12
2024-05-11T12:11:00Z,484.539,52.464,70.380,4.796349e-12
2024-05-11T12:12:00Z,483.154,48.641,70.299,4.790818e-12
2024-05-11T12:13:00Z,481.789,44.814,70.194,4.879743e-12
2024-05-11T12:14:00Z,480.467,40.983,70.071,4.993362e-12
2024-05-11T12:15:00Z,479.209,37.148,69.934,4.915137e-12
2024-05-11T12:16:00Z,478.037,33.311,69.786,4.807478e-12
2024-05-11T12:17:00Z,476.971,29.470,69.629,4.787694e-12
2024-05-11T12:18:00Z,476.031,25.626,69.465,4.909282e-12
2024-05-11T12:19:00Z,475.235,21.780,69.297,5.104986e-12
2024-05-11T12:20:00Z,474.598,17.931,69.123,5.229311e-12
2024-05-11T12:21:00Z,474.135,14.081,68.947,5.233520e-12
2024-05-11T12:22:00Z,473.855,10.229,68.768,5.110343e-12
2024-05-11T12:23:00Z,473.767,6.377,68.588,4.935686e-12
2024-05-11T12:24:00Z,473.877,2.524,68.406,4.793338e-12
2024-05-11T12:25:00Z,474.186,-1.329,68.224,4.803018e-12
2024-05-11T12:26:00Z,474.692,-5.182,68.042,4.876757e-12
2024-05-11T12:27:00Z,475.393,-9.033,67.861,4.823933e-12
2024-05-11T12:28:00Z,476.280,-12.883,67.682,4.623976e-12
2024-05-11T12:29:00Z,477.342,-16.731,67.504,4.361798e-12
2024-05-11T12:30:00Z,478.568,-20.576,67.330,4.221657e-12
2024-05-11T12:31:00Z,479.941,-24.419,67.160,4.304492e-12
2024-05-11T12:32:00Z,481.442,-28.259,66.994,4.391319e-12
2024-05-11T12:33:00Z,483.053,-32.095,66.835,4.482759e-12
2024-05-11T12:34:00Z,484.753,-35.927,66.684,4.372282e-12
2024-05-11T12:35:00Z,486.517,-39.756,66.543,4.156497e-12
2024-05-11T12:36:00Z,488.323,-43.580,66.414,3.528265e-12
2024-05-11T12:37:00Z,490.146,-47.400,66.302,3.468609e-12
2024-05-11T12:38:00Z,491.963,-51.217,66.212,3.318524e-12
2024-05-11T12:39:00Z,493.748,-55.029,66.150,3.273416e-12
2024-05-11T12:40:00Z,495.480,-58.837,66.128,2.914176e-12
2024-05-11T12:41:00Z,497.135,-62.641,66.163,2.589590e-12
2024-05-11T12:42:00Z,498.693,-66.440,66.281,2.769663e-12
2024-05-11T12:43:00Z,500.135,-70.236,66.531,2.008599e-12
2024-05-11T12:44:00Z,501.443,-74.027,67.007,2.182184e-12
2024-05-11T12:45:00Z,502.602,-77.811,67.920,2.034908e-12
2024-05-11T12:46:00Z,503.600,-81.585,69.856,2.191788e-12
2024-05-11T12:47:00Z,504.428,-85.325,75.276,2.400884e-12
2024-05-11T12:48:00Z,505.078,-88.720,115.339,2.282999e-12
2024-05-11T12:49:00Z,505.546,-86.815,-136.502,2.185261e-12
2024-05-11T12:50:00Z,505.831,-83.117,-126.562,1.998609e-12
2024-05-11T12:51:00Z,505.935,-79.355,-123.762,2.082526e-12
2024-05-11T12:52:00Z,505.861,-75.578,-122.545,2.492654e-12
2024-05-11T12:53:00Z,505.617,-71.794,-121.928,2.968636e-12
2024-05-11T12:54:00Z,505.212,-68.007,-121.602,2.871696e-12
2024-05-11T12:55:00Z,504.659,-64.216,-121.437,2.744778e-12
2024-05-11T12:56:00Z,503.971,-60.422,-121.373,3.379478e-12
2024-05-11T12:57:00Z,503.164,-56.625,-121.375,3.456774e-12
2024-05-11T12:58:00Z,502.256,-52.824,-121.422,3.397127e-12
2024-05-11T12:59:00Z,501.266,-49.021,-121.501,3.402288e-12
2024-05-11T13:00:00Z,500.214,-45.214,-121.605,3.433179e-12
2024-05-11T13:01:00Z,499.120,-41.404,-121.728,3.380025e-12
2024-05-11T13:02:00Z,498.005,-37.591,-121.864,3.176689e-12
2024-05-11T13:03:00Z,496.891,-33.775,-122.012,2.956147e-12
2024-05-11T13:04:00Z,495.796,-29.955,-122.168,2.671208e-12
2024-05-11T13:05:00Z,494.741,-26.133,-122.331,2.303177e-12
2024-05-11T13:06:00Z,493.743,-22.307,-122.500,1.957362e-12
2024-05-11T13:07:00Z,492.819,-18.480,-122.673,1.576887e-12
2024-05-11T13:08:00Z,491.983,-14.650,-122.849,1.544039e-12
2024-05-11T13:09:00Z,491.249,-10.818,-123.028,1.990055e-12
2024-05-11T13:10:00Z,490.626,-6.985,-123.209,2.367244e-12
2024-05-11T13:11:00Z,490.122,-3.150,-123.391,2.552785e-12
2024-05-11T13:12:00Z,489.743,0.685,-123.573,2.651965e-12
2024-05-11T13:13:00Z,489.491,4.520,-123.755,2.749168e-12
2024-05-11T13:14:00Z,489.365,8.356,-123.937,2.522856e-12
2024-05-11T13:15:00Z,489.363,12.190,-124.117,2.552731e-12
2024-05-11T13:16:00Z,489.479,16.024,-124.295,2.644650e-12
2024-05-11T13:17:00Z,489.705,19.857,-124.470,2.592133e-12
2024-05-11T13:18:00Z,490.031,23.688,-124.642,2.665911e-12
2024-05-11T13:19:00Z,490.443,27.517,-124.809,2.905254e-12
2024-05-11T13:20:00Z,490.928,31.344,-124.969,2.911374e-12
2024-05-11T13:21:00Z,491.469,35.169,-125.123,2.688923e-12
2024-05-11T13:22:00Z,492.050,38.991,-125.266,2.267096e-12
2024-05-11T13:23:00Z,492.652,42.810,-125.398,2.508736e-12
2024-05-11T13:24:00Z,493.256,46.627,-125.513,2.738488e-12
2024-05-11T13:25:00Z,493.843,50.441,-125.609,3.357716e-12
2024-05-11T13:26:00Z,494.395,54.252,-125.677,3.565461e-12
2024-05-11T13:27:00Z,494.894,58.060,-125.708,3.240535e-12
2024-05-11T13:28:00Z,495.323,61.866,-125.687,3.991933e-12
2024-05-11T13:29:00Z,495.666,65.669,-125.589,4.173731e-12
2024-05-11T13:30:00Z,495.908,69.469,-125.371,4.501851e-12
2024-05-11T13:31:00Z,496.038,73.266,-124.951,4.088001e-12
2024-05-11T13:32:00Z,496.046,77.058,-124.152,3.657110e-12
2024-05-11T13:33:00Z,495.923,80.842,-122.503,4.192490e-12
2024-05-11T13:34:00Z,495.664,84.602,-118.228,3.734160e-12
2024-05-11T13:35:00Z,495.266,88.185,-95.118,3.360151e-12
2024-05-11T13:36:00Z,494.729,87.483,26.471,3.234035e-12
2024-05-11T13:37:00Z,494.054,83.813,40.680,3.105241e-12
2024-05-11T13:38:00Z,493.249,80.043,44.067,2.984763e-12
2024-05-11T13:39:00Z,492.319,76.253,45.465,2.947154e-12
2024-05-11T13:40:00Z,491.277,72.455,46.161,2.987281e-12
2024-05-11T13:41:00Z,490.135,68.651,46.528,3.030034e-12
2024-05-11T13:42:00Z,488.907,64.844,46.716,3.031969e-12
2024-05-11T13:43:00Z,487.612,61.032,46.795,3.910879e-12
2024-05-11T13:44:00Z,486.267,57.217,46.803,4.160496e-12
2024-05-11T13:45:00Z,484.894,53.398,46.763,4.055453e-12
2024-05-11T13:46:00Z,483.512,49.575,46.689,4.091659e-12
2024-05-11T13:47:00Z,482.145,45.749,46.589,4.090337e-12
2024-05-11T13:48:00Z,480.814,41.919,46.469,3.996677e-12
2024-05-11T13:49:00Z,479.541,38.086,46.335,4.108467e-12
2024-05-11T13:50:00Z,478.349,34.249,46.189,4.403529e-12
2024-05-11T13:51:00Z,477.257,30.409,46.034,4.661259e-12
2024-05-11T13:52:00Z,476.287,26.566,45.872,4.659303e-12
2024-05-11T13:53:00Z,475.455,22.720,45.705,4.574672e-12
2024-05-11T13:54:00Z,474.778,18.872,45.532,4.488727e-12
2024-05-11T13:55:00Z,474.271,15.022,45.356,4.387782e-12
2024-05-11T13:56:00Z,473.944,11.171,45.178,4.295508e-12
2024-05-11T13:57:00Z,473.806,7.318,44.998,4.237567e-12
2024-05-11T13:58:00Z,473.864,3.465,44.816,4.234723e-12
2024-05-11T13:59:00Z,474.119,-0.388,44.634,4.184509e-12
2024-05-11T14:00:00Z,474.573,-4.240,44.452,4.142462e-12
2024-05-11T14:01:00Z,475.222,-8.092,44.271,4.099326e-12
2024-05-11T14:02:00Z,476.059,-11.942,44.091,4.031105e-12
2024-05-11T14:03:00Z,477.074,-15.790,43.913,3.917697e-12
2024-05-11T14:04:00Z,478.256,-19.637,43.737,3.815367e-12
2024-05-11T14:05:00Z,479.588,-23.480,43.566,3.739408e-12
2024-05-11T14:06:00Z,481.055,-27.320,43.399,3.703684e-12
2024-05-11T14:07:00Z,482.636,-31.157,43.238,3.774809e-12
2024-05-11T14:08:00Z,484.311,-34.991,43.084,3.639080e-12
2024-05-11T14:09:00Z,486.056,-38.820,42.940,3.391536e-12
2024-05-11T14:10:00Z,487.849,-42.646,42.808,3.606568e-12
2024-05-11T14:11:00Z,489.665,-46.467,42.692,3.809793e-12
2024-05-11T14:12:00Z,491.480,-50.284,42.595,3.649416e-12
2024-05-11T14:13:00Z,493.270,-54.098,42.526,4.137988e-12
2024-05-11T14:14:00Z,495.012,-57.907,42.492,4.461781e-12
2024-05-11T14:15:00Z,496.682,-61.712,42.511,4.747529e-12
2024-05-11T14:16:00Z,498.261,-65.512,42.604,6.065380e-12
2024-05-11T14:17:00Z,499.728,-69.309,42.815,5.579070e-12
2024-05-11T14:18:00Z,501.065,-73.101,43.222,4.502667e-12
2024-05-11T14:19:00Z,502.258,-76.887,43.996,3.991645e-12
2024-05-11T14:20:00Z,503.292,-80.665,45.579,4.392272e-12
2024-05-11T14:21:00Z,504.159,-84.418,49.607,3.268315e-12
2024-05-11T14:22:00Z,504.849,-88.019,69.850,2.608828e-12
2024-05-11T14:23:00Z,505.358,-87.673,-167.375,2.697912e-12
2024-05-11T14:24:00Z,505.685,-84.031,-151.448,2.509016e-12
2024-05-11T14:25:00Z,505.829,-80.276,-147.857,2.242431e-12
2024-05-11T14:26:00Z,505.796,-76.501,-146.398,2.128924e-12
2024-05-11T14:27:00Z,505.591,-72.719,-145.676,2.182212e-12
2024-05-11T14:28:00Z,505.223,-68.932,-145.295,2.637675e-12
2024-05-11T14:29:00Z,504.704,-65.141,-145.099,2.646923e-12
2024-05-11T14:30:00Z,504.047,-61.348,-145.014,2.158298e-12
2024-05-11T14:31:00Z,503.268,-57.551,-145.002,2.020788e-12
2024-05-11T14:32:00Z,502.384,-53.752,-145.040,2.134006e-12
2024-05-11T14:33:00Z,501.413,-49.949,-145.113,2.344135e-12
2024-05-11T14:34:00Z,500.376,-46.143,-145.212,2.363540e-12
2024-05-11T14:35:00Z,499.292,-42.334,-145.330,2.396326e-12
2024-05-11T14:36:00Z,498.183,-38.521,-145.464,2.217104e-12
2024-05-11T14:37:00Z,497.069,-34.705,-145.609,2.083796e-12
2024-05-11T14:38:00Z,495.970,-30.887,-145.763,1.988048e-12
2024-05-11T14:39:00Z,494.907,-27.065,-145.925,2.041913e-12
2024-05-11T14:40:00Z,493.897,-23.240,-146.093,2.142249e-12
2024-05-11T14:41:00Z,492.957,-19.413,-146.265,2.180177e-12
2024-05-11T14:42:00Z,492.102,-15.583,-146.441,2.305443e-12
2024-05-11T14:43:00Z,491.347,-11.752,-146.619,2.554181e-12
2024-05-11T14:44:00Z,490.700,-7.919,-146.800,2.748525e-12
2024-05-11T14:45:00Z,490.172,-4.085,-146.981,2.862926e-12
2024-05-11T14:46:00Z,489.766,-0.250,-147.164,2.859455e-12
2024-05-11T14:47:00Z,489.487,3.586,-147.346,2.841884e-12
2024-05-11T14:48:00Z,489.335,7.421,-147.528,2.920847e-12
2024-05-11T14:49:00Z,489.307,11.256,-147.709,3.093092e-12
2024-05-11T14:50:00Z,489.398,15.091,-147.887,3.323809e-12
2024-05-11T14:51:00Z,489.601,18.924,-148.064,3.515784e-12
2024-05-11T14:52:00Z,489.907,22.755,-148.236,3.594550e-12
2024-05-11T14:53:00Z,490.302,26.585,-148.404,3.130570e-12
2024-05-11T14:54:00Z,490.772,30.412,-148.567,2.792441e-12
2024-05-11T14:55:00Z,491.303,34.238,-148.722,2.814349e-12
2024-05-11T14:56:00Z,491.878,38.060,-148.869,3.322840e-12
2024-05-11T14:57:00Z,492.477,41.880,-149.004,2.487482e-12
2024-05-11T14:58:00Z,493.084,45.698,-149.124,2.859788e-12
2024-05-11T14:59:00Z,493.678,49.512,-149.225,3.522097e-12
2024-05-11T15:00:00Z,494.242,53.324,-149.301,3.252098e-12
2024-05-11T15:01:00Z,494.756,57.133,-149.343,2.809291e-12
2024-05-11T15:02:00Z,495.204,60.940,-149.337,3.700189e-12
2024-05-11T15:03:00Z,495.569,64.743,-149.261,3.300300e-12
2024-05-11T15:04:00Z,495.837,68.544,-149.078,2.977550e-12
2024-05-11T15:05:00Z,495.996,72.342,-148.719,3.421621e-12
2024-05-11T15:06:00Z,496.033,76.136,-148.040,3.804037e-12
2024-05-11T15:07:00Z,495.942,79.922,-146.679,3.488189e-12
2024-05-11T15:08:00Z,495.716,83.691,-143.414,2.831207e-12
2024-05-11T15:09:00Z,495.351,87.369,-130.144,2.221562e-12
2024-05-11T15:10:00Z,494.847,88.288,-9.719,2.071576e-12
2024-05-11T15:11:00Z,494.205,84.724,15.461,2.589768e-12
2024-05-11T15:12:00Z,493.430,80.963,19.897,3.501572e-12
2024-05-11T15:13:00Z,492.528,77.176,21.586,3.459507e-12
2024-05-11T15:14:00Z,491.511,73.380,22.401,2.776025e-12
2024-05-11T15:15:00Z,490.390,69.578,22.829,2.838736e-12
2024-05-11T15:16:00Z,489.180,65.771,23.051,3.132665e-12
2024-05-11T15:17:00Z,487.898,61.960,23.152,3.542320e-12
2024-05-11T15:18:00Z,486.562,58.146,23.175,3.736569e-12
2024-05-11T15:19:00Z,485.192,54.328,23.145,4.002729e-12
2024-05-11T15:20:00Z,483.809,50.506,23.077,3.913086e-12
2024-05-11T15:21:00Z,482.434,46.681,22.982,3.950946e-12
2024-05-11T15:22:00Z,481.090,42.851,22.867,4.052466e-12
2024-05-11T15:23:00Z,479.799,39.019,22.735,3.964909e-12
2024-05-11T15:24:00Z,478.582,35.183,22.592,3.794695e-12
2024-05-11T15:25:00Z,477.462,31.343,22.439,3.719461e-12
2024-05-11T15:26:00Z,476.458,27.501,22.278,3.676351e-12
2024-05-11T15:27:00Z,475.589,23.656,22.112,3.688753e-12
2024-05-11T15:28:00Z,474.872,19.808,21.940,3.694773e-12
2024-05-11T15:29:00Z,474.320,15.959,21.765,3.742437e-12
2024-05-11T15:30:00Z,473.947,12.107,21.587,3.802837e-12
2024-05-11T15:31:00Z,473.761,8.255,21.407,3.942593e-12
2024-05-11T15:32:00Z,473.770,4.402,21.226,4.101258e-12
2024-05-11T15:33:00Z,473.977,0.549,21.044,4.217888e-12
2024-05-11T15:34:00Z,474.382,-3.304,20.862,4.276098e-12
2024-05-11T15:35:00Z,474.984,-7.156,20.680,4.248948e-12
2024-05-11T15:36:00Z,475.775,-11.006,20.499,4.219387e-12
2024-05-11T15:37:00Z,476.748,-14.855,20.321,4.179530e-12
2024-05-11T15:38:00Z,477.890,-18.702,20.145,4.177988e-12
2024-05-11T15:39:00Z,479.186,-22.546,19.972,4.186461e-12
2024-05-11T15:40:00Z,480.621,-26.387,19.804,4.335135e-12
2024-05-11T15:41:00Z,482.176,-30.225,19.641,4.484599e-12
2024-05-11T15:42:00Z,483.829,-34.060,19.485,4.471751e-12
2024-05-11T15:43:00Z,485.558,-37.890,19.339,4.315377e-12
2024-05-11T15:44:00Z,487.341,-41.717,19.203,4.293104e-12
2024-05-11T15:45:00Z,489.154,-45.539,19.082,4.023184e-12
2024-05-11T15:46:00Z,490.972,-49.358,18.980,3.626211e-12
2024-05-11T15:47:00Z,492.772,-53.172,18.903,3.202314e-12
2024-05-11T15:48:00Z,494.529,-56.982,18.860,2.551047e-12
2024-05-11T15:49:00Z,496.221,-60.788,18.863,1.979976e-12
2024-05-11T15:50:00Z,497.826,-64.590,18.935,2.034524e-12
2024-05-11T15:51:00Z,499.324,-68.388,19.112,1.684177e-12
2024-05-11T15:52:00Z,500.697,-72.181,19.460,1.780776e-12
2024-05-11T15:53:00Z,501.930,-75.969,20.118,1.892807e-12
2024-05-11T15:54:00Z,503.007,-79.749,21.430,2.639148e-12
2024-05-11T15:55:00Z,503.918,-83.511,24.531,2.810353e-12
2024-05-11T15:56:00Z,504.656,-87.191,36.535,1.896547e-12
2024-05-11T15:57:00Z,505.213,-88.447,154.047,1.494442e-12
2024-05-11T15:58:00Z,505.588,-84.935,-176.790,1.777648e-12
2024-05-11T15:59:00Z,505.780,-81.190,-172.055,1.589820e-12
2024-05-11T16:00:00Z,505.793,-77.418,-170.287,1.369833e-12
2024-05-11T16:01:00Z,505.633,-73.637,-169.441,1.191550e-12
2024-05-11T16:02:00Z,505.308,-69.851,-168.997,1.617675e-12
2024-05-11T16:03:00Z,504.829,-66.062,-168.766,1.592822e-12
2024-05-11T16:04:00Z,504.208,-62.269,-168.659,1.827760e-12
2024-05-11T16:05:00Z,503.462,-58.473,-168.633,1.523062e-12
2024-05-11T16:06:00Z,502.606,-54.674,-168.660,1.500357e-12
2024-05-11T16:07:00Z,501.659,-50.872,-168.726,1.592749e-12
2024-05-11T16:08:00Z,500.640,-47.067,-168.819,1.643814e-12
2024-05-11T16:09:00Z,499.570,-43.259,-168.933,1.728212e-12
2024-05-11T16:10:00Z,498.469,-39.447,-169.064,1.918966e-12
2024-05-11T16:11:00Z,497.358,-35.632,-169.207,2.163679e-12
2024-05-11T16:12:00Z,496.258,-31.814,-169.359,2.386600e-12
2024-05-11T16:13:00Z,495.187,-27.993,-169.519,2.550454e-12
2024-05-11T16:14:00Z,494.165,-24.169,-169.686,2.826268e-12
2024-05-11T16:15:00Z,493.209,-20.342,-169.857,3.189017e-12
2024-05-11T16:16:00Z,492.334,-16.513,-170.032,3.115715e-12
2024-05-11T16:17:00Z,491.554,-12.682,-170.210,2.920970e-12
2024-05-11T16:18:00Z,490.882,-8.849,-170.390,2.780176e-12
2024-05-11T16:19:00Z,490.324,-5.016,-170.572,2.533439e-12
2024-05-11T16:20:00Z,489.889,-1.181,-170.754,2.376657e-12
2024-05-11T16:21:00Z,489.580,2.655,-170.937,2.373133e-12
2024-05-11T16:22:00Z,489.397,6.490,-171.119,2.466604e-12
2024-05-11T16:23:00Z,489.339,10.325,-171.300,2.540527e-12
2024-05-11T16:24:00Z,489.403,14.160,-171.480,2.459602e-12
2024-05-11T16:25:00Z,489.579,17.993,-171.657,2.478500e-12
2024-05-11T16:26:00Z,489.860,21.825,-171.830,2.569335e-12
2024-05-11T16:27:00Z,490.234,25.655,-172.000,2.538425e-12
2024-05-11T16:28:00Z,490.686,29.483,-172.164,2.586936e-12
2024-05-11T16:29:00Z,491.202,33.309,-172.321,2.872332e-12
2024-05-11T16:30:00Z,491.766,37.132,-172.470,3.124405e-12
2024-05-11T16:31:00Z,492.359,40.953,-172.608,2.700406e-12
2024-05-11T16:32:00Z,492.964,44.771,-172.733,2.184799e-12
2024-05-11T16:33:00Z,493.560,48.586,-172.839,2.107963e-12
2024-05-11T16:34:00Z,494.130,52.399,-172.922,2.568551e-12
2024-05-11T16:35:00Z,494.656,56.208,-172.973,2.072862e-12
2024-05-11T16:36:00Z,495.119,60.015,-172.981,2.133342e-12
2024-05-11T16:37:00Z,495.503,63.820,-172.925,1.604013e-12
2024-05-11T16:38:00Z,495.793,67.621,-172.774,2.512661e-12
2024-05-11T16:39:00Z,495.977,71.420,-172.468,2.713897e-12
2024-05-11T16:40:00Z,496.042,75.214,-171.888,3.261645e-12
2024-05-11T16:41:00Z,495.980,79.003,-170.752,3.580496e-12
2024-05-11T16:42:00Z,495.784,82.779,-168.187,3.061246e-12
2024-05-11T16:43:00Z,495.450,86.500,-159.609,2.481194e-12
2024-05-11T16:44:00Z,494.976,88.886,-62.825,2.240171e-12
2024-05-11T16:45:00Z,494.364,85.627,-10.442,2.431245e-12
2024-05-11T16:46:00Z,493.617,81.881,-4.411,2.420036e-12
2024-05-11T16:47:00Z,492.742,78.098,-2.342,2.221856e-12
2024-05-11T16:48:00Z,491.748,74.303,-1.381,2.194486e-12
2024-05-11T16:49:00Z,490.647,70.502,-0.883,2.392555e-12
2024-05-11T16:50:00Z,489.453,66.696,-0.622,2.337481e-12
2024-05-11T16:51:00Z,488.182,62.886,-0.497,2.150043e-12
2024-05-11T16:52:00Z,486.852,59.073,-0.459,2.187560e-12
2024-05-11T16:53:00Z,485.483,55.256,-0.478,1.942051e-12
2024-05-11T16:54:00Z,484.096,51.435,-0.538,2.137625e-12
2024-05-11T16:55:00Z,482.712,47.610,-0.627,2.568202e-12
2024-05-11T16:56:00Z,481.353,43.782,-0.738,2.818106e-12
2024-05-11T16:57:00Z,480.042,39.950,-0.866,3.008900e-12
2024-05-11T16:58:00Z,478.801,36.114,-1.006,3.208609e-12
2024-05-11T16:59:00Z,477.651,32.276,-1.157,3.375206e-12
2024-05-11T17:00:00Z,476.613,28.434,-1.316,3.525794e-12
2024-05-11T17:01:00Z,475.705,24.589,-1.482,3.654155e-12
2024-05-11T17:02:00Z,474.945,20.742,-1.652,3.827093e-12
2024-05-11T17:03:00Z,474.348,16.893,-1.827,4.047221e-12
2024-05-11T17:04:00Z,473.928,13.042,-2.004,4.240568e-12
2024-05-11T17:05:00Z,473.693,9.190,-2.184,4.407358e-12
2024-05-11T17:06:00Z,473.651,5.337,-2.365,4.520140e-12
2024-05-11T17:07:00Z,473.806,1.484,-2.547,4.660369e-12
2024-05-11T17:08:00Z,474.160,-2.369,-2.729,4.732700e-12
2024-05-11T17:09:00Z,474.711,-6.222,-2.911,4.741258e-12
2024-05-11T17:10:00Z,475.454,-10.073,-3.092,4.690144e-12
2024-05-11T17:11:00Z,476.381,-13.922,-3.271,4.572808e-12
2024-05-11T17:12:00Z,477.481,-17.770,-3.448,4.411969e-12
2024-05-11T17:13:00Z,478.740,-21.615,-3.622,4.133073e-12
2024-05-11T17:14:00Z,480.142,-25.457,-3.791,3.827095e-12
2024-05-11T17:15:00Z,481.669,-29.296,-3.956,3.497119e-12
2024-05-11T17:16:00Z,483.301,-33.131,-4.113,3.207129e-12
2024-05-11T17:17:00Z,485.015,-36.963,-4.262,2.998762e-12
2024-05-11T17:18:00Z,486.790,-40.790,-4.401,2.808299e-12
2024-05-11T17:19:00Z,488.600,-44.614,-4.525,2.527661e-12
2024-05-11T17:20:00Z,490.422,-48.433,-4.633,2.362877e-12
2024-05-11T17:21:00Z,492.232,-52.249,-4.717,2.187465e-12
2024-05-11T17:22:00Z,494.005,-56.060,-4.769,2.371987e-12
2024-05-11T17:23:00Z,495.719,-59.867,-4.779,2.268041e-12
2024-05-11T17:24:00Z,497.351,-63.670,-4.726,2.116143e-12
2024-05-11T17:25:00Z,498.882,-67.469,-4.580,2.166630e-12
2024-05-11T17:26:00Z,500.293,-71.264,-4.282,2.422818e-12
2024-05-11T17:27:00Z,501.566,-75.053,-3.720,2.334710e-12
2024-05-11T17:28:00Z,502.689,-78.836,-2.621,2.203323e-12
2024-05-11T17:29:00Z,503.648,-82.604,-0.169,1.760816e-12
2024-05-11T17:30:00Z,504.435,-86.322,7.758,1.774356e-12
2024-05-11T17:31:00Z,505.043,-88.950,95.546,1.897283e-12
2024-05-11T17:32:00Z,505.470,-85.829,157.106,1.504347e-12
2024-05-11T17:33:00Z,505.714,-82.100,163.601,1.588828e-12
2024-05-11T17:34:00Z,505.777,-78.332,165.772,1.490479e-12
2024-05-11T17:35:00Z,505.666,-74.552,166.770,1.439063e-12
2024-05-11T17:36:00Z,505.387,-70.767,167.287,1.103604e-12
2024-05-11T17:37:00Z,504.952,-66.978,167.559,1.140882e-12
2024-05-11T17:38:00Z,504.371,-63.186,167.690,1.489340e-12
2024-05-11T17:39:00Z,503.661,-59.391,167.733,1.524987e-12
2024-05-11T17:40:00Z,502.837,-55.593,167.716,1.632593e-12
2024-05-11T17:41:00Z,501.917,-51.792,167.659,1.875722e-12
2024-05-11T17:42:00Z,500.921,-47.988,167.571,1.917046e-12
2024-05-11T17:43:00Z,499.868,-44.180,167.461,2.014975e-12
2024-05-11T17:44:00Z,498.779,-40.369,167.334,2.313583e-12
2024-05-11T17:45:00Z,497.674,-36.555,167.194,2.083274e-12
2024-05-11T17:46:00Z,496.575,-32.738,167.044,2.141068e-12
2024-05-11T17:47:00Z,495.500,-28.917,166.885,2.019142e-12
2024-05-11T17:48:00Z,494.469,-25.094,166.720,1.825543e-12
2024-05-11T17:49:00Z,493.500,-21.268,166.550,1.764108e-12
2024-05-11T17:50:00Z,492.607,-17.440,166.376,1.733262e-12
2024-05-11T17:51:00Z,491.806,-13.609,166.198,1.817348e-12
2024-05-11T17:52:00Z,491.109,-9.777,166.018,2.090145e-12
2024-05-11T17:53:00Z,490.524,-5.944,165.837,2.547452e-12
2024-05-11T17:54:00Z,490.060,-2.109,165.655,2.780124e-12
2024-05-11T17:55:00Z,489.720,1.726,165.472,2.638016e-12
2024-05-11T17:56:00Z,489.506,5.562,165.290,2.312792e-12
2024-05-11T17:57:00Z,489.418,9.397,165.108,2.020140e-12
2024-05-11T17:58:00Z,489.452,13.231,164.929,1.746861e-12
2024-05-11T17:59:00Z,489.600,17.065,164.751,1.717887e-12
2024-05-11T18:00:00Z,489.855,20.897,164.576,1.910826e-12
2024-05-11T18:01:00Z,490.205,24.727,164.406,1.843262e-12
2024-05-11T18:02:00Z,490.638,28.556,164.240,1.850061e-12
2024-05-11T18:03:00Z,491.138,32.382,164.081,1.911420e-12
2024-05-11T18:04:00Z,491.689,36.206,163.930,2.079018e-12
2024-05-11T18:05:00Z,492.274,40.027,163.789,2.237691e-12
2024-05-11T18:06:00Z,492.875,43.846,163.661,2.166655e-12
2024-05-11T18:07:00Z,493.472,47.662,163.549,1.686012e-12
2024-05-11T18:08:00Z,494.047,51.475,163.460,1.490487e-12
2024-05-11T18:09:00Z,494.581,55.285,163.400,1.500688e-12
2024-05-11T18:10:00Z,495.057,59.093,163.380,1.288697e-12
2024-05-11T18:11:00Z,495.457,62.898,163.418,1.114089e-12
2024-05-11T18:12:00Z,495.767,66.700,163.542,9.415584e-13
2024-05-11T18:13:00Z,495.973,70.499,163.802,1.050949e-12
2024-05-11T18:14:00Z,496.062,74.295,164.298,1.289000e-12
2024-05-11T18:15:00Z,496.026,78.086,165.255,1.500150e-12
2024-05-11T18:16:00Z,495.858,81.866,167.313,1.600408e-12
2024-05-11T18:17:00Z,495.552,85.610,173.302,1.586144e-12
2024-05-11T18:18:00Z,495.106,88.879,-135.106,2.121839e-12
2024-05-11T18:19:00Z,494.522,86.517,-37.541,2.311297e-12
2024-05-11T18:20:00Z,493.801,82.795,-28.903,2.500754e-12
2024-05-11T18:21:00Z,492.950,79.016,-26.329,2.487384e-12
2024-05-11T18:22:00Z,491.979,75.224,-25.190,2.392164e-12
2024-05-11T18:23:00Z,490.897,71.424,-24.609,2.552883e-12
2024-05-11T18:24:00Z,489.718,67.619,-24.303,2.613664e-12
2024-05-11T18:25:00Z,488.458,63.810,-24.151,2.722308e-12
2024-05-11T18:26:00Z,487.134,59.998,-24.095,2.685245e-12
2024-05-11T18:27:00Z,485.766,56.181,-24.102,2.561976e-12
2024-05-11T18:28:00Z,484.375,52.361,-24.153,2.937456e-12
2024-05-11T18:29:00Z,482.981,48.537,-24.236,3.254425e-12
2024-05-11T18:30:00Z,481.607,44.710,-24.343,3.297677e-12
2024-05-11T18:31:00Z,480.276,40.879,-24.467,3.339710e-12
2024-05-11T18:32:00Z,479.009,37.044,-24.605,3.326277e-12
2024-05-11T18:33:00Z,477.828,33.206,-24.754,3.427970e-12
2024-05-11T18:34:00Z,476.754,29.365,-24.911,3.510491e-12
2024-05-11T18:35:00Z,475.807,25.521,-25.075,3.507275e-12
2024-05-11T18:36:00Z,475.005,21.674,-25.244,3.467726e-12
2024-05-11T18:37:00Z,474.362,17.825,-25.418,3.416444e-12
2024-05-11T18:38:00Z,473.893,13.975,-25.595,3.409059e-12
2024-05-11T18:39:00Z,473.608,10.123,-25.774,3.380949e-12
2024-05-11T18:40:00Z,473.515,6.270,-25.955,3.361692e-12
2024-05-11T18:41:00Z,473.620,2.416,-26.137,3.350378e-12
2024-05-11T18:42:00Z,473.923,-1.437,-26.319,3.346882e-12
2024-05-11T18:43:00Z,474.425,-5.290,-26.501,3.281616e-12
2024-05-11T18:44:00Z,475.121,-9.141,-26.682,3.217936e-12
2024-05-11T18:45:00Z,476.004,-12.991,-26.862,3.139852e-12
2024-05-11T18:46:00Z,477.064,-16.840,-27.040,3.037913e-12
2024-05-11T18:47:00Z,478.287,-20.685,-27.214,2.965578e-12
2024-05-11T18:48:00Z,479.658,-24.528,-27.385,2.870436e-12
2024-05-11T18:49:00Z,481.160,-28.368,-27.550,2.838731e-12
2024-05-11T18:50:00Z,482.772,-32.204,-27.710,2.832567e-12
2024-05-11T18:51:00Z,484.472,-36.037,-27.861,2.792450e-12
2024-05-11T18:52:00Z,486.239,-39.866,-28.002,2.688967e-12
2024-05-11T18:53:00Z,488.048,-43.691,-28.131,2.572524e-12
2024-05-11T18:54:00Z,489.875,-47.511,-28.242,2.550687e-12
2024-05-11T18:55:00Z,491.696,-51.328,-28.333,2.546240e-12
2024-05-11T18:56:00Z,493.487,-55.140,-28.394,2.397154e-12
2024-05-11T18:57:00Z,495.225,-58.948,-28.415,2.064987e-12
2024-05-11T18:58:00Z,496.887,-62.752,-28.380,1.778878e-12
2024-05-11T18:59:00Z,498.452,-66.552,-28.260,1.685763e-12
2024-05-11T19:00:00Z,499.901,-70.348,-28.006,1.724797e-12
2024-05-11T19:01:00Z,501.218,-74.139,-27.523,2.089361e-12
2024-05-11T19:02:00Z,502.387,-77.923,-26.595,1.863428e-12
2024-05-11T19:03:00Z,503.395,-81.697,-24.616,1.780000e-12
2024-05-11T19:04:00Z,504.234,-85.436,-18.998,1.961015e-12
2024-05-11T19:05:00Z,504.895,-88.787,24.965,2.031920e-12
2024-05-11T19:06:00Z,505.376,-86.708,129.636,2.092281e-12
2024-05-11T19:07:00Z,505.673,-83.006,139.055,2.122573e-12
2024-05-11T19:08:00Z,505.790,-79.243,141.767,1.806654e-12
2024-05-11T19:09:00Z,505.730,-75.465,142.953,1.749065e-12
2024-05-11T19:10:00Z,505.500,-71.681,143.556,1.668635e-12
2024-05-11T19:11:00Z,505.110,-67.893,143.874,1.462135e-12
2024-05-11T19:12:00Z,504.573,-64.102,144.033,1.501671e-12
2024-05-11T19:13:00Z,503.901,-60.308,144.094,1.513201e-12
2024-05-11T19:14:00Z,503.111,-56.511,144.090,1.551597e-12
2024-05-11T19:15:00Z,502.221,-52.710,144.042,1.570975e-12
2024-05-11T19:16:00Z,501.249,-48.907,143.960,1.595628e-12
2024-05-11T19:17:00Z,500.215,-45.100,143.855,1.686979e-12
2024-05-11T19:18:00Z,499.139,-41.290,143.732,1.722123e-12
2024-05-11T19:19:00Z,498.044,-37.477,143.595,1.674193e-12
2024-05-11T19:20:00Z,496.948,-33.660,143.447,1.595687e-12
2024-05-11T19:21:00Z,495.872,-29.841,143.290,1.529817e-12
2024-05-11T19:22:00Z,494.834,-26.018,143.126,1.497303e-12
2024-05-11T19:23:00Z,493.854,-22.193,142.957,1.524158e-12
2024-05-11T19:24:00Z,492.947,-18.365,142.784,1.608828e-12
2024-05-11T19:25:00Z,492.128,-14.536,142.607,1.500297e-12
2024-05-11T19:26:00Z,491.409,-10.704,142.428,1.483849e-12
2024-05-11T19:27:00Z,490.799,-6.871,142.247,1.536899e-12
2024-05-11T19:28:00Z,490.308,-3.037,142.065,1.560178e-12
2024-05-11T19:29:00Z,489.939,0.798,141.882,1.463493e-12
2024-05-11T19:30:00Z,489.695,4.634,141.700,1.412227e-12
2024-05-11T19:31:00Z,489.575,8.469,141.518,1.406044e-12
2024-05-11T19:32:00Z,489.578,12.303,141.338,1.433634e-12
2024-05-11T19:33:00Z,489.697,16.137,141.160,1.420324e-12
2024-05-11T19:34:00Z,489.923,19.969,140.984,1.471881e-12
2024-05-11T19:35:00Z,490.247,23.800,140.813,1.507703e-12
2024-05-11T19:36:00Z,490.655,27.629,140.646,1.424582e-12
2024-05-11T19:37:00Z,491.133,31.456,140.485,1.429086e-12
2024-05-11T19:38:00Z,491.665,35.280,140.332,1.363755e-12
2024-05-11T19:39:00Z,492.234,39.102,140.188,1.460905e-12
2024-05-11T19:40:00Z,492.823,42.921,140.057,1.689413e-12
2024-05-11T19:41:00Z,493.411,46.737,139.941,1.917951e-12
2024-05-11T19:42:00Z,493.981,50.551,139.846,2.036797e-12
2024-05-11T19:43:00Z,494.514,54.362,139.778,2.153260e-12
2024-05-11T19:44:00Z,494.992,58.170,139.747,2.085432e-12
2024-05-11T19:45:00Z,495.399,61.976,139.770,2.033474e-12
2024-05-11T19:46:00Z,495.719,65.779,139.870,2.271667e-12
2024-05-11T19:47:00Z,495.938,69.579,140.091,1.922253e-12
2024-05-11T19:48:00Z,496.044,73.375,140.517,1.736303e-12
2024-05-11T19:49:00Z,496.026,77.167,141.329,1.556386e-12
2024-05-11T19:50:00Z,495.877,80.951,143.011,1.811146e-12
2024-05-11T19:51:00Z,495.592,84.710,147.421,2.555937e-12
2024-05-11T19:52:00Z,495.168,88.276,172.310,3.008160e-12
2024-05-11T19:53:00Z,494.605,87.383,-67.044,2.991092e-12
2024-05-11T19:54:00Z,493.905,83.705,-53.676,2.670842e-12
2024-05-11T19:55:00Z,493.074,79.934,-50.400,2.727126e-12
2024-05-11T19:56:00Z,492.121,76.143,-49.036,2.675754e-12
2024-05-11T19:57:00Z,491.054,72.345,-48.356,2.299536e-12
2024-05-11T19:58:00Z,489.888,68.541,-47.997,2.118444e-12
2024-05-11T19:59:00Z,488.638,64.733,-47.814,2.004146e-12
2024-05-11T20:00:00Z,487.320,60.921,-47.738,2.133395e-12
2024-05-11T20:01:00Z,485.955,57.105,-47.732,2.364324e-12
2024-05-11T20:02:00Z,484.561,53.286,-47.773,2.661600e-12
2024-05-11T20:03:00Z,483.161,49.463,-47.849,2.701626e-12
2024-05-11T20:04:00Z,481.777,45.636,-47.950,2.678769e-12
2024-05-11T20:05:00Z,480.431,41.806,-48.070,2.716386e-12
2024-05-11T20:06:00Z,479.145,37.972,-48.205,2.770026e-12
2024-05-11T20:07:00Z,477.941,34.134,-48.351,2.798293e-12
2024-05-11T20:08:00Z,476.841,30.294,-48.507,2.820959e-12
2024-05-11T20:09:00Z,475.864,26.450,-48.669,2.827135e-12
2024-05-11T20:10:00Z,475.028,22.604,-48.837,2.823934e-12
2024-05-11T20:11:00Z,474.350,18.755,-49.010,2.812906e-12
2024-05-11T20:12:00Z,473.844,14.905,-49.186,2.788766e-12
2024-05-11T20:13:00Z,473.521,11.053,-49.364,2.807660e-12
2024-05-11T20:14:00Z,473.390,7.200,-49.545,2.807886e-12
2024-05-11T20:15:00Z,473.456,3.347,-49.726,2.843049e-12
2024-05-11T20:16:00Z,473.723,-0.506,-49.908,2.879274e-12
2024-05-11T20:17:00Z,474.189,-4.360,-50.090,2.891510e-12
2024-05-11T20:18:00Z,474.851,-8.212,-50.272,2.864854e-12
2024-05-11T20:19:00Z,475.703,-12.062,-50.452,2.817928e-12
2024-05-11T20:20:00Z,476.735,-15.911,-50.630,2.763134e-12
2024-05-11T20:21:00Z,477.934,-19.757,-50.805,2.681465e-12
2024-05-11T20:22:00Z,479.286,-23.601,-50.977,2.577461e-12
2024-05-11T20:23:00Z,480.772,-27.442,-51.143,2.468184e-12
2024-05-11T20:24:00Z,482.373,-31.279,-51.304,2.364961e-12
2024-05-11T20:25:00Z,484.069,-35.113,-51.457,2.270321e-12
2024-05-11T20:26:00Z,485.837,-38.942,-51.601,2.201107e-12
2024-05-11T20:27:00Z,487.652,-42.768,-51.733,2.193879e-12
2024-05-11T20:28:00Z,489.492,-46.589,-51.849,2.196640e-12
2024-05-11T20:29:00Z,491.331,-50.407,-51.945,2.176622e-12
2024-05-11T20:30:00Z,493.146,-54.220,-52.014,2.066822e-12
2024-05-11T20:31:00Z,494.913,-58.029,-52.046,1.907287e-12
2024-05-11T20:32:00Z,496.608,-61.834,-52.026,1.803297e-12
2024-05-11T20:33:00Z,498.212,-65.635,-51.929,1.763105e-12
2024-05-11T20:34:00Z,499.703,-69.431,-51.714,1.736796e-12
2024-05-11T20:35:00Z,501.064,-73.223,-51.299,1.815159e-12
2024-05-11T20:36:00Z,502.281,-77.010,-50.510,1.993169e-12
2024-05-11T20:37:00Z,503.339,-80.786,-48.887,2.118444e-12
2024-05-11T20:38:00Z,504.229,-84.538,-44.711,2.074587e-12
2024-05-11T20:39:00Z,504.943,-88.124,-22.794,1.781237e-12
2024-05-11T20:40:00Z,505.475,-87.563,99.356,1.681607e-12
2024-05-11T20:41:00Z,505.824,-83.911,114.212,1.553469e-12
2024-05-11T20:42:00Z,505.990,-80.155,117.678,1.159128e-12
2024-05-11T20:43:00Z,505.977,-76.380,119.100,1.011456e-12
2024-05-11T20:44:00Z,505.792,-72.597,119.806,1.031710e-12
2024-05-11T20:45:00Z,505.443,-68.811,120.179,1.125214e-12
2024-05-11T20:46:00Z,504.942,-65.020,120.370,1.070971e-12
2024-05-11T20:47:00Z,504.302,-61.227,120.451,1.133353e-12
2024-05-11T20:48:00Z,503.538,-57.431,120.461,1.113831e-12
2024-05-11T20:49:00Z,502.669,-53.632,120.422,1.147491e-12
2024-05-11T20:50:00Z,501.713,-49.829,120.348,1.141804e-12
2024-05-11T20:51:00Z,500.689,-46.023,120.248,1.157064e-12
2024-05-11T20:52:00Z,499.618,-42.214,120.129,1.269242e-12
2024-05-11T20:53:00Z,498.520,-38.402,119.995,1.280701e-12
2024-05-11T20:54:00Z,497.417,-34.587,119.850,1.240293e-12
2024-05-11T20:55:00Z,496.329,-30.768,119.695,1.164727e-12
2024-05-11T20:56:00Z,495.275,-26.947,119.533,1.094865e-12
2024-05-11T20:57:00Z,494.273,-23.122,119.365,1.177454e-12
2024-05-11T20:58:00Z,493.339,-19.295,119.192,1.183615e-12
2024-05-11T20:59:00Z,492.490,-15.466,119.016,1.175696e-12
2024-05-11T21:00:00Z,491.738,-11.635,118.838,1.123622e-12
2024-05-11T21:01:00Z,491.093,-7.803,118.657,1.115192e-12
2024-05-11T21:02:00Z,490.564,-3.969,118.475,1.113329e-12
2024-05-11T21:03:00Z,490.155,-0.134,118.293,1.114903e-12
2024-05-11T21:04:00Z,489.871,3.701,118.111,1.200943e-12
2024-05-11T21:05:00Z,489.711,7.536,117.929,1.253234e-12
2024-05-11T21:06:00Z,489.673,11.370,117.748,1.415371e-12
2024-05-11T21:07:00Z,489.752,15.204,117.569,1.580433e-12
2024-05-11T21:08:00Z,489.940,19.037,117.393,1.688929e-12
2024-05-11T21:09:00Z,490.229,22.868,117.221,1.732104e-12
2024-05-11T21:10:00Z,490.605,26.697,117.053,1.754706e-12
2024-05-11T21:11:00Z,491.055,30.524,116.891,1.701560e-12
2024-05-11T21:12:00Z,491.564,34.349,116.736,1.592506e-12
2024-05-11T21:13:00Z,492.115,38.172,116.590,1.466357e-12
2024-05-11T21:14:00Z,492.689,41.991,116.455,1.344778e-12
2024-05-11T21:15:00Z,493.268,45.808,116.336,1.441693e-12
2024-05-11T21:16:00Z,493.834,49.623,116.235,1.664589e-12
2024-05-11T21:17:00Z,494.368,53.434,116.160,1.737114e-12
2024-05-11T21:18:00Z,494.853,57.243,116.120,1.743821e-12
2024-05-11T21:19:00Z,495.271,61.049,116.128,1.559696e-12
2024-05-11T21:20:00Z,495.606,64.853,116.207,1.320723e-12
2024-05-11T21:21:00Z,495.844,68.654,116.394,1.355482e-12
2024-05-11T21:22:00Z,495.972,72.451,116.760,1.313957e-12
2024-05-11T21:23:00Z,495.980,76.245,117.453,1.544894e-12
2024-05-11T21:24:00Z,495.858,80.031,118.847,1.981497e-12
2024-05-11T21:25:00Z,495.602,83.800,122.217,2.279534e-12
2024-05-11T21:26:00Z,495.208,87.470,136.305,2.447278e-12
2024-05-11T21:27:00Z,494.675,88.198,-102.214,2.487640e-12
2024-05-11T21:28:00Z,494.005,84.615,-78.872,2.356053e-12
2024-05-11T21:29:00Z,493.202,80.853,-74.579,2.260330e-12
2024-05-11T21:30:00Z,492.276,77.066,-72.926,2.175649e-12
2024-05-11T21:31:00Z,491.234,73.269,-72.125,2.040026e-12
2024-05-11T21:32:00Z,490.091,69.466,-71.705,1.929186e-12
2024-05-11T21:33:00Z,488.860,65.659,-71.486,1.922916e-12
2024-05-11T21:34:00Z,487.559,61.848,-71.387,2.050179e-12
2024-05-11T21:35:00Z,486.207,58.033,-71.366,2.254760e-12
2024-05-11T21:36:00Z,484.823,54.215,-71.397,2.279200e-12
2024-05-11T21:37:00Z,483.429,50.392,-71.465,2.247712e-12
2024-05-11T21:38:00Z,482.046,46.567,-71.561,2.479092e-12
2024-05-11T21:39:00Z,480.697,42.737,-71.676,2.527253e-12
2024-05-11T21:40:00Z,479.403,38.904,-71.808,2.576743e-12
2024-05-11T21:41:00Z,478.187,35.067,-71.951,2.693168e-12
2024-05-11T21:42:00Z,477.070,31.227,-72.104,2.717346e-12
2024-05-11T21:43:00Z,476.073,27.384,-72.265,2.671182e-12
2024-05-11T21:44:00Z,475.213,23.539,-72.431,2.582696e-12
2024-05-11T21:45:00Z,474.507,19.691,-72.603,2.553319e-12
2024-05-11T21:46:00Z,473.970,15.841,-72.778,2.569748e-12
2024-05-11T21:47:00Z,473.613,11.989,-72.956,2.652522e-12
2024-05-11T21:48:00Z,473.446,8.137,-73.136,2.693368e-12
2024-05-11T21:49:00Z,473.474,4.283,-73.317,2.698409e-12
2024-05-11T21:50:00Z,473.702,0.430,-73.499,2.676766e-12
2024-05-11T21:51:00Z,474.128,-3.423,-73.681,2.621838e-12
2024-05-11T21:52:00Z,474.750,-7.275,-73.862,2.592917e-12
2024-05-11T21:53:00Z,475.563,-11.126,-74.043,2.538741e-12
2024-05-11T21:54:00Z,476.557,-14.976,-74.221,2.502089e-12
2024-05-11T21:55:00Z,477.721,-18.822,-74.397,2.436203e-12
2024-05-11T21:56:00Z,479.040,-22.667,-74.570,2.358571e-12
2024-05-11T21:57:00Z,480.498,-26.508,-74.737,2.243164e-12
2024-05-11T21:58:00Z,482.075,-30.346,-74.900,2.134859e-12
2024-05-11T21:59:00Z,483.752,-34.180,-75.055,2.048930e-12
2024-05-11T22:00:00Z,485.505,-38.011,-75.201,2.063196e-12
2024-05-11T22:01:00Z,487.312,-41.838,-75.336,2.153243e-12
2024-05-11T22:02:00Z,489.148,-45.660,-75.456,2.122759e-12
2024-05-11T22:03:00Z,490.989,-49.478,-75.557,2.027434e-12
2024-05-11T22:04:00Z,492.810,-53.292,-75.632,1.818222e-12
2024-05-11T22:05:00Z,494.589,-57.102,-75.674,1.749749e-12
2024-05-11T22:06:00Z,496.302,-60.908,-75.668,1.736212e-12
2024-05-11T22:07:00Z,497.927,-64.710,-75.593,1.662351e-12
2024-05-11T22:08:00Z,499.445,-68.507,-75.411,1.551984e-12
2024-05-11T22:09:00Z,500.838,-72.300,-75.054,1.441733e-12
2024-05-11T22:10:00Z,502.088,-76.088,-74.380,1.361683e-12
2024-05-11T22:11:00Z,503.183,-79.868,-73.033,1.453714e-12
2024-05-11T22:12:00Z,504.112,-83.628,-69.822,1.465960e-12
2024-05-11T22:13:00Z,504.866,-87.301,-57.041,1.287923e-12
2024-05-11T22:14:00Z,505.439,-88.354,62.143,1.216591e-12
2024-05-11T22:15:00Z,505.829,-84.818,88.900,1.197112e-12
2024-05-11T22:16:00Z,506.035,-81.072,93.471,1.024650e-12
2024-05-11T22:17:00Z,506.061,-77.300,95.199,1.422365e-12
2024-05-11T22:18:00Z,505.911,-73.519,96.031,1.027883e-12
2024-05-11T22:19:00Z,505.595,-69.734,96.468,9.788002e-13
2024-05-11T22:20:00Z,505.124,-65.944,96.695,5.807671e-13
2024-05-11T22:21:00Z,504.509,-62.152,96.800,6.110646e-13
2024-05-11T22:22:00Z,503.768,-58.356,96.825,7.474130e-13
2024-05-11T22:23:00Z,502.915,-54.558,96.797,7.801614e-13
2024-05-11T22:24:00Z,501.971,-50.756,96.730,7.844426e-13
2024-05-11T22:25:00Z,500.954,-46.951,96.637,8.138638e-13
2024-05-11T22:26:00Z,499.884,-43.143,96.522,8.396537e-13
2024-05-11T22:27:00Z,498.782,-39.332,96.392,8.697320e-13
2024-05-11T22:28:00Z,497.670,-35.517,96.249,8.822928e-13
2024-05-11T22:29:00Z,496.568,-31.699,96.096,8.718435e-13
2024-05-11T22:30:00Z,495.495,-27.878,95.936,9.168444e-13
2024-05-11T22:31:00Z,494.470,-24.054,95.769,9.659404e-13
2024-05-11T22:32:00Z,493.511,-20.228,95.598,1.079578e-12
2024-05-11T22:33:00Z,492.633,-16.400,95.423,1.298378e-12
2024-05-11T22:34:00Z,491.850,-12.569,95.245,1.408868e-12
2024-05-11T22:35:00Z,491.173,-8.737,95.065,1.407471e-12
2024-05-11T22:36:00Z,490.610,-4.903,94.884,1.382050e-12
2024-05-11T22:37:00Z,490.169,-1.069,94.701,1.307241e-12
2024-05-11T22:38:00Z,489.853,2.766,94.519,1.236304e-12
2024-05-11T22:39:00Z,489.662,6.601,94.337,1.164144e-12
2024-05-11T22:40:00Z,489.595,10.436,94.156,1.164576e-12
2024-05-11T22:41:00Z,489.648,14.270,93.977,1.175800e-12
2024-05-11T22:42:00Z,489.814,18.103,93.801,1.227957e-12
2024-05-11T22:43:00Z,490.084,21.935,93.627,1.346201e-12
2024-05-11T22:44:00Z,490.445,25.765,93.458,1.417273e-12
2024-05-11T22:45:00Z,490.885,29.592,93.295,1.370176e-12
2024-05-11T22:46:00Z,491.387,33.418,93.138,1.218996e-12
2024-05-11T22:47:00Z,491.935,37.241,92.990,1.092315e-12
2024-05-11T22:48:00Z,492.512,41.062,92.852,1.128631e-12
2024-05-11T22:49:00Z,493.099,44.879,92.729,1.163494e-12
2024-05-11T22:50:00Z,493.679,48.694,92.624,1.165364e-12
2024-05-11T22:51:00Z,494.232,52.507,92.542,1.236229e-12
2024-05-11T22:52:00Z,494.740,56.316,92.492,1.336086e-12
2024-05-11T22:53:00Z,495.185,60.123,92.487,1.401672e-12
2024-05-11T22:54:00Z,495.551,63.927,92.546,1.376894e-12
2024-05-11T22:55:00Z,495.824,67.728,92.703,1.618642e-12
2024-05-11T22:56:00Z,495.990,71.527,93.017,1.614884e-12
2024-05-11T22:57:00Z,496.037,75.322,93.610,1.605920e-12
2024-05-11T22:58:00Z,495.957,79.110,94.775,1.733026e-12
2024-05-11T22:59:00Z,495.744,82.885,97.420,1.840960e-12
2024-05-11T23:00:00Z,495.393,86.602,106.435,1.465646e-12
2024-05-11T23:01:00Z,494.902,88.835,-152.596,1.193287e-12
2024-05-11T23:02:00Z,494.274,85.521,-104.713,1.331369e-12
2024-05-11T23:03:00Z,493.512,81.773,-98.888,1.155787e-12
2024-05-11T23:04:00Z,492.622,77.990,-96.861,1.225842e-12
2024-05-11T23:05:00Z,491.616,74.195,-95.915,1.574259e-12
2024-05-11T23:06:00Z,490.503,70.393,-95.423,1.644132e-12
2024-05-11T23:07:00Z,489.300,66.587,-95.164,1.682566e-12
2024-05-11T23:08:00Z,488.022,62.777,-95.041,1.984340e-12
2024-05-11T23:09:00Z,486.688,58.964,-95.003,2.183300e-12
2024-05-11T23:10:00Z,485.317,55.146,-95.023,2.291334e-12
2024-05-11T23:11:00Z,483.929,51.325,-95.083,2.273109e-12
2024-05-11T23:12:00Z,482.547,47.500,-95.172,2.232798e-12
2024-05-11T23:13:00Z,481.191,43.672,-95.283,2.148891e-12
2024-05-11T23:14:00Z,479.886,39.840,-95.411,2.106019e-12
2024-05-11T23:15:00Z,478.651,36.004,-95.552,2.114308e-12
2024-05-11T23:16:00Z,477.510,32.165,-95.703,2.158641e-12
2024-05-11T23:17:00Z,476.482,28.323,-95.862,2.226466e-12
2024-05-11T23:18:00Z,475.586,24.478,-96.027,2.326930e-12
2024-05-11T23:19:00Z,474.839,20.631,-96.197,2.461127e-12
2024-05-11T23:20:00Z,474.257,16.782,-96.371,2.597455e-12
2024-05-11T23:21:00Z,473.850,12.931,-96.548,2.713053e-12
2024-05-11T23:22:00Z,473.631,9.079,-96.728,2.774836e-12
2024-05-11T23:23:00Z,473.605,5.226,-96.909,2.808504e-12
2024-05-11T23:24:00Z,473.777,1.372,-97.091,2.762361e-12
2024-05-11T23:25:00Z,474.148,-2.481,-97.273,2.735183e-12
2024-05-11T23:26:00Z,474.717,-6.333,-97.454,2.676383e-12
2024-05-11T23:27:00Z,475.477,-10.184,-97.635,2.609062e-12
2024-05-11T23:28:00Z,476.422,-14.034,-97.814,2.532535e-12
2024-05-11T23:29:00Z,477.539,-17.881,-97.990,2.459959e-12
2024-05-11T23:30:00Z,478.816,-21.726,-98.164,2.414273e-12
2024-05-11T23:31:00Z,480.235,-25.568,-98.333,2.310340e-12
2024-05-11T23:32:00Z,481.778,-29.407,-98.496,2.151979e-12
2024-05-11T23:33:00Z,483.425,-33.242,-98.653,1.966985e-12
2024-05-11T23:34:00Z,485.154,-37.073,-98.802,1.818924e-12
2024-05-11T23:35:00Z,486.943,-40.901,-98.939,1.742153e-12
2024-05-11T23:36:00Z,488.766,-44.724,-99.063,1.704178e-12
2024-05-11T23:37:00Z,490.601,-48.543,-99.169,1.618940e-12
2024-05-11T23:38:00Z,492.422,-52.358,-99.252,1.519271e-12
2024-05-11T23:39:00Z,494.206,-56.169,-99.302,1.460131e-12
2024-05-11T23:40:00Z,495.929,-59.976,-99.309,1.341687e-12
2024-05-11T23:41:00Z,497.571,-63.779,-99.253,1.219815e-12
2024-05-11T23:42:00Z,499.110,-67.577,-99.102,1.124508e-12
2024-05-11T23:43:00Z,500.527,-71.371,-98.797,1.096427e-12
2024-05-11T23:44:00Z,501.807,-75.160,-98.220,1.049852e-12
2024-05-11T23:45:00Z,502.935,-78.942,-97.094,9.874865e-13
2024-05-11T23:46:00Z,503.898,-82.710,-94.566,1.027368e-12
2024-05-11T23:47:00Z,504.689,-86.423,-86.247,8.768094e-13
2024-05-11T23:48:00Z,505.300,-88.915,6.422,8.384479e-13
2024-05-11T23:49:00Z,505.729,-85.725,62.854,8.460519e-13
2024-05-11T23:50:00Z,505.974,-81.994,69.124,9.176625e-13
2024-05-11T23:51:00Z,506.037,-78.226,71.251,8.354312e-13
2024-05-11T23:52:00Z,505.924,-74.446,72.235,7.693181e-13
2024-05-11T23:53:00Z,505.642,-70.662,72.746,8.114177e-13
2024-05-11T23:54:00Z,505.201,-66.873,73.015,7.974233e-13
2024-05-11T23:55:00Z,504.615,-63.081,73.145,6.927397e-13
2024-05-11T23:56:00Z,503.897,-59.286,73.187,7.528788e-13
2024-05-11T23:57:00Z,503.065,-55.489,73.170,7.622363e-13
2024-05-11T23:58:00Z,502.136,-51.687,73.112,7.653769e-13
2024-05-11T23:59:00Z,501.129,-47.883,73.025,8.131035e-13
2024-05-12T00:00:00Z,500.065,-44.076,72.915,8.804857e-13
2024-05-12T00:01:00Z,498.964,-40.265,72.788,8.869157e-13
2024-05-12T00:02:00Z,497.847,-36.451,72.648,8.953439e-13
2024-05-12T00:03:00Z,496.736,-32.634,72.498,9.241577e-13
2024-05-12T00:04:00Z,495.649,-28.813,72.339,9.701955e-13
2024-05-12T00:05:00Z,494.605,-24.990,72.174,1.035844e-12
2024-05-12T00:06:00Z,493.623,-21.165,72.004,1.098996e-12
2024-05-12T00:07:00Z,492.719,-17.336,71.830,1.115694e-12
2024-05-12T00:08:00Z,491.907,-13.506,71.653,1.083072e-12
2024-05-12T00:09:00Z,491.198,-9.674,71.473,1.055237e-12
2024-05-12T00:10:00Z,490.604,-5.841,71.292,1.032727e-12
2024-05-12T00:11:00Z,490.130,-2.006,71.110,1.050613e-12
2024-05-12T00:12:00Z,489.781,1.829,70.928,1.070160e-12
2024-05-12T00:13:00Z,489.560,5.664,70.746,1.080555e-12
2024-05-12T00:14:00Z,489.464,9.499,70.565,1.024407e-12
2024-05-12T00:15:00Z,489.491,13.334,70.385,9.729820e-13
2024-05-12T00:16:00Z,489.633,17.167,70.208,9.770054e-13
2024-05-12T00:17:00Z,489.882,20.999,70.033,1.004973e-12
2024-05-12T00:18:00Z,490.227,24.829,69.863,1.069028e-12
2024-05-12T00:19:00Z,490.653,28.658,69.698,1.101181e-12
2024-05-12T00:20:00Z,491.147,32.484,69.539,1.082217e-12
2024-05-12T00:21:00Z,491.691,36.308,69.389,1.025312e-12
2024-05-12T00:22:00Z,492.268,40.129,69.249,9.616982e-13
2024-05-12T00:23:00Z,492.861,43.948,69.121,8.768674e-13
2024-05-12T00:24:00Z,493.450,47.764,69.011,8.530319e-13
2024-05-12T00:25:00Z,494.017,51.577,68.923,8.648971e-13
2024-05-12T00:26:00Z,494.543,55.387,68.864,8.749290e-13
2024-05-12T00:27:00Z,495.012,59.194,68.847,8.470462e-13
2024-05-12T00:28:00Z,495.405,62.999,68.888,8.612037e-13
2024-05-12T00:29:00Z,495.709,66.801,69.016,9.565607e-13
2024-05-12T00:30:00Z,495.908,70.601,69.283,8.828651e-13
2024-05-12T00:31:00Z,495.992,74.396,69.790,9.316881e-13
2024-05-12T00:32:00Z,495.951,78.187,70.768,9.430986e-13
2024-05-12T00:33:00Z,495.778,81.967,72.884,1.116761e-12
2024-05-12T00:34:00Z,495.467,85.709,79.118,1.113756e-12
2024-05-12T00:35:00Z,495.018,88.915,135.334,1.004828e-12
2024-05-12T00:36:00Z,494.430,86.418,-131.662,1.245692e-12
2024-05-12T00:37:00Z,493.706,82.693,-123.362,1.570792e-12
2024-05-12T00:38:00Z,492.854,78.914,-120.843,1.458121e-12
2024-05-12T00:39:00Z,491.882,75.121,-119.721,1.359533e-12
2024-05-12T00:40:00Z,490.801,71.321,-119.148,1.409853e-12
2024-05-12T00:41:00Z,489.625,67.516,-118.845,1.390614e-12
2024-05-12T00:42:00Z,488.369,63.707,-118.695,1.506555e-12
2024-05-12T00:43:00Z,487.052,59.894,-118.640,1.590407e-12
2024-05-12T00:44:00Z,485.692,56.078,-118.648,1.644352e-12
2024-05-12T00:45:00Z,484.310,52.258,-118.699,1.750932e-12
2024-05-12T00:46:00Z,482.927,48.434,-118.782,1.861204e-12
2024-05-12T00:47:00Z,481.566,44.606,-118.889,1.979198e-12
2024-05-12T00:48:00Z,480.248,40.775,-119.013,2.080294e-12
2024-05-12T00:49:00Z,478.996,36.940,-119.151,2.196042e-12
2024-05-12T00:50:00Z,477.831,33.102,-119.300,2.329473e-12
2024-05-12T00:51:00Z,476.775,29.261,-119.457,2.464330e-12
2024-05-12T00:52:00Z,475.846,25.417,-119.621,2.601752e-12
2024-05-12T00:53:00Z,475.062,21.570,-119.790,2.715659e-12
2024-05-12T00:54:00Z,474.439,17.722,-119.963,2.788347e-12
2024-05-12T00:55:00Z,473.990,13.871,-120.140,2.836752e-12
2024-05-12T00:56:00Z,473.726,10.019,-120.319,2.840658e-12
2024-05-12T00:57:00Z,473.654,6.166,-120.500,2.724126e-12
2024-05-12T00:58:00Z,473.780,2.313,-120.681,2.629631e-12
2024-05-12T00:59:00Z,474.104,-1.540,-120.863,2.547205e-12
2024-05-12T01:00:00Z,474.626,-5.392,-121.045,2.477244e-12
2024-05-12T01:01:00Z,475.341,-9.244,-121.226,2.424758e-12
2024-05-12T01:02:00Z,476.242,-13.094,-121.406,2.401719e-12
2024-05-12T01:03:00Z,477.318,-16.941,-121.583,2.434088e-12
2024-05-12T01:04:00Z,478.557,-20.787,-121.757,2.492359e-12
2024-05-12T01:05:00Z,479.942,-24.629,-121.927,2.431283e-12
2024-05-12T01:06:00Z,481.455,-28.469,-122.093,2.274729e-12
2024-05-12T01:07:00Z,483.077,-32.305,-122.252,2.109152e-12
2024-05-12T01:08:00Z,484.786,-36.137,-122.402,1.948081e-12
2024-05-12T01:09:00Z,486.560,-39.965,-122.543,1.791409e-12
2024-05-12T01:10:00Z,488.375,-43.790,-122.671,1.639680e-12
2024-05-12T01:11:00Z,490.205,-47.610,-122.782,1.519764e-12
2024-05-12T01:12:00Z,492.029,-51.426,-122.871,1.428590e-12
2024-05-12T01:13:00Z,493.820,-55.238,-122.931,1.283799e-12
2024-05-12T01:14:00Z,495.556,-59.046,-122.950,1.166220e-12
2024-05-12T01:15:00Z,497.215,-62.849,-122.912,1.068551e-12
2024-05-12T01:16:00Z,498.776,-66.649,-122.788,1.036032e-12
2024-05-12T01:17:00Z,500.220,-70.444,-122.529,9.892470e-13
2024-05-12T01:18:00Z,501.530,-74.234,-122.037,9.619290e-13
2024-05-12T01:19:00Z,502.691,-78.018,-121.089,1.022132e-12
2024-05-12T01:20:00Z,503.691,-81.791,-119.061,1.117103e-12
2024-05-12T01:21:00Z,504.520,-85.527,-113.238,1.228214e-12
2024-05-12T01:22:00Z,505.170,-88.833,-65.605,1.062030e-12
2024-05-12T01:23:00Z,505.638,-86.618,35.539,7.893185e-13
2024-05-12T01:24:00Z,505.922,-82.912,44.598,7.387001e-13
2024-05-12T01:25:00Z,506.024,-79.149,47.253,7.367262e-13
2024-05-12T01:26:00Z,505.948,-75.371,48.422,7.089535e-13
2024-05-12T01:27:00Z,505.701,-71.588,49.018,7.103263e-13
2024-05-12T01:28:00Z,505.293,-67.800,49.333,6.959987e-13
2024-05-12T01:29:00Z,504.736,-64.009,49.490,7.384560e-13
2024-05-12T01:30:00Z,504.043,-60.215,49.550,6.794655e-13
2024-05-12T01:31:00Z,503.232,-56.418,49.545,7.348868e-13
2024-05-12T01:32:00Z,502.319,-52.617,49.496,8.740080e-13
2024-05-12T01:33:00Z,501.325,-48.814,49.415,8.875902e-13
2024-05-12T01:34:00Z,500.268,-45.007,49.310,9.349958e-13
2024-05-12T01:35:00Z,499.169,-41.197,49.187,9.258102e-13
2024-05-12T01:36:00Z,498.050,-37.384,49.049,9.184603e-13
2024-05-12T01:37:00Z,496.931,-33.567,48.901,8.962722e-13
2024-05-12T01:38:00Z,495.831,-29.747,48.745,8.736670e-13
2024-05-12T01:39:00Z,494.772,-25.925,48.581,8.775322e-13
2024-05-12T01:40:00Z,493.770,-22.100,48.412,8.796439e-13
2024-05-12T01:41:00Z,492.842,-18.272,48.239,8.662890e-13
2024-05-12T01:42:00Z,492.003,-14.442,48.062,8.296478e-13
2024-05-12T01:43:00Z,491.265,-10.610,47.883,8.157133e-13
2024-05-12T01:44:00Z,490.639,-6.777,47.702,8.016892e-13
2024-05-12T01:45:00Z,490.133,-2.942,47.520,7.718450e-13
2024-05-12T01:46:00Z,489.751,0.893,47.338,7.556593e-13
2024-05-12T01:47:00Z,489.496,4.728,47.155,7.393941e-13
2024-05-12T01:48:00Z,489.368,8.563,46.974,7.218990e-13
2024-05-12T01:49:00Z,489.362,12.398,46.794,7.058327e-13
2024-05-12T01:50:00Z,489.474,16.232,46.616,7.099231e-13
2024-05-12T01:51:00Z,489.695,20.064,46.441,7.324303e-13
2024-05-12T01:52:00Z,490.013,23.895,46.269,7.467414e-13
2024-05-12T01:53:00Z,490.418,27.724,46.103,7.865198e-13
2024-05-12T01:54:00Z,490.894,31.551,45.942,8.388077e-13
2024-05-12T01:55:00Z,491.425,35.376,45.789,8.860164e-13
2024-05-12T01:56:00Z,491.994,39.198,45.646,9.125501e-13
2024-05-12T01:57:00Z,492.582,43.017,45.515,9.712312e-13
2024-05-12T01:58:00Z,493.172,46.834,45.400,1.050155e-12
2024-05-12T01:59:00Z,493.744,50.648,45.306,1.035863e-12
2024-05-12T02:00:00Z,494.280,54.459,45.239,1.066692e-12
2024-05-12T02:01:00Z,494.763,58.267,45.210,1.021849e-12
2024-05-12T02:02:00Z,495.175,62.073,45.234,1.275312e-12
2024-05-12T02:03:00Z,495.501,65.876,45.337,1.294883e-12
2024-05-12T02:04:00Z,495.727,69.676,45.563,1.349210e-12
2024-05-12T02:05:00Z,495.840,73.473,45.997,1.170285e-12
2024-05-12T02:06:00Z,495.830,77.265,46.824,1.300733e-12
2024-05-12T02:07:00Z,495.690,81.049,48.545,1.655475e-12
2024-05-12T02:08:00Z,495.415,84.807,53.099,1.602303e-12
2024-05-12T02:09:00Z,495.001,88.354,79.835,1.625382e-12
2024-05-12T02:10:00Z,494.448,87.291,-160.798,1.735129e-12
2024-05-12T02:11:00Z,493.760,83.607,-148.088,1.675389e-12
2024-05-12T02:12:00Z,492.942,79.835,-144.895,1.563543e-12
2024-05-12T02:13:00Z,492.002,76.044,-143.555,1.712840e-12
2024-05-12T02:14:00Z,490.950,72.245,-142.886,1.620678e-12
2024-05-12T02:15:00Z,489.801,68.441,-142.532,2.087514e-12
2024-05-12T02:16:00Z,488.568,64.633,-142.352,1.995473e-12
2024-05-12T02:17:00Z,487.268,60.821,-142.278,2.276139e-12
2024-05-12T02:18:00Z,485.921,57.005,-142.273,2.323749e-12
2024-05-12T02:19:00Z,484.547,53.186,-142.316,2.190151e-12
2024-05-12T02:20:00Z,483.167,49.363,-142.392,2.136355e-12
2024-05-12T02:21:00Z,481.804,45.536,-142.494,2.182346e-12
2024-05-12T02:22:00Z,480.479,41.705,-142.614,2.304166e-12
2024-05-12T02:23:00Z,479.215,37.871,-142.749,2.386851e-12
2024-05-12T02:24:00Z,478.034,34.034,-142.896,2.428591e-12
2024-05-12T02:25:00Z,476.956,30.194,-143.051,2.380836e-12
2024-05-12T02:26:00Z,476.001,26.350,-143.214,2.327060e-12
2024-05-12T02:27:00Z,475.188,22.504,-143.382,2.329812e-12
2024-05-12T02:28:00Z,474.531,18.656,-143.555,2.387235e-12
2024-05-12T02:29:00Z,474.045,14.806,-143.731,2.458441e-12
2024-05-12T02:30:00Z,473.741,10.954,-143.909,2.393179e-12
2024-05-12T02:31:00Z,473.628,7.101,-144.090,2.277500e-12
2024-05-12T02:32:00Z,473.710,3.248,-144.271,2.195392e-12
2024-05-12T02:33:00Z,473.991,-0.605,-144.453,2.122226e-12
2024-05-12T02:34:00Z,474.470,-4.458,-144.636,2.085200e-12
2024-05-12T02:35:00Z,475.142,-8.309,-144.817,2.059447e-12
2024-05-12T02:36:00Z,476.003,-12.160,-144.997,2.039410e-12
2024-05-12T02:37:00Z,477.042,-16.008,-145.175,2.106117e-12
2024-05-12T02:38:00Z,478.246,-19.854,-145.350,2.138319e-12
2024-05-12T02:39:00Z,479.600,-23.697,-145.522,2.039896e-12
2024-05-12T02:40:00Z,481.088,-27.538,-145.688,1.952038e-12
2024-05-12T02:41:00Z,482.689,-31.375,-145.849,1.869550e-12
2024-05-12T02:42:00Z,484.383,-35.208,-146.002,1.822753e-12
2024-05-12T02:43:00Z,486.146,-39.037,-146.146,1.762518e-12
2024-05-12T02:44:00Z,487.956,-42.862,-146.277,1.699772e-12
2024-05-12T02:45:00Z,489.787,-46.683,-146.393,1.667601e-12
2024-05-12T02:46:00Z,491.617,-50.500,-146.488,1.755667e-12
2024-05-12T02:47:00Z,493.420,-54.313,-146.556,1.533521e-12
2024-05-12T02:48:00Z,495.174,-58.122,-146.587,1.595438e-12
2024-05-12T02:49:00Z,496.856,-61.926,-146.566,1.481321e-12
2024-05-12T02:50:00Z,498.444,-65.727,-146.467,1.487051e-12
2024-05-12T02:51:00Z,499.919,-69.523,-146.248,1.574069e-12
2024-05-12T02:52:00Z,501.265,-73.315,-145.827,1.508767e-12
2024-05-12T02:53:00Z,502.464,-77.101,-145.026,1.566096e-12
2024-05-12T02:54:00Z,503.505,-80.877,-143.372,1.444816e-12
2024-05-12T02:55:00Z,504.377,-84.628,-139.079,1.411411e-12
2024-05-12T02:56:00Z,505.072,-88.199,-115.780,1.189004e-12
2024-05-12T02:57:00Z,505.585,-87.480,5.676,1.250185e-12
2024-05-12T02:58:00Z,505.914,-83.822,19.809,9.446631e-13
2024-05-12T02:59:00Z,506.059,-80.065,23.187,7.473536e-13
2024-05-12T03:00:00Z,506.026,-76.290,24.584,8.979826e-13
2024-05-12T03:01:00Z,505.819,-72.507,25.278,8.350429e-13
2024-05-12T03:02:00Z,505.447,-68.720,25.645,7.969098e-13
2024-05-12T03:03:00Z,504.924,-64.930,25.833,7.920887e-13
2024-05-12T03:04:00Z,504.262,-61.137,25.912,8.271171e-13
2024-05-12T03:05:00Z,503.476,-57.340,25.921,7.875250e-13
2024-05-12T03:06:00Z,502.585,-53.541,25.880,8.094883e-13
2024-05-12T03:07:00Z,501.607,-49.738,25.806,8.789074e-13
2024-05-12T03:08:00Z,500.562,-45.932,25.705,9.315789e-13
2024-05-12T03:09:00Z,499.470,-42.123,25.586,9.095336e-13
2024-05-12T03:10:00Z,498.352,-38.311,25.452,8.666818e-13
2024-05-12T03:11:00Z,497.229,-34.495,25.306,8.329897e-13
2024-05-12T03:12:00Z,496.122,-30.676,25.151,7.665860e-13
2024-05-12T03:13:00Z,495.049,-26.854,24.988,7.319520e-13
2024-05-12T03:14:00Z,494.028,-23.030,24.821,7.180108e-13
2024-05-12T03:15:00Z,493.078,-19.202,24.648,6.663824e-13
2024-05-12T03:16:00Z,492.213,-15.373,24.472,6.383026e-13
2024-05-12T03:17:00Z,491.446,-11.542,24.293,6.466703e-13
2024-05-12T03:18:00Z,490.789,-7.709,24.113,6.727018e-13
2024-05-12T03:19:00Z,490.249,-3.875,23.931,7.063083e-13
2024-05-12T03:20:00Z,489.832,-0.040,23.748,7.674814e-13
2024-05-12T03:21:00Z,489.542,3.796,23.566,8.049466e-13
2024-05-12T03:22:00Z,489.379,7.631,23.384,8.331966e-13
2024-05-12T03:23:00Z,489.340,11.466,23.203,8.749897e-13
2024-05-12T03:24:00Z,489.419,15.300,23.025,9.203832e-13
2024-05-12T03:25:00Z,489.610,19.133,22.849,9.218160e-13
2024-05-12T03:26:00Z,489.901,22.964,22.676,9.166344e-13
2024-05-12T03:27:00Z,490.282,26.794,22.508,8.891343e-13
2024-05-12T03:28:00Z,490.737,30.622,22.346,8.598307e-13
2024-05-12T03:29:00Z,491.252,34.447,22.191,8.279324e-13
2024-05-12T03:30:00Z,491.809,38.270,22.045,8.615633e-13
2024-05-12T03:31:00Z,492.390,42.090,21.911,9.200990e-13
2024-05-12T03:32:00Z,492.977,45.907,21.791,9.109533e-13
2024-05-12T03:33:00Z,493.551,49.722,21.691,9.490041e-13
2024-05-12T03:34:00Z,494.093,53.534,21.617,9.580014e-13
2024-05-12T03:35:00Z,494.586,57.343,21.577,7.734389e-13
2024-05-12T03:36:00Z,495.012,61.149,21.586,8.233940e-13
2024-05-12T03:37:00Z,495.357,64.953,21.666,7.539125e-13
2024-05-12T03:38:00Z,495.604,68.754,21.856,6.693687e-13
2024-05-12T03:39:00Z,495.742,72.552,22.227,7.259390e-13
2024-05-12T03:40:00Z,495.760,76.345,22.930,8.367213e-13
2024-05-12T03:41:00Z,495.649,80.132,24.348,1.044560e-12
2024-05-12T03:42:00Z,495.403,83.900,27.805,1.163493e-12
2024-05-12T03:43:00Z,495.020,87.563,42.665,1.255505e-12
2024-05-12T03:44:00Z,494.498,88.115,165.051,1.349403e-12
2024-05-12T03:45:00Z,493.839,84.516,-173.189,1.463353e-12
2024-05-12T03:46:00Z,493.050,80.752,-169.038,1.548407e-12
2024-05-12T03:47:00Z,492.136,76.964,-167.424,1.431592e-12
2024-05-12T03:48:00Z,491.109,73.167,-166.640,1.693171e-12
2024-05-12T03:49:00Z,489.981,69.364,-166.228,1.949884e-12
2024-05-12T03:50:00Z,488.765,65.557,-166.015,2.418931e-12
2024-05-12T03:51:00Z,487.480,61.746,-165.920,2.190644e-12
2024-05-12T03:52:00Z,486.143,57.931,-165.901,2.019037e-12
2024-05-12T03:53:00Z,484.774,54.112,-165.934,1.900186e-12
2024-05-12T03:54:00Z,483.394,50.290,-166.003,1.948489e-12
2024-05-12T03:55:00Z,482.026,46.464,-166.099,2.014113e-12
2024-05-12T03:56:00Z,480.691,42.634,-166.216,2.074027e-12
2024-05-12T03:57:00Z,479.411,38.801,-166.348,2.187965e-12
2024-05-12T03:58:00Z,478.210,34.964,-166.492,2.281340e-12
2024-05-12T03:59:00Z,477.107,31.124,-166.646,2.361295e-12
2024-05-12T04:00:00Z,476.124,27.281,-166.807,2.408157e-12
2024-05-12T04:01:00Z,475.277,23.436,-166.974,2.446050e-12
2024-05-12T04:02:00Z,474.583,19.588,-167.145,2.451306e-12
2024-05-12T04:03:00Z,474.058,15.738,-167.321,2.423374e-12
2024-05-12T04:04:00Z,473.712,11.887,-167.499,2.397594e-12
2024-05-12T04:05:00Z,473.554,8.034,-167.679,2.339195e-12
2024-05-12T04:06:00Z,473.592,4.181,-167.861,2.264325e-12
2024-05-12T04:07:00Z,473.829,0.328,-168.043,2.181751e-12
2024-05-12T04:08:00Z,474.265,-3.525,-168.225,2.088202e-12
2024-05-12T04:09:00Z,474.896,-7.378,-168.407,2.025599e-12
2024-05-12T04:10:00Z,475.717,-11.228,-168.587,2.017783e-12
2024-05-12T04:11:00Z,476.719,-15.077,-168.766,1.993921e-12
2024-05-12T04:12:00Z,477.889,-18.924,-168.942,1.988087e-12
2024-05-12T04:13:00Z,479.214,-22.768,-169.114,1.985284e-12
2024-05-12T04:14:00Z,480.677,-26.609,-169.282,1.921421e-12
2024-05-12T04:15:00Z,482.258,-30.447,-169.445,1.812799e-12
2024-05-12T04:16:00Z,483.936,-34.281,-169.600,1.739835e-12
2024-05-12T04:17:00Z,485.689,-38.111,-169.746,1.705860e-12
2024-05-12T04:18:00Z,487.495,-41.937,-169.881,1.687657e-12
2024-05-12T04:19:00Z,489.328,-45.760,-170.001,1.603928e-12
2024-05-12T04:20:00Z,491.165,-49.578,-170.102,1.545415e-12
2024-05-12T04:21:00Z,492.982,-53.392,-170.177,1.562380e-12
2024-05-12T04:22:00Z,494.755,-57.201,-170.219,1.372561e-12
2024-05-12T04:23:00Z,496.461,-61.007,-170.212,1.337199e-12
2024-05-12T04:24:00Z,498.078,-64.808,-170.136,1.259966e-12
2024-05-12T04:25:00Z,499.588,-68.606,-169.952,1.444776e-12
2024-05-12T04:26:00Z,500.971,-72.398,-169.592,1.437501e-12
2024-05-12T04:27:00Z,502.213,-76.186,-168.909,1.278835e-12
2024-05-12T04:28:00Z,503.298,-79.965,-167.542,1.261202e-12
2024-05-12T04:29:00Z,504.216,-83.725,-164.256,1.369981e-12
2024-05-12T04:30:00Z,504.959,-87.392,-150.852,1.370990e-12
2024-05-12T04:31:00Z,505.521,-88.279,-30.302,1.355000e-12
2024-05-12T04:32:00Z,505.898,-84.724,-5.398,1.124934e-12
2024-05-12T04:33:00Z,506.092,-80.977,-0.980,7.967739e-13
2024-05-12T04:34:00Z,506.105,-77.204,0.706,7.105618e-13
2024-05-12T04:35:00Z,505.942,-73.423,1.520,6.401223e-13
2024-05-12T04:36:00Z,505.613,-69.637,1.947,6.318858e-13
2024-05-12T04:37:00Z,505.128,-65.848,2.169,6.527555e-13
2024-05-12T04:38:00Z,504.500,-62.055,2.270,6.970439e-13
2024-05-12T04:39:00Z,503.745,-58.260,2.293,6.743653e-13
2024-05-12T04:40:00Z,502.880,-54.461,2.262,6.363960e-13
2024-05-12T04:41:00Z,501.923,-50.659,2.195,6.855636e-13
2024-05-12T04:42:00Z,500.894,-46.854,2.100,6.617345e-13
2024-05-12T04:43:00Z,499.812,-43.046,1.985,6.679340e-13
2024-05-12T04:44:00Z,498.700,-39.234,1.853,6.870032e-13
2024-05-12T04:45:00Z,497.577,-35.419,1.710,6.991622e-13
2024-05-12T04:46:00Z,496.464,-31.601,1.557,6.807573e-13
2024-05-12T04:47:00Z,495.381,-27.780,1.396,6.791419e-13
2024-05-12T04:48:00Z,494.346,-23.956,1.229,6.724897e-13
2024-05-12T04:49:00Z,493.377,-20.130,1.058,7.161499e-13
2024-05-12T04:50:00Z,492.490,-16.301,0.882,7.939110e-13
2024-05-12T04:51:00Z,491.697,-12.470,0.704,8.929236e-13
2024-05-12T04:52:00Z,491.010,-8.638,0.524,9.855508e-13
2024-05-12T04:53:00Z,490.439,-4.804,0.342,1.035325e-12
2024-05-12T04:54:00Z,489.989,-0.969,0.160,1.014828e-12
2024-05-12T04:55:00Z,489.665,2.866,-0.023,9.657003e-13
2024-05-12T04:56:00Z,489.466,6.701,-0.205,9.170534e-13
2024-05-12T04:57:00Z,489.392,10.536,-0.386,8.971038e-13
2024-05-12T04:58:00Z,489.438,14.370,-0.566,8.859385e-13
2024-05-12T04:59:00Z,489.597,18.204,-0.742,8.409175e-13
2024-05-12T05:00:00Z,489.859,22.036,-0.916,7.849067e-13
2024-05-12T05:01:00Z,490.212,25.866,-1.085,7.463653e-13
2024-05-12T05:02:00Z,490.644,29.694,-1.249,7.233122e-13
2024-05-12T05:03:00Z,491.140,33.519,-1.406,7.645139e-13
2024-05-12T05:04:00Z,491.681,37.343,-1.554,8.005259e-13
2024-05-12T05:05:00Z,492.250,41.163,-1.692,8.218264e-13
2024-05-12T05:06:00Z,492.830,44.982,-1.815,8.110862e-13
2024-05-12T05:07:00Z,493.401,48.797,-1.921,9.309924e-13
2024-05-12T05:08:00Z,493.946,52.609,-2.002,1.029835e-12
2024-05-12T05:09:00Z,494.445,56.419,-2.052,9.564060e-13
2024-05-12T05:10:00Z,494.881,60.226,-2.056,8.697672e-13
2024-05-12T05:11:00Z,495.239,64.031,-1.996,7.371875e-13
2024-05-12T05:12:00Z,495.503,67.833,-1.838,7.957752e-13
2024-05-12T05:13:00Z,495.660,71.631,-1.521,8.499063e-13
2024-05-12T05:14:00Z,495.699,75.426,-0.921,1.007154e-12
2024-05-12T05:15:00Z,495.611,79.215,0.261,1.088739e-12
2024-05-12T05:16:00Z,495.390,82.990,2.965,1.154987e-12
2024-05-12T05:17:00Z,495.032,86.704,12.371,1.151454e-12
2024-05-12T05:18:00Z,494.536,88.784,117.352,1.341241e-12
2024-05-12T05:19:00Z,493.903,85.418,161.102,1.524422e-12
2024-05-12T05:20:00Z,493.138,81.668,166.691,1.737272e-12
2024-05-12T05:21:00Z,492.247,77.883,168.660,1.555657e-12
2024-05-12T05:22:00Z,491.240,74.087,169.583,1.608596e-12
2024-05-12T05:23:00Z,490.129,70.285,170.063,1.860180e-12
2024-05-12T05:24:00Z,488.929,66.479,170.315,1.890898e-12
2024-05-12T05:25:00Z,487.654,62.669,170.434,1.894502e-12
2024-05-12T05:26:00Z,486.324,58.854,170.468,1.858290e-12
2024-05-12T05:27:00Z,484.958,55.037,170.446,1.863791e-12
2024-05-12T05:28:00Z,483.576,51.215,170.384,2.047172e-12
2024-05-12T05:29:00Z,482.202,47.390,170.293,2.108082e-12
2024-05-12T05:30:00Z,480.856,43.561,170.181,2.150590e-12
2024-05-12T05:31:00Z,479.562,39.728,170.053,2.219683e-12
2024-05-12T05:32:00Z,478.341,35.892,169.911,2.284606e-12
2024-05-12T05:33:00Z,477.214,32.053,169.759,2.337456e-12
2024-05-12T05:34:00Z,476.203,28.210,169.600,2.385232e-12
2024-05-12T05:35:00Z,475.325,24.365,169.434,2.442467e-12
2024-05-12T05:36:00Z,474.598,20.518,169.263,2.508411e-12
2024-05-12T05:37:00Z,474.036,16.668,169.089,2.542616e-12
2024-05-12T05:38:00Z,473.652,12.817,168.911,2.545085e-12
2024-05-12T05:39:00Z,473.455,8.964,168.731,2.547416e-12
2024-05-12T05:40:00Z,473.453,5.111,168.550,2.562466e-12
2024-05-12T05:41:00Z,473.650,1.258,168.368,2.569653e-12
2024-05-12T05:42:00Z,474.045,-2.595,168.186,2.587403e-12
2024-05-12T05:43:00Z,474.638,-6.448,168.004,2.624398e-12
2024-05-12T05:44:00Z,475.423,-10.299,167.823,2.596929e-12
2024-05-12T05:45:00Z,476.391,-14.149,167.644,2.580153e-12
2024-05-12T05:46:00Z,477.530,-17.996,167.467,2.535015e-12
2024-05-12T05:47:00Z,478.828,-21.841,167.293,2.401833e-12
2024-05-12T05:48:00Z,480.267,-25.683,167.124,2.239194e-12
2024-05-12T05:49:00Z,481.829,-29.521,166.960,2.099958e-12
2024-05-12T05:50:00Z,483.494,-33.356,166.803,1.939927e-12
2024-05-12T05:51:00Z,485.239,-37.188,166.654,1.784971e-12
2024-05-12T05:52:00Z,487.042,-41.015,166.516,1.556940e-12
2024-05-12T05:53:00Z,488.879,-44.838,166.392,1.408771e-12
2024-05-12T05:54:00Z,490.725,-48.657,166.286,1.452728e-12
2024-05-12T05:55:00Z,492.556,-52.472,166.204,1.360721e-12
2024-05-12T05:56:00Z,494.349,-56.283,166.153,1.252258e-12
2024-05-12T05:57:00Z,496.080,-60.089,166.146,1.093212e-12
2024-05-12T05:58:00Z,497.728,-63.892,166.203,1.245323e-12
2024-05-12T05:59:00Z,499.273,-67.690,166.356,1.171804e-12
2024-05-12T06:00:00Z,500.695,-71.484,166.664,1.136594e-12
2024-05-12T06:01:00Z,501.978,-75.273,167.248,1.145206e-12
2024-05-12T06:02:00Z,503.108,-79.054,168.391,1.047178e-12
2024-05-12T06:03:00Z,504.073,-82.821,170.976,9.309359e-13
2024-05-12T06:04:00Z,504.863,-86.531,179.655,8.606382e-13
2024-05-12T06:05:00Z,505.474,-88.878,-82.672,7.206842e-13
2024-05-12T06:06:00Z,505.900,-85.618,-31.276,6.923332e-13
2024-05-12T06:07:00Z,506.142,-81.885,-25.282,6.716875e-13
2024-05-12T06:08:00Z,506.202,-78.116,-23.220,5.897483e-13
2024-05-12T06:09:00Z,506.084,-74.337,-22.262,5.430090e-13
2024-05-12T06:10:00Z,505.798,-70.552,-21.764,5.629291e-13
2024-05-12T06:11:00Z,505.352,-66.763,-21.503,4.960273e-13
2024-05-12T06:12:00Z,504.760,-62.972,-21.378,6.178491e-13
2024-05-12T06:13:00Z,504.036,-59.177,-21.340,6.086560e-13
2024-05-12T06:14:00Z,503.197,-55.379,-21.359,7.323931e-13
2024-05-12T06:15:00Z,502.261,-51.578,-21.418,8.185787e-13
2024-05-12T06:16:00Z,501.248,-47.774,-21.508,8.275571e-13
2024-05-12T06:17:00Z,500.177,-43.967,-21.619,8.887686e-13
2024-05-12T06:18:00Z,499.069,-40.156,-21.747,9.207477e-13
2024-05-12T06:19:00Z,497.945,-36.342,-21.887,8.817949e-13
2024-05-12T06:20:00Z,496.826,-32.525,-22.038,8.387743e-13
2024-05-12T06:21:00Z,495.731,-28.705,-22.198,8.554226e-13
2024-05-12T06:22:00Z,494.680,-24.881,-22.363,8.621914e-13
2024-05-12T06:23:00Z,493.690,-21.056,-22.534,7.997156e-13
2024-05-12T06:24:00Z,492.778,-17.228,-22.708,7.113895e-13
2024-05-12T06:25:00Z,491.957,-13.397,-22.886,6.515547e-13
2024-05-12T06:26:00Z,491.240,-9.565,-23.066,6.283140e-13
2024-05-12T06:27:00Z,490.636,-5.732,-23.247,6.129759e-13
2024-05-12T06:28:00Z,490.152,-1.897,-23.430,6.228079e-13
2024-05-12T06:29:00Z,489.793,1.938,-23.612,6.811610e-13
2024-05-12T06:30:00Z,489.559,5.773,-23.794,7.843531e-13
2024-05-12T06:31:00Z,489.450,9.608,-23.976,8.932187e-13
2024-05-12T06:32:00Z,489.461,13.442,-24.156,9.493021e-13
2024-05-12T06:33:00Z,489.588,17.276,-24.333,9.734215e-13
2024-05-12T06:34:00Z,489.820,21.108,-24.508,9.211643e-13
2024-05-12T06:35:00Z,490.146,24.938,-24.678,8.883260e-13
2024-05-12T06:36:00Z,490.554,28.767,-24.843,8.771308e-13
2024-05-12T06:37:00Z,491.029,32.593,-25.002,8.901804e-13
2024-05-12T06:38:00Z,491.554,36.417,-25.153,8.271795e-13
2024-05-12T06:39:00Z,492.112,40.239,-25.293,7.749974e-13
2024-05-12T06:40:00Z,492.684,44.057,-25.420,7.483449e-13
2024-05-12T06:41:00Z,493.252,47.873,-25.530,7.475422e-13
2024-05-12T06:42:00Z,493.797,51.687,-25.618,7.637063e-13
2024-05-12T06:43:00Z,494.301,55.497,-25.676,7.631740e-13
2024-05-12T06:44:00Z,494.746,59.305,-25.693,7.437231e-13
2024-05-12T06:45:00Z,495.116,63.110,-25.651,7.461506e-13
2024-05-12T06:46:00Z,495.396,66.913,-25.521,7.609558e-13
2024-05-12T06:47:00Z,495.572,70.712,-25.251,8.129717e-13
2024-05-12T06:48:00Z,495.632,74.508,-24.736,8.379198e-13
2024-05-12T06:49:00Z,495.568,78.299,-23.741,8.675942e-13
2024-05-12T06:50:00Z,495.373,82.079,-21.577,1.109612e-12
2024-05-12T06:51:00Z,495.041,85.819,-15.096,1.058371e-12
2024-05-12T06:52:00Z,494.572,88.951,46.575,1.111392e-12
2024-05-12T06:53:00Z,493.965,86.309,134.345,1.256921e-12
2024-05-12T06:54:00Z,493.226,82.580,142.242,1.333843e-12
2024-05-12T06:55:00Z,492.360,78.800,144.684,1.325058e-12
2024-05-12T06:56:00Z,491.375,75.006,145.778,1.271622e-12
2024-05-12T06:57:00Z,490.284,71.205,146.338,1.485592e-12
2024-05-12T06:58:00Z,489.100,67.400,146.634,1.510247e-12
2024-05-12T06:59:00Z,487.839,63.590,146.779,1.540805e-12
2024-05-12T07:00:00Z,486.518,59.776,146.831,1.611525e-12
2024-05-12T07:01:00Z,485.157,55.959,146.821,1.704588e-12
2024-05-12T07:02:00Z,483.776,52.138,146.768,1.793623e-12
2024-05-12T07:03:00Z,482.396,48.314,146.683,1.860054e-12
2024-05-12T07:04:00Z,481.041,44.486,146.576,1.913686e-12
2024-05-12T07:05:00Z,479.731,40.654,146.451,1.949880e-12
2024-05-12T07:06:00Z,478.490,36.818,146.312,2.023988e-12
2024-05-12T07:07:00Z,477.338,32.980,146.163,2.089108e-12
2024-05-12T07:08:00Z,476.297,29.138,146.005,2.185962e-12
2024-05-12T07:09:00Z,475.385,25.293,145.841,2.275408e-12
2024-05-12T07:10:00Z,474.620,21.446,145.671,2.356226e-12
2024-05-12T07:11:00Z,474.018,17.597,145.497,2.422720e-12
2024-05-12T07:12:00Z,473.591,13.746,145.320,2.461170e-12
2024-05-12T07:13:00Z,473.349,9.893,145.141,2.484074e-12
2024-05-12T07:14:00Z,473.302,6.040,144.960,2.506991e-12
2024-05-12T07:15:00Z,473.452,2.186,144.778,2.514569e-12
2024-05-12T07:16:00Z,473.802,-1.667,144.596,2.540479e-12
2024-05-12T07:17:00Z,474.349,-5.520,144.414,2.547216e-12
2024-05-12T07:18:00Z,475.091,-9.372,144.233,2.529872e-12
2024-05-12T07:19:00Z,476.018,-13.222,144.053,2.455648e-12
2024-05-12T07:20:00Z,477.120,-17.070,143.876,2.371752e-12
2024-05-12T07:21:00Z,478.385,-20.915,143.701,2.243671e-12
2024-05-12T07:22:00Z,479.795,-24.758,143.531,2.109373e-12
2024-05-12T07:23:00Z,481.335,-28.598,143.366,1.983401e-12
2024-05-12T07:24:00Z,482.982,-32.434,143.207,1.858379e-12
2024-05-12T07:25:00Z,484.717,-36.266,143.056,1.694397e-12
2024-05-12T07:26:00Z,486.515,-40.094,142.916,1.487738e-12
2024-05-12T07:27:00Z,488.354,-43.919,142.788,1.304771e-12
2024-05-12T07:28:00Z,490.208,-47.739,142.677,1.222361e-12
2024-05-12T07:29:00Z,492.055,-51.555,142.589,1.164286e-12
2024-05-12T07:30:00Z,493.868,-55.366,142.529,1.341145e-12
2024-05-12T07:31:00Z,495.626,-59.174,142.511,1.453282e-12
2024-05-12T07:32:00Z,497.305,-62.977,142.550,1.326359e-12
2024-05-12T07:33:00Z,498.886,-66.777,142.676,1.080171e-12
2024-05-12T07:34:00Z,500.349,-70.572,142.940,1.021213e-12
2024-05-12T07:35:00Z,501.676,-74.362,143.441,8.259239e-13
2024-05-12T07:36:00Z,502.854,-78.146,144.407,7.343593e-13
2024-05-12T07:37:00Z,503.870,-81.917,146.488,7.912769e-13
2024-05-12T07:38:00Z,504.713,-85.652,152.563,7.525600e-13
2024-05-12T07:39:00Z,505.377,-88.892,-154.483,9.034588e-13
2024-05-12T07:40:00Z,505.858,-86.498,-58.330,5.845295e-13
2024-05-12T07:41:00Z,506.154,-82.788,-49.775,5.055206e-13
2024-05-12T07:42:00Z,506.266,-79.024,-47.210,6.700298e-13
2024-05-12T07:43:00Z,506.200,-75.246,-46.073,6.297335e-13
2024-05-12T07:44:00Z,505.962,-71.463,-45.493,6.461243e-13
2024-05-12T07:45:00Z,505.563,-67.675,-45.186,6.588853e-13
2024-05-12T07:46:00Z,505.013,-63.884,-45.034,6.602916e-13
2024-05-12T07:47:00Z,504.327,-60.090,-44.978,6.680497e-13
2024-05-12T07:48:00Z,503.521,-56.293,-44.985,6.282336e-13
2024-05-12T07:49:00Z,502.613,-52.493,-45.036,5.809072e-13
2024-05-12T07:50:00Z,501.623,-48.690,-45.118,5.671523e-13
2024-05-12T07:51:00Z,500.570,-44.884,-45.225,5.761423e-13
2024-05-12T07:52:00Z,499.475,-41.074,-45.349,5.649954e-13
2024-05-12T07:53:00Z,498.358,-37.261,-45.487,5.772426e-13
2024-05-12T07:54:00Z,497.242,-33.445,-45.635,5.454500e-13
2024-05-12T07:55:00Z,496.144,-29.625,-45.793,5.372783e-13
2024-05-12T07:56:00Z,495.086,-25.803,-45.957,5.341349e-13
2024-05-12T07:57:00Z,494.084,-21.978,-46.126,5.244521e-13
2024-05-12T07:58:00Z,493.155,-18.151,-46.300,4.998314e-13
2024-05-12T07:59:00Z,492.314,-14.321,-46.477,4.832734e-13
2024-05-12T08:00:00Z,491.573,-10.490,-46.656,4.749824e-13
2024-05-12T08:01:00Z,490.942,-6.657,-46.837,4.998478e-13
2024-05-12T08:02:00Z,490.429,-2.823,-47.020,5.285408e-13
2024-05-12T08:03:00Z,490.040,1.012,-47.202,5.660718e-13
2024-05-12T08:04:00Z,489.775,4.847,-47.385,6.158649e-13
2024-05-12T08:05:00Z,489.636,8.682,-47.566,6.684948e-13
2024-05-12T08:06:00Z,489.619,12.516,-47.746,7.283397e-13
2024-05-12T08:07:00Z,489.717,16.350,-47.925,7.834888e-13
2024-05-12T08:08:00Z,489.924,20.182,-48.100,8.175483e-13
2024-05-12T08:09:00Z,490.227,24.013,-48.271,8.407765e-13
2024-05-12T08:10:00Z,490.616,27.842,-48.438,8.332303e-13
2024-05-12T08:11:00Z,491.074,31.668,-48.598,8.206186e-13
2024-05-12T08:12:00Z,491.586,35.493,-48.751,7.993985e-13
2024-05-12T08:13:00Z,492.134,39.314,-48.894,7.553815e-13
2024-05-12T08:14:00Z,492.702,43.134,-49.025,7.096217e-13
2024-05-12T08:15:00Z,493.269,46.950,-49.139,6.793598e-13
2024-05-12T08:16:00Z,493.818,50.764,-49.233,6.823213e-13
2024-05-12T08:17:00Z,494.330,54.575,-49.299,7.233764e-13
2024-05-12T08:18:00Z,494.787,58.383,-49.327,7.764747e-13
2024-05-12T08:19:00Z,495.173,62.189,-49.301,8.124020e-13
2024-05-12T08:20:00Z,495.471,65.992,-49.196,8.581687e-13
2024-05-12T08:21:00Z,495.668,69.792,-48.965,9.632126e-13
2024-05-12T08:22:00Z,495.753,73.589,-48.524,1.066161e-12
2024-05-12T08:23:00Z,495.714,77.381,-47.680,1.059884e-12
2024-05-12T08:24:00Z,495.545,81.164,-45.917,1.135069e-12
2024-05-12T08:25:00Z,495.241,84.920,-41.195,1.237254e-12
2024-05-12T08:26:00Z,494.798,88.444,-12.074,1.302856e-12
2024-05-12T08:27:00Z,494.218,87.183,105.564,1.415221e-12
2024-05-12T08:28:00Z,493.503,83.492,117.539,1.555808e-12
2024-05-12T08:29:00Z,492.659,79.718,120.631,1.592059e-12
2024-05-12T08:30:00Z,491.695,75.927,121.939,1.618264e-12
2024-05-12T08:31:00Z,490.620,72.127,122.595,1.628879e-12
2024-05-12T08:32:00Z,489.449,68.323,122.941,1.655330e-12
2024-05-12T08:33:00Z,488.197,64.514,123.117,1.628696e-12
2024-05-12T08:34:00Z,486.881,60.702,123.188,1.675877e-12
2024-05-12T08:35:00Z,485.520,56.886,123.191,1.708241e-12
2024-05-12T08:36:00Z,484.134,53.066,123.147,1.768647e-12
2024-05-12T08:37:00Z,482.745,49.242,123.070,1.821947e-12
2024-05-12T08:38:00Z,481.374,45.415,122.967,1.855230e-12
2024-05-12T08:39:00Z,480.044,41.584,122.846,1.905871e-12
2024-05-12T08:40:00Z,478.777,37.749,122.711,1.950139e-12
2024-05-12T08:41:00Z,477.595,33.911,122.564,2.003425e-12
2024-05-12T08:42:00Z,476.518,30.070,122.408,2.039035e-12
2024-05-12T08:43:00Z,475.566,26.226,122.246,2.083572e-12
2024-05-12T08:44:00Z,474.757,22.380,122.077,2.120186e-12
2024-05-12T08:45:00Z,474.108,18.531,121.905,2.160662e-12
2024-05-12T08:46:00Z,473.631,14.680,121.729,2.193263e-12
2024-05-12T08:47:00Z,473.337,10.828,121.550,2.200232e-12
2024-05-12T08:48:00Z,473.236,6.975,121.369,2.200276e-12
2024-05-12T08:49:00Z,473.331,3.121,121.188,2.187962e-12
2024-05-12T08:50:00Z,473.627,-0.732,121.006,2.194051e-12
2024-05-12T08:51:00Z,474.121,-4.586,120.824,2.212873e-12
2024-05-12T08:52:00Z,474.810,-8.438,120.642,2.234401e-12
2024-05-12T08:53:00Z,475.689,-12.288,120.463,2.244077e-12
2024-05-12T08:54:00Z,476.746,-16.137,120.285,2.219454e-12
2024-05-12T08:55:00Z,477.970,-19.983,120.110,2.161805e-12
2024-05-12T08:56:00Z,479.345,-23.827,119.939,2.062035e-12
2024-05-12T08:57:00Z,480.854,-27.667,119.772,1.958854e-12
2024-05-12T08:58:00Z,482.478,-31.504,119.612,1.867788e-12
2024-05-12T08:59:00Z,484.194,-35.338,119.459,1.757838e-12
2024-05-12T09:00:00Z,485.981,-39.167,119.316,1.666333e-12
2024-05-12T09:01:00Z,487.816,-42.993,119.186,1.580437e-12
2024-05-12T09:02:00Z,489.673,-46.814,119.071,1.564986e-12
2024-05-12T09:03:00Z,491.527,-50.631,118.976,1.512624e-12
2024-05-12T09:04:00Z,493.356,-54.444,118.910,1.537710e-12
2024-05-12T09:05:00Z,495.135,-58.252,118.881,1.245583e-12
2024-05-12T09:06:00Z,496.842,-62.057,118.905,1.331632e-12
2024-05-12T09:07:00Z,498.454,-65.857,119.007,1.230956e-12
2024-05-12T09:08:00Z,499.954,-69.653,119.232,1.187882e-12
2024-05-12T09:09:00Z,501.323,-73.445,119.663,1.085678e-12
2024-05-12T09:10:00Z,502.545,-77.230,120.485,1.117189e-12
2024-05-12T09:11:00Z,503.608,-81.006,122.188,1.018354e-12
2024-05-12T09:12:00Z,504.501,-84.755,126.663,7.892062e-13
2024-05-12T09:13:00Z,505.216,-88.304,152.199,7.415366e-13
2024-05-12T09:14:00Z,505.749,-87.361,-87.755,8.021386e-13
2024-05-12T09:15:00Z,506.097,-83.694,-74.552,6.455602e-13
2024-05-12T09:16:00Z,506.262,-79.936,-71.287,5.767396e-13
2024-05-12T09:17:00Z,506.246,-76.161,-69.924,6.319870e-13
2024-05-12T09:18:00Z,506.057,-72.379,-69.243,6.393289e-13
2024-05-12T09:19:00Z,505.704,-68.592,-68.883,6.283626e-13
2024-05-12T09:20:00Z,505.197,-64.802,-68.700,5.932267e-13
2024-05-12T09:21:00Z,504.551,-61.009,-68.623,5.509409e-13
2024-05-12T09:22:00Z,503.780,-57.213,-68.616,5.248870e-13
2024-05-12T09:23:00Z,502.903,-53.413,-68.657,5.045674e-13
2024-05-12T09:24:00Z,501.939,-49.611,-68.733,4.536132e-13
2024-05-12T09:25:00Z,500.906,-45.805,-68.834,4.198043e-13
2024-05-12T09:26:00Z,499.826,-41.997,-68.953,3.953270e-13
2024-05-12T09:27:00Z,498.719,-38.184,-69.088,3.731304e-13
2024-05-12T09:28:00Z,497.605,-34.369,-69.234,3.486850e-13
2024-05-12T09:29:00Z,496.506,-30.551,-69.389,3.373817e-13
2024-05-12T09:30:00Z,495.439,-26.729,-69.552,3.450302e-13
2024-05-12T09:31:00Z,494.424,-22.905,-69.720,3.576683e-13
2024-05-12T09:32:00Z,493.478,-19.078,-69.892,4.010806e-13
2024-05-12T09:33:00Z,492.614,-15.249,-70.068,4.374994e-13
2024-05-12T09:34:00Z,491.847,-11.418,-70.247,4.489057e-13
2024-05-12T09:35:00Z,491.187,-7.586,-70.427,4.701116e-13
2024-05-12T09:36:00Z,490.642,-3.752,-70.609,4.552189e-13
2024-05-12T09:37:00Z,490.218,0.083,-70.792,4.646933e-13
2024-05-12T09:38:00Z,489.918,3.918,-70.974,4.871268e-13
2024-05-12T09:39:00Z,489.742,7.752,-71.156,4.876741e-13
2024-05-12T09:40:00Z,489.689,11.587,-71.336,5.134432e-13
2024-05-12T09:41:00Z,489.752,15.421,-71.515,5.584219e-13
2024-05-12T09:42:00Z,489.925,19.253,-71.691,6.076888e-13
2024-05-12T09:43:00Z,490.198,23.084,-71.863,6.625876e-13
2024-05-12T09:44:00Z,490.559,26.913,-72.030,7.377192e-13
2024-05-12T09:45:00Z,490.994,30.741,-72.192,7.910101e-13
2024-05-12T09:46:00Z,491.487,34.565,-72.347,8.286752e-13
2024-05-12T09:47:00Z,492.022,38.388,-72.492,8.604014e-13
2024-05-12T09:48:00Z,492.580,42.208,-72.626,8.980636e-13
2024-05-12T09:49:00Z,493.143,46.025,-72.745,9.270979e-13
2024-05-12T09:50:00Z,493.692,49.839,-72.844,9.289783e-13
2024-05-12T09:51:00Z,494.209,53.651,-72.917,9.754362e-13
2024-05-12T09:52:00Z,494.677,57.460,-72.955,1.042323e-12
2024-05-12T09:53:00Z,495.079,61.266,-72.944,1.137669e-12
2024-05-12T09:54:00Z,495.397,65.069,-72.860,1.278490e-12
2024-05-12T09:55:00Z,495.619,68.870,-72.666,1.432248e-12
2024-05-12T09:56:00Z,495.731,72.668,-72.286,1.429614e-12
2024-05-12T09:57:00Z,495.723,76.461,-71.566,1.405933e-12
2024-05-12T09:58:00Z,495.587,80.248,-70.111,1.445850e-12
2024-05-12T09:59:00Z,495.316,84.014,-66.529,1.412161e-12
2024-05-12T10:00:00Z,494.908,87.667,-50.626,1.414076e-12
2024-05-12T10:01:00Z,494.362,88.014,72.274,1.538798e-12
2024-05-12T10:02:00Z,493.681,84.401,92.467,1.568459e-12
2024-05-12T10:03:00Z,492.869,80.635,96.484,1.540131e-12
2024-05-12T10:04:00Z,491.934,76.847,98.063,1.436811e-12
2024-05-12T10:05:00Z,490.886,73.049,98.833,1.494339e-12
2024-05-12T10:06:00Z,489.739,69.246,99.239,1.565120e-12
2024-05-12T10:07:00Z,488.507,65.438,99.449,1.584990e-12
2024-05-12T10:08:00Z,487.207,61.627,99.542,1.622131e-12
2024-05-12T10:09:00Z,485.857,57.812,99.559,1.687181e-12
2024-05-12T10:10:00Z,484.478,53.993,99.526,1.738588e-12
2024-05-12T10:11:00Z,483.091,50.170,99.456,1.794323e-12
2024-05-12T10:12:00Z,481.717,46.343,99.359,1.837311e-12
2024-05-12T10:13:00Z,480.380,42.513,99.242,1.867891e-12
2024-05-12T10:14:00Z,479.101,38.680,99.110,1.903351e-12
2024-05-12T10:15:00Z,477.902,34.843,98.966,1.937408e-12
2024-05-12T10:16:00Z,476.804,31.002,98.812,1.986389e-12
2024-05-12T10:17:00Z,475.826,27.159,98.651,2.043300e-12
2024-05-12T10:18:00Z,474.988,23.313,98.484,2.096050e-12
2024-05-12T10:19:00Z,474.306,19.465,98.313,2.145043e-12
2024-05-12T10:20:00Z,473.793,15.615,98.137,2.134249e-12
2024-05-12T10:21:00Z,473.462,11.763,97.959,2.090554e-12
2024-05-12T10:22:00Z,473.322,7.910,97.779,2.059380e-12
2024-05-12T10:23:00Z,473.378,4.057,97.598,2.048253e-12
2024-05-12T10:24:00Z,473.634,0.203,97.416,2.090321e-12
2024-05-12T10:25:00Z,474.090,-3.650,97.234,2.163595e-12
2024-05-12T10:26:00Z,474.742,-7.502,97.053,2.224515e-12
2024-05-12T10:27:00Z,475.585,-11.353,96.873,2.233707e-12
2024-05-12T10:28:00Z,476.610,-15.202,96.694,2.208889e-12
2024-05-12T10:29:00Z,477.805,-19.049,96.519,2.128251e-12
2024-05-12T10:30:00Z,479.154,-22.893,96.347,2.084887e-12
2024-05-12T10:31:00Z,480.642,-26.734,96.179,2.023314e-12
2024-05-12T10:32:00Z,482.249,-30.572,96.017,1.918641e-12
2024-05-12T10:33:00Z,483.953,-34.406,95.863,1.807281e-12
2024-05-12T10:34:00Z,485.732,-38.236,95.717,1.694819e-12
2024-05-12T10:35:00Z,487.563,-42.062,95.583,1.585726e-12
2024-05-12T10:36:00Z,489.422,-45.884,95.465,1.471629e-12
2024-05-12T10:37:00Z,491.283,-49.702,95.365,1.439673e-12
2024-05-12T10:38:00Z,493.123,-53.516,95.291,1.354408e-12
2024-05-12T10:39:00Z,494.918,-57.325,95.252,1.350928e-12
2024-05-12T10:40:00Z,496.644,-61.130,95.261,1.404688e-12
2024-05-12T10:41:00Z,498.280,-64.932,95.342,1.367499e-12
2024-05-12T10:42:00Z,499.807,-68.729,95.532,1.175297e-12
2024-05-12T10:43:00Z,501.206,-72.521,95.902,1.078384e-12
2024-05-12T10:44:00Z,502.460,-76.308,96.602,1.037074e-12
2024-05-12T10:45:00Z,503.557,-80.086,98.010,1.008288e-12
2024-05-12T10:46:00Z,504.485,-83.845,101.421,9.172818e-13
2024-05-12T10:47:00Z,505.236,-87.502,115.777,8.160018e-13
2024-05-12T10:48:00Z,505.805,-88.177,-122.677,6.872403e-13
2024-05-12T10:49:00Z,506.189,-84.604,-99.731,6.907804e-13
2024-05-12T10:50:00Z,506.388,-80.856,-95.460,6.284743e-13
2024-05-12T10:51:00Z,506.405,-77.084,-93.810,5.799269e-13
2024-05-12T10:52:00Z,506.247,-73.303,-93.009,5.389331e-13
2024-05-12T10:53:00Z,505.921,-69.517,-92.588,5.358656e-13
2024-05-12T10:54:00Z,505.439,-65.728,-92.369,5.057951e-13
2024-05-12T10:55:00Z,504.813,-61.936,-92.270,4.909148e-13
2024-05-12T10:56:00Z,504.060,-58.140,-92.248,4.740849e-13
2024-05-12T10:57:00Z,503.196,-54.342,-92.279,4.383916e-13
2024-05-12T10:58:00Z,502.239,-50.540,-92.347,4.284847e-13
2024-05-12T10:59:00Z,501.210,-46.736,-92.442,4.259564e-13
2024-05-12T11:00:00Z,500.128,-42.928,-92.557,4.324381e-13
2024-05-12T11:01:00Z,499.014,-39.116,-92.689,4.287647e-13
2024-05-12T11:02:00Z,497.889,-35.302,-92.832,4.292413e-13
2024-05-12T11:03:00Z,496.773,-31.484,-92.985,4.080990e-13
2024-05-12T11:04:00Z,495.687,-27.663,-93.146,4.195611e-13
2024-05-12T11:05:00Z,494.648,-23.840,-93.312,4.361404e-13
2024-05-12T11:06:00Z,493.674,-20.014,-93.484,4.589887e-13
2024-05-12T11:07:00Z,492.781,-16.185,-93.659,4.737059e-13
2024-05-12T11:08:00Z,491.982,-12.355,-93.837,4.813323e-13
2024-05-12T11:09:00Z,491.288,-8.522,-94.017,5.000848e-13
2024-05-12T11:10:00Z,490.709,-4.689,-94.198,5.238520e-13
2024-05-12T11:11:00Z,490.250,-0.854,-94.381,5.627058e-13
2024-05-12T11:12:00Z,489.916,2.980,-94.563,5.812321e-13
2024-05-12T11:13:00Z,489.707,6.815,-94.745,6.177258e-13
2024-05-12T11:14:00Z,489.622,10.650,-94.926,6.248456e-13
2024-05-12T11:15:00Z,489.655,14.484,-95.105,6.289103e-13
2024-05-12T11:16:00Z,489.800,18.317,-95.281,6.230407e-13
2024-05-12T11:17:00Z,490.047,22.149,-95.454,6.304003e-13
2024-05-12T11:18:00Z,490.385,25.978,-95.623,6.515682e-13
2024-05-12T11:19:00Z,490.801,29.806,-95.786,6.713159e-13
2024-05-12T11:20:00Z,491.279,33.632,-95.943,6.571603e-13
2024-05-12T11:21:00Z,491.803,37.455,-96.090,6.746339e-13
2024-05-12T11:22:00Z,492.354,41.275,-96.227,7.560317e-13
2024-05-12T11:23:00Z,492.916,45.093,-96.349,7.600388e-13
2024-05-12T11:24:00Z,493.469,48.908,-96.454,7.063203e-13
2024-05-12T11:25:00Z,493.995,52.721,-96.534,7.520805e-13
2024-05-12T11:26:00Z,494.476,56.531,-96.581,7.843757e-13
2024-05-12T11:27:00Z,494.894,60.338,-96.583,7.561702e-13
2024-05-12T11:28:00Z,495.235,64.142,-96.519,8.418060e-13
2024-05-12T11:29:00Z,495.482,67.943,-96.356,8.919620e-13
2024-05-12T11:30:00Z,495.624,71.742,-96.031,9.548644e-13
2024-05-12T11:31:00Z,495.649,75.537,-95.416,8.713630e-13
2024-05-12T11:32:00Z,495.548,79.325,-94.202,8.707538e-13
2024-05-12T11:33:00Z,495.314,83.099,-91.407,9.727119e-13
2024-05-12T11:34:00Z,494.944,86.808,-81.479,1.051412e-12
2024-05-12T11:35:00Z,494.437,88.716,26.872,1.059224e-12
2024-05-12T11:36:00Z,493.793,85.308,66.811,1.169275e-12
2024-05-12T11:37:00Z,493.018,81.556,72.213,1.129998e-12
2024-05-12T11:38:00Z,492.118,77.771,74.142,1.206059e-12
2024-05-12T11:39:00Z,491.103,73.975,75.052,1.293665e-12
2024-05-12T11:40:00Z,489.986,70.173,75.526,1.402251e-12
2024-05-12T11:41:00Z,488.780,66.366,75.775,1.480899e-12
2024-05-12T11:42:00Z,487.501,62.556,75.892,1.616011e-12
2024-05-12T11:43:00Z,486.169,58.741,75.925,1.751941e-12
2024-05-12T11:44:00Z,484.802,54.923,75.903,1.828668e-12
2024-05-12T11:45:00Z,483.422,51.101,75.841,1.877415e-12
2024-05-12T11:46:00Z,482.051,47.276,75.750,1.919075e-12
2024-05-12T11:47:00Z,480.709,43.447,75.638,1.968201e-12
2024-05-12T11:48:00Z,479.421,39.614,75.509,2.000864e-12
2024-05-12T11:49:00Z,478.207,35.778,75.368,2.034910e-12
2024-05-12T11:50:00Z,477.089,31.938,75.217,2.066231e-12
2024-05-12T11:51:00Z,476.086,28.096,75.057,2.110123e-12
2024-05-12T11:52:00Z,475.218,24.250,74.892,2.151260e-12
2024-05-12T11:53:00Z,474.502,20.403,74.721,2.192470e-12
2024-05-12T11:54:00Z,473.952,16.553,74.547,2.184197e-12
2024-05-12T11:55:00Z,473.582,12.702,74.369,2.158362e-12
2024-05-12T11:56:00Z,473.400,8.849,74.190,2.193164e-12
2024-05-12T11:57:00Z,473.415,4.996,74.009,2.233836e-12
2024-05-12T11:58:00Z,473.629,1.143,73.827,2.238640e-12
2024-05-12T11:59:00Z,474.044,-2.711,73.645,2.258133e-12
2024-05-12T12:00:00Z,474.657,-6.563,73.463,2.313548e-12
2024-05-12T12:01:00Z,475.463,-10.414,73.283,2.298221e-12
2024-05-12T12:02:00Z,476.452,-14.264,73.104,2.237615e-12
2024-05-12T12:03:00Z,477.614,-18.111,72.928,2.170774e-12
2024-05-12T12:04:00Z,478.934,-21.955,72.754,2.106623e-12
2024-05-12T12:05:00Z,480.395,-25.797,72.586,2.003239e-12
2024-05-12T12:06:00Z,481.979,-29.635,72.422,1.861567e-12
2024-05-12T12:07:00Z,483.664,-33.470,72.266,1.747334e-12
2024-05-12T12:08:00Z,485.430,-37.301,72.118,1.650643e-12
2024-05-12T12:09:00Z,487.251,-41.128,71.981,1.522095e-12
2024-05-12T12:10:00Z,489.105,-44.951,71.858,1.379346e-12
2024-05-12T12:11:00Z,490.966,-48.770,71.753,1.245353e-12
2024-05-12T12:12:00Z,492.811,-52.584,71.672,1.135189e-12
2024-05-12T12:13:00Z,494.616,-56.395,71.623,1.066874e-12
2024-05-12T12:14:00Z,496.357,-60.201,71.618,9.410882e-13
2024-05-12T12:15:00Z,498.012,-64.003,71.679,9.165897e-13
2024-05-12T12:16:00Z,499.562,-67.801,71.837,9.191467e-13
2024-05-12T12:17:00Z,500.987,-71.594,72.153,8.060054e-13
2024-05-12T12:18:00Z,502.271,-75.383,72.750,7.755492e-13
2024-05-12T12:19:00Z,503.399,-79.164,73.923,7.327354e-13
2024-05-12T12:20:00Z,504.361,-82.929,76.591,6.082764e-13
2024-05-12T12:21:00Z,505.147,-86.635,85.723,6.671454e-13
2024-05-12T12:22:00Z,505.752,-88.824,-172.445,5.754980e-13
2024-05-12T12:23:00Z,506.171,-85.511,-125.541,5.182786e-13
2024-05-12T12:24:00Z,506.405,-81.776,-119.755,5.213283e-13
2024-05-12T12:25:00Z,506.456,-78.007,-117.735,4.386444e-13
2024-05-12T12:26:00Z,506.330,-74.228,-116.791,4.469781e-13
2024-05-12T12:27:00Z,506.034,-70.443,-116.300,4.438218e-13
2024-05-12T12:28:00Z,505.578,-66.655,-116.042,4.236158e-13
2024-05-12T12:29:00Z,504.976,-62.864,-115.919,4.187326e-13
2024-05-12T12:30:00Z,504.242,-59.069,-115.881,4.046631e-13
2024-05-12T12:31:00Z,503.393,-55.272,-115.901,4.325203e-13
2024-05-12T12:32:00Z,502.447,-51.471,-115.961,4.565665e-13
2024-05-12T12:33:00Z,501.423,-47.667,-116.050,4.722452e-13
2024-05-12T12:34:00Z,500.342,-43.860,-116.161,4.659195e-13
2024-05-12T12:35:00Z,499.224,-40.049,-116.289,4.631562e-13
2024-05-12T12:36:00Z,498.090,-36.235,-116.430,4.614032e-13
2024-05-12T12:37:00Z,496.960,-32.418,-116.581,4.665523e-13
2024-05-12T12:38:00Z,495.856,-28.598,-116.740,4.813567e-13
2024-05-12T12:39:00Z,494.795,-24.775,-116.905,4.999943e-13
2024-05-12T12:40:00Z,493.795,-20.949,-117.075,5.113475e-13
2024-05-12T12:41:00Z,492.873,-17.121,-117.250,5.298413e-13
2024-05-12T12:42:00Z,492.042,-13.291,-117.427,5.415746e-13
2024-05-12T12:43:00Z,491.314,-9.459,-117.607,5.683282e-13
2024-05-12T12:44:00Z,490.699,-5.626,-117.788,5.996986e-13
2024-05-12T12:45:00Z,490.204,-1.791,-117.970,6.048144e-13
2024-05-12T12:46:00Z,489.834,2.044,-118.153,6.176432e-13
2024-05-12T12:47:00Z,489.589,5.879,-118.335,6.609043e-13
2024-05-12T12:48:00Z,489.470,9.714,-118.516,6.623230e-13
2024-05-12T12:49:00Z,489.472,13.548,-118.695,6.700108e-13
2024-05-12T12:50:00Z,489.588,17.382,-118.873,6.751854e-13
2024-05-12T12:51:00Z,489.811,21.214,-119.047,6.561139e-13
2024-05-12T12:52:00Z,490.129,25.044,-119.217,6.223344e-13
2024-05-12T12:53:00Z,490.529,28.873,-119.381,5.985994e-13
2024-05-12T12:54:00Z,490.996,32.699,-119.540,5.609432e-13
2024-05-12T12:55:00Z,491.514,36.523,-119.690,5.161973e-13
2024-05-12T12:56:00Z,492.065,40.344,-119.829,4.811998e-13
2024-05-12T12:57:00Z,492.630,44.163,-119.956,4.720298e-13
2024-05-12T12:58:00Z,493.192,47.979,-120.065,5.272582e-13
2024-05-12T12:59:00Z,493.732,51.792,-120.152,5.503009e-13
2024-05-12T13:00:00Z,494.231,55.603,-120.208,6.615909e-13
2024-05-12T13:01:00Z,494.672,59.410,-120.223,6.146632e-13
2024-05-12T13:02:00Z,495.039,63.215,-120.178,7.165859e-13
2024-05-12T13:03:00Z,495.317,67.018,-120.043,8.898879e-13
2024-05-12T13:04:00Z,495.491,70.817,-119.766,8.952517e-13
2024-05-12T13:05:00Z,495.551,74.613,-119.240,7.741769e-13
2024-05-12T13:06:00Z,495.488,78.404,-118.221,7.899930e-13
2024-05-12T13:07:00Z,495.294,82.183,-115.995,8.515922e-13
2024-05-12T13:08:00Z,494.965,85.921,-109.232,9.227752e-13
2024-05-12T13:09:00Z,494.498,88.968,-42.206,9.823174e-13
2024-05-12T13:10:00Z,493.895,86.206,40.199,1.075673e-12
2024-05-12T13:11:00Z,493.159,82.474,47.788,1.107025e-12
2024-05-12T13:12:00Z,492.297,78.694,50.176,1.217080e-12
2024-05-12T13:13:00Z,491.317,74.899,51.252,1.265118e-12
2024-05-12T13:14:00Z,490.232,71.099,51.805,1.320064e-12
2024-05-12T13:15:00Z,489.054,67.293,52.097,1.365123e-12
2024-05-12T13:16:00Z,487.800,63.483,52.240,1.392848e-12
2024-05-12T13:17:00Z,486.486,59.670,52.291,1.516293e-12
2024-05-12T13:18:00Z,485.134,55.852,52.280,1.639631e-12
2024-05-12T13:19:00Z,483.762,52.032,52.226,1.738206e-12
2024-05-12T13:20:00Z,482.393,48.207,52.142,1.840285e-12
2024-05-12T13:21:00Z,481.049,44.379,52.034,1.922580e-12
2024-05-12T13:22:00Z,479.752,40.547,51.909,2.008563e-12
2024-05-12T13:23:00Z,478.524,36.711,51.770,2.113136e-12
2024-05-12T13:24:00Z,477.386,32.873,51.621,2.226443e-12
2024-05-12T13:25:00Z,476.359,29.031,51.463,2.349496e-12
2024-05-12T13:26:00Z,475.461,25.186,51.299,2.435112e-12
2024-05-12T13:27:00Z,474.711,21.339,51.129,2.461254e-12
2024-05-12T13:28:00Z,474.124,17.490,50.956,2.404572e-12
2024-05-12T13:29:00Z,473.712,13.639,50.779,2.329062e-12
2024-05-12T13:30:00Z,473.486,9.787,50.600,2.301422e-12
2024-05-12T13:31:00Z,473.453,5.934,50.419,2.287874e-12
2024-05-12T13:32:00Z,473.619,2.080,50.237,2.329059e-12
2024-05-12T13:33:00Z,473.984,-1.773,50.055,2.371679e-12
2024-05-12T13:34:00Z,474.548,-5.625,49.873,2.420539e-12
2024-05-12T13:35:00Z,475.306,-9.477,49.692,2.453733e-12
2024-05-12T13:36:00Z,476.249,-13.327,49.513,2.381729e-12
2024-05-12T13:37:00Z,477.366,-17.174,49.336,2.241285e-12
2024-05-12T13:38:00Z,478.645,-21.020,49.162,2.101741e-12
2024-05-12T13:39:00Z,480.069,-24.862,48.991,1.957902e-12
2024-05-12T13:40:00Z,481.621,-28.701,48.827,1.812935e-12
2024-05-12T13:41:00Z,483.279,-32.537,48.668,1.666705e-12
2024-05-12T13:42:00Z,485.022,-36.369,48.518,1.519917e-12
2024-05-12T13:43:00Z,486.826,-40.197,48.378,1.378443e-12
2024-05-12T13:44:00Z,488.669,-44.021,48.251,1.261848e-12
2024-05-12T13:45:00Z,490.525,-47.840,48.141,1.167794e-12
2024-05-12T13:46:00Z,492.370,-51.656,48.053,1.062952e-12
2024-05-12T13:47:00Z,494.181,-55.467,47.995,9.738801e-13
2024-05-12T13:48:00Z,495.933,-59.275,47.978,9.233504e-13
2024-05-12T13:49:00Z,497.605,-63.078,48.020,8.351820e-13
2024-05-12T13:50:00Z,499.176,-66.877,48.150,7.862971e-13
2024-05-12T13:51:00Z,500.627,-70.671,48.419,6.990219e-13
2024-05-12T13:52:00Z,501.940,-74.461,48.930,6.343988e-13
2024-05-12T13:53:00Z,503.102,-78.244,49.916,5.659062e-13
2024-05-12T13:54:00Z,504.099,-82.015,52.049,5.642680e-13
2024-05-12T13:55:00Z,504.923,-85.747,58.358,5.309631e-13
2024-05-12T13:56:00Z,505.566,-88.925,115.843,5.073192e-13
2024-05-12T13:57:00Z,506.025,-86.403,-152.448,5.114257e-13
2024-05-12T13:58:00Z,506.298,-82.691,-144.224,4.928050e-13
2024-05-12T13:59:00Z,506.388,-78.926,-141.716,4.724880e-13
2024-05-12T14:00:00Z,506.300,-75.149,-140.597,4.789410e-13
2024-05-12T14:01:00Z,506.040,-71.365,-140.025,4.524772e-13
2024-05-12T14:02:00Z,505.618,-67.577,-139.722,4.012775e-13
2024-05-12T14:03:00Z,505.047,-63.787,-139.572,4.449003e-13
2024-05-12T14:04:00Z,504.341,-59.993,-139.517,4.569439e-13
2024-05-12T14:05:00Z,503.516,-56.196,-139.525,4.736554e-13
2024-05-12T14:06:00Z,502.589,-52.396,-139.576,4.617201e-13
2024-05-12T14:07:00Z,501.581,-48.592,-139.660,4.714602e-13
2024-05-12T14:08:00Z,500.510,-44.786,-139.766,4.912935e-13
2024-05-12T14:09:00Z,499.398,-40.976,-139.890,4.980278e-13
2024-05-12T14:10:00Z,498.266,-37.163,-140.028,4.870959e-13
2024-05-12T14:11:00Z,497.134,-33.346,-140.177,4.746176e-13
2024-05-12T14:12:00Z,496.021,-29.527,-140.334,4.606167e-13
2024-05-12T14:13:00Z,494.949,-25.704,-140.498,4.463223e-13
2024-05-12T14:14:00Z,493.934,-21.879,-140.668,4.446399e-13
2024-05-12T14:15:00Z,492.993,-18.052,-140.841,4.602646e-13
2024-05-12T14:16:00Z,492.141,-14.222,-141.018,4.634875e-13
2024-05-12T14:17:00Z,491.390,-10.390,-141.198,4.695846e-13
2024-05-12T14:18:00Z,490.750,-6.557,-141.379,4.638226e-13
2024-05-12T14:19:00Z,490.229,-2.723,-141.561,4.820331e-13
2024-05-12T14:20:00Z,489.831,1.112,-141.743,5.164456e-13
2024-05-12T14:21:00Z,489.559,4.948,-141.925,5.415408e-13
2024-05-12T14:22:00Z,489.413,8.783,-142.107,5.559822e-13
2024-05-12T14:23:00Z,489.388,12.617,-142.287,5.682528e-13
2024-05-12T14:24:00Z,489.481,16.451,-142.465,5.744202e-13
2024-05-12T14:25:00Z,489.681,20.284,-142.640,5.772897e-13
2024-05-12T14:26:00Z,489.980,24.115,-142.811,5.829172e-13
2024-05-12T14:27:00Z,490.363,27.944,-142.977,6.034015e-13
2024-05-12T14:28:00Z,490.818,31.771,-143.138,6.098601e-13
2024-05-12T14:29:00Z,491.327,35.595,-143.290,6.140764e-13
2024-05-12T14:30:00Z,491.874,39.417,-143.433,6.318195e-13
2024-05-12T14:31:00Z,492.440,43.237,-143.563,6.502426e-13
2024-05-12T14:32:00Z,493.008,47.053,-143.677,6.813969e-13
2024-05-12T14:33:00Z,493.558,50.867,-143.770,7.016313e-13
2024-05-12T14:34:00Z,494.072,54.678,-143.835,6.506432e-13
2024-05-12T14:35:00Z,494.532,58.487,-143.861,6.936663e-13
2024-05-12T14:36:00Z,494.921,62.293,-143.834,6.735724e-13
2024-05-12T14:37:00Z,495.224,66.096,-143.725,6.502454e-13
2024-05-12T14:38:00Z,495.427,69.896,-143.490,7.141463e-13
2024-05-12T14:39:00Z,495.517,73.693,-143.041,6.425528e-13
2024-05-12T14:40:00Z,495.486,77.485,-142.180,7.587954e-13
2024-05-12T14:41:00Z,495.326,81.268,-140.377,8.376962e-13
2024-05-12T14:42:00Z,495.031,85.024,-135.489,8.979673e-13
2024-05-12T14:43:00Z,494.600,88.522,-103.925,9.764051e-13
2024-05-12T14:44:00Z,494.031,87.084,11.772,1.056853e-12
2024-05-12T14:45:00Z,493.329,83.387,23.140,1.056977e-12
2024-05-12T14:46:00Z,492.498,79.612,26.147,1.129917e-12
2024-05-12T14:47:00Z,491.547,75.820,27.428,1.241957e-12
2024-05-12T14:48:00Z,490.487,72.021,28.073,1.300978e-12
2024-05-12T14:49:00Z,489.331,68.216,28.413,1.362590e-12
2024-05-12T14:50:00Z,488.094,64.407,28.585,1.464716e-12
2024-05-12T14:51:00Z,486.794,60.595,28.654,1.560645e-12
2024-05-12T14:52:00Z,485.450,56.778,28.656,1.661513e-12
2024-05-12T14:53:00Z,484.081,52.958,28.611,1.734187e-12
2024-05-12T14:54:00Z,482.710,49.135,28.532,1.806954e-12
2024-05-12T14:55:00Z,481.357,45.307,28.429,1.900994e-12
2024-05-12T14:56:00Z,480.046,41.476,28.308,1.999619e-12
2024-05-12T14:57:00Z,478.798,37.641,28.172,2.096469e-12
2024-05-12T14:58:00Z,477.635,33.804,28.025,2.170168e-12
2024-05-12T14:59:00Z,476.577,29.962,27.869,2.243535e-12
2024-05-12T15:00:00Z,475.645,26.119,27.706,2.283427e-12
2024-05-12T15:01:00Z,474.856,22.272,27.537,2.305017e-12
2024-05-12T15:02:00Z,474.226,18.423,27.365,2.274809e-12
2024-05-12T15:03:00Z,473.769,14.573,27.188,2.268084e-12
2024-05-12T15:04:00Z,473.495,10.721,27.010,2.297654e-12
2024-05-12T15:05:00Z,473.412,6.868,26.829,2.321556e-12
2024-05-12T15:06:00Z,473.527,3.014,26.647,2.342108e-12
2024-05-12T15:07:00Z,473.842,-0.839,26.465,2.356111e-12
2024-05-12T15:08:00Z,474.356,-4.692,26.283,2.404955e-12
2024-05-12T15:09:00Z,475.064,-8.544,26.102,2.381527e-12
2024-05-12T15:10:00Z,475.961,-12.394,25.922,2.311362e-12
2024-05-12T15:11:00Z,477.035,-16.242,25.744,2.187010e-12
2024-05-12T15:12:00Z,478.274,-20.088,25.569,2.052592e-12
2024-05-12T15:13:00Z,479.662,-23.931,25.398,1.898875e-12
2024-05-12T15:14:00Z,481.182,-27.772,25.231,1.735467e-12
2024-05-12T15:15:00Z,482.814,-31.608,25.071,1.549018e-12
2024-05-12T15:16:00Z,484.536,-35.441,24.918,1.373043e-12
2024-05-12T15:17:00Z,486.326,-39.270,24.775,1.230812e-12
2024-05-12T15:18:00Z,488.160,-43.095,24.645,1.177578e-12
2024-05-12T15:19:00Z,490.014,-46.916,24.530,1.128559e-12
2024-05-12T15:20:00Z,491.864,-50.732,24.436,1.058481e-12
2024-05-12T15:21:00Z,493.685,-54.545,24.370,9.316620e-13
2024-05-12T15:22:00Z,495.454,-58.353,24.341,8.389129e-13
2024-05-12T15:23:00Z,497.148,-62.157,24.367,7.446802e-13
2024-05-12T15:24:00Z,498.746,-65.957,24.471,6.517098e-13
2024-05-12T15:25:00Z,500.229,-69.753,24.699,6.575888e-13
2024-05-12T15:26:00Z,501.579,-73.544,25.136,6.399892e-13
2024-05-12T15:27:00Z,502.780,-77.329,25.970,6.798097e-13
2024-05-12T15:28:00Z,503.821,-81.104,27.706,6.553306e-13
2024-05-12T15:29:00Z,504.689,-84.852,32.315,6.025112e-13
2024-05-12T15:30:00Z,505.379,-88.382,59.705,5.818413e-13
2024-05-12T15:31:00Z,505.885,-87.270,178.534,5.519596e-13
2024-05-12T15:32:00Z,506.207,-83.597,-168.937,5.598605e-13
2024-05-12T15:33:00Z,506.344,-79.839,-165.764,5.117170e-13
2024-05-12T15:34:00Z,506.301,-76.063,-164.430,4.974900e-13
2024-05-12T15:35:00Z,506.085,-72.281,-163.762,5.054853e-13
2024-05-12T15:36:00Z,505.705,-68.494,-163.409,4.856464e-13
2024-05-12T15:37:00Z,505.172,-64.704,-163.230,4.995111e-13
2024-05-12T15:38:00Z,504.501,-60.911,-163.156,5.000020e-13
2024-05-12T15:39:00Z,503.707,-57.115,-163.151,4.764165e-13
2024-05-12T15:40:00Z,502.807,-53.315,-163.193,4.646957e-13
2024-05-12T15:41:00Z,501.821,-49.513,-163.270,4.584113e-13
2024-05-12T15:42:00Z,500.768,-45.707,-163.372,4.548978e-13
2024-05-12T15:43:00Z,499.668,-41.898,-163.492,4.432830e-13
2024-05-12T15:44:00Z,498.542,-38.086,-163.627,4.024746e-13
2024-05-12T15:45:00Z,497.412,-34.270,-163.774,3.714951e-13
2024-05-12T15:46:00Z,496.296,-30.451,-163.929,3.590198e-13
2024-05-12T15:47:00Z,495.216,-26.629,-164.092,3.604370e-13
2024-05-12T15:48:00Z,494.188,-22.805,-164.260,3.665720e-13
2024-05-12T15:49:00Z,493.231,-18.978,-164.433,3.803432e-13
2024-05-12T15:50:00Z,492.358,-15.149,-164.609,3.957444e-13
2024-05-12T15:51:00Z,491.584,-11.317,-164.788,4.062019e-13
2024-05-12T15:52:00Z,490.918,-7.485,-164.969,4.427327e-13
2024-05-12T15:53:00Z,490.369,-3.650,-165.151,4.932502e-13
2024-05-12T15:54:00Z,489.943,0.184,-165.334,5.116545e-13
2024-05-12T15:55:00Z,489.642,4.020,-165.516,5.159186e-13
2024-05-12T15:56:00Z,489.466,7.855,-165.698,5.116153e-13
2024-05-12T15:57:00Z,489.414,11.690,-165.878,5.104758e-13
2024-05-12T15:58:00Z,489.480,15.524,-166.057,5.217851e-13
2024-05-12T15:59:00Z,489.655,19.356,-166.233,5.463390e-13
2024-05-12T16:00:00Z,489.931,23.188,-166.405,5.692338e-13
2024-05-12T16:01:00Z,490.295,27.017,-166.573,6.127314e-13
2024-05-12T16:02:00Z,490.732,30.845,-166.735,6.138620e-13
2024-05-12T16:03:00Z,491.228,34.670,-166.889,6.303787e-13
2024-05-12T16:04:00Z,491.766,38.492,-167.035,6.660714e-13
2024-05-12T16:05:00Z,492.328,42.312,-167.168,6.690090e-13
2024-05-12T16:06:00Z,492.895,46.130,-167.287,6.757431e-13
2024-05-12T16:07:00Z,493.448,49.944,-167.386,7.030313e-13
2024-05-12T16:08:00Z,493.970,53.756,-167.458,7.756184e-13
2024-05-12T16:09:00Z,494.441,57.565,-167.496,8.818963e-13
2024-05-12T16:10:00Z,494.846,61.372,-167.483,9.298216e-13
2024-05-12T16:11:00Z,495.168,65.175,-167.398,9.849757e-13
2024-05-12T16:12:00Z,495.393,68.976,-167.200,1.032975e-12
2024-05-12T16:13:00Z,495.509,72.774,-166.815,1.026877e-12
2024-05-12T16:14:00Z,495.505,76.568,-166.084,1.085159e-12
2024-05-12T16:15:00Z,495.373,80.354,-164.601,1.166713e-12
2024-05-12T16:16:00Z,495.108,84.120,-160.916,1.198853e-12
2024-05-12T16:17:00Z,494.706,87.764,-144.021,1.267125e-12
2024-05-12T16:18:00Z,494.167,87.922,-20.690,1.349299e-12
2024-05-12T16:19:00Z,493.493,84.295,-1.855,1.341529e-12
2024-05-12T16:20:00Z,492.689,80.529,2.027,1.377106e-12
2024-05-12T16:21:00Z,491.763,76.739,3.567,1.389433e-12
2024-05-12T16:22:00Z,490.724,72.941,4.321,1.423134e-12
2024-05-12T16:23:00Z,489.586,69.138,4.718,1.442055e-12
2024-05-12T16:24:00Z,488.362,65.330,4.922,1.547622e-12
2024-05-12T16:25:00Z,487.071,61.518,5.012,1.589539e-12
2024-05-12T16:26:00Z,485.731,57.703,5.027,1.650303e-12
2024-05-12T16:27:00Z,484.361,53.883,4.992,1.716690e-12
2024-05-12T16:28:00Z,482.984,50.060,4.920,1.782199e-12
2024-05-12T16:29:00Z,481.620,46.234,4.823,1.866606e-12
2024-05-12T16:30:00Z,480.292,42.403,4.705,1.949913e-12
2024-05-12T16:31:00Z,479.022,38.570,4.572,2.045061e-12
2024-05-12T16:32:00Z,477.832,34.732,4.427,2.128681e-12
2024-05-12T16:33:00Z,476.744,30.892,4.273,2.181441e-12
2024-05-12T16:34:00Z,475.776,27.048,4.112,2.223895e-12
2024-05-12T16:35:00Z,474.948,23.202,3.944,2.233738e-12
2024-05-12T16:36:00Z,474.275,19.354,3.772,2.216953e-12
2024-05-12T16:37:00Z,473.772,15.504,3.597,2.221561e-12
2024-05-12T16:38:00Z,473.450,11.652,3.419,2.256995e-12
2024-05-12T16:39:00Z,473.319,7.799,3.238,2.307346e-12
2024-05-12T16:40:00Z,473.384,3.946,3.057,2.337734e-12
2024-05-12T16:41:00Z,473.648,0.092,2.874,2.414608e-12
2024-05-12T16:42:00Z,474.112,-3.761,2.692,2.522106e-12
2024-05-12T16:43:00Z,474.772,-7.613,2.511,2.523231e-12
2024-05-12T16:44:00Z,475.623,-11.464,2.330,2.412767e-12
2024-05-12T16:45:00Z,476.654,-15.313,2.152,2.293322e-12
2024-05-12T16:46:00Z,477.854,-19.160,1.976,2.144945e-12
2024-05-12T16:47:00Z,479.207,-23.004,1.804,1.954260e-12
2024-05-12T16:48:00Z,480.697,-26.845,1.636,1.745173e-12
2024-05-12T16:49:00Z,482.305,-30.682,1.474,1.545267e-12
2024-05-12T16:50:00Z,484.009,-34.516,1.319,1.398181e-12
2024-05-12T16:51:00Z,485.787,-38.346,1.174,1.262428e-12
2024-05-12T16:52:00Z,487.615,-42.172,1.040,1.143031e-12
2024-05-12T16:53:00Z,489.470,-45.994,0.921,1.097066e-12
2024-05-12T16:54:00Z,491.327,-49.812,0.821,1.056047e-12
2024-05-12T16:55:00Z,493.161,-53.625,0.747,9.869810e-13
2024-05-12T16:56:00Z,494.950,-57.435,0.709,9.368028e-13
2024-05-12T16:57:00Z,496.669,-61.240,0.719,8.663839e-13
2024-05-12T16:58:00Z,498.298,-65.041,0.801,7.943862e-13
2024-05-12T16:59:00Z,499.816,-68.838,0.993,7.793473e-13
2024-05-12T17:00:00Z,501.205,-72.630,1.368,7.152099e-13
2024-05-12T17:01:00Z,502.450,-76.417,2.078,6.551363e-13
2024-05-12T17:02:00Z,503.537,-80.196,3.512,6.753179e-13
2024-05-12T17:03:00Z,504.455,-83.954,7.016,6.585954e-13
2024-05-12T17:04:00Z,505.196,-87.603,22.226,6.172724e-13
2024-05-12T17:05:00Z,505.754,-88.088,144.705,6.205415e-13
2024-05-12T17:06:00Z,506.127,-84.497,165.977,6.010390e-13
2024-05-12T17:07:00Z,506.316,-80.747,170.093,5.583220e-13
2024-05-12T17:08:00Z,506.323,-76.974,171.699,5.281557e-13
2024-05-12T17:09:00Z,506.156,-73.193,172.481,5.094431e-13
2024-05-12T17:10:00Z,505.821,-69.407,172.892,4.844932e-13
2024-05-12T17:11:00Z,505.332,-65.618,173.105,4.645825e-13
2024-05-12T17:12:00Z,504.699,-61.826,173.200,4.525895e-13
2024-05-12T17:13:00Z,503.940,-58.030,173.219,4.432401e-13
2024-05-12T17:14:00Z,503.071,-54.232,173.186,4.460506e-13
2024-05-12T17:15:00Z,502.111,-50.430,173.117,4.516441e-13
2024-05-12T17:16:00Z,501.078,-46.625,173.021,4.573577e-13
2024-05-12T17:17:00Z,499.994,-42.817,172.904,4.535267e-13
2024-05-12T17:18:00Z,498.878,-39.005,172.772,4.312650e-13
2024-05-12T17:19:00Z,497.752,-35.191,172.628,4.082195e-13
2024-05-12T17:20:00Z,496.635,-31.373,172.474,3.898836e-13
2024-05-12T17:21:00Z,495.548,-27.552,172.313,3.878916e-13
2024-05-12T17:22:00Z,494.509,-23.728,172.146,3.862007e-13
2024-05-12T17:23:00Z,493.535,-19.901,171.974,3.832520e-13
2024-05-12T17:24:00Z,492.642,-16.073,171.799,3.907861e-13
2024-05-12T17:25:00Z,491.843,-12.242,171.620,4.119221e-13
2024-05-12T17:26:00Z,491.149,-8.410,171.440,4.368061e-13
2024-05-12T17:27:00Z,490.570,-4.576,171.258,4.774890e-13
2024-05-12T17:28:00Z,490.112,-0.741,171.076,5.088096e-13
2024-05-12T17:29:00Z,489.778,3.094,170.893,5.154692e-13
2024-05-12T17:30:00Z,489.570,6.929,170.711,5.303015e-13
2024-05-12T17:31:00Z,489.486,10.764,170.530,5.460787e-13
2024-05-12T17:32:00Z,489.520,14.598,170.351,5.679413e-13
2024-05-12T17:33:00Z,489.667,18.431,170.174,5.905123e-13
2024-05-12T17:34:00Z,489.916,22.263,170.001,5.985049e-13
2024-05-12T17:35:00Z,490.257,26.092,169.832,6.015833e-13
2024-05-12T17:36:00Z,490.675,29.920,169.668,6.130699e-13
2024-05-12T17:37:00Z,491.155,33.746,169.512,6.100190e-13
2024-05-12T17:38:00Z,491.681,37.569,169.364,6.411867e-13
2024-05-12T17:39:00Z,492.235,41.390,169.227,6.466692e-13
2024-05-12T17:40:00Z,492.798,45.208,169.105,6.638547e-13
2024-05-12T17:41:00Z,493.353,49.023,169.001,6.618227e-13
2024-05-12T17:42:00Z,493.881,52.835,168.921,6.714516e-13
2024-05-12T17:43:00Z,494.363,56.645,168.873,7.189889e-13
2024-05-12T17:44:00Z,494.781,60.452,168.872,7.755880e-13
2024-05-12T17:45:00Z,495.121,64.257,168.936,7.929730e-13
2024-05-12T17:46:00Z,495.367,68.058,169.102,9.066314e-13
2024-05-12T17:47:00Z,495.506,71.857,169.431,1.017682e-12
2024-05-12T17:48:00Z,495.528,75.652,170.055,1.082289e-12
2024-05-12T17:49:00Z,495.424,79.440,171.289,1.045806e-12
2024-05-12T17:50:00Z,495.187,83.214,174.155,1.174134e-12
2024-05-12T17:51:00Z,494.814,86.918,-175.417,1.238205e-12
2024-05-12T17:52:00Z,494.304,88.647,-63.666,1.266182e-12
2024-05-12T17:53:00Z,493.657,85.197,-27.381,1.277588e-12
2024-05-12T17:54:00Z,492.880,81.442,-22.208,1.283025e-12
2024-05-12T17:55:00Z,491.978,77.656,-20.337,1.337893e-12
2024-05-12T17:56:00Z,490.961,73.860,-19.451,1.422041e-12
2024-05-12T17:57:00Z,489.841,70.057,-18.989,1.474604e-12
2024-05-12T17:58:00Z,488.632,66.250,-18.747,1.457618e-12
2024-05-12T17:59:00Z,487.350,62.439,-18.635,1.530468e-12
2024-05-12T18:00:00Z,486.015,58.625,-18.605,1.651317e-12
2024-05-12T18:01:00Z,484.645,54.806,-18.629,1.749340e-12
2024-05-12T18:02:00Z,483.262,50.984,-18.693,1.828478e-12
2024-05-12T18:03:00Z,481.888,47.158,-18.785,1.908230e-12
2024-05-12T18:04:00Z,480.544,43.329,-18.899,1.970059e-12
2024-05-12T18:05:00Z,479.253,39.496,-19.028,2.008729e-12
2024-05-12T18:06:00Z,478.036,35.659,-19.171,2.045611e-12
2024-05-12T18:07:00Z,476.917,31.820,-19.323,2.079501e-12
2024-05-12T18:08:00Z,475.913,27.977,-19.483,2.144069e-12
2024-05-12T18:09:00Z,475.045,24.131,-19.649,2.198323e-12
2024-05-12T18:10:00Z,474.329,20.283,-19.820,2.231714e-12
2024-05-12T18:11:00Z,473.780,16.433,-19.994,2.241428e-12
2024-05-12T18:12:00Z,473.410,12.582,-20.172,2.249402e-12
2024-05-12T18:13:00Z,473.229,8.729,-20.352,2.233414e-12
2024-05-12T18:14:00Z,473.244,4.875,-20.533,2.240181e-12
2024-05-12T18:15:00Z,473.458,1.022,-20.716,2.287632e-12
2024-05-12T18:16:00Z,473.872,-2.832,-20.898,2.331001e-12
2024-05-12T18:17:00Z,474.484,-6.684,-21.080,2.325993e-12
2024-05-12T18:18:00Z,475.289,-10.536,-21.261,2.303557e-12
2024-05-12T18:19:00Z,476.277,-14.385,-21.440,2.206373e-12
2024-05-12T18:20:00Z,477.438,-18.233,-21.616,2.072114e-12
2024-05-12T18:21:00Z,478.757,-22.077,-21.789,1.907318e-12
2024-05-12T18:22:00Z,480.218,-25.919,-21.958,1.741034e-12
2024-05-12T18:23:00Z,481.801,-29.758,-22.122,1.569362e-12
2024-05-12T18:24:00Z,483.487,-33.593,-22.278,1.401967e-12
2024-05-12T18:25:00Z,485.253,-37.424,-22.426,1.304573e-12
2024-05-12T18:26:00Z,487.075,-41.251,-22.563,1.249167e-12
2024-05-12T18:27:00Z,488.930,-45.074,-22.686,1.182566e-12
2024-05-12T18:28:00Z,490.793,-48.893,-22.791,1.114697e-12
2024-05-12T18:29:00Z,492.639,-52.707,-22.872,1.056410e-12
2024-05-12T18:30:00Z,494.446,-56.518,-22.920,9.666835e-13
2024-05-12T18:31:00Z,496.189,-60.324,-22.923,8.705219e-13
2024-05-12T18:32:00Z,497.847,-64.126,-22.861,8.342261e-13
2024-05-12T18:33:00Z,499.400,-67.924,-22.700,8.000095e-13
2024-05-12T18:34:00Z,500.828,-71.718,-22.379,7.796745e-13
2024-05-12T18:35:00Z,502.116,-75.506,-21.771,7.350578e-13
2024-05-12T18:36:00Z,503.249,-79.287,-20.574,7.221958e-13
2024-05-12T18:37:00Z,504.215,-83.052,-17.829,7.576775e-13
2024-05-12T18:38:00Z,505.007,-86.754,-8.206,7.292754e-13
2024-05-12T18:39:00Z,505.617,-88.760,98.065,7.110796e-13
2024-05-12T18:40:00Z,506.042,-85.390,140.299,6.404105e-13
2024-05-12T18:41:00Z,506.283,-81.653,145.825,5.470676e-13
2024-05-12T18:42:00Z,506.341,-77.884,147.783,4.616092e-13
2024-05-12T18:43:00Z,506.223,-74.104,148.702,4.478644e-13
2024-05-12T18:44:00Z,505.935,-70.319,149.181,4.244762e-13
2024-05-12T18:45:00Z,505.489,-66.531,149.433,4.089791e-13
2024-05-12T18:46:00Z,504.898,-62.739,149.551,4.131765e-13
2024-05-12T18:47:00Z,504.175,-58.944,149.586,4.130178e-13
2024-05-12T18:48:00Z,503.337,-55.146,149.564,4.007098e-13
2024-05-12T18:49:00Z,502.403,-51.346,149.502,4.344910e-13
2024-05-12T18:50:00Z,501.392,-47.541,149.412,4.702520e-13
2024-05-12T18:51:00Z,500.324,-43.734,149.300,4.706833e-13
2024-05-12T18:52:00Z,499.220,-39.923,149.171,4.410518e-13
2024-05-12T18:53:00Z,498.100,-36.110,149.029,4.268919e-13
2024-05-12T18:54:00Z,496.985,-32.292,148.878,4.270136e-13
2024-05-12T18:55:00Z,495.895,-28.472,148.718,4.533626e-13
2024-05-12T18:56:00Z,494.848,-24.649,148.553,4.673837e-13
2024-05-12T18:57:00Z,493.862,-20.824,148.382,4.608928e-13
2024-05-12T18:58:00Z,492.953,-16.996,148.207,4.560460e-13
2024-05-12T18:59:00Z,492.134,-13.165,148.029,4.642120e-13
2024-05-12T19:00:00Z,491.418,-9.333,147.849,4.907978e-13
2024-05-12T19:01:00Z,490.814,-5.500,147.668,5.070815e-13
2024-05-12T19:02:00Z,490.329,-1.666,147.486,5.179679e-13
2024-05-12T19:03:00Z,489.966,2.169,147.303,5.424032e-13
2024-05-12T19:04:00Z,489.728,6.004,147.121,5.826922e-13
2024-05-12T19:05:00Z,489.613,9.839,146.939,6.127945e-13
2024-05-12T19:06:00Z,489.619,13.673,146.760,6.201274e-13
2024-05-12T19:07:00Z,489.737,17.506,146.583,6.212901e-13
2024-05-12T19:08:00Z,489.960,21.338,146.408,6.164453e-13
2024-05-12T19:09:00Z,490.276,25.169,146.238,6.251757e-13
2024-05-12T19:10:00Z,490.672,28.997,146.073,6.326040e-13
2024-05-12T19:11:00Z,491.133,32.823,145.915,6.345365e-13
2024-05-12T19:12:00Z,491.643,36.647,145.765,6.226704e-13
2024-05-12T19:13:00Z,492.185,40.468,145.625,6.295639e-13
2024-05-12T19:14:00Z,492.740,44.286,145.499,6.622629e-13
2024-05-12T19:15:00Z,493.290,48.102,145.390,7.074641e-13
2024-05-12T19:16:00Z,493.817,51.915,145.304,7.564181e-13
2024-05-12T19:17:00Z,494.301,55.725,145.248,7.888068e-13
2024-05-12T19:18:00Z,494.727,59.533,145.234,8.676371e-13
2024-05-12T19:19:00Z,495.076,63.338,145.280,8.864390e-13
2024-05-12T19:20:00Z,495.335,67.140,145.417,9.671846e-13
2024-05-12T19:21:00Z,495.491,70.940,145.698,1.008580e-12
2024-05-12T19:22:00Z,495.531,74.736,146.233,1.138507e-12
2024-05-12T19:23:00Z,495.447,78.526,147.271,1.041618e-12
2024-05-12T19:24:00Z,495.232,82.305,149.554,1.001494e-12
2024-05-12T19:25:00Z,494.882,86.040,156.621,1.135294e-12
2024-05-12T19:26:00Z,494.394,88.982,-129.934,1.007402e-12
2024-05-12T19:27:00Z,493.770,86.089,-53.817,1.058844e-12
2024-05-12T19:28:00Z,493.014,82.353,-46.609,1.166750e-12
2024-05-12T19:29:00Z,492.132,78.571,-44.298,1.294832e-12
2024-05-12T19:30:00Z,491.133,74.777,-43.250,1.437436e-12
2024-05-12T19:31:00Z,490.028,70.975,-42.711,1.525675e-12
2024-05-12T19:32:00Z,488.831,67.169,-42.427,1.601422e-12
2024-05-12T19:33:00Z,487.558,63.359,-42.288,1.699152e-12
2024-05-12T19:34:00Z,486.227,59.545,-42.241,1.769264e-12
2024-05-12T19:35:00Z,484.857,55.728,-42.254,1.820924e-12
2024-05-12T19:36:00Z,483.470,51.906,-42.310,1.856337e-12
2024-05-12T19:37:00Z,482.086,48.081,-42.396,1.869297e-12
2024-05-12T19:38:00Z,480.728,44.253,-42.504,1.918717e-12
2024-05-12T19:39:00Z,479.419,40.420,-42.630,1.991441e-12
2024-05-12T19:40:00Z,478.180,36.584,-42.769,2.056900e-12
2024-05-12T19:41:00Z,477.033,32.745,-42.919,2.122460e-12
2024-05-12T19:42:00Z,475.998,28.903,-43.077,2.187430e-12
2024-05-12T19:43:00Z,475.095,25.058,-43.242,2.232754e-12
2024-05-12T19:44:00Z,474.342,21.210,-43.412,2.282112e-12
2024-05-12T19:45:00Z,473.752,17.361,-43.586,2.294662e-12
2024-05-12T19:46:00Z,473.341,13.509,-43.763,2.245774e-12
2024-05-12T19:47:00Z,473.117,9.657,-43.942,2.231857e-12
2024-05-12T19:48:00Z,473.089,5.803,-44.123,2.223056e-12
2024-05-12T19:49:00Z,473.261,1.950,-44.305,2.237512e-12
2024-05-12T19:50:00Z,473.634,-1.904,-44.487,2.278972e-12
2024-05-12T19:51:00Z,474.207,-5.757,-44.669,2.305992e-12
2024-05-12T19:52:00Z,474.975,-9.609,-44.850,2.304653e-12
2024-05-12T19:53:00Z,475.929,-13.459,-45.029,2.266425e-12
2024-05-12T19:54:00Z,477.060,-17.307,-45.207,2.158357e-12
2024-05-12T19:55:00Z,478.353,-21.153,-45.381,1.987671e-12
2024-05-12T19:56:00Z,479.793,-24.995,-45.551,1.782752e-12
2024-05-12T19:57:00Z,481.360,-28.835,-45.715,1.569435e-12
2024-05-12T19:58:00Z,483.035,-32.671,-45.874,1.414778e-12
2024-05-12T19:59:00Z,484.796,-36.503,-46.024,1.284647e-12
2024-05-12T20:00:00Z,486.620,-40.331,-46.164,1.217704e-12
2024-05-12T20:01:00Z,488.482,-44.155,-46.290,1.237835e-12
2024-05-12T20:02:00Z,490.359,-47.975,-46.399,1.211179e-12
2024-05-12T20:03:00Z,492.226,-51.790,-46.486,1.201585e-12
2024-05-12T20:04:00Z,494.059,-55.602,-46.543,1.145926e-12
2024-05-12T20:05:00Z,495.833,-59.409,-46.559,1.029713e-12
2024-05-12T20:06:00Z,497.527,-63.212,-46.515,9.220074e-13
2024-05-12T20:07:00Z,499.120,-67.011,-46.382,8.377021e-13
2024-05-12T20:08:00Z,500.592,-70.806,-46.107,7.860727e-13
2024-05-12T20:09:00Z,501.928,-74.595,-45.585,6.707371e-13
2024-05-12T20:10:00Z,503.111,-78.378,-44.576,6.557291e-13
2024-05-12T20:11:00Z,504.130,-82.148,-42.377,6.952265e-13
2024-05-12T20:12:00Z,504.975,-85.877,-35.752,6.560218e-13
2024-05-12T20:13:00Z,505.640,-88.961,28.316,5.107335e-13
2024-05-12T20:14:00Z,506.120,-86.275,113.608,4.875031e-13
2024-05-12T20:15:00Z,506.414,-82.558,121.383,4.480141e-13
2024-05-12T20:16:00Z,506.524,-78.793,123.808,4.502238e-13
2024-05-12T20:17:00Z,506.454,-75.015,124.898,4.068931e-13
2024-05-12T20:18:00Z,506.213,-71.232,125.457,3.498525e-13
2024-05-12T20:19:00Z,505.810,-67.444,125.752,3.473082e-13
2024-05-12T20:20:00Z,505.256,-63.653,125.897,3.857039e-13
2024-05-12T20:21:00Z,504.567,-59.860,125.949,3.644921e-13
2024-05-12T20:22:00Z,503.758,-56.063,125.939,3.862577e-13
2024-05-12T20:23:00Z,502.847,-52.263,125.886,4.046982e-13
2024-05-12T20:24:00Z,501.854,-48.460,125.802,4.312588e-13
2024-05-12T20:25:00Z,500.797,-44.654,125.694,4.551823e-13
2024-05-12T20:26:00Z,499.699,-40.844,125.569,4.823498e-13
2024-05-12T20:27:00Z,498.580,-37.031,125.431,4.966245e-13
2024-05-12T20:28:00Z,497.461,-33.215,125.281,4.884377e-13
2024-05-12T20:29:00Z,496.361,-29.396,125.124,4.939624e-13
2024-05-12T20:30:00Z,495.300,-25.574,124.959,5.029204e-13
2024-05-12T20:31:00Z,494.295,-21.749,124.790,5.026201e-13
2024-05-12T20:32:00Z,493.363,-17.922,124.616,5.044152e-13
2024-05-12T20:33:00Z,492.518,-14.092,124.439,5.058931e-13
2024-05-12T20:34:00Z,491.772,-10.261,124.260,5.166623e-13
2024-05-12T20:35:00Z,491.136,-6.428,124.078,5.274660e-13
2024-05-12T20:36:00Z,490.616,-2.594,123.896,5.288353e-13
2024-05-12T20:37:00Z,490.217,1.240,123.714,5.453751e-13
2024-05-12T20:38:00Z,489.942,5.075,123.532,5.573875e-13
2024-05-12T20:39:00Z,489.790,8.910,123.350,5.716167e-13
2024-05-12T20:40:00Z,489.757,12.744,123.170,5.911854e-13
2024-05-12T20:41:00Z,489.839,16.577,122.992,5.933807e-13
2024-05-12T20:42:00Z,490.026,20.410,122.817,6.105806e-13
2024-05-12T20:43:00Z,490.309,24.240,122.646,6.293911e-13
2024-05-12T20:44:00Z,490.675,28.069,122.480,6.562357e-13
2024-05-12T20:45:00Z,491.110,31.895,122.320,6.946611e-13
2024-05-12T20:46:00Z,491.597,35.719,122.168,7.476926e-13
2024-05-12T20:47:00Z,492.120,39.541,122.026,7.835593e-13
2024-05-12T20:48:00Z,492.660,43.360,121.896,8.202608e-13
2024-05-12T20:49:00Z,493.200,47.177,121.783,8.490125e-13
2024-05-12T20:50:00Z,493.721,50.990,121.691,8.536874e-13
2024-05-12T20:51:00Z,494.204,54.801,121.627,8.698257e-13
2024-05-12T20:52:00Z,494.633,58.610,121.602,8.938532e-13
2024-05-12T20:53:00Z,494.990,62.415,121.632,1.006810e-12
2024-05-12T20:54:00Z,495.261,66.218,121.744,9.159443e-13
2024-05-12T20:55:00Z,495.432,70.018,121.984,1.002411e-12
2024-05-12T20:56:00Z,495.490,73.815,122.444,1.026990e-12
2024-05-12T20:57:00Z,495.427,77.607,123.324,8.595573e-13
2024-05-12T20:58:00Z,495.234,81.390,125.179,8.325439e-13
2024-05-12T20:59:00Z,494.908,85.143,130.272,9.515470e-13
2024-05-12T21:00:00Z,494.445,88.608,165.043,1.202919e-12
2024-05-12T21:01:00Z,493.846,86.969,-81.978,1.163399e-12
2024-05-12T21:02:00Z,493.113,83.265,-71.252,1.256702e-12
2024-05-12T21:03:00Z,492.254,79.489,-68.337,1.385083e-12
2024-05-12T21:04:00Z,491.276,75.697,-67.085,1.483405e-12
2024-05-12T21:05:00Z,490.190,71.897,-66.453,1.581177e-12
2024-05-12T21:06:00Z,489.009,68.092,-66.119,1.545167e-12
2024-05-12T21:07:00Z,487.750,64.283,-65.951,1.530397e-12
2024-05-12T21:08:00Z,486.430,60.470,-65.884,1.832997e-12
2024-05-12T21:09:00Z,485.067,56.653,-65.884,1.995176e-12
2024-05-12T21:10:00Z,483.683,52.832,-65.930,2.141383e-12
2024-05-12T21:11:00Z,482.299,49.008,-66.009,2.262749e-12
2024-05-12T21:12:00Z,480.937,45.180,-66.112,2.277887e-12
2024-05-12T21:13:00Z,479.619,41.348,-66.234,2.202533e-12
2024-05-12T21:14:00Z,478.368,37.513,-66.370,2.193113e-12
2024-05-12T21:15:00Z,477.204,33.675,-66.518,2.228538e-12
2024-05-12T21:16:00Z,476.150,29.833,-66.674,2.260296e-12
2024-05-12T21:17:00Z,475.223,25.989,-66.837,2.294123e-12
2024-05-12T21:18:00Z,474.443,22.142,-67.005,2.327908e-12
2024-05-12T21:19:00Z,473.825,18.292,-67.178,2.369027e-12
2024-05-12T21:20:00Z,473.383,14.441,-67.354,2.404583e-12
2024-05-12T21:21:00Z,473.126,10.589,-67.533,2.419614e-12
2024-05-12T21:22:00Z,473.063,6.736,-67.714,2.415633e-12
2024-05-12T21:23:00Z,473.200,2.882,-67.895,2.335006e-12
2024-05-12T21:24:00Z,473.537,-0.972,-68.077,2.248896e-12
2024-05-12T21:25:00Z,474.074,-4.825,-68.259,2.145688e-12
2024-05-12T21:26:00Z,474.806,-8.677,-68.440,2.021682e-12
2024-05-12T21:27:00Z,475.727,-12.528,-68.620,1.902859e-12
2024-05-12T21:28:00Z,476.825,-16.376,-68.798,1.863697e-12
2024-05-12T21:29:00Z,478.089,-20.223,-68.973,1.780863e-12
2024-05-12T21:30:00Z,479.502,-24.066,-69.144,1.701708e-12
2024-05-12T21:31:00Z,481.046,-27.906,-69.310,1.597659e-12
2024-05-12T21:32:00Z,482.702,-31.743,-69.470,1.511306e-12
2024-05-12T21:33:00Z,484.449,-35.576,-69.622,1.432014e-12
2024-05-12T21:34:00Z,486.263,-39.405,-69.764,1.334464e-12
2024-05-12T21:35:00Z,488.122,-43.230,-69.894,1.256850e-12
2024-05-12T21:36:00Z,489.999,-47.050,-70.008,1.198268e-12
2024-05-12T21:37:00Z,491.872,-50.867,-70.100,1.146924e-12
2024-05-12T21:38:00Z,493.715,-54.679,-70.165,1.087356e-12
2024-05-12T21:39:00Z,495.506,-58.487,-70.192,1.050690e-12
2024-05-12T21:40:00Z,497.222,-62.291,-70.164,8.738150e-13
2024-05-12T21:41:00Z,498.840,-66.091,-70.055,6.726559e-13
2024-05-12T21:42:00Z,500.343,-69.887,-69.821,6.979453e-13
2024-05-12T21:43:00Z,501.712,-73.678,-69.372,7.510954e-13
2024-05-12T21:44:00Z,502.931,-77.462,-68.516,8.484902e-13
2024-05-12T21:45:00Z,503.989,-81.237,-66.725,8.401860e-13
2024-05-12T21:46:00Z,504.875,-84.982,-61.907,8.115834e-13
2024-05-12T21:47:00Z,505.582,-88.482,-31.622,8.335824e-13
2024-05-12T21:48:00Z,506.104,-87.146,84.948,8.056634e-13
2024-05-12T21:49:00Z,506.440,-83.466,96.687,7.001824e-13
2024-05-12T21:50:00Z,506.591,-79.707,99.755,5.707438e-13
2024-05-12T21:51:00Z,506.561,-75.932,101.057,4.891532e-13
2024-05-12T21:52:00Z,506.356,-72.149,101.712,4.204806e-13
2024-05-12T21:53:00Z,505.985,-68.363,102.058,4.435968e-13
2024-05-12T21:54:00Z,505.461,-64.573,102.234,4.447671e-13
2024-05-12T21:55:00Z,504.797,-60.780,102.305,3.836285e-13
2024-05-12T21:56:00Z,504.009,-56.984,102.309,4.427198e-13
2024-05-12T21:57:00Z,503.114,-53.185,102.265,4.972119e-13
2024-05-12T21:58:00Z,502.132,-49.383,102.188,5.262848e-13
2024-05-12T21:59:00Z,501.082,-45.577,102.086,5.896829e-13
2024-05-12T22:00:00Z,499.984,-41.768,101.965,5.411269e-13
2024-05-12T22:01:00Z,498.860,-37.956,101.829,5.372060e-13
2024-05-12T22:02:00Z,497.731,-34.141,101.682,5.311619e-13
2024-05-12T22:03:00Z,496.616,-30.322,101.527,5.372374e-13
2024-05-12T22:04:00Z,495.536,-26.501,101.364,5.140171e-13
2024-05-12T22:05:00Z,494.508,-22.677,101.196,4.885605e-13
2024-05-12T22:06:00Z,493.550,-18.850,101.023,4.872436e-13
2024-05-12T22:07:00Z,492.676,-15.021,100.847,4.948178e-13
2024-05-12T22:08:00Z,491.900,-11.190,100.668,5.018096e-13
2024-05-12T22:09:00Z,491.231,-7.358,100.487,5.331789e-13
2024-05-12T22:10:00Z,490.678,-3.524,100.305,5.664313e-13
2024-05-12T22:11:00Z,490.246,0.310,100.123,5.921347e-13
2024-05-12T22:12:00Z,489.938,4.145,99.941,6.037468e-13
2024-05-12T22:13:00Z,489.754,7.980,99.759,6.335705e-13
2024-05-12T22:14:00Z,489.692,11.815,99.579,6.377161e-13
2024-05-12T22:15:00Z,489.747,15.648,99.400,6.456252e-13
2024-05-12T22:16:00Z,489.911,19.481,99.225,6.474542e-13
2024-05-12T22:17:00Z,490.174,23.312,99.053,6.733809e-13
2024-05-12T22:18:00Z,490.524,27.141,98.885,7.122259e-13
2024-05-12T22:19:00Z,490.947,30.968,98.724,7.355817e-13
2024-05-12T22:20:00Z,491.427,34.793,98.570,7.718259e-13
2024-05-12T22:21:00Z,491.948,38.615,98.425,7.713966e-13
2024-05-12T22:22:00Z,492.491,42.435,98.293,8.223577e-13
2024-05-12T22:23:00Z,493.040,46.252,98.175,8.510330e-13
2024-05-12T22:24:00Z,493.575,50.066,98.077,9.691423e-13
2024-05-12T22:25:00Z,494.077,53.878,98.006,9.756662e-13
2024-05-12T22:26:00Z,494.530,57.687,97.971,1.049004e-12
2024-05-12T22:27:00Z,494.915,61.493,97.986,1.114752e-12
2024-05-12T22:28:00Z,495.218,65.297,98.075,1.048034e-12
2024-05-12T22:29:00Z,495.424,69.097,98.279,1.230523e-12
2024-05-12T22:30:00Z,495.520,72.895,98.674,1.061630e-12
2024-05-12T22:31:00Z,495.497,76.689,99.423,1.442965e-12
2024-05-12T22:32:00Z,495.346,80.474,100.950,1.862958e-12
2024-05-12T22:33:00Z,495.062,84.239,104.779,1.460914e-12
2024-05-12T22:34:00Z,494.641,87.870,122.999,1.431091e-12
2024-05-12T22:35:00Z,494.084,87.814,-113.749,1.579888e-12
2024-05-12T22:36:00Z,493.392,84.175,-96.218,1.667218e-12
2024-05-12T22:37:00Z,492.571,80.407,-92.459,1.638806e-12
2024-05-12T22:38:00Z,491.629,76.618,-90.952,1.810493e-12
2024-05-12T22:39:00Z,490.576,72.819,-90.211,1.634569e-12
2024-05-12T22:40:00Z,489.426,69.015,-89.820,1.559894e-12
2024-05-12T22:41:00Z,488.192,65.207,-89.618,1.560428e-12
2024-05-12T22:42:00Z,486.894,61.395,-89.531,1.667474e-12
2024-05-12T22:43:00Z,485.548,57.580,-89.516,1.887109e-12
2024-05-12T22:44:00Z,484.175,53.760,-89.552,2.211859e-12
2024-05-12T22:45:00Z,482.797,49.937,-89.624,2.427731e-12
2024-05-12T22:46:00Z,481.434,46.110,-89.722,2.332718e-12
2024-05-12T22:47:00Z,480.110,42.279,-89.840,2.414898e-12
2024-05-12T22:48:00Z,478.846,38.445,-89.973,2.438727e-12
2024-05-12T22:49:00Z,477.663,34.608,-90.117,2.455641e-12
2024-05-12T22:50:00Z,476.584,30.767,-90.271,2.493076e-12
2024-05-12T22:51:00Z,475.627,26.924,-90.433,2.512775e-12
2024-05-12T22:52:00Z,474.811,23.077,-90.600,2.514072e-12
2024-05-12T22:53:00Z,474.151,19.229,-90.772,2.499952e-12
2024-05-12T22:54:00Z,473.663,15.378,-90.947,2.481039e-12
2024-05-12T22:55:00Z,473.356,11.527,-91.125,2.467264e-12
2024-05-12T22:56:00Z,473.241,7.674,-91.305,2.439312e-12
2024-05-12T22:57:00Z,473.323,3.820,-91.487,2.352699e-12
2024-05-12T22:58:00Z,473.604,-0.034,-91.669,2.210843e-12
2024-05-12T22:59:00Z,474.086,-3.887,-91.851,2.111129e-12
2024-05-12T23:00:00Z,474.764,-7.739,-92.032,2.018995e-12
2024-05-12T23:01:00Z,475.633,-11.590,-92.212,1.940250e-12
2024-05-12T23:02:00Z,476.682,-15.439,-92.390,1.895246e-12
2024-05-12T23:03:00Z,477.900,-19.285,-92.566,1.874692e-12
2024-05-12T23:04:00Z,479.271,-23.129,-92.738,1.869890e-12
2024-05-12T23:05:00Z,480.779,-26.970,-92.905,1.773225e-12
2024-05-12T23:06:00Z,482.404,-30.807,-93.066,1.623681e-12
2024-05-12T23:07:00Z,484.124,-34.641,-93.220,1.526654e-12
2024-05-12T23:08:00Z,485.918,-38.471,-93.365,1.457131e-12
2024-05-12T23:09:00Z,487.761,-42.297,-93.498,1.416751e-12
2024-05-12T23:10:00Z,489.630,-46.119,-93.616,1.382956e-12
2024-05-12T23:11:00Z,491.499,-49.936,-93.714,1.312023e-12
2024-05-12T23:12:00Z,493.346,-53.749,-93.786,1.137623e-12
2024-05-12T23:13:00Z,495.145,-57.558,-93.823,1.015003e-12
2024-05-12T23:14:00Z,496.874,-61.363,-93.810,9.204213e-13
2024-05-12T23:15:00Z,498.512,-65.164,-93.724,9.429141e-13
2024-05-12T23:16:00Z,500.038,-68.961,-93.526,9.584061e-13
2024-05-12T23:17:00Z,501.435,-72.753,-93.141,9.848823e-13
2024-05-12T23:18:00Z,502.687,-76.539,-92.411,1.075537e-12
2024-05-12T23:19:00Z,503.780,-80.316,-90.935,1.107774e-12
2024-05-12T23:20:00Z,504.702,-84.073,-87.293,1.018480e-12
2024-05-12T23:21:00Z,505.447,-87.710,-70.939,8.590300e-13
2024-05-12T23:22:00Z,506.009,-87.982,51.895,7.720733e-13
2024-05-12T23:23:00Z,506.384,-84.378,71.620,6.716370e-13
2024-05-12T23:24:00Z,506.574,-80.627,75.606,7.937453e-13
2024-05-12T23:25:00Z,506.581,-76.854,77.178,6.399284e-13
2024-05-12T23:26:00Z,506.412,-73.073,77.948,4.789553e-13
2024-05-12T23:27:00Z,506.074,-69.287,78.353,3.835742e-13
2024-05-12T23:28:00Z,505.580,-65.498,78.563,3.584621e-13
2024-05-12T23:29:00Z,504.942,-61.706,78.657,4.206329e-13
2024-05-12T23:30:00Z,504.176,-57.911,78.675,4.221678e-13
2024-05-12T23:31:00Z,503.299,-54.112,78.641,4.346129e-13
2024-05-12T23:32:00Z,502.330,-50.311,78.572,4.670762e-13
2024-05-12T23:33:00Z,501.287,-46.506,78.475,4.913006e-13
2024-05-12T23:34:00Z,500.192,-42.698,78.359,5.174188e-13
2024-05-12T23:35:00Z,499.066,-38.887,78.227,5.668684e-13
2024-05-12T23:36:00Z,497.929,-35.072,78.082,5.805543e-13
2024-05-12T23:37:00Z,496.802,-31.254,77.929,5.733552e-13
2024-05-12T23:38:00Z,495.704,-27.433,77.768,5.737005e-13
2024-05-12T23:39:00Z,494.654,-23.610,77.601,5.810157e-13
2024-05-12T23:40:00Z,493.671,-19.783,77.429,5.648560e-13
2024-05-12T23:41:00Z,492.768,-15.955,77.254,5.837024e-13
2024-05-12T23:42:00Z,491.960,-12.124,77.076,6.312157e-13
2024-05-12T23:43:00Z,491.259,-8.292,76.895,6.947788e-13
2024-05-12T23:44:00Z,490.673,-4.459,76.714,7.369691e-13
2024-05-12T23:45:00Z,490.208,-0.624,76.532,7.633472e-13
2024-05-12T23:46:00Z,489.869,3.211,76.349,7.749275e-13
2024-05-12T23:47:00Z,489.656,7.046,76.167,7.636294e-13
2024-05-12T23:48:00Z,489.567,10.880,75.987,7.590529e-13
2024-05-12T23:49:00Z,489.598,14.714,75.808,7.492809e-13
2024-05-12T23:50:00Z,489.741,18.547,75.632,7.518015e-13
2024-05-12T23:51:00Z,489.987,22.379,75.459,7.597114e-13
2024-05-12T23:52:00Z,490.323,26.209,75.290,7.938076e-13
2024-05-12T23:53:00Z,490.736,30.036,75.127,8.272226e-13
2024-05-12T23:54:00Z,491.211,33.862,74.971,7.480728e-13
2024-05-12T23:55:00Z,491.731,37.685,74.824,7.250259e-13
2024-05-12T23:56:00Z,492.278,41.505,74.688,8.019867e-13
2024-05-12T23:57:00Z,492.834,45.323,74.566,9.116108e-13
2024-05-12T23:58:00Z,493.381,49.138,74.463,8.269723e-13
2024-05-12T23:59:00Z,493.900,52.951,74.385,9.336740e-13
2024-05-13T00:00:00Z,494.374,56.760,74.340,9.962448e-13
2024-05-13T00:01:00Z,494.785,60.567,74.341,9.666729e-13
2024-05-13T00:02:00Z,495.117,64.372,74.409,9.331006e-13
2024-05-13T00:03:00Z,495.355,68.173,74.579,1.057123e-12
2024-05-13T00:04:00Z,495.487,71.972,74.917,9.149792e-13
2024-05-13T00:05:00Z,495.502,75.766,75.556,1.204383e-12
2024-05-13T00:06:00Z,495.390,79.555,76.825,1.136500e-12
2024-05-13T00:07:00Z,495.147,83.327,79.788,1.114209e-12
2024-05-13T00:08:00Z,494.767,87.026,90.837,1.632973e-12
2024-05-13T00:09:00Z,494.251,88.565,-154.843,1.687142e-12
2024-05-13T00:10:00Z,493.599,85.083,-121.683,1.670581e-12
2024-05-13T00:11:00Z,492.816,81.327,-116.687,1.710684e-12
2024-05-13T00:12:00Z,491.910,77.541,-114.854,1.682703e-12
2024-05-13T00:13:00Z,490.891,73.744,-113.983,1.604813e-12
2024-05-13T00:14:00Z,489.769,69.941,-113.527,1.588456e-12
2024-05-13T00:15:00Z,488.561,66.134,-113.289,1.698603e-12
2024-05-13T00:16:00Z,487.282,62.323,-113.178,1.559323e-12
2024-05-13T00:17:00Z,485.952,58.509,-113.149,1.616332e-12
2024-05-13T00:18:00Z,484.588,54.690,-113.174,1.874026e-12
2024-05-13T00:19:00Z,483.213,50.868,-113.238,1.929729e-12
2024-05-13T00:20:00Z,481.847,47.042,-113.331,2.028641e-12
2024-05-13T00:21:00Z,480.513,43.212,-113.444,2.079507e-12
2024-05-13T00:22:00Z,479.233,39.379,-113.574,2.091016e-12
2024-05-13T00:23:00Z,478.029,35.543,-113.716,2.145748e-12
2024-05-13T00:24:00Z,476.922,31.703,-113.868,2.229080e-12
2024-05-13T00:25:00Z,475.933,27.860,-114.028,2.297998e-12
2024-05-13T00:26:00Z,475.080,24.015,-114.194,2.340419e-12
2024-05-13T00:27:00Z,474.380,20.167,-114.365,2.395382e-12
2024-05-13T00:28:00Z,473.848,16.317,-114.539,2.463046e-12
2024-05-13T00:29:00Z,473.495,12.465,-114.717,2.521062e-12
2024-05-13T00:30:00Z,473.332,8.613,-114.897,2.568455e-12
2024-05-13T00:31:00Z,473.365,4.759,-115.078,2.547652e-12
2024-05-13T00:32:00Z,473.597,0.906,-115.260,2.508252e-12
2024-05-13T00:33:00Z,474.029,-2.947,-115.442,2.464752e-12
2024-05-13T00:34:00Z,474.659,-6.800,-115.623,2.448386e-12
2024-05-13T00:35:00Z,475.480,-10.651,-115.804,2.409027e-12
2024-05-13T00:36:00Z,476.484,-14.500,-115.983,2.385854e-12
2024-05-13T00:37:00Z,477.659,-18.347,-116.159,2.378343e-12
2024-05-13T00:38:00Z,478.991,-22.192,-116.332,2.283443e-12
2024-05-13T00:39:00Z,480.464,-26.033,-116.500,2.108618e-12
2024-05-13T00:40:00Z,482.058,-29.872,-116.663,1.964208e-12
2024-05-13T00:41:00Z,483.752,-33.706,-116.819,1.826657e-12
2024-05-13T00:42:00Z,485.525,-37.537,-116.967,1.719845e-12
2024-05-13T00:43:00Z,487.354,-41.364,-117.103,1.612049e-12
2024-05-13T00:44:00Z,489.214,-45.186,-117.225,1.489043e-12
2024-05-13T00:45:00Z,491.080,-49.005,-117.328,1.341421e-12
2024-05-13T00:46:00Z,492.929,-52.819,-117.408,1.187458e-12
2024-05-13T00:47:00Z,494.736,-56.629,-117.454,1.069442e-12
2024-05-13T00:48:00Z,496.478,-60.435,-117.455,9.448864e-13
2024-05-13T00:49:00Z,498.134,-64.237,-117.390,8.303163e-13
2024-05-13T00:50:00Z,499.683,-68.034,-117.224,8.136143e-13
2024-05-13T00:51:00Z,501.107,-71.828,-116.895,8.772796e-13
2024-05-13T00:52:00Z,502.389,-75.615,-116.273,8.068010e-13
2024-05-13T00:53:00Z,503.516,-79.396,-115.046,7.714752e-13
2024-05-13T00:54:00Z,504.475,-83.160,-112.214,7.704971e-13
2024-05-13T00:55:00Z,505.258,-86.856,-102.073,6.315907e-13
2024-05-13T00:56:00Z,505.859,-88.693,7.347,5.067907e-13
2024-05-13T00:57:00Z,506.274,-85.284,46.006,5.006714e-13
2024-05-13T00:58:00Z,506.504,-81.546,51.347,4.155452e-13
2024-05-13T00:59:00Z,506.550,-77.776,53.265,4.864798e-13
2024-05-13T01:00:00Z,506.417,-73.996,54.171,6.491409e-13
2024-05-13T01:01:00Z,506.115,-70.211,54.643,6.703580e-13
2024-05-13T01:02:00Z,505.653,-66.423,54.891,6.283211e-13
2024-05-13T01:03:00Z,505.044,-62.631,55.008,4.596227e-13
2024-05-13T01:04:00Z,504.303,-58.837,55.042,5.502034e-13
2024-05-13T01:05:00Z,503.447,-55.039,55.019,4.909180e-13
2024-05-13T01:06:00Z,502.494,-51.238,54.957,6.008073e-13
2024-05-13T01:07:00Z,501.464,-47.434,54.866,6.514171e-13
2024-05-13T01:08:00Z,500.377,-43.627,54.754,6.297746e-13
2024-05-13T01:09:00Z,499.253,-39.816,54.625,6.199106e-13
2024-05-13T01:10:00Z,498.114,-36.002,54.484,6.324436e-13
2024-05-13T01:11:00Z,496.980,-32.185,54.333,6.736632e-13
2024-05-13T01:12:00Z,495.871,-28.365,54.173,7.065056e-13
2024-05-13T01:13:00Z,494.806,-24.542,54.007,7.114662e-13
2024-05-13T01:14:00Z,493.803,-20.716,53.837,7.295793e-13
2024-05-13T01:15:00Z,492.878,-16.888,53.662,7.066112e-13
2024-05-13T01:16:00Z,492.044,-13.058,53.485,6.672001e-13
2024-05-13T01:17:00Z,491.315,-9.226,53.305,6.629657e-13
2024-05-13T01:18:00Z,490.699,-5.392,53.123,6.721174e-13
2024-05-13T01:19:00Z,490.203,-1.558,52.941,6.779753e-13
2024-05-13T01:20:00Z,489.832,2.277,52.759,7.015486e-13
2024-05-13T01:21:00Z,489.586,6.112,52.577,7.393305e-13
2024-05-13T01:22:00Z,489.466,9.947,52.396,7.462149e-13
2024-05-13T01:23:00Z,489.466,13.782,52.216,7.667216e-13
2024-05-13T01:24:00Z,489.581,17.615,52.039,7.664147e-13
2024-05-13T01:25:00Z,489.800,21.447,51.865,7.917383e-13
2024-05-13T01:26:00Z,490.114,25.277,51.696,8.038974e-13
2024-05-13T01:27:00Z,490.509,29.106,51.531,7.948339e-13
2024-05-13T01:28:00Z,490.969,32.932,51.373,8.011664e-13
2024-05-13T01:29:00Z,491.479,36.756,51.224,7.812248e-13
2024-05-13T01:30:00Z,492.021,40.577,51.085,7.917649e-13
2024-05-13T01:31:00Z,492.577,44.396,50.959,7.508787e-13
2024-05-13T01:32:00Z,493.128,48.212,50.851,7.587247e-13
2024-05-13T01:33:00Z,493.657,52.025,50.766,7.535662e-13
2024-05-13T01:34:00Z,494.144,55.835,50.711,8.543022e-13
2024-05-13T01:35:00Z,494.573,59.643,50.699,8.417850e-13
2024-05-13T01:36:00Z,494.927,63.448,50.748,9.348575e-13
2024-05-13T01:37:00Z,495.190,67.250,50.889,9.649862e-13
2024-05-13T01:38:00Z,495.351,71.050,51.177,1.021585e-12
2024-05-13T01:39:00Z,495.397,74.846,51.724,1.084735e-12
2024-05-13T01:40:00Z,495.319,78.636,52.786,1.116185e-12
2024-05-13T01:41:00Z,495.111,82.414,55.136,1.212400e-12
2024-05-13T01:42:00Z,494.767,86.147,62.531,1.087548e-12
2024-05-13T01:43:00Z,494.287,88.976,141.744,1.080170e-12
2024-05-13T01:44:00Z,493.672,85.981,-147.979,1.285343e-12
2024-05-13T01:45:00Z,492.925,82.242,-141.060,1.430254e-12
2024-05-13T01:46:00Z,492.052,78.460,-138.804,1.525994e-12
2024-05-13T01:47:00Z,491.064,74.665,-137.775,1.689069e-12
2024-05-13T01:48:00Z,489.971,70.864,-137.244,1.870625e-12
2024-05-13T01:49:00Z,488.788,67.058,-136.964,1.864422e-12
2024-05-13T01:50:00Z,487.529,63.248,-136.828,1.875408e-12
2024-05-13T01:51:00Z,486.214,59.434,-136.783,1.937592e-12
2024-05-13T01:52:00Z,484.860,55.616,-136.797,1.980123e-12
2024-05-13T01:53:00Z,483.489,51.795,-136.853,2.040066e-12
2024-05-13T01:54:00Z,482.123,47.970,-136.939,2.112865e-12
2024-05-13T01:55:00Z,480.784,44.141,-137.048,2.155855e-12
2024-05-13T01:56:00Z,479.494,40.309,-137.174,2.163128e-12
2024-05-13T01:57:00Z,478.276,36.473,-137.314,2.161324e-12
2024-05-13T01:58:00Z,477.150,32.634,-137.464,2.195098e-12
2024-05-13T01:59:00Z,476.137,28.792,-137.622,2.263762e-12
2024-05-13T02:00:00Z,475.255,24.947,-137.787,2.362958e-12
2024-05-13T02:01:00Z,474.523,21.099,-137.957,2.459926e-12
2024-05-13T02:02:00Z,473.955,17.250,-138.131,2.536275e-12
2024-05-13T02:03:00Z,473.563,13.399,-138.308,2.580610e-12
2024-05-13T02:04:00Z,473.359,9.546,-138.487,2.607536e-12
2024-05-13T02:05:00Z,473.349,5.693,-138.668,2.618842e-12
2024-05-13T02:06:00Z,473.537,1.840,-138.850,2.562367e-12
2024-05-13T02:07:00Z,473.925,-2.014,-139.032,2.442450e-12
2024-05-13T02:08:00Z,474.511,-5.866,-139.214,2.338958e-12
2024-05-13T02:09:00Z,475.289,-9.718,-139.395,2.321034e-12
2024-05-13T02:10:00Z,476.253,-13.568,-139.574,2.336755e-12
2024-05-13T02:11:00Z,477.391,-17.415,-139.751,2.300416e-12
2024-05-13T02:12:00Z,478.689,-21.260,-139.925,2.228109e-12
2024-05-13T02:13:00Z,480.132,-25.103,-140.095,2.105558e-12
2024-05-13T02:14:00Z,481.700,-28.942,-140.260,1.964378e-12
2024-05-13T02:15:00Z,483.375,-32.777,-140.418,1.825748e-12
2024-05-13T02:16:00Z,485.133,-36.609,-140.567,1.714744e-12
2024-05-13T02:17:00Z,486.952,-40.436,-140.707,1.646477e-12
2024-05-13T02:18:00Z,488.807,-44.260,-140.833,1.568732e-12
2024-05-13T02:19:00Z,490.675,-48.079,-140.942,1.447705e-12
2024-05-13T02:20:00Z,492.531,-51.895,-141.028,1.192000e-12
2024-05-13T02:21:00Z,494.351,-55.706,-141.084,1.013503e-12
2024-05-13T02:22:00Z,496.111,-59.512,-141.098,9.625419e-13
2024-05-13T02:23:00Z,497.790,-63.315,-141.052,9.772342e-13
2024-05-13T02:24:00Z,499.366,-67.114,-140.915,1.019254e-12
2024-05-13T02:25:00Z,500.822,-70.908,-140.635,8.856825e-13
2024-05-13T02:26:00Z,502.139,-74.697,-140.104,9.310244e-13
2024-05-13T02:27:00Z,503.304,-78.480,-139.075,1.000385e-12
2024-05-13T02:28:00Z,504.303,-82.249,-136.823,1.128103e-12
2024-05-13T02:29:00Z,505.129,-85.976,-129.936,1.163475e-12
2024-05-13T02:30:00Z,505.772,-88.975,-60.658,9.934579e-13
2024-05-13T02:31:00Z,506.231,-86.177,19.471,6.945076e-13
2024-05-13T02:32:00Z,506.503,-82.458,26.939,5.622425e-13
2024-05-13T02:33:00Z,506.591,-78.692,29.307,6.532227e-13
2024-05-13T02:34:00Z,506.499,-74.914,30.376,4.646152e-13
2024-05-13T02:35:00Z,506.234,-71.131,30.926,5.562138e-13
2024-05-13T02:36:00Z,505.807,-67.343,31.216,5.974264e-13
2024-05-13T02:37:00Z,505.229,-63.552,31.359,6.411151e-13
2024-05-13T02:38:00Z,504.516,-59.758,31.409,6.711055e-13
2024-05-13T02:39:00Z,503.683,-55.961,31.398,7.377484e-13
2024-05-13T02:40:00Z,502.749,-52.161,31.344,7.991938e-13
2024-05-13T02:41:00Z,501.732,-48.358,31.259,8.173919e-13
2024-05-13T02:42:00Z,500.653,-44.552,31.151,7.499100e-13
2024-05-13T02:43:00Z,499.533,-40.742,31.026,6.622918e-13
2024-05-13T02:44:00Z,498.392,-36.929,30.887,6.438085e-13
2024-05-13T02:45:00Z,497.252,-33.112,30.737,6.207749e-13
2024-05-13T02:46:00Z,496.132,-29.293,30.580,6.136118e-13
2024-05-13T02:47:00Z,495.051,-25.470,30.415,6.195286e-13
2024-05-13T02:48:00Z,494.028,-21.645,30.245,6.038319e-13
2024-05-13T02:49:00Z,493.079,-17.817,30.072,5.757949e-13
2024-05-13T02:50:00Z,492.218,-13.988,29.895,5.413835e-13
2024-05-13T02:51:00Z,491.459,-10.156,29.715,5.154128e-13
2024-05-13T02:52:00Z,490.811,-6.323,29.534,5.010274e-13
2024-05-13T02:53:00Z,490.282,-2.489,29.352,4.869493e-13
2024-05-13T02:54:00Z,489.876,1.346,29.169,5.070904e-13
2024-05-13T02:55:00Z,489.596,5.181,28.987,5.382030e-13
2024-05-13T02:56:00Z,489.441,9.017,28.806,5.917757e-13
2024-05-13T02:57:00Z,489.409,12.851,28.626,6.364765e-13
2024-05-13T02:58:00Z,489.492,16.685,28.448,6.616371e-13
2024-05-13T02:59:00Z,489.682,20.517,28.273,7.242063e-13
2024-05-13T03:00:00Z,489.970,24.348,28.102,7.198419e-13
2024-05-13T03:01:00Z,490.342,28.177,27.936,7.526027e-13
2024-05-13T03:02:00Z,490.783,32.004,27.776,7.672940e-13
2024-05-13T03:03:00Z,491.278,35.828,27.624,8.473744e-13
2024-05-13T03:04:00Z,491.810,39.650,27.482,8.992020e-13
2024-05-13T03:05:00Z,492.360,43.470,27.353,9.031471e-13
2024-05-13T03:06:00Z,492.910,47.286,27.240,9.001459e-13
2024-05-13T03:07:00Z,493.441,51.100,27.148,9.046813e-13
2024-05-13T03:08:00Z,493.936,54.912,27.085,9.775841e-13
2024-05-13T03:09:00Z,494.376,58.720,27.061,9.735644e-13
2024-05-13T03:10:00Z,494.746,62.526,27.093,1.082771e-12
2024-05-13T03:11:00Z,495.030,66.329,27.207,1.184154e-12
2024-05-13T03:12:00Z,495.213,70.130,27.452,1.229163e-12
2024-05-13T03:13:00Z,495.285,73.927,27.919,1.139359e-12
2024-05-13T03:14:00Z,495.236,77.719,28.815,1.382789e-12
2024-05-13T03:15:00Z,495.057,81.501,30.713,1.383037e-12
2024-05-13T03:16:00Z,494.745,85.253,35.993,1.445901e-12
2024-05-13T03:17:00Z,494.296,88.683,74.030,1.588464e-12
2024-05-13T03:18:00Z,493.712,86.863,-175.804,1.481096e-12
2024-05-13T03:19:00Z,492.995,83.154,-165.640,1.402535e-12
2024-05-13T03:20:00Z,492.152,79.377,-162.814,1.870943e-12
2024-05-13T03:21:00Z,491.191,75.585,-161.591,1.745859e-12
2024-05-13T03:22:00Z,490.122,71.784,-160.973,1.867994e-12
2024-05-13T03:23:00Z,488.960,67.979,-160.646,2.323822e-12
2024-05-13T03:24:00Z,487.719,64.170,-160.482,2.300348e-12
2024-05-13T03:25:00Z,486.418,60.357,-160.419,2.365209e-12
2024-05-13T03:26:00Z,485.074,56.540,-160.421,2.362205e-12
2024-05-13T03:27:00Z,483.708,52.719,-160.468,2.277046e-12
2024-05-13T03:28:00Z,482.341,48.895,-160.548,2.239917e-12
2024-05-13T03:29:00Z,480.996,45.067,-160.652,2.230347e-12
2024-05-13T03:30:00Z,479.695,41.235,-160.775,2.253451e-12
2024-05-13T03:31:00Z,478.460,37.400,-160.912,2.321067e-12
2024-05-13T03:32:00Z,477.313,33.562,-161.059,2.400623e-12
2024-05-13T03:33:00Z,476.274,29.720,-161.216,2.449456e-12
2024-05-13T03:34:00Z,475.363,25.876,-161.379,2.477441e-12
2024-05-13T03:35:00Z,474.597,22.029,-161.548,2.500720e-12
2024-05-13T03:36:00Z,473.991,18.180,-161.721,2.524917e-12
2024-05-13T03:37:00Z,473.560,14.329,-161.898,2.513467e-12
2024-05-13T03:38:00Z,473.313,10.477,-162.077,2.428185e-12
2024-05-13T03:39:00Z,473.259,6.623,-162.257,2.321261e-12
2024-05-13T03:40:00Z,473.403,2.770,-162.439,2.231377e-12
2024-05-13T03:41:00Z,473.747,-1.084,-162.621,2.181043e-12
2024-05-13T03:42:00Z,474.290,-4.936,-162.804,2.184108e-12
2024-05-13T03:43:00Z,475.027,-8.788,-162.985,2.218934e-12
2024-05-13T03:44:00Z,475.952,-12.639,-163.165,2.282864e-12
2024-05-13T03:45:00Z,477.053,-16.487,-163.342,2.260254e-12
2024-05-13T03:46:00Z,478.319,-20.333,-163.517,2.191720e-12
2024-05-13T03:47:00Z,479.734,-24.176,-163.688,2.101152e-12
2024-05-13T03:48:00Z,481.279,-28.016,-163.854,1.973137e-12
2024-05-13T03:49:00Z,482.935,-31.852,-164.014,1.816804e-12
2024-05-13T03:50:00Z,484.680,-35.685,-164.166,1.717452e-12
2024-05-13T03:51:00Z,486.491,-39.513,-164.309,1.668513e-12
2024-05-13T03:52:00Z,488.345,-43.338,-164.438,1.640594e-12
2024-05-13T03:53:00Z,490.217,-47.158,-164.552,1.547130e-12
2024-05-13T03:54:00Z,492.082,-50.975,-164.644,1.368019e-12
2024-05-13T03:55:00Z,493.917,-54.787,-164.709,1.322464e-12
2024-05-13T03:56:00Z,495.699,-58.594,-164.734,1.318430e-12
2024-05-13T03:57:00Z,497.404,-62.398,-164.705,1.414031e-12
2024-05-13T03:58:00Z,499.011,-66.198,-164.595,1.474981e-12
2024-05-13T03:59:00Z,500.502,-69.993,-164.357,1.514309e-12
2024-05-13T04:00:00Z,501.859,-73.783,-163.902,1.629336e-12
2024-05-13T04:01:00Z,503.066,-77.568,-163.033,1.710466e-12
2024-05-13T04:02:00Z,504.111,-81.342,-161.205,1.707211e-12
2024-05-13T04:03:00Z,504.984,-85.086,-156.230,1.661901e-12
2024-05-13T04:04:00Z,505.676,-88.560,-123.423,1.736185e-12
2024-05-13T04:05:00Z,506.183,-87.049,-8.822,1.053410e-12
2024-05-13T04:06:00Z,506.504,-83.363,2.305,8.643660e-13
2024-05-13T04:07:00Z,506.639,-79.603,5.281,8.141024e-13
2024-05-13T04:08:00Z,506.593,-75.827,6.553,7.777056e-13
2024-05-13T04:09:00Z,506.372,-72.045,7.194,7.641532e-13
2024-05-13T04:10:00Z,505.986,-68.258,7.533,7.270586e-13
2024-05-13T04:11:00Z,505.445,-64.468,7.704,7.233149e-13
2024-05-13T04:12:00Z,504.765,-60.675,7.772,6.759609e-13
2024-05-13T04:13:00Z,503.962,-56.879,7.774,6.666356e-13
2024-05-13T04:14:00Z,503.052,-53.080,7.728,6.513645e-13
2024-05-13T04:15:00Z,502.055,-49.277,7.650,6.325952e-13
2024-05-13T04:16:00Z,500.990,-45.472,7.547,6.031731e-13
2024-05-13T04:17:00Z,499.879,-41.663,7.425,5.553585e-13
2024-05-13T04:18:00Z,498.742,-37.850,7.289,5.307916e-13
2024-05-13T04:19:00Z,497.600,-34.035,7.142,4.840652e-13
2024-05-13T04:20:00Z,496.473,-30.216,6.986,4.663787e-13
2024-05-13T04:21:00Z,495.381,-26.394,6.823,4.325114e-13
2024-05-13T04:22:00Z,494.342,-22.570,6.654,4.349712e-13
2024-05-13T04:23:00Z,493.373,-18.743,6.481,4.650077e-13
2024-05-13T04:24:00Z,492.488,-14.914,6.305,5.187864e-13
2024-05-13T04:25:00Z,491.702,-11.083,6.126,5.731888e-13
2024-05-13T04:26:00Z,491.024,-7.250,5.945,6.217689e-13
2024-05-13T04:27:00Z,490.462,-3.416,5.763,6.452358e-13
2024-05-13T04:28:00Z,490.023,0.419,5.580,6.699520e-13
2024-05-13T04:29:00Z,489.709,4.254,5.398,7.168679e-13
2024-05-13T04:30:00Z,489.519,8.089,5.216,7.413731e-13
2024-05-13T04:31:00Z,489.453,11.924,5.036,7.599301e-13
2024-05-13T04:32:00Z,489.503,15.758,4.857,7.913757e-13
2024-05-13T04:33:00Z,489.663,19.590,4.681,8.240764e-13
2024-05-13T04:34:00Z,489.922,23.422,4.509,8.682192e-13
2024-05-13T04:35:00Z,490.269,27.251,4.342,8.745737e-13
2024-05-13T04:36:00Z,490.689,31.078,4.180,8.427292e-13
2024-05-13T04:37:00Z,491.166,34.903,4.026,8.329431e-13
2024-05-13T04:38:00Z,491.684,38.726,3.882,8.770626e-13
2024-05-13T04:39:00Z,492.225,42.546,3.749,9.193720e-13
2024-05-13T04:40:00Z,492.770,46.363,3.632,9.391026e-13
2024-05-13T04:41:00Z,493.301,50.178,3.534,9.390481e-13
2024-05-13T04:42:00Z,493.799,53.990,3.463,9.253986e-13
2024-05-13T04:43:00Z,494.247,57.799,3.428,9.272529e-13
2024-05-13T04:44:00Z,494.629,61.606,3.444,9.078942e-13
2024-05-13T04:45:00Z,494.927,65.410,3.535,1.080902e-12
2024-05-13T04:46:00Z,495.129,69.211,3.742,1.252937e-12
2024-05-13T04:47:00Z,495.221,73.009,4.142,1.105585e-12
2024-05-13T04:48:00Z,495.194,76.802,4.903,1.116203e-12
2024-05-13T04:49:00Z,495.040,80.588,6.460,1.127774e-12
2024-05-13T04:50:00Z,494.752,84.352,10.406,1.241896e-12
2024-05-13T04:51:00Z,494.329,87.972,29.922,1.251144e-12
2024-05-13T04:52:00Z,493.771,87.713,153.135,1.606748e-12
2024-05-13T04:53:00Z,493.079,84.062,169.469,2.083404e-12
2024-05-13T04:54:00Z,492.259,80.292,173.092,1.936148e-12
2024-05-13T04:55:00Z,491.320,76.502,174.558,1.862587e-12
2024-05-13T04:56:00Z,490.271,72.703,175.281,1.881490e-12
2024-05-13T04:57:00Z,489.125,68.899,175.662,1.922822e-12
2024-05-13T04:58:00Z,487.897,65.090,175.857,1.853485e-12
2024-05-13T04:59:00Z,486.604,61.278,175.941,1.928179e-12
2024-05-13T05:00:00Z,485.265,57.462,175.953,2.020537e-12
2024-05-13T05:01:00Z,483.900,53.642,175.915,2.050606e-12
2024-05-13T05:02:00Z,482.531,49.818,175.841,2.073899e-12
2024-05-13T05:03:00Z,481.178,45.991,175.742,2.136403e-12
2024-05-13T05:04:00Z,479.865,42.160,175.624,2.182629e-12
2024-05-13T05:05:00Z,478.613,38.326,175.490,2.247876e-12
2024-05-13T05:06:00Z,477.445,34.488,175.344,2.328614e-12
2024-05-13T05:07:00Z,476.380,30.647,175.190,2.424232e-12
2024-05-13T05:08:00Z,475.440,26.803,175.028,2.496823e-12
2024-05-13T05:09:00Z,474.641,22.957,174.860,2.565562e-12
2024-05-13T05:10:00Z,474.001,19.108,174.688,2.633381e-12
2024-05-13T05:11:00Z,473.532,15.257,174.512,2.665484e-12
2024-05-13T05:12:00Z,473.246,11.405,174.334,2.685231e-12
2024-05-13T05:13:00Z,473.152,7.552,174.153,2.680730e-12
2024-05-13T05:14:00Z,473.256,3.698,173.972,2.645149e-12
2024-05-13T05:15:00Z,473.560,-0.155,173.789,2.613842e-12
2024-05-13T05:16:00Z,474.063,-4.008,173.607,2.601524e-12
2024-05-13T05:17:00Z,474.763,-7.861,173.426,2.582118e-12
2024-05-13T05:18:00Z,475.653,-11.711,173.245,2.521112e-12
2024-05-13T05:19:00Z,476.722,-15.560,173.067,2.421556e-12
2024-05-13T05:20:00Z,477.958,-19.407,172.891,2.284369e-12
2024-05-13T05:21:00Z,479.346,-23.251,172.719,2.145192e-12
2024-05-13T05:22:00Z,480.869,-27.091,172.552,2.038766e-12
2024-05-13T05:23:00Z,482.508,-30.929,172.390,1.905971e-12
2024-05-13T05:24:00Z,484.240,-34.762,172.236,1.775037e-12
2024-05-13T05:25:00Z,486.044,-38.592,172.091,1.671855e-12
2024-05-13T05:26:00Z,487.896,-42.417,171.958,1.632419e-12
2024-05-13T05:27:00Z,489.772,-46.239,171.840,1.559160e-12
2024-05-13T05:28:00Z,491.647,-50.056,171.742,1.453016e-12
2024-05-13T05:29:00Z,493.498,-53.869,171.670,1.387053e-12
2024-05-13T05:30:00Z,495.300,-57.678,171.633,1.238768e-12
2024-05-13T05:31:00Z,497.031,-61.483,171.647,1.121822e-12
2024-05-13T05:32:00Z,498.669,-65.283,171.735,1.028641e-12
2024-05-13T05:33:00Z,500.195,-69.079,171.935,1.000838e-12
2024-05-13T05:34:00Z,501.590,-72.871,172.325,8.401167e-13
2024-05-13T05:35:00Z,502.840,-76.657,173.065,8.774641e-13
2024-05-13T05:36:00Z,503.929,-80.434,174.570,9.631868e-13
2024-05-13T05:37:00Z,504.848,-84.190,178.320,9.686957e-13
2024-05-13T05:38:00Z,505.588,-87.817,-164.210,9.411133e-13
2024-05-13T05:39:00Z,506.143,-87.882,-40.932,8.271280e-13
2024-05-13T05:40:00Z,506.512,-84.263,-22.665,7.775986e-13
2024-05-13T05:41:00Z,506.695,-80.511,-18.833,6.759708e-13
2024-05-13T05:42:00Z,506.694,-76.738,-17.305,5.308583e-13
2024-05-13T05:43:00Z,506.517,-72.957,-16.556,5.055808e-13
2024-05-13T05:44:00Z,506.171,-69.171,-16.161,4.589591e-13
2024-05-13T05:45:00Z,505.668,-65.382,-15.958,4.430831e-13
2024-05-13T05:46:00Z,505.022,-61.590,-15.869,4.440939e-13
2024-05-13T05:47:00Z,504.247,-57.794,-15.854,4.446019e-13
2024-05-13T05:48:00Z,503.362,-53.996,-15.889,4.506702e-13
2024-05-13T05:49:00Z,502.384,-50.194,-15.961,4.574571e-13
2024-05-13T05:50:00Z,501.333,-46.390,-16.059,4.523331e-13
2024-05-13T05:51:00Z,500.230,-42.582,-16.176,4.497504e-13
2024-05-13T05:52:00Z,499.096,-38.770,-16.309,4.599247e-13
2024-05-13T05:53:00Z,497.951,-34.956,-16.454,4.740188e-13
2024-05-13T05:54:00Z,496.816,-31.138,-16.608,5.138652e-13
2024-05-13T05:55:00Z,495.710,-27.317,-16.770,5.708789e-13
2024-05-13T05:56:00Z,494.654,-23.493,-16.937,6.445515e-13
2024-05-13T05:57:00Z,493.662,-19.667,-17.109,7.338902e-13
2024-05-13T05:58:00Z,492.752,-15.838,-17.285,8.179107e-13
2024-05-13T05:59:00Z,491.937,-12.008,-17.464,8.765729e-13
2024-05-13T06:00:00Z,491.228,-8.175,-17.644,9.082233e-13
2024-05-13T06:01:00Z,490.633,-4.342,-17.826,9.214918e-13
2024-05-13T06:02:00Z,490.159,-0.507,-18.008,9.190222e-13
2024-05-13T06:03:00Z,489.809,3.328,-18.191,9.177386e-13
2024-05-13T06:04:00Z,489.584,7.163,-18.373,9.269253e-13
2024-05-13T06:05:00Z,489.483,10.998,-18.554,9.466455e-13
2024-05-13T06:06:00Z,489.500,14.832,-18.733,9.359860e-13
2024-05-13T06:07:00Z,489.628,18.665,-18.910,9.078309e-13
2024-05-13T06:08:00Z,489.859,22.496,-19.083,8.854397e-13
2024-05-13T06:09:00Z,490.179,26.326,-19.251,8.533125e-13
2024-05-13T06:10:00Z,490.577,30.154,-19.414,8.562133e-13
2024-05-13T06:11:00Z,491.035,33.980,-19.570,8.716049e-13
2024-05-13T06:12:00Z,491.539,37.803,-19.717,8.458501e-13
2024-05-13T06:13:00Z,492.069,41.624,-19.853,8.213574e-13
2024-05-13T06:14:00Z,492.608,45.442,-19.975,8.338262e-13
2024-05-13T06:15:00Z,493.138,49.257,-20.078,8.264587e-13
2024-05-13T06:16:00Z,493.639,53.070,-20.156,7.906073e-13
2024-05-13T06:17:00Z,494.095,56.880,-20.200,7.876282e-13
2024-05-13T06:18:00Z,494.487,60.687,-20.198,8.006326e-13
2024-05-13T06:19:00Z,494.800,64.492,-20.129,8.260756e-13
2024-05-13T06:20:00Z,495.019,68.294,-19.955,9.091291e-13
2024-05-13T06:21:00Z,495.132,72.092,-19.612,9.606758e-13
2024-05-13T06:22:00Z,495.128,75.887,-18.962,1.018551e-12
2024-05-13T06:23:00Z,494.999,79.676,-17.668,1.081791e-12
2024-05-13T06:24:00Z,494.738,83.448,-14.616,1.395529e-12
2024-05-13T06:25:00Z,494.342,87.141,-2.920,1.387223e-12
2024-05-13T06:26:00Z,493.811,88.479,113.987,1.391232e-12
2024-05-13T06:27:00Z,493.147,84.963,144.100,1.580345e-12
2024-05-13T06:28:00Z,492.353,81.204,148.885,1.605660e-12
2024-05-13T06:29:00Z,491.438,77.417,150.663,1.734346e-12
2024-05-13T06:30:00Z,490.411,73.620,151.513,1.759087e-12
2024-05-13T06:31:00Z,489.285,69.816,151.957,1.770094e-12
2024-05-13T06:32:00Z,488.073,66.009,152.189,1.758341e-12
2024-05-13T06:33:00Z,486.793,62.197,152.295,1.827310e-12
2024-05-13T06:34:00Z,485.462,58.382,152.321,1.919535e-12
2024-05-13T06:35:00Z,484.101,54.562,152.294,1.968936e-12
2024-05-13T06:36:00Z,482.730,50.740,152.228,2.028796e-12
2024-05-13T06:37:00Z,481.371,46.913,152.135,2.097910e-12
2024-05-13T06:38:00Z,480.046,43.083,152.020,2.181961e-12
2024-05-13T06:39:00Z,478.778,39.249,151.890,2.289629e-12
2024-05-13T06:40:00Z,477.588,35.412,151.747,2.397686e-12
2024-05-13T06:41:00Z,476.498,31.572,151.594,2.512578e-12
2024-05-13T06:42:00Z,475.527,27.728,151.434,2.612448e-12
2024-05-13T06:43:00Z,474.695,23.882,151.268,2.695787e-12
2024-05-13T06:44:00Z,474.016,20.034,151.096,2.750236e-12
2024-05-13T06:45:00Z,473.507,16.183,150.921,2.768542e-12
2024-05-13T06:46:00Z,473.179,12.332,150.743,2.732524e-12
2024-05-13T06:47:00Z,473.041,8.478,150.563,2.711618e-12
2024-05-13T06:48:00Z,473.100,4.625,150.382,2.686695e-12
2024-05-13T06:49:00Z,473.359,0.771,150.200,2.722683e-12
2024-05-13T06:50:00Z,473.818,-3.083,150.018,2.721248e-12
2024-05-13T06:51:00Z,474.474,-6.935,149.836,2.667564e-12
2024-05-13T06:52:00Z,475.322,-10.786,149.655,2.586874e-12
2024-05-13T06:53:00Z,476.353,-14.636,149.476,2.493474e-12
2024-05-13T06:54:00Z,477.554,-18.483,149.300,2.424196e-12
2024-05-13T06:55:00Z,478.912,-22.328,149.127,2.358034e-12
2024-05-13T06:56:00Z,480.409,-26.169,148.958,2.255476e-12
2024-05-13T06:57:00Z,482.027,-30.008,148.795,2.116376e-12
2024-05-13T06:58:00Z,483.745,-33.842,148.639,1.970071e-12
2024-05-13T06:59:00Z,485.541,-37.673,148.492,1.817331e-12
2024-05-13T07:00:00Z,487.390,-41.499,148.355,1.671465e-12
2024-05-13T07:01:00Z,489.271,-45.322,148.233,1.543011e-12
2024-05-13T07:02:00Z,491.156,-49.140,148.130,1.498655e-12
2024-05-13T07:03:00Z,493.023,-52.954,148.051,1.373168e-12
2024-05-13T07:04:00Z,494.848,-56.764,148.005,1.228141e-12
2024-05-13T07:05:00Z,496.606,-60.570,148.005,1.186240e-12
2024-05-13T07:06:00Z,498.277,-64.371,148.072,1.187397e-12
2024-05-13T07:07:00Z,499.840,-68.169,148.241,1.166916e-12
2024-05-13T07:08:00Z,501.276,-71.962,148.576,1.179795e-12
2024-05-13T07:09:00Z,502.570,-75.749,149.209,1.072440e-12
2024-05-13T07:10:00Z,503.707,-79.529,150.463,8.600950e-13
2024-05-13T07:11:00Z,504.676,-83.292,153.384,8.750130e-13
2024-05-13T07:12:00Z,505.467,-86.983,164.140,6.964161e-13
2024-05-13T07:13:00Z,506.075,-88.609,-82.826,6.976002e-13
2024-05-13T07:14:00Z,506.496,-85.155,-48.155,5.179596e-13
2024-05-13T07:15:00Z,506.730,-81.415,-43.064,4.357606e-13
2024-05-13T07:16:00Z,506.781,-77.645,-41.209,5.270581e-13
2024-05-13T07:17:00Z,506.652,-73.865,-40.329,4.020230e-13
2024-05-13T07:18:00Z,506.352,-70.080,-39.869,4.437889e-13
2024-05-13T07:19:00Z,505.892,-66.292,-39.628,3.869879e-13
2024-05-13T07:20:00Z,505.285,-62.501,-39.516,4.025125e-13
2024-05-13T07:21:00Z,504.545,-58.706,-39.486,4.043392e-13
2024-05-13T07:22:00Z,503.689,-54.909,-39.511,4.432448e-13
2024-05-13T07:23:00Z,502.735,-51.108,-39.575,4.885690e-13
2024-05-13T07:24:00Z,501.704,-47.304,-39.667,5.369343e-13
2024-05-13T07:25:00Z,500.615,-43.497,-39.780,5.608071e-13
2024-05-13T07:26:00Z,499.490,-39.687,-39.910,5.782539e-13
2024-05-13T07:27:00Z,498.350,-35.873,-40.052,5.955274e-13
2024-05-13T07:28:00Z,497.214,-32.056,-40.204,6.291765e-13
2024-05-13T07:29:00Z,496.103,-28.236,-40.364,6.660286e-13
2024-05-13T07:30:00Z,495.036,-24.413,-40.530,6.920610e-13
2024-05-13T07:31:00Z,494.030,-20.588,-40.701,7.065231e-13
2024-05-13T07:32:00Z,493.101,-16.760,-40.876,7.257737e-13
2024-05-13T07:33:00Z,492.263,-12.930,-41.054,7.415599e-13
2024-05-13T07:34:00Z,491.528,-9.098,-41.234,7.288853e-13
2024-05-13T07:35:00Z,490.906,-5.265,-41.416,7.297806e-13
2024-05-13T07:36:00Z,490.402,-1.431,-41.598,7.330865e-13
2024-05-13T07:37:00Z,490.022,2.404,-41.781,7.561481e-13
2024-05-13T07:38:00Z,489.767,6.239,-41.963,7.730724e-13
2024-05-13T07:39:00Z,489.636,10.074,-42.144,8.114027e-13
2024-05-13T07:40:00Z,489.624,13.908,-42.324,8.543523e-13
2024-05-13T07:41:00Z,489.725,17.741,-42.501,9.038378e-13
2024-05-13T07:42:00Z,489.930,21.573,-42.675,9.094379e-13
2024-05-13T07:43:00Z,490.229,25.403,-42.845,8.991987e-13
2024-05-13T07:44:00Z,490.607,29.231,-43.009,8.718122e-13
2024-05-13T07:45:00Z,491.050,33.057,-43.167,8.272675e-13
2024-05-13T07:46:00Z,491.541,36.881,-43.316,8.140172e-13
2024-05-13T07:47:00Z,492.063,40.702,-43.455,8.076295e-13
2024-05-13T07:48:00Z,492.597,44.521,-43.580,8.068611e-13
2024-05-13T07:49:00Z,493.127,48.337,-43.688,8.159405e-13
2024-05-13T07:50:00Z,493.632,52.150,-43.773,8.471184e-13
2024-05-13T07:51:00Z,494.095,55.960,-43.826,9.192508e-13
2024-05-13T07:52:00Z,494.498,59.768,-43.837,9.065891e-13
2024-05-13T07:53:00Z,494.826,63.573,-43.786,9.690697e-13
2024-05-13T07:54:00Z,495.064,67.376,-43.642,1.049338e-12
2024-05-13T07:55:00Z,495.197,71.175,-43.348,1.110140e-12
2024-05-13T07:56:00Z,495.216,74.971,-42.791,1.135117e-12
2024-05-13T07:57:00Z,495.111,78.761,-41.704,1.138168e-12
2024-05-13T07:58:00Z,494.875,82.539,-39.284,1.215873e-12
2024-05-13T07:59:00Z,494.505,86.269,-31.514,1.076047e-12
2024-05-13T08:00:00Z,494.000,88.959,54.160,1.302873e-12
2024-05-13T08:01:00Z,493.360,85.858,117.936,1.417699e-12
2024-05-13T08:02:00Z,492.590,82.116,124.525,1.426587e-12
2024-05-13T08:03:00Z,491.695,78.333,126.713,1.448947e-12
2024-05-13T08:04:00Z,490.687,74.538,127.717,1.619967e-12
2024-05-13T08:05:00Z,489.576,70.736,128.236,1.826151e-12
2024-05-13T08:06:00Z,488.376,66.929,128.509,1.908963e-12
2024-05-13T08:07:00Z,487.104,63.118,128.641,1.977167e-12
2024-05-13T08:08:00Z,485.777,59.304,128.684,2.037851e-12
2024-05-13T08:09:00Z,484.415,55.486,128.668,2.092599e-12
2024-05-13T08:10:00Z,483.038,51.664,128.611,2.162917e-12
2024-05-13T08:11:00Z,481.668,47.838,128.523,2.260262e-12
2024-05-13T08:12:00Z,480.327,44.009,128.414,2.335743e-12
2024-05-13T08:13:00Z,479.037,40.176,128.287,2.412707e-12
2024-05-13T08:14:00Z,477.820,36.339,128.147,2.462014e-12
2024-05-13T08:15:00Z,476.698,32.500,127.997,2.506398e-12
2024-05-13T08:16:00Z,475.690,28.657,127.838,2.568255e-12
2024-05-13T08:17:00Z,474.817,24.812,127.673,2.624975e-12
2024-05-13T08:18:00Z,474.094,20.964,127.503,2.616585e-12
2024-05-13T08:19:00Z,473.537,17.114,127.329,2.586915e-12
2024-05-13T08:20:00Z,473.159,13.262,127.152,2.566187e-12
2024-05-13T08:21:00Z,472.969,9.409,126.973,2.546947e-12
2024-05-13T08:22:00Z,472.975,5.555,126.792,2.540698e-12
2024-05-13T08:23:00Z,473.181,1.701,126.610,2.569282e-12
2024-05-13T08:24:00Z,473.587,-2.152,126.428,2.626667e-12
2024-05-13T08:25:00Z,474.193,-6.005,126.246,2.675720e-12
2024-05-13T08:26:00Z,474.992,-9.857,126.065,2.726801e-12
2024-05-13T08:27:00Z,475.977,-13.707,125.886,2.684577e-12
2024-05-13T08:28:00Z,477.137,-17.555,125.709,2.575440e-12
2024-05-13T08:29:00Z,478.458,-21.401,125.535,2.439683e-12
2024-05-13T08:30:00Z,479.924,-25.243,125.365,2.308081e-12
2024-05-13T08:31:00Z,481.516,-29.082,125.201,2.189418e-12
2024-05-13T08:32:00Z,483.215,-32.918,125.043,2.087716e-12
2024-05-13T08:33:00Z,484.998,-36.750,124.894,1.936610e-12
2024-05-13T08:34:00Z,486.843,-40.577,124.755,1.761883e-12
2024-05-13T08:35:00Z,488.724,-44.401,124.630,1.604766e-12
2024-05-13T08:36:00Z,490.617,-48.220,124.522,1.420894e-12
2024-05-13T08:37:00Z,492.499,-52.035,124.437,1.375882e-12
2024-05-13T08:38:00Z,494.344,-55.846,124.382,1.363046e-12
2024-05-13T08:39:00Z,496.129,-59.653,124.370,1.280098e-12
2024-05-13T08:40:00Z,497.832,-63.456,124.419,1.208766e-12
2024-05-13T08:41:00Z,499.432,-67.254,124.560,1.326973e-12
2024-05-13T08:42:00Z,500.910,-71.048,124.848,1.128662e-12
2024-05-13T08:43:00Z,502.250,-74.837,125.392,1.034244e-12
2024-05-13T08:44:00Z,503.435,-78.619,126.449,9.820739e-13
2024-05-13T08:45:00Z,504.455,-82.388,128.780,9.565420e-13
2024-05-13T08:46:00Z,505.300,-86.111,136.055,8.339956e-13
2024-05-13T08:47:00Z,505.962,-88.979,-147.376,6.309582e-13
2024-05-13T08:48:00Z,506.439,-86.042,-74.543,6.141542e-13
2024-05-13T08:49:00Z,506.728,-82.320,-67.467,6.466164e-13
2024-05-13T08:50:00Z,506.832,-78.554,-65.176,5.125048e-13
2024-05-13T08:51:00Z,506.756,-74.776,-64.133,5.566125e-13
2024-05-13T08:52:00Z,506.507,-70.992,-63.595,5.517362e-13
2024-05-13T08:53:00Z,506.094,-67.205,-63.311,5.398712e-13
2024-05-13T08:54:00Z,505.530,-63.414,-63.173,5.763756e-13
2024-05-13T08:55:00Z,504.829,-59.621,-63.125,5.847707e-13
2024-05-13T08:56:00Z,504.008,-55.824,-63.138,6.138568e-13
2024-05-13T08:57:00Z,503.084,-52.024,-63.193,6.230769e-13
2024-05-13T08:58:00Z,502.077,-48.222,-63.279,6.062853e-13
2024-05-13T08:59:00Z,501.008,-44.415,-63.387,5.747706e-13
2024-05-13T09:00:00Z,499.896,-40.606,-63.513,5.425775e-13
2024-05-13T09:01:00Z,498.762,-36.793,-63.652,5.256285e-13
2024-05-13T09:02:00Z,497.628,-32.977,-63.802,5.207787e-13
2024-05-13T09:03:00Z,496.513,-29.158,-63.960,5.228726e-13
2024-05-13T09:04:00Z,495.436,-25.336,-64.124,5.292053e-13
2024-05-13T09:05:00Z,494.414,-21.511,-64.294,5.338022e-13
2024-05-13T09:06:00Z,493.465,-17.684,-64.468,5.372270e-13
2024-05-13T09:07:00Z,492.603,-13.854,-64.645,5.354656e-13
2024-05-13T09:08:00Z,491.840,-10.023,-64.825,5.497974e-13
2024-05-13T09:09:00Z,491.186,-6.190,-65.006,5.757483e-13
2024-05-13T09:10:00Z,490.649,-2.357,-65.188,5.880726e-13
2024-05-13T09:11:00Z,490.233,1.478,-65.371,6.055694e-13
2024-05-13T09:12:00Z,489.941,5.313,-65.553,6.271467e-13
2024-05-13T09:13:00Z,489.773,9.147,-65.734,6.348465e-13
2024-05-13T09:14:00Z,489.725,12.982,-65.914,6.506587e-13
2024-05-13T09:15:00Z,489.792,16.815,-66.092,6.853738e-13
2024-05-13T09:16:00Z,489.965,20.647,-66.267,7.326692e-13
2024-05-13T09:17:00Z,490.234,24.477,-66.437,8.024796e-13
2024-05-13T09:18:00Z,490.586,28.306,-66.603,8.547122e-13
2024-05-13T09:19:00Z,491.007,32.133,-66.763,8.994076e-13
2024-05-13T09:20:00Z,491.481,35.957,-66.914,9.475195e-13
2024-05-13T09:21:00Z,491.990,39.778,-67.056,9.721690e-13
2024-05-13T09:22:00Z,492.518,43.597,-67.184,9.604338e-13
2024-05-13T09:23:00Z,493.044,47.414,-67.297,9.782437e-13
2024-05-13T09:24:00Z,493.551,51.228,-67.387,9.785080e-13
2024-05-13T09:25:00Z,494.021,55.039,-67.449,1.079145e-12
2024-05-13T09:26:00Z,494.436,58.847,-67.471,1.055377e-12
2024-05-13T09:27:00Z,494.781,62.653,-67.437,1.075056e-12
2024-05-13T09:28:00Z,495.038,66.456,-67.319,1.270551e-12
2024-05-13T09:29:00Z,495.196,70.256,-67.068,1.265911e-12
2024-05-13T09:30:00Z,495.241,74.053,-66.590,1.348141e-12
2024-05-13T09:31:00Z,495.165,77.845,-65.672,1.358580e-12
2024-05-13T09:32:00Z,494.961,81.627,-63.716,1.420040e-12
2024-05-13T09:33:00Z,494.622,85.377,-58.196,1.335868e-12
2024-05-13T09:34:00Z,494.148,88.758,-15.932,1.345413e-12
2024-05-13T09:35:00Z,493.539,86.742,90.356,1.510520e-12
2024-05-13T09:36:00Z,492.798,83.028,99.961,1.605647e-12
2024-05-13T09:37:00Z,491.932,79.250,102.701,1.632732e-12
2024-05-13T09:38:00Z,490.949,75.457,103.896,1.854795e-12
2024-05-13T09:39:00Z,489.860,71.656,104.502,1.901347e-12
2024-05-13T09:40:00Z,488.680,67.851,104.823,1.888596e-12
2024-05-13T09:41:00Z,487.422,64.041,104.983,1.938320e-12
2024-05-13T09:42:00Z,486.106,60.227,105.044,2.011760e-12
2024-05-13T09:43:00Z,484.750,56.410,105.041,2.075904e-12
2024-05-13T09:44:00Z,483.375,52.589,104.993,2.156514e-12
2024-05-13T09:45:00Z,482.002,48.764,104.912,2.215222e-12
2024-05-13T09:46:00Z,480.654,44.936,104.807,2.303971e-12
2024-05-13T09:47:00Z,479.352,41.104,104.684,2.385805e-12
2024-05-13T09:48:00Z,478.118,37.268,104.547,2.453131e-12
2024-05-13T09:49:00Z,476.975,33.429,104.399,2.510308e-12
2024-05-13T09:50:00Z,475.943,29.587,104.243,2.550563e-12
2024-05-13T09:51:00Z,475.041,25.743,104.079,2.601580e-12
2024-05-13T09:52:00Z,474.285,21.895,103.910,2.590626e-12
2024-05-13T09:53:00Z,473.693,18.046,103.737,2.567345e-12
2024-05-13T09:54:00Z,473.277,14.195,103.561,2.555570e-12
2024-05-13T09:55:00Z,473.048,10.342,103.382,2.546545e-12
2024-05-13T09:56:00Z,473.013,6.488,103.201,2.565208e-12
2024-05-13T09:57:00Z,473.178,2.635,103.020,2.596255e-12
2024-05-13T09:58:00Z,473.543,-1.219,102.838,2.646847e-12
2024-05-13T09:59:00Z,474.108,-5.072,102.656,2.686752e-12
2024-05-13T10:00:00Z,474.868,-8.924,102.475,2.709847e-12
2024-05-13T10:01:00Z,475.816,-12.775,102.295,2.715140e-12
2024-05-13T10:02:00Z,476.942,-16.623,102.118,2.662237e-12
2024-05-13T10:03:00Z,478.233,-20.469,101.943,2.585265e-12
2024-05-13T10:04:00Z,479.673,-24.312,101.773,2.488353e-12
2024-05-13T10:05:00Z,481.244,-28.152,101.607,2.361251e-12
2024-05-13T10:06:00Z,482.926,-31.988,101.448,2.221199e-12
2024-05-13T10:07:00Z,484.697,-35.821,101.296,2.052253e-12
2024-05-13T10:08:00Z,486.535,-39.649,101.155,1.860381e-12
2024-05-13T10:09:00Z,488.414,-43.474,101.026,1.675755e-12
2024-05-13T10:10:00Z,490.311,-47.294,100.913,1.594134e-12
2024-05-13T10:11:00Z,492.201,-51.110,100.822,1.699944e-12
2024-05-13T10:12:00Z,494.060,-54.922,100.760,1.718915e-12
2024-05-13T10:13:00Z,495.863,-58.729,100.737,1.886573e-12
2024-05-13T10:14:00Z,497.588,-62.533,100.769,1.667445e-12
2024-05-13T10:15:00Z,499.215,-66.332,100.884,1.545260e-12
2024-05-13T10:16:00Z,500.723,-70.127,101.129,1.386735e-12
2024-05-13T10:17:00Z,502.095,-73.917,101.596,1.229740e-12
2024-05-13T10:18:00Z,503.316,-77.701,102.491,1.111682e-12
2024-05-13T10:19:00Z,504.372,-81.474,104.379,1.029799e-12
2024-05-13T10:20:00Z,505.255,-85.215,109.595,1.006146e-12
2024-05-13T10:21:00Z,505.956,-88.648,146.116,8.728047e-13
2024-05-13T10:22:00Z,506.471,-86.923,-102.565,8.050912e-13
2024-05-13T10:23:00Z,506.799,-83.232,-92.090,6.893196e-13
2024-05-13T10:24:00Z,506.940,-79.471,-89.207,6.334742e-13
2024-05-13T10:25:00Z,506.899,-75.695,-87.963,6.006332e-13
2024-05-13T10:26:00Z,506.683,-71.913,-87.334,5.677879e-13
2024-05-13T10:27:00Z,506.300,-68.127,-87.000,5.489175e-13
2024-05-13T10:28:00Z,505.763,-64.337,-86.833,5.528677e-13
2024-05-13T10:29:00Z,505.086,-60.544,-86.766,5.502464e-13
2024-05-13T10:30:00Z,504.284,-56.749,-86.766,5.344791e-13
2024-05-13T10:31:00Z,503.375,-52.950,-86.812,5.280262e-13
2024-05-13T10:32:00Z,502.378,-49.148,-86.891,5.137212e-13
2024-05-13T10:33:00Z,501.314,-45.342,-86.994,4.882978e-13
2024-05-13T10:34:00Z,500.202,-41.533,-87.116,4.785984e-13
2024-05-13T10:35:00Z,499.064,-37.721,-87.252,4.658872e-13
2024-05-13T10:36:00Z,497.919,-33.906,-87.399,4.585134e-13
2024-05-13T10:37:00Z,496.790,-30.088,-87.555,4.533296e-13
2024-05-13T10:38:00Z,495.694,-26.267,-87.718,4.529012e-13
2024-05-13T10:39:00Z,494.651,-22.442,-87.887,4.633467e-13
2024-05-13T10:40:00Z,493.677,-18.616,-88.060,4.585591e-13
2024-05-13T10:41:00Z,492.786,-14.787,-88.236,4.648010e-13
2024-05-13T10:42:00Z,491.993,-10.956,-88.415,4.752579e-13
2024-05-13T10:43:00Z,491.308,-7.124,-88.595,5.057251e-13
2024-05-13T10:44:00Z,490.738,-3.290,-88.777,5.603847e-13
2024-05-13T10:45:00Z,490.289,0.544,-88.960,5.936893e-13
2024-05-13T10:46:00Z,489.965,4.379,-89.142,6.399269e-13
2024-05-13T10:47:00Z,489.764,8.214,-89.323,6.713679e-13
2024-05-13T10:48:00Z,489.685,12.048,-89.504,6.861590e-13
2024-05-13T10:49:00Z,489.721,15.882,-89.682,6.854993e-13
2024-05-13T10:50:00Z,489.866,19.715,-89.857,7.049537e-13
2024-05-13T10:51:00Z,490.109,23.545,-90.029,7.410953e-13
2024-05-13T10:52:00Z,490.438,27.375,-90.196,7.786065e-13
2024-05-13T10:53:00Z,490.840,31.202,-90.357,8.303842e-13
2024-05-13T10:54:00Z,491.298,35.027,-90.510,8.683623e-13
2024-05-13T10:55:00Z,491.797,38.849,-90.654,9.049271e-13
2024-05-13T10:56:00Z,492.317,42.669,-90.786,9.263282e-13
2024-05-13T10:57:00Z,492.842,46.486,-90.902,9.638615e-13
2024-05-13T10:58:00Z,493.353,50.300,-90.999,9.717482e-13
2024-05-13T10:59:00Z,493.831,54.112,-91.068,9.742140e-13
2024-05-13T11:00:00Z,494.260,57.921,-91.100,1.039698e-12
2024-05-13T11:01:00Z,494.621,61.728,-91.081,1.097890e-12
2024-05-13T11:02:00Z,494.901,65.531,-90.987,1.094841e-12
2024-05-13T11:03:00Z,495.085,69.332,-90.774,1.199609e-12
2024-05-13T11:04:00Z,495.161,73.130,-90.363,1.363187e-12
2024-05-13T11:05:00Z,495.118,76.924,-89.581,1.452246e-12
2024-05-13T11:06:00Z,494.948,80.709,-87.977,1.471827e-12
2024-05-13T11:07:00Z,494.646,84.472,-83.868,1.550350e-12
2024-05-13T11:08:00Z,494.209,88.075,-62.691,1.562839e-12
2024-05-13T11:09:00Z,493.638,87.601,59.814,1.672139e-12
2024-05-13T11:10:00Z,492.934,83.940,75.089,1.654099e-12
2024-05-13T11:11:00Z,492.103,80.170,78.602,1.619575e-12
2024-05-13T11:12:00Z,491.153,76.379,80.038,1.720937e-12
2024-05-13T11:13:00Z,490.095,72.580,80.750,1.766022e-12
2024-05-13T11:14:00Z,488.941,68.775,81.126,1.798213e-12
2024-05-13T11:15:00Z,487.707,64.966,81.318,1.857157e-12
2024-05-13T11:16:00Z,486.411,61.154,81.401,1.933028e-12
2024-05-13T11:17:00Z,485.069,57.337,81.411,2.003162e-12
2024-05-13T11:18:00Z,483.704,53.517,81.373,2.089013e-12
2024-05-13T11:19:00Z,482.336,49.693,81.299,2.186567e-12
2024-05-13T11:20:00Z,480.986,45.866,81.200,2.273119e-12
2024-05-13T11:21:00Z,479.678,42.035,81.081,2.348715e-12
2024-05-13T11:22:00Z,478.433,38.200,80.947,2.422133e-12
2024-05-13T11:23:00Z,477.273,34.362,80.802,2.492641e-12
2024-05-13T11:24:00Z,476.218,30.521,80.647,2.556123e-12
2024-05-13T11:25:00Z,475.288,26.677,80.486,2.610776e-12
2024-05-13T11:26:00Z,474.501,22.830,80.318,2.648648e-12
2024-05-13T11:27:00Z,473.874,18.981,80.146,2.641154e-12
2024-05-13T11:28:00Z,473.419,15.130,79.970,2.637382e-12
2024-05-13T11:29:00Z,473.150,11.278,79.792,2.669847e-12
2024-05-13T11:30:00Z,473.073,7.425,79.612,2.734581e-12
2024-05-13T11:31:00Z,473.196,3.571,79.430,2.774100e-12
2024-05-13T11:32:00Z,473.521,-0.282,79.249,2.794485e-12
2024-05-13T11:33:00Z,474.047,-4.136,79.067,2.858393e-12
2024-05-13T11:34:00Z,474.770,-7.988,78.885,2.903349e-12
2024-05-13T11:35:00Z,475.684,-11.839,78.705,2.854769e-12
2024-05-13T11:36:00Z,476.778,-15.687,78.527,2.745099e-12
2024-05-13T11:37:00Z,478.040,-19.534,78.352,2.620693e-12
2024-05-13T11:38:00Z,479.454,-23.377,78.180,2.480222e-12
2024-05-13T11:39:00Z,481.002,-27.218,78.014,2.343850e-12
2024-05-13T11:40:00Z,482.666,-31.055,77.853,2.204129e-12
2024-05-13T11:41:00Z,484.423,-34.888,77.699,2.055639e-12
2024-05-13T11:42:00Z,486.250,-38.717,77.555,1.885336e-12
2024-05-13T11:43:00Z,488.125,-42.543,77.423,1.723778e-12
2024-05-13T11:44:00Z,490.021,-46.364,77.306,1.621467e-12
2024-05-13T11:45:00Z,491.915,-50.181,77.209,1.483268e-12
2024-05-13T11:46:00Z,493.782,-53.993,77.138,1.325290e-12
2024-05-13T11:47:00Z,495.599,-57.802,77.104,1.193974e-12
2024-05-13T11:48:00Z,497.342,-61.606,77.121,1.131814e-12
2024-05-13T11:49:00Z,498.991,-65.406,77.213,1.082324e-12
2024-05-13T11:50:00Z,500.524,-69.202,77.420,1.111250e-12
2024-05-13T11:51:00Z,501.925,-72.993,77.820,1.067191e-12
2024-05-13T11:52:00Z,503.177,-76.779,78.580,1.075634e-12
2024-05-13T11:53:00Z,504.267,-80.555,80.129,1.057831e-12
2024-05-13T11:54:00Z,505.184,-84.309,84.030,1.028053e-12
2024-05-13T11:55:00Z,505.920,-87.922,102.898,8.714969e-13
2024-05-13T11:56:00Z,506.471,-87.774,-134.064,8.083094e-13
2024-05-13T11:57:00Z,506.834,-84.144,-117.034,7.614845e-13
2024-05-13T11:58:00Z,507.010,-80.391,-113.320,6.911191e-13
2024-05-13T11:59:00Z,507.001,-76.618,-111.824,6.688794e-13
