# WARNING: synthetic placeholder ground-mag reconstruction. The _is_placeholder column is 1 on every row; downstream fits must refuse to score this fixture as real data.
t,sme_nt,smu_nt,sml_nt,h_comp_mean_nt,jh_proxy_gw,_is_placeholder
2024-05-10T12:00:00Z,180.00,90.00,-90.00,,6.534,1
2024-05-10T12:01:00Z,180.25,90.12,-90.12,,6.545,1
2024-05-10T12:02:00Z,180.50,90.25,-90.25,,6.555,1
2024-05-10T12:03:00Z,180.75,90.38,-90.38,,6.566,1
2024-05-10T12:04:00Z,181.00,90.50,-90.50,,6.577,1
2024-05-10T12:05:00Z,181.25,90.62,-90.62,,6.587,1
2024-05-10T12:06:00Z,181.50,90.75,-90.75,,6.598,1
2024-05-10T12:07:00Z,181.75,90.88,-90.88,,6.609,1
2024-05-10T12:08:00Z,182.00,91.00,-91.00,,6.619,1
2024-05-10T12:09:00Z,182.25,91.12,-91.12,,6.630,1
2024-05-10T12:10:00Z,182.50,91.25,-91.25,,6.641,1
2024-05-10T12:11:00Z,182.75,91.38,-91.38,,6.651,1
2024-05-10T12:12:00Z,183.00,91.50,-91.50,,6.662,1
2024-05-10T12:13:00Z,183.25,91.62,-91.62,,6.673,1
2024-05-10T12:14:00Z,183.50,91.75,-91.75,,6.684,1
2024-05-10T12:15:00Z,183.75,91.88,-91.88,,6.694,1
2024-05-10T12:16:00Z,184.00,92.00,-92.00,,6.705,1
2024-05-10T12:17:00Z,184.25,92.12,-92.12,,6.716,1
2024-05-10T12:18:00Z,184.50,92.25,-92.25,,6.726,1
2024-05-10T12:19:00Z,184.75,92.38,-92.38,,6.737,1
2024-05-10T12:20:00Z,185.00,92.50,-92.50,,6.748,1
2024-05-10T12:21:00Z,185.25,92.62,-92.62,,6.759,1
2024-05-10T12:22:00Z,185.50,92.75,-92.75,,6.769,1
2024-05-10T12:23:00Z,185.75,92.88,-92.88,,6.780,1
2024-05-10T12:24:00Z,186.00,93.00,-93.00,,6.791,1
2024-05-10T12:25:00Z,186.25,93.12,-93.12,,6.802,1
2024-05-10T12:26:00Z,186.50,93.25,-93.25,,6.812,1
2024-05-10T12:27:00Z,186.75,93.38,-93.38,,6.823,1
2024-05-10T12:28:00Z,187.00,93.50,-93.50,,6.834,1
2024-05-10T12:29:00Z,187.25,93.62,-93.62,,6.845,1
2024-05-10T12:30:00Z,187.50,93.75,-93.75,,6.855,1
2024-05-10T12:31:00Z,187.75,93.88,-93.88,,6.866,1
2024-05-10T12:32:00Z,188.00,94.00,-94.00,,6.877,1
2024-05-10T12:33:00Z,188.25,94.12,-94.12,,6.888,1
2024-05-10T12:34:00Z,188.50,94.25,-94.25,,6.899,1
2024-05-10T12:35:00Z,188.75,94.38,-94.38,,6.909,1
2024-05-10T12:36:00Z,189.00,94.50,-94.50,,6.920,1
2024-05-10T12:37:00Z,189.25,94.62,-94.62,,6.931,1
2024-05-10T12:38:00Z,189.50,94.75,-94.75,,6.942,1
2024-05-10T12:39:00Z,189.75,94.88,-94.88,,6.953,1
2024-05-10T12:40:00Z,190.00,95.00,-95.00,,6.963,1
2024-05-10T12:41:00Z,190.25,95.12,-95.12,,6.974,1
2024-05-10T12:42:00Z,190.50,95.25,-95.25,,6.985,1
2024-05-10T12:43:00Z,190.75,95.38,-95.38,,6.996,1
2024-05-10T12:44:00Z,191.00,95.50,-95.50,,7.007,1
2024-05-10T12:45:00Z,191.25,95.62,-95.62,,7.018,1
2024-05-10T12:46:00Z,191.50,95.75,-95.75,,7.029,1
2024-05-10T12:47:00Z,191.75,95.88,-95.88,,7.039,1
2024-05-10T12:48:00Z,192.00,96.00,-96.00,,7.050,1
2024-05-10T12:49:00Z,192.25,96.12,-96.12,,7.061,1
2024-05-10T12:50:00Z,192.50,96.25,-96.25,,7.072,1
2024-05-10T12:51:00Z,192.75,96.38,-96.38,,7.083,1
2024-05-10T12:52:00Z,193.00,96.50,-96.50,,7.094,1
2024-05-10T12:53:00Z,193.25,96.62,-96.62,,7.105,1
2024-05-10T12:54:00Z,193.50,96.75,-96.75,,7.115,1
2024-05-10T12:55:00Z,193.75,96.88,-96.88,,7.126,1
2024-05-10T12:56:00Z,194.00,97.00,-97.00,,7.137,1
2024-05-10T12:57:00Z,194.25,97.12,-97.12,,7.148,1
2024-05-10T12:58:00Z,194.50,97.25,-97.25,,7.159,1
2024-05-10T12:59:00Z,194.75,97.38,-97.38,,7.170,1
2024-05-10T13:00:00Z,195.00,97.50,-97.50,,7.181,1
2024-05-10T13:01:00Z,195.25,97.62,-97.62,,7.192,1
2024-05-10T13:02:00Z,195.50,97.75,-97.75,,7.203,1
2024-05-10T13:03:00Z,195.75,97.88,-97.88,,7.214,1
2024-05-10T13:04:00Z,196.00,98.00,-98.00,,7.225,1
2024-05-10T13:05:00Z,196.25,98.12,-98.12,,7.235,1
2024-05-10T13:06:00Z,196.50,98.25,-98.25,,7.246,1
2024-05-10T13:07:00Z,196.75,98.38,-98.38,,7.257,1
2024-05-10T13:08:00Z,197.00,98.50,-98.50,,7.268,1
2024-05-10T13:09:00Z,197.25,98.62,-98.62,,7.279,1
2024-05-10T13:10:00Z,197.50,98.75,-98.75,,7.290,1
2024-05-10T13:11:00Z,197.75,98.88,-98.88,,7.301,1
2024-05-10T13:12:00Z,198.00,99.00,-99.00,,7.312,1
2024-05-10T13:13:00Z,198.25,99.12,-99.12,,7.323,1
2024-05-10T13:14:00Z,198.50,99.25,-99.25,,7.334,1
2024-05-10T13:15:00Z,198.75,99.38,-99.38,,7.345,1
2024-05-10T13:16:00Z,199.00,99.50,-99.50,,7.356,1
2024-05-10T13:17:00Z,199.25,99.62,-99.62,,7.367,1
2024-05-10T13:18:00Z,199.50,99.75,-99.75,,7.378,1
2024-05-10T13:19:00Z,199.75,99.88,-99.88,,7.389,1
2024-05-10T13:20:00Z,200.00,100.00,-100.00,,7.400,1
2024-05-10T13:21:00Z,200.25,100.12,-100.12,,7.411,1
2024-05-10T13:22:00Z,200.50,100.25,-100.25,,7.422,1
2024-05-10T13:23:00Z,200.75,100.38,-100.38,,7.433,1
2024-05-10T13:24:00Z,201.00,100.50,-100.50,,7.444,1
2024-05-10T13:25:00Z,201.25,100.62,-100.62,,7.455,1
2024-05-10T13:26:00Z,201.50,100.75,-100.75,,7.466,1
2024-05-10T13:27:00Z,201.75,100.88,-100.88,,7.477,1
2024-05-10T13:28:00Z,202.00,101.00,-101.00,,7.488,1
2024-05-10T13:29:00Z,202.25,101.12,-101.12,,7.499,1
2024-05-10T13:30:00Z,202.50,101.25,-101.25,,7.510,1
2024-05-10T13:31:00Z,202.75,101.38,-101.38,,7.521,1
2024-05-10T13:32:00Z,203.00,101.50,-101.50,,7.532,1
2024-05-10T13:33:00Z,203.25,101.62,-101.62,,7.543,1
2024-05-10T13:34:00Z,203.50,101.75,-101.75,,7.554,1
2024-05-10T13:35:00Z,203.75,101.88,-101.88,,7.565,1
2024-05-10T13:36:00Z,204.00,102.00,-102.00,,7.577,1
2024-05-10T13:37:00Z,204.25,102.12,-102.12,,7.588,1
2024-05-10T13:38:00Z,204.50,102.25,-102.25,,7.599,1
2024-05-10T13:39:00Z,204.75,102.38,-102.38,,7.610,1
2024-05-10T13:40:00Z,205.00,102.50,-102.50,,7.621,1
2024-05-10T13:41:00Z,205.25,102.62,-102.62,,7.632,1
2024-05-10T13:42:00Z,205.50,102.75,-102.75,,7.643,1
2024-05-10T13:43:00Z,205.75,102.88,-102.88,,7.654,1
2024-05-10T13:44:00Z,206.00,103.00,-103.00,,7.665,1
2024-05-10T13:45:00Z,206.25,103.12,-103.12,,7.676,1
2024-05-10T13:46:00Z,206.50,103.25,-103.25,,7.687,1
2024-05-10T13:47:00Z,206.75,103.38,-103.38,,7.699,1
2024-05-10T13:48:00Z,207.00,103.50,-103.50,,7.710,1
2024-05-10T13:49:00Z,207.25,103.62,-103.62,,7.721,1
2024-05-10T13:50:00Z,207.50,103.75,-103.75,,7.732,1
2024-05-10T13:51:00Z,207.75,103.88,-103.88,,7.743,1
2024-05-10T13:52:00Z,208.00,104.00,-104.00,,7.754,1
2024-05-10T13:53:00Z,208.25,104.12,-104.12,,7.765,1
2024-05-10T13:54:00Z,208.50,104.25,-104.25,,7.777,1
2024-05-10T13:55:00Z,208.75,104.38,-104.38,,7.788,1
2024-05-10T13:56:00Z,209.00,104.50,-104.50,,7.799,1
2024-05-10T13:57:00Z,209.25,104.62,-104.62,,7.810,1
2024-05-10T13:58:00Z,209.50,104.75,-104.75,,7.821,1
2024-05-10T13:59:00Z,209.75,104.88,-104.88,,7.832,1
2024-05-10T14:00:00Z,210.00,105.00,-105.00,,7.843,1
2024-05-10T14:01:00Z,210.42,105.21,-105.21,,7.862,1
2024-05-10T14:02:00Z,210.83,105.42,-105.42,,7.881,1
2024-05-10T14:03:00Z,211.25,105.62,-105.62,,7.899,1
2024-05-10T14:04:00Z,211.67,105.83,-105.83,,7.918,1
2024-05-10T14:05:00Z,212.08,106.04,-106.04,,7.937,1
2024-05-10T14:06:00Z,212.50,106.25,-106.25,,7.955,1
2024-05-10T14:07:00Z,212.92,106.46,-106.46,,7.974,1
2024-05-10T14:08:00Z,213.33,106.67,-106.67,,7.993,1
2024-05-10T14:09:00Z,213.75,106.88,-106.88,,8.012,1
2024-05-10T14:10:00Z,214.17,107.08,-107.08,,8.030,1
2024-05-10T14:11:00Z,214.58,107.29,-107.29,,8.049,1
2024-05-10T14:12:00Z,215.00,107.50,-107.50,,8.068,1
2024-05-10T14:13:00Z,215.42,107.71,-107.71,,8.087,1
2024-05-10T14:14:00Z,215.83,107.92,-107.92,,8.105,1
2024-05-10T14:15:00Z,216.25,108.12,-108.12,,8.124,1
2024-05-10T14:16:00Z,216.67,108.33,-108.33,,8.143,1
2024-05-10T14:17:00Z,217.08,108.54,-108.54,,8.162,1
2024-05-10T14:18:00Z,217.50,108.75,-108.75,,8.181,1
2024-05-10T14:19:00Z,217.92,108.96,-108.96,,8.200,1
2024-05-10T14:20:00Z,218.33,109.17,-109.17,,8.218,1
2024-05-10T14:21:00Z,218.75,109.38,-109.38,,8.237,1
2024-05-10T14:22:00Z,219.17,109.58,-109.58,,8.256,1
2024-05-10T14:23:00Z,219.58,109.79,-109.79,,8.275,1
2024-05-10T14:24:00Z,220.00,110.00,-110.00,,8.294,1
2024-05-10T14:25:00Z,220.42,110.21,-110.21,,8.313,1
2024-05-10T14:26:00Z,220.83,110.42,-110.42,,8.332,1
2024-05-10T14:27:00Z,221.25,110.62,-110.62,,8.351,1
2024-05-10T14:28:00Z,221.67,110.83,-110.83,,8.370,1
2024-05-10T14:29:00Z,222.08,111.04,-111.04,,8.389,1
2024-05-10T14:30:00Z,222.50,111.25,-111.25,,8.408,1
2024-05-10T14:31:00Z,222.92,111.46,-111.46,,8.427,1
2024-05-10T14:32:00Z,223.33,111.67,-111.67,,8.446,1
2024-05-10T14:33:00Z,223.75,111.88,-111.88,,8.465,1
2024-05-10T14:34:00Z,224.17,112.08,-112.08,,8.484,1
2024-05-10T14:35:00Z,224.58,112.29,-112.29,,8.503,1
2024-05-10T14:36:00Z,225.00,112.50,-112.50,,8.522,1
2024-05-10T14:37:00Z,225.42,112.71,-112.71,,8.541,1
2024-05-10T14:38:00Z,225.83,112.92,-112.92,,8.560,1
2024-05-10T14:39:00Z,226.25,113.12,-113.12,,8.579,1
2024-05-10T14:40:00Z,226.67,113.33,-113.33,,8.598,1
2024-05-10T14:41:00Z,227.08,113.54,-113.54,,8.617,1
2024-05-10T14:42:00Z,227.50,113.75,-113.75,,8.636,1
2024-05-10T14:43:00Z,227.92,113.96,-113.96,,8.656,1
2024-05-10T14:44:00Z,228.33,114.17,-114.17,,8.675,1
2024-05-10T14:45:00Z,228.75,114.38,-114.38,,8.694,1
2024-05-10T14:46:00Z,229.17,114.58,-114.58,,8.713,1
2024-05-10T14:47:00Z,229.58,114.79,-114.79,,8.732,1
2024-05-10T14:48:00Z,230.00,115.00,-115.00,,8.752,1
2024-05-10T14:49:00Z,230.42,115.21,-115.21,,8.771,1
2024-05-10T14:50:00Z,230.83,115.42,-115.42,,8.790,1
2024-05-10T14:51:00Z,231.25,115.62,-115.62,,8.809,1
2024-05-10T14:52:00Z,231.67,115.83,-115.83,,8.828,1
2024-05-10T14:53:00Z,232.08,116.04,-116.04,,8.848,1
2024-05-10T14:54:00Z,232.50,116.25,-116.25,,8.867,1
2024-05-10T14:55:00Z,232.92,116.46,-116.46,,8.886,1
2024-05-10T14:56:00Z,233.33,116.67,-116.67,,8.906,1
2024-05-10T14:57:00Z,233.75,116.88,-116.88,,8.925,1
2024-05-10T14:58:00Z,234.17,117.08,-117.08,,8.944,1
2024-05-10T14:59:00Z,234.58,117.29,-117.29,,8.964,1
2024-05-10T15:00:00Z,235.00,117.50,-117.50,,8.983,1
2024-05-10T15:01:00Z,235.42,117.71,-117.71,,9.002,1
2024-05-10T15:02:00Z,235.83,117.92,-117.92,,9.022,1
2024-05-10T15:03:00Z,236.25,118.12,-118.12,,9.041,1
2024-05-10T15:04:00Z,236.67,118.33,-118.33,,9.060,1
2024-05-10T15:05:00Z,237.08,118.54,-118.54,,9.080,1
2024-05-10T15:06:00Z,237.50,118.75,-118.75,,9.099,1
2024-05-10T15:07:00Z,237.92,118.96,-118.96,,9.119,1
2024-05-10T15:08:00Z,238.33,119.17,-119.17,,9.138,1
2024-05-10T15:09:00Z,238.75,119.38,-119.38,,9.158,1
2024-05-10T15:10:00Z,239.17,119.58,-119.58,,9.177,1
2024-05-10T15:11:00Z,239.58,119.79,-119.79,,9.197,1
2024-05-10T15:12:00Z,240.00,120.00,-120.00,,9.216,1
2024-05-10T15:13:00Z,240.42,120.21,-120.21,,9.236,1
2024-05-10T15:14:00Z,240.83,120.42,-120.42,,9.255,1
2024-05-10T15:15:00Z,241.25,120.62,-120.62,,9.275,1
2024-05-10T15:16:00Z,241.67,120.83,-120.83,,9.294,1
2024-05-10T15:17:00Z,242.08,121.04,-121.04,,9.314,1
2024-05-10T15:18:00Z,242.50,121.25,-121.25,,9.333,1
2024-05-10T15:19:00Z,242.92,121.46,-121.46,,9.353,1
2024-05-10T15:20:00Z,243.33,121.67,-121.67,,9.372,1
2024-05-10T15:21:00Z,243.75,121.88,-121.88,,9.392,1
2024-05-10T15:22:00Z,244.17,122.08,-122.08,,9.412,1
2024-05-10T15:23:00Z,244.58,122.29,-122.29,,9.431,1
2024-05-10T15:24:00Z,245.00,122.50,-122.50,,9.451,1
2024-05-10T15:25:00Z,245.42,122.71,-122.71,,9.471,1
2024-05-10T15:26:00Z,245.83,122.92,-122.92,,9.490,1
2024-05-10T15:27:00Z,246.25,123.12,-123.12,,9.510,1
2024-05-10T15:28:00Z,246.67,123.33,-123.33,,9.530,1
2024-05-10T15:29:00Z,247.08,123.54,-123.54,,9.549,1
2024-05-10T15:30:00Z,247.50,123.75,-123.75,,9.569,1
2024-05-10T15:31:00Z,247.92,123.96,-123.96,,9.589,1
2024-05-10T15:32:00Z,248.33,124.17,-124.17,,9.608,1
2024-05-10T15:33:00Z,248.75,124.38,-124.38,,9.628,1
2024-05-10T15:34:00Z,249.17,124.58,-124.58,,9.648,1
2024-05-10T15:35:00Z,249.58,124.79,-124.79,,9.668,1
2024-05-10T15:36:00Z,250.00,125.00,-125.00,,9.688,1
2024-05-10T15:37:00Z,250.42,125.21,-125.21,,9.707,1
2024-05-10T15:38:00Z,250.83,125.42,-125.42,,9.727,1
2024-05-10T15:39:00Z,251.25,125.62,-125.62,,9.747,1
2024-05-10T15:40:00Z,251.67,125.83,-125.83,,9.767,1
2024-05-10T15:41:00Z,252.08,126.04,-126.04,,9.787,1
2024-05-10T15:42:00Z,252.50,126.25,-126.25,,9.806,1
2024-05-10T15:43:00Z,252.92,126.46,-126.46,,9.826,1
2024-05-10T15:44:00Z,253.33,126.67,-126.67,,9.846,1
2024-05-10T15:45:00Z,253.75,126.88,-126.88,,9.866,1
2024-05-10T15:46:00Z,254.17,127.08,-127.08,,9.886,1
2024-05-10T15:47:00Z,254.58,127.29,-127.29,,9.906,1
2024-05-10T15:48:00Z,255.00,127.50,-127.50,,9.926,1
2024-05-10T15:49:00Z,255.42,127.71,-127.71,,9.946,1
2024-05-10T15:50:00Z,255.83,127.92,-127.92,,9.966,1
2024-05-10T15:51:00Z,256.25,128.12,-128.12,,9.986,1
2024-05-10T15:52:00Z,256.67,128.33,-128.33,,10.006,1
2024-05-10T15:53:00Z,257.08,128.54,-128.54,,10.026,1
2024-05-10T15:54:00Z,257.50,128.75,-128.75,,10.046,1
2024-05-10T15:55:00Z,257.92,128.96,-128.96,,10.066,1
2024-05-10T15:56:00Z,258.33,129.17,-129.17,,10.086,1
2024-05-10T15:57:00Z,258.75,129.38,-129.38,,10.106,1
2024-05-10T15:58:00Z,259.17,129.58,-129.58,,10.126,1
2024-05-10T15:59:00Z,259.58,129.79,-129.79,,10.146,1
2024-05-10T16:00:00Z,260.00,130.00,-130.00,,10.166,1
2024-05-10T16:01:00Z,261.17,130.58,-130.58,,10.222,1
2024-05-10T16:02:00Z,262.33,131.17,-131.17,,10.279,1
2024-05-10T16:03:00Z,263.50,131.75,-131.75,,10.335,1
2024-05-10T16:04:00Z,264.67,132.33,-132.33,,10.392,1
2024-05-10T16:05:00Z,265.83,132.92,-132.92,,10.448,1
2024-05-10T16:06:00Z,267.00,133.50,-133.50,,10.505,1
2024-05-10T16:07:00Z,268.17,134.08,-134.08,,10.562,1
2024-05-10T16:08:00Z,269.33,134.67,-134.67,,10.619,1
2024-05-10T16:09:00Z,270.50,135.25,-135.25,,10.676,1
2024-05-10T16:10:00Z,271.67,135.83,-135.83,,10.733,1
2024-05-10T16:11:00Z,272.83,136.42,-136.42,,10.790,1
2024-05-10T16:12:00Z,274.00,137.00,-137.00,,10.848,1
2024-05-10T16:13:00Z,275.17,137.58,-137.58,,10.905,1
2024-05-10T16:14:00Z,276.33,138.17,-138.17,,10.963,1
2024-05-10T16:15:00Z,277.50,138.75,-138.75,,11.020,1
2024-05-10T16:16:00Z,278.67,139.33,-139.33,,11.078,1
2024-05-10T16:17:00Z,279.83,139.92,-139.92,,11.136,1
2024-05-10T16:18:00Z,281.00,140.50,-140.50,,11.194,1
2024-05-10T16:19:00Z,282.17,141.08,-141.08,,11.252,1
2024-05-10T16:20:00Z,283.33,141.67,-141.67,,11.310,1
2024-05-10T16:21:00Z,284.50,142.25,-142.25,,11.368,1
2024-05-10T16:22:00Z,285.67,142.83,-142.83,,11.426,1
2024-05-10T16:23:00Z,286.83,143.42,-143.42,,11.485,1
2024-05-10T16:24:00Z,288.00,144.00,-144.00,,11.543,1
2024-05-10T16:25:00Z,289.17,144.58,-144.58,,11.602,1
2024-05-10T16:26:00Z,290.33,145.17,-145.17,,11.660,1
2024-05-10T16:27:00Z,291.50,145.75,-145.75,,11.719,1
2024-05-10T16:28:00Z,292.67,146.33,-146.33,,11.778,1
2024-05-10T16:29:00Z,293.83,146.92,-146.92,,11.837,1
2024-05-10T16:30:00Z,295.00,147.50,-147.50,,11.896,1
2024-05-10T16:31:00Z,296.17,148.08,-148.08,,11.955,1
2024-05-10T16:32:00Z,297.33,148.67,-148.67,,12.014,1
2024-05-10T16:33:00Z,298.50,149.25,-149.25,,12.074,1
2024-05-10T16:34:00Z,299.67,149.83,-149.83,,12.133,1
2024-05-10T16:35:00Z,300.83,150.42,-150.42,,12.193,1
2024-05-10T16:36:00Z,302.00,151.00,-151.00,,12.252,1
2024-05-10T16:37:00Z,303.17,151.58,-151.58,,12.312,1
2024-05-10T16:38:00Z,304.33,152.17,-152.17,,12.372,1
2024-05-10T16:39:00Z,305.50,152.75,-152.75,,12.432,1
2024-05-10T16:40:00Z,306.67,153.33,-153.33,,12.492,1
2024-05-10T16:41:00Z,307.83,153.92,-153.92,,12.552,1
2024-05-10T16:42:00Z,309.00,154.50,-154.50,,12.612,1
2024-05-10T16:43:00Z,310.17,155.08,-155.08,,12.672,1
2024-05-10T16:44:00Z,311.33,155.67,-155.67,,12.732,1
2024-05-10T16:45:00Z,312.50,156.25,-156.25,,12.793,1
2024-05-10T16:46:00Z,313.67,156.83,-156.83,,12.854,1
2024-05-10T16:47:00Z,314.83,157.42,-157.42,,12.914,1
2024-05-10T16:48:00Z,316.00,158.00,-158.00,,12.975,1
2024-05-10T16:49:00Z,317.17,158.58,-158.58,,13.036,1
2024-05-10T16:50:00Z,318.33,159.17,-159.17,,13.097,1
2024-05-10T16:51:00Z,319.50,159.75,-159.75,,13.158,1
2024-05-10T16:52:00Z,320.67,160.33,-160.33,,13.219,1
2024-05-10T16:53:00Z,321.83,160.92,-160.92,,13.280,1
2024-05-10T16:54:00Z,323.00,161.50,-161.50,,13.342,1
2024-05-10T16:55:00Z,324.17,162.08,-162.08,,13.403,1
2024-05-10T16:56:00Z,325.33,162.67,-162.67,,13.464,1
2024-05-10T16:57:00Z,326.50,163.25,-163.25,,13.526,1
2024-05-10T16:58:00Z,327.67,163.83,-163.83,,13.588,1
2024-05-10T16:59:00Z,328.83,164.42,-164.42,,13.650,1
2024-05-10T17:00:00Z,330.00,165.00,-165.00,,13.712,1
2024-05-10T17:01:00Z,337.67,168.83,-168.83,,14.121,1
2024-05-10T17:02:00Z,345.33,172.67,-172.67,,14.534,1
2024-05-10T17:03:00Z,353.00,176.50,-176.50,,14.951,1
2024-05-10T17:04:00Z,360.67,180.33,-180.33,,15.373,1
2024-05-10T17:05:00Z,368.33,184.17,-184.17,,15.798,1
2024-05-10T17:06:00Z,376.00,188.00,-188.00,,16.228,1
2024-05-10T17:07:00Z,383.67,191.83,-191.83,,16.662,1
2024-05-10T17:08:00Z,391.33,195.67,-195.67,,17.100,1
2024-05-10T17:09:00Z,399.00,199.50,-199.50,,17.542,1
2024-05-10T17:10:00Z,406.67,203.33,-203.33,,17.988,1
2024-05-10T17:11:00Z,414.33,207.17,-207.17,,18.439,1
2024-05-10T17:12:00Z,422.00,211.00,-211.00,,18.893,1
2024-05-10T17:13:00Z,429.67,214.83,-214.83,,19.351,1
2024-05-10T17:14:00Z,437.33,218.67,-218.67,,19.814,1
2024-05-10T17:15:00Z,445.00,222.50,-222.50,,20.281,1
2024-05-10T17:16:00Z,452.67,226.33,-226.33,,20.752,1
2024-05-10T17:17:00Z,460.33,230.17,-230.17,,21.227,1
2024-05-10T17:18:00Z,468.00,234.00,-234.00,,21.706,1
2024-05-10T17:19:00Z,475.67,237.83,-237.83,,22.189,1
2024-05-10T17:20:00Z,483.33,241.67,-241.67,,22.676,1
2024-05-10T17:21:00Z,491.00,245.50,-245.50,,23.168,1
2024-05-10T17:22:00Z,498.67,249.33,-249.33,,23.663,1
2024-05-10T17:23:00Z,506.33,253.17,-253.17,,24.163,1
2024-05-10T17:24:00Z,514.00,257.00,-257.00,,24.667,1
2024-05-10T17:25:00Z,521.67,260.83,-260.83,,25.175,1
2024-05-10T17:26:00Z,529.33,264.67,-264.67,,25.687,1
2024-05-10T17:27:00Z,537.00,268.50,-268.50,,26.203,1
2024-05-10T17:28:00Z,544.67,272.33,-272.33,,26.723,1
2024-05-10T17:29:00Z,552.33,276.17,-276.17,,27.248,1
2024-05-10T17:30:00Z,560.00,280.00,-280.00,,27.776,1
2024-05-10T17:31:00Z,574.00,287.33,-286.67,,28.752,1
2024-05-10T17:32:00Z,588.00,294.67,-293.33,,29.741,1
2024-05-10T17:33:00Z,602.00,302.00,-300.00,,30.744,1
2024-05-10T17:34:00Z,616.00,309.33,-306.67,,31.761,1
2024-05-10T17:35:00Z,630.00,316.67,-313.33,,32.791,1
2024-05-10T17:36:00Z,644.00,324.00,-320.00,,33.836,1
2024-05-10T17:37:00Z,658.00,331.33,-326.67,,34.894,1
2024-05-10T17:38:00Z,672.00,338.67,-333.33,,35.965,1
2024-05-10T17:39:00Z,686.00,346.00,-340.00,,37.051,1
2024-05-10T17:40:00Z,700.00,353.33,-346.67,,38.150,1
2024-05-10T17:41:00Z,714.00,360.67,-353.33,,39.263,1
2024-05-10T17:42:00Z,728.00,368.00,-360.00,,40.389,1
2024-05-10T17:43:00Z,742.00,375.33,-366.67,,41.530,1
2024-05-10T17:44:00Z,756.00,382.67,-373.33,,42.684,1
2024-05-10T17:45:00Z,770.00,390.00,-380.00,,43.852,1
2024-05-10T17:46:00Z,784.00,397.33,-386.67,,45.033,1
2024-05-10T17:47:00Z,798.00,404.67,-393.33,,46.228,1
2024-05-10T17:48:00Z,812.00,412.00,-400.00,,47.437,1
2024-05-10T17:49:00Z,826.00,419.33,-406.67,,48.660,1
2024-05-10T17:50:00Z,840.00,426.67,-413.33,,49.896,1
2024-05-10T17:51:00Z,854.00,434.00,-420.00,,51.146,1
2024-05-10T17:52:00Z,868.00,441.33,-426.67,,52.410,1
2024-05-10T17:53:00Z,882.00,448.67,-433.33,,53.687,1
2024-05-10T17:54:00Z,896.00,456.00,-440.00,,54.979,1
2024-05-10T17:55:00Z,910.00,463.33,-446.67,,56.283,1
2024-05-10T17:56:00Z,924.00,470.67,-453.33,,57.602,1
2024-05-10T17:57:00Z,938.00,478.00,-460.00,,58.935,1
2024-05-10T17:58:00Z,952.00,485.33,-466.67,,60.281,1
2024-05-10T17:59:00Z,966.00,492.67,-473.33,,61.640,1
2024-05-10T18:00:00Z,980.00,500.00,-480.00,,63.014,1
2024-05-10T18:01:00Z,992.00,506.00,-486.00,,64.202,1
2024-05-10T18:02:00Z,1004.00,512.00,-492.00,,65.401,1
2024-05-10T18:03:00Z,1016.00,518.00,-498.00,,66.609,1
2024-05-10T18:04:00Z,1028.00,524.00,-504.00,,67.827,1
2024-05-10T18:05:00Z,1040.00,530.00,-510.00,,69.056,1
2024-05-10T18:06:00Z,1052.00,536.00,-516.00,,70.295,1
2024-05-10T18:07:00Z,1064.00,542.00,-522.00,,71.543,1
2024-05-10T18:08:00Z,1076.00,548.00,-528.00,,72.802,1
2024-05-10T18:09:00Z,1088.00,554.00,-534.00,,74.071,1
2024-05-10T18:10:00Z,1100.00,560.00,-540.00,,75.350,1
2024-05-10T18:11:00Z,1112.00,566.00,-546.00,,76.639,1
2024-05-10T18:12:00Z,1124.00,572.00,-552.00,,77.938,1
2024-05-10T18:13:00Z,1136.00,578.00,-558.00,,79.247,1
2024-05-10T18:14:00Z,1148.00,584.00,-564.00,,80.567,1
2024-05-10T18:15:00Z,1160.00,590.00,-570.00,,81.896,1
2024-05-10T18:16:00Z,1172.00,596.00,-576.00,,83.235,1
2024-05-10T18:17:00Z,1184.00,602.00,-582.00,,84.585,1
2024-05-10T18:18:00Z,1196.00,608.00,-588.00,,85.945,1
2024-05-10T18:19:00Z,1208.00,614.00,-594.00,,87.314,1
2024-05-10T18:20:00Z,1220.00,620.00,-600.00,,88.694,1
2024-05-10T18:21:00Z,1232.00,626.00,-606.00,,90.084,1
2024-05-10T18:22:00Z,1244.00,632.00,-612.00,,91.484,1
2024-05-10T18:23:00Z,1256.00,638.00,-618.00,,92.894,1
2024-05-10T18:24:00Z,1268.00,644.00,-624.00,,94.314,1
2024-05-10T18:25:00Z,1280.00,650.00,-630.00,,95.744,1
2024-05-10T18:26:00Z,1292.00,656.00,-636.00,,97.184,1
2024-05-10T18:27:00Z,1304.00,662.00,-642.00,,98.635,1
2024-05-10T18:28:00Z,1316.00,668.00,-648.00,,100.095,1
2024-05-10T18:29:00Z,1328.00,674.00,-654.00,,101.565,1
2024-05-10T18:30:00Z,1340.00,680.00,-660.00,,103.046,1
2024-05-10T18:31:00Z,1352.00,686.00,-666.00,,104.537,1
2024-05-10T18:32:00Z,1364.00,692.00,-672.00,,106.037,1
2024-05-10T18:33:00Z,1376.00,698.00,-678.00,,107.548,1
2024-05-10T18:34:00Z,1388.00,704.00,-684.00,,109.069,1
2024-05-10T18:35:00Z,1400.00,710.00,-690.00,,110.600,1
2024-05-10T18:36:00Z,1412.00,716.00,-696.00,,112.141,1
2024-05-10T18:37:00Z,1424.00,722.00,-702.00,,113.692,1
2024-05-10T18:38:00Z,1436.00,728.00,-708.00,,115.253,1
2024-05-10T18:39:00Z,1448.00,734.00,-714.00,,116.825,1
2024-05-10T18:40:00Z,1460.00,740.00,-720.00,,118.406,1
2024-05-10T18:41:00Z,1472.00,746.00,-726.00,,119.997,1
2024-05-10T18:42:00Z,1484.00,752.00,-732.00,,121.599,1
2024-05-10T18:43:00Z,1496.00,758.00,-738.00,,123.211,1
2024-05-10T18:44:00Z,1508.00,764.00,-744.00,,124.832,1
2024-05-10T18:45:00Z,1520.00,770.00,-750.00,,126.464,1
2024-05-10T18:46:00Z,1532.00,776.00,-756.00,,128.106,1
2024-05-10T18:47:00Z,1544.00,782.00,-762.00,,129.758,1
2024-05-10T18:48:00Z,1556.00,788.00,-768.00,,131.420,1
2024-05-10T18:49:00Z,1568.00,794.00,-774.00,,133.092,1
2024-05-10T18:50:00Z,1580.00,800.00,-780.00,,134.774,1
2024-05-10T18:51:00Z,1592.00,806.00,-786.00,,136.466,1
2024-05-10T18:52:00Z,1604.00,812.00,-792.00,,138.169,1
2024-05-10T18:53:00Z,1616.00,818.00,-798.00,,139.881,1
2024-05-10T18:54:00Z,1628.00,824.00,-804.00,,141.603,1
2024-05-10T18:55:00Z,1640.00,830.00,-810.00,,143.336,1
2024-05-10T18:56:00Z,1652.00,836.00,-816.00,,145.079,1
2024-05-10T18:57:00Z,1664.00,842.00,-822.00,,146.831,1
2024-05-10T18:58:00Z,1676.00,848.00,-828.00,,148.594,1
2024-05-10T18:59:00Z,1688.00,854.00,-834.00,,150.367,1
2024-05-10T19:00:00Z,1700.00,860.00,-840.00,,152.150,1
2024-05-10T19:01:00Z,1708.33,864.17,-844.17,,153.394,1
2024-05-10T19:02:00Z,1716.67,868.33,-848.33,,154.643,1
2024-05-10T19:03:00Z,1725.00,872.50,-852.50,,155.897,1
2024-05-10T19:04:00Z,1733.33,876.67,-856.67,,157.156,1
2024-05-10T19:05:00Z,1741.67,880.83,-860.83,,158.419,1
2024-05-10T19:06:00Z,1750.00,885.00,-865.00,,159.688,1
2024-05-10T19:07:00Z,1758.33,889.17,-869.17,,160.961,1
2024-05-10T19:08:00Z,1766.67,893.33,-873.33,,162.239,1
2024-05-10T19:09:00Z,1775.00,897.50,-877.50,,163.522,1
2024-05-10T19:10:00Z,1783.33,901.67,-881.67,,164.810,1
2024-05-10T19:11:00Z,1791.67,905.83,-885.83,,166.102,1
2024-05-10T19:12:00Z,1800.00,910.00,-890.00,,167.400,1
2024-05-10T19:13:00Z,1808.33,914.17,-894.17,,168.702,1
2024-05-10T19:14:00Z,1816.67,918.33,-898.33,,170.010,1
2024-05-10T19:15:00Z,1825.00,922.50,-902.50,,171.322,1
2024-05-10T19:16:00Z,1833.33,926.67,-906.67,,172.639,1
2024-05-10T19:17:00Z,1841.67,930.83,-910.83,,173.961,1
2024-05-10T19:18:00Z,1850.00,935.00,-915.00,,175.287,1
2024-05-10T19:19:00Z,1858.33,939.17,-919.17,,176.619,1
2024-05-10T19:20:00Z,1866.67,943.33,-923.33,,177.956,1
2024-05-10T19:21:00Z,1875.00,947.50,-927.50,,179.297,1
2024-05-10T19:22:00Z,1883.33,951.67,-931.67,,180.643,1
2024-05-10T19:23:00Z,1891.67,955.83,-935.83,,181.994,1
2024-05-10T19:24:00Z,1900.00,960.00,-940.00,,183.350,1
2024-05-10T19:25:00Z,1908.33,964.17,-944.17,,184.711,1
2024-05-10T19:26:00Z,1916.67,968.33,-948.33,,186.076,1
2024-05-10T19:27:00Z,1925.00,972.50,-952.50,,187.447,1
2024-05-10T19:28:00Z,1933.33,976.67,-956.67,,188.822,1
2024-05-10T19:29:00Z,1941.67,980.83,-960.83,,190.202,1
2024-05-10T19:30:00Z,1950.00,985.00,-965.00,,191.587,1
2024-05-10T19:31:00Z,1958.33,989.17,-969.17,,192.977,1
2024-05-10T19:32:00Z,1966.67,993.33,-973.33,,194.372,1
2024-05-10T19:33:00Z,1975.00,997.50,-977.50,,195.772,1
2024-05-10T19:34:00Z,1983.33,1001.67,-981.67,,197.176,1
2024-05-10T19:35:00Z,1991.67,1005.83,-985.83,,198.586,1
2024-05-10T19:36:00Z,2000.00,1010.00,-990.00,,200.000,1
2024-05-10T19:37:00Z,2008.33,1014.17,-994.17,,201.419,1
2024-05-10T19:38:00Z,2016.67,1018.33,-998.33,,202.843,1
2024-05-10T19:39:00Z,2025.00,1022.50,-1002.50,,204.272,1
2024-05-10T19:40:00Z,2033.33,1026.67,-1006.67,,205.706,1
2024-05-10T19:41:00Z,2041.67,1030.83,-1010.83,,207.144,1
2024-05-10T19:42:00Z,2050.00,1035.00,-1015.00,,208.587,1
2024-05-10T19:43:00Z,2058.33,1039.17,-1019.17,,210.036,1
2024-05-10T19:44:00Z,2066.67,1043.33,-1023.33,,211.489,1
2024-05-10T19:45:00Z,2075.00,1047.50,-1027.50,,212.947,1
2024-05-10T19:46:00Z,2083.33,1051.67,-1031.67,,214.410,1
2024-05-10T19:47:00Z,2091.67,1055.83,-1035.83,,215.877,1
2024-05-10T19:48:00Z,2100.00,1060.00,-1040.00,,217.350,1
2024-05-10T19:49:00Z,2108.33,1064.17,-1044.17,,218.827,1
2024-05-10T19:50:00Z,2116.67,1068.33,-1048.33,,220.310,1
2024-05-10T19:51:00Z,2125.00,1072.50,-1052.50,,221.797,1
2024-05-10T19:52:00Z,2133.33,1076.67,-1056.67,,223.289,1
2024-05-10T19:53:00Z,2141.67,1080.83,-1060.83,,224.786,1
2024-05-10T19:54:00Z,2150.00,1085.00,-1065.00,,226.287,1
2024-05-10T19:55:00Z,2158.33,1089.17,-1069.17,,227.794,1
2024-05-10T19:56:00Z,2166.67,1093.33,-1073.33,,229.306,1
2024-05-10T19:57:00Z,2175.00,1097.50,-1077.50,,230.822,1
2024-05-10T19:58:00Z,2183.33,1101.67,-1081.67,,232.343,1
2024-05-10T19:59:00Z,2191.67,1105.83,-1085.83,,233.869,1
2024-05-10T20:00:00Z,2200.00,1110.00,-1090.00,,235.400,1
2024-05-10T20:01:00Z,2204.58,1112.25,-1092.33,,236.244,1
2024-05-10T20:02:00Z,2209.17,1114.50,-1094.67,,237.090,1
2024-05-10T20:03:00Z,2213.75,1116.75,-1097.00,,237.937,1
2024-05-10T20:04:00Z,2218.33,1119.00,-1099.33,,238.785,1
2024-05-10T20:05:00Z,2222.92,1121.25,-1101.67,,239.635,1
2024-05-10T20:06:00Z,2227.50,1123.50,-1104.00,,240.486,1
2024-05-10T20:07:00Z,2232.08,1125.75,-1106.33,,241.339,1
2024-05-10T20:08:00Z,2236.67,1128.00,-1108.67,,242.194,1
2024-05-10T20:09:00Z,2241.25,1130.25,-1111.00,,243.050,1
2024-05-10T20:10:00Z,2245.83,1132.50,-1113.33,,243.907,1
2024-05-10T20:11:00Z,2250.42,1134.75,-1115.67,,244.766,1
2024-05-10T20:12:00Z,2255.00,1137.00,-1118.00,,245.626,1
2024-05-10T20:13:00Z,2259.58,1139.25,-1120.33,,246.488,1
2024-05-10T20:14:00Z,2264.17,1141.50,-1122.67,,247.351,1
2024-05-10T20:15:00Z,2268.75,1143.75,-1125.00,,248.215,1
2024-05-10T20:16:00Z,2273.33,1146.00,-1127.33,,249.082,1
2024-05-10T20:17:00Z,2277.92,1148.25,-1129.67,,249.949,1
2024-05-10T20:18:00Z,2282.50,1150.50,-1132.00,,250.818,1
2024-05-10T20:19:00Z,2287.08,1152.75,-1134.33,,251.689,1
2024-05-10T20:20:00Z,2291.67,1155.00,-1136.67,,252.561,1
2024-05-10T20:21:00Z,2296.25,1157.25,-1139.00,,253.434,1
2024-05-10T20:22:00Z,2300.83,1159.50,-1141.33,,254.309,1
2024-05-10T20:23:00Z,2305.42,1161.75,-1143.67,,255.186,1
2024-05-10T20:24:00Z,2310.00,1164.00,-1146.00,,256.063,1
2024-05-10T20:25:00Z,2314.58,1166.25,-1148.33,,256.943,1
2024-05-10T20:26:00Z,2319.17,1168.50,-1150.67,,257.824,1
2024-05-10T20:27:00Z,2323.75,1170.75,-1153.00,,258.706,1
2024-05-10T20:28:00Z,2328.33,1173.00,-1155.33,,259.590,1
2024-05-10T20:29:00Z,2332.92,1175.25,-1157.67,,260.475,1
2024-05-10T20:30:00Z,2337.50,1177.50,-1160.00,,261.362,1
2024-05-10T20:31:00Z,2342.08,1179.75,-1162.33,,262.250,1
2024-05-10T20:32:00Z,2346.67,1182.00,-1164.67,,263.140,1
2024-05-10T20:33:00Z,2351.25,1184.25,-1167.00,,264.031,1
2024-05-10T20:34:00Z,2355.83,1186.50,-1169.33,,264.923,1
2024-05-10T20:35:00Z,2360.42,1188.75,-1171.67,,265.817,1
2024-05-10T20:36:00Z,2365.00,1191.00,-1174.00,,266.713,1
2024-05-10T20:37:00Z,2369.58,1193.25,-1176.33,,267.610,1
2024-05-10T20:38:00Z,2374.17,1195.50,-1178.67,,268.508,1
2024-05-10T20:39:00Z,2378.75,1197.75,-1181.00,,269.408,1
2024-05-10T20:40:00Z,2383.33,1200.00,-1183.33,,270.310,1
2024-05-10T20:41:00Z,2387.92,1202.25,-1185.67,,271.213,1
2024-05-10T20:42:00Z,2392.50,1204.50,-1188.00,,272.117,1
2024-05-10T20:43:00Z,2397.08,1206.75,-1190.33,,273.023,1
2024-05-10T20:44:00Z,2401.67,1209.00,-1192.67,,273.930,1
2024-05-10T20:45:00Z,2406.25,1211.25,-1195.00,,274.839,1
2024-05-10T20:46:00Z,2410.83,1213.50,-1197.33,,275.749,1
2024-05-10T20:47:00Z,2415.42,1215.75,-1199.67,,276.661,1
2024-05-10T20:48:00Z,2420.00,1218.00,-1202.00,,277.574,1
2024-05-10T20:49:00Z,2424.58,1220.25,-1204.33,,278.489,1
2024-05-10T20:50:00Z,2429.17,1222.50,-1206.67,,279.405,1
2024-05-10T20:51:00Z,2433.75,1224.75,-1209.00,,280.322,1
2024-05-10T20:52:00Z,2438.33,1227.00,-1211.33,,281.241,1
2024-05-10T20:53:00Z,2442.92,1229.25,-1213.67,,282.162,1
2024-05-10T20:54:00Z,2447.50,1231.50,-1216.00,,283.084,1
2024-05-10T20:55:00Z,2452.08,1233.75,-1218.33,,284.007,1
2024-05-10T20:56:00Z,2456.67,1236.00,-1220.67,,284.932,1
2024-05-10T20:57:00Z,2461.25,1238.25,-1223.00,,285.859,1
2024-05-10T20:58:00Z,2465.83,1240.50,-1225.33,,286.787,1
2024-05-10T20:59:00Z,2470.42,1242.75,-1227.67,,287.716,1
2024-05-10T21:00:00Z,2475.00,1245.00,-1230.00,,288.647,1
2024-05-10T21:01:00Z,2479.58,1247.25,-1232.33,,289.579,1
2024-05-10T21:02:00Z,2484.17,1249.50,-1234.67,,290.513,1
2024-05-10T21:03:00Z,2488.75,1251.75,-1237.00,,291.448,1
2024-05-10T21:04:00Z,2493.33,1254.00,-1239.33,,292.385,1
2024-05-10T21:05:00Z,2497.92,1256.25,-1241.67,,293.323,1
2024-05-10T21:06:00Z,2502.50,1258.50,-1244.00,,294.263,1
2024-05-10T21:07:00Z,2507.08,1260.75,-1246.33,,295.204,1
2024-05-10T21:08:00Z,2511.67,1263.00,-1248.67,,296.146,1
2024-05-10T21:09:00Z,2516.25,1265.25,-1251.00,,297.090,1
2024-05-10T21:10:00Z,2520.83,1267.50,-1253.33,,298.036,1
2024-05-10T21:11:00Z,2525.42,1269.75,-1255.67,,298.983,1
2024-05-10T21:12:00Z,2530.00,1272.00,-1258.00,,299.931,1
2024-05-10T21:13:00Z,2534.58,1274.25,-1260.33,,300.881,1
2024-05-10T21:14:00Z,2539.17,1276.50,-1262.67,,301.833,1
2024-05-10T21:15:00Z,2543.75,1278.75,-1265.00,,302.786,1
2024-05-10T21:16:00Z,2548.33,1281.00,-1267.33,,303.740,1
2024-05-10T21:17:00Z,2552.92,1283.25,-1269.67,,304.696,1
2024-05-10T21:18:00Z,2557.50,1285.50,-1272.00,,305.653,1
2024-05-10T21:19:00Z,2562.08,1287.75,-1274.33,,306.612,1
2024-05-10T21:20:00Z,2566.67,1290.00,-1276.67,,307.572,1
2024-05-10T21:21:00Z,2571.25,1292.25,-1279.00,,308.534,1
2024-05-10T21:22:00Z,2575.83,1294.50,-1281.33,,309.497,1
2024-05-10T21:23:00Z,2580.42,1296.75,-1283.67,,310.462,1
2024-05-10T21:24:00Z,2585.00,1299.00,-1286.00,,311.428,1
2024-05-10T21:25:00Z,2589.58,1301.25,-1288.33,,312.395,1
2024-05-10T21:26:00Z,2594.17,1303.50,-1290.67,,313.365,1
2024-05-10T21:27:00Z,2598.75,1305.75,-1293.00,,314.335,1
2024-05-10T21:28:00Z,2603.33,1308.00,-1295.33,,315.307,1
2024-05-10T21:29:00Z,2607.92,1310.25,-1297.67,,316.281,1
2024-05-10T21:30:00Z,2612.50,1312.50,-1300.00,,317.255,1
2024-05-10T21:31:00Z,2617.08,1314.75,-1302.33,,318.232,1
2024-05-10T21:32:00Z,2621.67,1317.00,-1304.67,,319.210,1
2024-05-10T21:33:00Z,2626.25,1319.25,-1307.00,,320.189,1
2024-05-10T21:34:00Z,2630.83,1321.50,-1309.33,,321.170,1
2024-05-10T21:35:00Z,2635.42,1323.75,-1311.67,,322.152,1
2024-05-10T21:36:00Z,2640.00,1326.00,-1314.00,,323.136,1
2024-05-10T21:37:00Z,2644.58,1328.25,-1316.33,,324.121,1
2024-05-10T21:38:00Z,2649.17,1330.50,-1318.67,,325.108,1
2024-05-10T21:39:00Z,2653.75,1332.75,-1321.00,,326.096,1
2024-05-10T21:40:00Z,2658.33,1335.00,-1323.33,,327.086,1
2024-05-10T21:41:00Z,2662.92,1337.25,-1325.67,,328.077,1
2024-05-10T21:42:00Z,2667.50,1339.50,-1328.00,,329.069,1
2024-05-10T21:43:00Z,2672.08,1341.75,-1330.33,,330.064,1
2024-05-10T21:44:00Z,2676.67,1344.00,-1332.67,,331.059,1
2024-05-10T21:45:00Z,2681.25,1346.25,-1335.00,,332.056,1
2024-05-10T21:46:00Z,2685.83,1348.50,-1337.33,,333.055,1
2024-05-10T21:47:00Z,2690.42,1350.75,-1339.67,,334.054,1
2024-05-10T21:48:00Z,2695.00,1353.00,-1342.00,,335.056,1
2024-05-10T21:49:00Z,2699.58,1355.25,-1344.33,,336.059,1
2024-05-10T21:50:00Z,2704.17,1357.50,-1346.67,,337.063,1
2024-05-10T21:51:00Z,2708.75,1359.75,-1349.00,,338.069,1
2024-05-10T21:52:00Z,2713.33,1362.00,-1351.33,,339.076,1
2024-05-10T21:53:00Z,2717.92,1364.25,-1353.67,,340.085,1
2024-05-10T21:54:00Z,2722.50,1366.50,-1356.00,,341.095,1
2024-05-10T21:55:00Z,2727.08,1368.75,-1358.33,,342.107,1
2024-05-10T21:56:00Z,2731.67,1371.00,-1360.67,,343.120,1
2024-05-10T21:57:00Z,2736.25,1373.25,-1363.00,,344.135,1
2024-05-10T21:58:00Z,2740.83,1375.50,-1365.33,,345.151,1
2024-05-10T21:59:00Z,2745.42,1377.75,-1367.67,,346.168,1
2024-05-10T22:00:00Z,2750.00,1380.00,-1370.00,,347.187,1
2024-05-10T22:01:00Z,2754.58,1382.25,-1372.33,,348.208,1
2024-05-10T22:02:00Z,2759.17,1384.50,-1374.67,,349.230,1
2024-05-10T22:03:00Z,2763.75,1386.75,-1377.00,,350.253,1
2024-05-10T22:04:00Z,2768.33,1389.00,-1379.33,,351.278,1
2024-05-10T22:05:00Z,2772.92,1391.25,-1381.67,,352.305,1
2024-05-10T22:06:00Z,2777.50,1393.50,-1384.00,,353.333,1
2024-05-10T22:07:00Z,2782.08,1395.75,-1386.33,,354.362,1
2024-05-10T22:08:00Z,2786.67,1398.00,-1388.67,,355.393,1
2024-05-10T22:09:00Z,2791.25,1400.25,-1391.00,,356.425,1
2024-05-10T22:10:00Z,2795.83,1402.50,-1393.33,,357.459,1
2024-05-10T22:11:00Z,2800.42,1404.75,-1395.67,,358.494,1
2024-05-10T22:12:00Z,2805.00,1407.00,-1398.00,,359.531,1
2024-05-10T22:13:00Z,2809.58,1409.25,-1400.33,,360.569,1
2024-05-10T22:14:00Z,2814.17,1411.50,-1402.67,,361.609,1
2024-05-10T22:15:00Z,2818.75,1413.75,-1405.00,,362.650,1
2024-05-10T22:16:00Z,2823.33,1416.00,-1407.33,,363.692,1
2024-05-10T22:17:00Z,2827.92,1418.25,-1409.67,,364.736,1
2024-05-10T22:18:00Z,2832.50,1420.50,-1412.00,,365.782,1
2024-05-10T22:19:00Z,2837.08,1422.75,-1414.33,,366.829,1
2024-05-10T22:20:00Z,2841.67,1425.00,-1416.67,,367.877,1
2024-05-10T22:21:00Z,2846.25,1427.25,-1419.00,,368.927,1
2024-05-10T22:22:00Z,2850.83,1429.50,-1421.33,,369.979,1
2024-05-10T22:23:00Z,2855.42,1431.75,-1423.67,,371.032,1
2024-05-10T22:24:00Z,2860.00,1434.00,-1426.00,,372.086,1
2024-05-10T22:25:00Z,2864.58,1436.25,-1428.33,,373.142,1
2024-05-10T22:26:00Z,2869.17,1438.50,-1430.67,,374.199,1
2024-05-10T22:27:00Z,2873.75,1440.75,-1433.00,,375.258,1
2024-05-10T22:28:00Z,2878.33,1443.00,-1435.33,,376.318,1
2024-05-10T22:29:00Z,2882.92,1445.25,-1437.67,,377.380,1
2024-05-10T22:30:00Z,2887.50,1447.50,-1440.00,,378.443,1
2024-05-10T22:31:00Z,2892.08,1449.75,-1442.33,,379.508,1
2024-05-10T22:32:00Z,2896.67,1452.00,-1444.67,,380.574,1
2024-05-10T22:33:00Z,2901.25,1454.25,-1447.00,,381.641,1
2024-05-10T22:34:00Z,2905.83,1456.50,-1449.33,,382.710,1
2024-05-10T22:35:00Z,2910.42,1458.75,-1451.67,,383.781,1
2024-05-10T22:36:00Z,2915.00,1461.00,-1454.00,,384.853,1
2024-05-10T22:37:00Z,2919.58,1463.25,-1456.33,,385.926,1
2024-05-10T22:38:00Z,2924.17,1465.50,-1458.67,,387.001,1
2024-05-10T22:39:00Z,2928.75,1467.75,-1461.00,,388.078,1
2024-05-10T22:40:00Z,2933.33,1470.00,-1463.33,,389.156,1
2024-05-10T22:41:00Z,2937.92,1472.25,-1465.67,,390.235,1
2024-05-10T22:42:00Z,2942.50,1474.50,-1468.00,,391.316,1
2024-05-10T22:43:00Z,2947.08,1476.75,-1470.33,,392.398,1
2024-05-10T22:44:00Z,2951.67,1479.00,-1472.67,,393.482,1
2024-05-10T22:45:00Z,2956.25,1481.25,-1475.00,,394.567,1
2024-05-10T22:46:00Z,2960.83,1483.50,-1477.33,,395.654,1
2024-05-10T22:47:00Z,2965.42,1485.75,-1479.67,,396.742,1
2024-05-10T22:48:00Z,2970.00,1488.00,-1482.00,,397.832,1
2024-05-10T22:49:00Z,2974.58,1490.25,-1484.33,,398.923,1
2024-05-10T22:50:00Z,2979.17,1492.50,-1486.67,,400.015,1
2024-05-10T22:51:00Z,2983.75,1494.75,-1489.00,,401.109,1
2024-05-10T22:52:00Z,2988.33,1497.00,-1491.33,,402.205,1
2024-05-10T22:53:00Z,2992.92,1499.25,-1493.67,,403.302,1
2024-05-10T22:54:00Z,2997.50,1501.50,-1496.00,,404.400,1
2024-05-10T22:55:00Z,3002.08,1503.75,-1498.33,,405.500,1
2024-05-10T22:56:00Z,3006.67,1506.00,-1500.67,,406.602,1
2024-05-10T22:57:00Z,3011.25,1508.25,-1503.00,,407.704,1
2024-05-10T22:58:00Z,3015.83,1510.50,-1505.33,,408.809,1
2024-05-10T22:59:00Z,3020.42,1512.75,-1507.67,,409.915,1
2024-05-10T23:00:00Z,3025.00,1515.00,-1510.00,,411.022,1
2024-05-10T23:01:00Z,3029.58,1517.25,-1512.33,,412.131,1
2024-05-10T23:02:00Z,3034.17,1519.50,-1514.67,,413.241,1
2024-05-10T23:03:00Z,3038.75,1521.75,-1517.00,,414.353,1
2024-05-10T23:04:00Z,3043.33,1524.00,-1519.33,,415.466,1
2024-05-10T23:05:00Z,3047.92,1526.25,-1521.67,,416.580,1
2024-05-10T23:06:00Z,3052.50,1528.50,-1524.00,,417.696,1
2024-05-10T23:07:00Z,3057.08,1530.75,-1526.33,,418.814,1
2024-05-10T23:08:00Z,3061.67,1533.00,-1528.67,,419.933,1
2024-05-10T23:09:00Z,3066.25,1535.25,-1531.00,,421.054,1
2024-05-10T23:10:00Z,3070.83,1537.50,-1533.33,,422.176,1
2024-05-10T23:11:00Z,3075.42,1539.75,-1535.67,,423.299,1
2024-05-10T23:12:00Z,3080.00,1542.00,-1538.00,,424.424,1
2024-05-10T23:13:00Z,3084.58,1544.25,-1540.33,,425.550,1
2024-05-10T23:14:00Z,3089.17,1546.50,-1542.67,,426.678,1
2024-05-10T23:15:00Z,3093.75,1548.75,-1545.00,,427.808,1
2024-05-10T23:16:00Z,3098.33,1551.00,-1547.33,,428.938,1
2024-05-10T23:17:00Z,3102.92,1553.25,-1549.67,,430.071,1
2024-05-10T23:18:00Z,3107.50,1555.50,-1552.00,,431.204,1
2024-05-10T23:19:00Z,3112.08,1557.75,-1554.33,,432.340,1
2024-05-10T23:20:00Z,3116.67,1560.00,-1556.67,,433.476,1
2024-05-10T23:21:00Z,3121.25,1562.25,-1559.00,,434.615,1
2024-05-10T23:22:00Z,3125.83,1564.50,-1561.33,,435.754,1
2024-05-10T23:23:00Z,3130.42,1566.75,-1563.67,,436.895,1
2024-05-10T23:24:00Z,3135.00,1569.00,-1566.00,,438.038,1
2024-05-10T23:25:00Z,3139.58,1571.25,-1568.33,,439.182,1
2024-05-10T23:26:00Z,3144.17,1573.50,-1570.67,,440.327,1
2024-05-10T23:27:00Z,3148.75,1575.75,-1573.00,,441.474,1
2024-05-10T23:28:00Z,3153.33,1578.00,-1575.33,,442.623,1
2024-05-10T23:29:00Z,3157.92,1580.25,-1577.67,,443.773,1
2024-05-10T23:30:00Z,3162.50,1582.50,-1580.00,,444.924,1
2024-05-10T23:31:00Z,3167.08,1584.75,-1582.33,,446.077,1
2024-05-10T23:32:00Z,3171.67,1587.00,-1584.67,,447.231,1
2024-05-10T23:33:00Z,3176.25,1589.25,-1587.00,,448.387,1
2024-05-10T23:34:00Z,3180.83,1591.50,-1589.33,,449.545,1
2024-05-10T23:35:00Z,3185.42,1593.75,-1591.67,,450.703,1
2024-05-10T23:36:00Z,3190.00,1596.00,-1594.00,,451.863,1
2024-05-10T23:37:00Z,3194.58,1598.25,-1596.33,,453.025,1
2024-05-10T23:38:00Z,3199.17,1600.50,-1598.67,,454.188,1
2024-05-10T23:39:00Z,3203.75,1602.75,-1601.00,,455.353,1
2024-05-10T23:40:00Z,3208.33,1605.00,-1603.33,,456.519,1
2024-05-10T23:41:00Z,3212.92,1607.25,-1605.67,,457.687,1
2024-05-10T23:42:00Z,3217.50,1609.50,-1608.00,,458.856,1
2024-05-10T23:43:00Z,3222.08,1611.75,-1610.33,,460.026,1
2024-05-10T23:44:00Z,3226.67,1614.00,-1612.67,,461.198,1
2024-05-10T23:45:00Z,3231.25,1616.25,-1615.00,,462.372,1
2024-05-10T23:46:00Z,3235.83,1618.50,-1617.33,,463.547,1
2024-05-10T23:47:00Z,3240.42,1620.75,-1619.67,,464.723,1
2024-05-10T23:48:00Z,3245.00,1623.00,-1622.00,,465.901,1
2024-05-10T23:49:00Z,3249.58,1625.25,-1624.33,,467.080,1
2024-05-10T23:50:00Z,3254.17,1627.50,-1626.67,,468.261,1
2024-05-10T23:51:00Z,3258.75,1629.75,-1629.00,,469.443,1
2024-05-10T23:52:00Z,3263.33,1632.00,-1631.33,,470.627,1
2024-05-10T23:53:00Z,3267.92,1634.25,-1633.67,,471.812,1
2024-05-10T23:54:00Z,3272.50,1636.50,-1636.00,,472.999,1
2024-05-10T23:55:00Z,3277.08,1638.75,-1638.33,,474.187,1
2024-05-10T23:56:00Z,3281.67,1641.00,-1640.67,,475.377,1
2024-05-10T23:57:00Z,3286.25,1643.25,-1643.00,,476.568,1
2024-05-10T23:58:00Z,3290.83,1645.50,-1645.33,,477.760,1
2024-05-10T23:59:00Z,3295.42,1647.75,-1647.67,,478.954,1
2024-05-11T00:00:00Z,3300.00,1650.00,-1650.00,,480.150,1
2024-05-11T00:01:00Z,3302.92,1651.50,-1651.42,,480.912,1
2024-05-11T00:02:00Z,3305.83,1653.00,-1652.83,,481.674,1
2024-05-11T00:03:00Z,3308.75,1654.50,-1654.25,,482.436,1
2024-05-11T00:04:00Z,3311.67,1656.00,-1655.67,,483.200,1
2024-05-11T00:05:00Z,3314.58,1657.50,-1657.08,,483.964,1
2024-05-11T00:06:00Z,3317.50,1659.00,-1658.50,,484.728,1
2024-05-11T00:07:00Z,3320.42,1660.50,-1659.92,,485.493,1
2024-05-11T00:08:00Z,3323.33,1662.00,-1661.33,,486.259,1
2024-05-11T00:09:00Z,3326.25,1663.50,-1662.75,,487.025,1
2024-05-11T00:10:00Z,3329.17,1665.00,-1664.17,,487.792,1
2024-05-11T00:11:00Z,3332.08,1666.50,-1665.58,,488.560,1
2024-05-11T00:12:00Z,3335.00,1668.00,-1667.00,,489.328,1
2024-05-11T00:13:00Z,3337.92,1669.50,-1668.42,,490.097,1
2024-05-11T00:14:00Z,3340.83,1671.00,-1669.83,,490.866,1
2024-05-11T00:15:00Z,3343.75,1672.50,-1671.25,,491.636,1
2024-05-11T00:16:00Z,3346.67,1674.00,-1672.67,,492.406,1
2024-05-11T00:17:00Z,3349.58,1675.50,-1674.08,,493.177,1
2024-05-11T00:18:00Z,3352.50,1677.00,-1675.50,,493.949,1
2024-05-11T00:19:00Z,3355.42,1678.50,-1676.92,,494.721,1
2024-05-11T00:20:00Z,3358.33,1680.00,-1678.33,,495.494,1
2024-05-11T00:21:00Z,3361.25,1681.50,-1679.75,,496.268,1
2024-05-11T00:22:00Z,3364.17,1683.00,-1681.17,,497.042,1
2024-05-11T00:23:00Z,3367.08,1684.50,-1682.58,,497.816,1
2024-05-11T00:24:00Z,3370.00,1686.00,-1684.00,,498.591,1
2024-05-11T00:25:00Z,3372.92,1687.50,-1685.42,,499.367,1
2024-05-11T00:26:00Z,3375.83,1689.00,-1686.83,,500.144,1
2024-05-11T00:27:00Z,3378.75,1690.50,-1688.25,,500.921,1
2024-05-11T00:28:00Z,3381.67,1692.00,-1689.67,,501.698,1
2024-05-11T00:29:00Z,3384.58,1693.50,-1691.08,,502.477,1
2024-05-11T00:30:00Z,3387.50,1695.00,-1692.50,,503.255,1
2024-05-11T00:31:00Z,3390.42,1696.50,-1693.92,,504.035,1
2024-05-11T00:32:00Z,3393.33,1698.00,-1695.33,,504.815,1
2024-05-11T00:33:00Z,3396.25,1699.50,-1696.75,,505.595,1
2024-05-11T00:34:00Z,3399.17,1701.00,-1698.17,,506.377,1
2024-05-11T00:35:00Z,3402.08,1702.50,-1699.58,,507.158,1
2024-05-11T00:36:00Z,3405.00,1704.00,-1701.00,,507.941,1
2024-05-11T00:37:00Z,3407.92,1705.50,-1702.42,,508.724,1
2024-05-11T00:38:00Z,3410.83,1707.00,-1703.83,,509.507,1
2024-05-11T00:39:00Z,3413.75,1708.50,-1705.25,,510.292,1
2024-05-11T00:40:00Z,3416.67,1710.00,-1706.67,,511.076,1
2024-05-11T00:41:00Z,3419.58,1711.50,-1708.08,,511.862,1
2024-05-11T00:42:00Z,3422.50,1713.00,-1709.50,,512.648,1
2024-05-11T00:43:00Z,3425.42,1714.50,-1710.92,,513.434,1
2024-05-11T00:44:00Z,3428.33,1716.00,-1712.33,,514.221,1
2024-05-11T00:45:00Z,3431.25,1717.50,-1713.75,,515.009,1
2024-05-11T00:46:00Z,3434.17,1719.00,-1715.17,,515.798,1
2024-05-11T00:47:00Z,3437.08,1720.50,-1716.58,,516.586,1
2024-05-11T00:48:00Z,3440.00,1722.00,-1718.00,,517.376,1
2024-05-11T00:49:00Z,3442.92,1723.50,-1719.42,,518.166,1
2024-05-11T00:50:00Z,3445.83,1725.00,-1720.83,,518.957,1
2024-05-11T00:51:00Z,3448.75,1726.50,-1722.25,,519.748,1
2024-05-11T00:52:00Z,3451.67,1728.00,-1723.67,,520.540,1
2024-05-11T00:53:00Z,3454.58,1729.50,-1725.08,,521.333,1
2024-05-11T00:54:00Z,3457.50,1731.00,-1726.50,,522.126,1
2024-05-11T00:55:00Z,3460.42,1732.50,-1727.92,,522.919,1
2024-05-11T00:56:00Z,3463.33,1734.00,-1729.33,,523.714,1
2024-05-11T00:57:00Z,3466.25,1735.50,-1730.75,,524.509,1
2024-05-11T00:58:00Z,3469.17,1737.00,-1732.17,,525.304,1
2024-05-11T00:59:00Z,3472.08,1738.50,-1733.58,,526.100,1
2024-05-11T01:00:00Z,3475.00,1740.00,-1735.00,,526.897,1
2024-05-11T01:01:00Z,3477.92,1741.50,-1736.42,,527.694,1
2024-05-11T01:02:00Z,3480.83,1743.00,-1737.83,,528.492,1
2024-05-11T01:03:00Z,3483.75,1744.50,-1739.25,,529.290,1
2024-05-11T01:04:00Z,3486.67,1746.00,-1740.67,,530.090,1
2024-05-11T01:05:00Z,3489.58,1747.50,-1742.08,,530.889,1
2024-05-11T01:06:00Z,3492.50,1749.00,-1743.50,,531.689,1
2024-05-11T01:07:00Z,3495.42,1750.50,-1744.92,,532.490,1
2024-05-11T01:08:00Z,3498.33,1752.00,-1746.33,,533.292,1
2024-05-11T01:09:00Z,3501.25,1753.50,-1747.75,,534.094,1
2024-05-11T01:10:00Z,3504.17,1755.00,-1749.17,,534.896,1
2024-05-11T01:11:00Z,3507.08,1756.50,-1750.58,,535.700,1
2024-05-11T01:12:00Z,3510.00,1758.00,-1752.00,,536.503,1
2024-05-11T01:13:00Z,3512.92,1759.50,-1753.42,,537.308,1
2024-05-11T01:14:00Z,3515.83,1761.00,-1754.83,,538.113,1
2024-05-11T01:15:00Z,3518.75,1762.50,-1756.25,,538.919,1
2024-05-11T01:16:00Z,3521.67,1764.00,-1757.67,,539.725,1
2024-05-11T01:17:00Z,3524.58,1765.50,-1759.08,,540.532,1
2024-05-11T01:18:00Z,3527.50,1767.00,-1760.50,,541.339,1
2024-05-11T01:19:00Z,3530.42,1768.50,-1761.92,,542.147,1
2024-05-11T01:20:00Z,3533.33,1770.00,-1763.33,,542.956,1
2024-05-11T01:21:00Z,3536.25,1771.50,-1764.75,,543.765,1
2024-05-11T01:22:00Z,3539.17,1773.00,-1766.17,,544.575,1
2024-05-11T01:23:00Z,3542.08,1774.50,-1767.58,,545.385,1
2024-05-11T01:24:00Z,3545.00,1776.00,-1769.00,,546.196,1
2024-05-11T01:25:00Z,3547.92,1777.50,-1770.42,,547.007,1
2024-05-11T01:26:00Z,3550.83,1779.00,-1771.83,,547.820,1
2024-05-11T01:27:00Z,3553.75,1780.50,-1773.25,,548.632,1
2024-05-11T01:28:00Z,3556.67,1782.00,-1774.67,,549.446,1
2024-05-11T01:29:00Z,3559.58,1783.50,-1776.08,,550.260,1
2024-05-11T01:30:00Z,3562.50,1785.00,-1777.50,,551.074,1
2024-05-11T01:31:00Z,3565.42,1786.50,-1778.92,,551.889,1
2024-05-11T01:32:00Z,3568.33,1788.00,-1780.33,,552.705,1
2024-05-11T01:33:00Z,3571.25,1789.50,-1781.75,,553.521,1
2024-05-11T01:34:00Z,3574.17,1791.00,-1783.17,,554.338,1
2024-05-11T01:35:00Z,3577.08,1792.50,-1784.58,,555.156,1
2024-05-11T01:36:00Z,3580.00,1794.00,-1786.00,,555.974,1
2024-05-11T01:37:00Z,3582.92,1795.50,-1787.42,,556.793,1
2024-05-11T01:38:00Z,3585.83,1797.00,-1788.83,,557.612,1
2024-05-11T01:39:00Z,3588.75,1798.50,-1790.25,,558.432,1
2024-05-11T01:40:00Z,3591.67,1800.00,-1791.67,,559.252,1
2024-05-11T01:41:00Z,3594.58,1801.50,-1793.08,,560.074,1
2024-05-11T01:42:00Z,3597.50,1803.00,-1794.50,,560.895,1
2024-05-11T01:43:00Z,3600.42,1804.50,-1795.92,,561.718,1
2024-05-11T01:44:00Z,3603.33,1806.00,-1797.33,,562.540,1
2024-05-11T01:45:00Z,3606.25,1807.50,-1798.75,,563.364,1
2024-05-11T01:46:00Z,3609.17,1809.00,-1800.17,,564.188,1
2024-05-11T01:47:00Z,3612.08,1810.50,-1801.58,,565.013,1
2024-05-11T01:48:00Z,3615.00,1812.00,-1803.00,,565.838,1
2024-05-11T01:49:00Z,3617.92,1813.50,-1804.42,,566.664,1
2024-05-11T01:50:00Z,3620.83,1815.00,-1805.83,,567.490,1
2024-05-11T01:51:00Z,3623.75,1816.50,-1807.25,,568.317,1
2024-05-11T01:52:00Z,3626.67,1818.00,-1808.67,,569.145,1
2024-05-11T01:53:00Z,3629.58,1819.50,-1810.08,,569.973,1
2024-05-11T01:54:00Z,3632.50,1821.00,-1811.50,,570.802,1
2024-05-11T01:55:00Z,3635.42,1822.50,-1812.92,,571.631,1
2024-05-11T01:56:00Z,3638.33,1824.00,-1814.33,,572.461,1
2024-05-11T01:57:00Z,3641.25,1825.50,-1815.75,,573.292,1
2024-05-11T01:58:00Z,3644.17,1827.00,-1817.17,,574.123,1
2024-05-11T01:59:00Z,3647.08,1828.50,-1818.58,,574.955,1
2024-05-11T02:00:00Z,3650.00,1830.00,-1820.00,,575.788,1
2024-05-11T02:01:00Z,3651.67,1830.83,-1820.83,,576.263,1
2024-05-11T02:02:00Z,3653.33,1831.67,-1821.67,,576.740,1
2024-05-11T02:03:00Z,3655.00,1832.50,-1822.50,,577.216,1
2024-05-11T02:04:00Z,3656.67,1833.33,-1823.33,,577.692,1
2024-05-11T02:05:00Z,3658.33,1834.17,-1824.17,,578.169,1
2024-05-11T02:06:00Z,3660.00,1835.00,-1825.00,,578.646,1
2024-05-11T02:07:00Z,3661.67,1835.83,-1825.83,,579.123,1
2024-05-11T02:08:00Z,3663.33,1836.67,-1826.67,,579.600,1
2024-05-11T02:09:00Z,3665.00,1837.50,-1827.50,,580.078,1
2024-05-11T02:10:00Z,3666.67,1838.33,-1828.33,,580.556,1
2024-05-11T02:11:00Z,3668.33,1839.17,-1829.17,,581.033,1
2024-05-11T02:12:00Z,3670.00,1840.00,-1830.00,,581.511,1
2024-05-11T02:13:00Z,3671.67,1840.83,-1830.83,,581.990,1
2024-05-11T02:14:00Z,3673.33,1841.67,-1831.67,,582.468,1
2024-05-11T02:15:00Z,3675.00,1842.50,-1832.50,,582.947,1
2024-05-11T02:16:00Z,3676.67,1843.33,-1833.33,,583.426,1
2024-05-11T02:17:00Z,3678.33,1844.17,-1834.17,,583.905,1
2024-05-11T02:18:00Z,3680.00,1845.00,-1835.00,,584.384,1
2024-05-11T02:19:00Z,3681.67,1845.83,-1835.83,,584.863,1
2024-05-11T02:20:00Z,3683.33,1846.67,-1836.67,,585.343,1
2024-05-11T02:21:00Z,3685.00,1847.50,-1837.50,,585.823,1
2024-05-11T02:22:00Z,3686.67,1848.33,-1838.33,,586.303,1
2024-05-11T02:23:00Z,3688.33,1849.17,-1839.17,,586.783,1
2024-05-11T02:24:00Z,3690.00,1850.00,-1840.00,,587.264,1
2024-05-11T02:25:00Z,3691.67,1850.83,-1840.83,,587.744,1
2024-05-11T02:26:00Z,3693.33,1851.67,-1841.67,,588.225,1
2024-05-11T02:27:00Z,3695.00,1852.50,-1842.50,,588.706,1
2024-05-11T02:28:00Z,3696.67,1853.33,-1843.33,,589.187,1
2024-05-11T02:29:00Z,3698.33,1854.17,-1844.17,,589.668,1
2024-05-11T02:30:00Z,3700.00,1855.00,-1845.00,,590.150,1
2024-05-11T02:31:00Z,3701.67,1855.83,-1845.83,,590.632,1
2024-05-11T02:32:00Z,3703.33,1856.67,-1846.67,,591.114,1
2024-05-11T02:33:00Z,3705.00,1857.50,-1847.50,,591.596,1
2024-05-11T02:34:00Z,3706.67,1858.33,-1848.33,,592.078,1
2024-05-11T02:35:00Z,3708.33,1859.17,-1849.17,,592.561,1
2024-05-11T02:36:00Z,3710.00,1860.00,-1850.00,,593.043,1
2024-05-11T02:37:00Z,3711.67,1860.83,-1850.83,,593.526,1
2024-05-11T02:38:00Z,3713.33,1861.67,-1851.67,,594.010,1
2024-05-11T02:39:00Z,3715.00,1862.50,-1852.50,,594.493,1
2024-05-11T02:40:00Z,3716.67,1863.33,-1853.33,,594.976,1
2024-05-11T02:41:00Z,3718.33,1864.17,-1854.17,,595.460,1
2024-05-11T02:42:00Z,3720.00,1865.00,-1855.00,,595.944,1
2024-05-11T02:43:00Z,3721.67,1865.83,-1855.83,,596.428,1
2024-05-11T02:44:00Z,3723.33,1866.67,-1856.67,,596.912,1
2024-05-11T02:45:00Z,3725.00,1867.50,-1857.50,,597.397,1
2024-05-11T02:46:00Z,3726.67,1868.33,-1858.33,,597.882,1
2024-05-11T02:47:00Z,3728.33,1869.17,-1859.17,,598.366,1
2024-05-11T02:48:00Z,3730.00,1870.00,-1860.00,,598.851,1
2024-05-11T02:49:00Z,3731.67,1870.83,-1860.83,,599.337,1
2024-05-11T02:50:00Z,3733.33,1871.67,-1861.67,,599.822,1
2024-05-11T02:51:00Z,3735.00,1872.50,-1862.50,,600.308,1
2024-05-11T02:52:00Z,3736.67,1873.33,-1863.33,,600.794,1
2024-05-11T02:53:00Z,3738.33,1874.17,-1864.17,,601.280,1
2024-05-11T02:54:00Z,3740.00,1875.00,-1865.00,,601.766,1
2024-05-11T02:55:00Z,3741.67,1875.83,-1865.83,,602.252,1
2024-05-11T02:56:00Z,3743.33,1876.67,-1866.67,,602.739,1
2024-05-11T02:57:00Z,3745.00,1877.50,-1867.50,,603.226,1
2024-05-11T02:58:00Z,3746.67,1878.33,-1868.33,,603.713,1
2024-05-11T02:59:00Z,3748.33,1879.17,-1869.17,,604.200,1
2024-05-11T03:00:00Z,3750.00,1880.00,-1870.00,,604.688,1
2024-05-11T03:01:00Z,3751.67,1880.83,-1870.83,,605.175,1
2024-05-11T03:02:00Z,3753.33,1881.67,-1871.67,,605.663,1
2024-05-11T03:03:00Z,3755.00,1882.50,-1872.50,,606.151,1
2024-05-11T03:04:00Z,3756.67,1883.33,-1873.33,,606.639,1
2024-05-11T03:05:00Z,3758.33,1884.17,-1874.17,,607.127,1
2024-05-11T03:06:00Z,3760.00,1885.00,-1875.00,,607.616,1
2024-05-11T03:07:00Z,3761.67,1885.83,-1875.83,,608.105,1
2024-05-11T03:08:00Z,3763.33,1886.67,-1876.67,,608.594,1
2024-05-11T03:09:00Z,3765.00,1887.50,-1877.50,,609.083,1
2024-05-11T03:10:00Z,3766.67,1888.33,-1878.33,,609.572,1
2024-05-11T03:11:00Z,3768.33,1889.17,-1879.17,,610.062,1
2024-05-11T03:12:00Z,3770.00,1890.00,-1880.00,,610.551,1
2024-05-11T03:13:00Z,3771.67,1890.83,-1880.83,,611.041,1
2024-05-11T03:14:00Z,3773.33,1891.67,-1881.67,,611.532,1
2024-05-11T03:15:00Z,3775.00,1892.50,-1882.50,,612.022,1
2024-05-11T03:16:00Z,3776.67,1893.33,-1883.33,,612.512,1
2024-05-11T03:17:00Z,3778.33,1894.17,-1884.17,,613.003,1
2024-05-11T03:18:00Z,3780.00,1895.00,-1885.00,,613.494,1
2024-05-11T03:19:00Z,3781.67,1895.83,-1885.83,,613.985,1
2024-05-11T03:20:00Z,3783.33,1896.67,-1886.67,,614.476,1
2024-05-11T03:21:00Z,3785.00,1897.50,-1887.50,,614.968,1
2024-05-11T03:22:00Z,3786.67,1898.33,-1888.33,,615.460,1
2024-05-11T03:23:00Z,3788.33,1899.17,-1889.17,,615.951,1
2024-05-11T03:24:00Z,3790.00,1900.00,-1890.00,,616.443,1
2024-05-11T03:25:00Z,3791.67,1900.83,-1890.83,,616.936,1
2024-05-11T03:26:00Z,3793.33,1901.67,-1891.67,,617.428,1
2024-05-11T03:27:00Z,3795.00,1902.50,-1892.50,,617.921,1
2024-05-11T03:28:00Z,3796.67,1903.33,-1893.33,,618.414,1
2024-05-11T03:29:00Z,3798.33,1904.17,-1894.17,,618.907,1
2024-05-11T03:30:00Z,3800.00,1905.00,-1895.00,,619.400,1
2024-05-11T03:31:00Z,3801.67,1905.83,-1895.83,,619.893,1
2024-05-11T03:32:00Z,3803.33,1906.67,-1896.67,,620.387,1
2024-05-11T03:33:00Z,3805.00,1907.50,-1897.50,,620.881,1
2024-05-11T03:34:00Z,3806.67,1908.33,-1898.33,,621.375,1
2024-05-11T03:35:00Z,3808.33,1909.17,-1899.17,,621.869,1
2024-05-11T03:36:00Z,3810.00,1910.00,-1900.00,,622.363,1
2024-05-11T03:37:00Z,3811.67,1910.83,-1900.83,,622.858,1
2024-05-11T03:38:00Z,3813.33,1911.67,-1901.67,,623.353,1
2024-05-11T03:39:00Z,3815.00,1912.50,-1902.50,,623.848,1
2024-05-11T03:40:00Z,3816.67,1913.33,-1903.33,,624.343,1
2024-05-11T03:41:00Z,3818.33,1914.17,-1904.17,,624.838,1
2024-05-11T03:42:00Z,3820.00,1915.00,-1905.00,,625.334,1
2024-05-11T03:43:00Z,3821.67,1915.83,-1905.83,,625.830,1
2024-05-11T03:44:00Z,3823.33,1916.67,-1906.67,,626.326,1
2024-05-11T03:45:00Z,3825.00,1917.50,-1907.50,,626.822,1
2024-05-11T03:46:00Z,3826.67,1918.33,-1908.33,,627.318,1
2024-05-11T03:47:00Z,3828.33,1919.17,-1909.17,,627.815,1
2024-05-11T03:48:00Z,3830.00,1920.00,-1910.00,,628.311,1
2024-05-11T03:49:00Z,3831.67,1920.83,-1910.83,,628.808,1
2024-05-11T03:50:00Z,3833.33,1921.67,-1911.67,,629.306,1
2024-05-11T03:51:00Z,3835.00,1922.50,-1912.50,,629.803,1
2024-05-11T03:52:00Z,3836.67,1923.33,-1913.33,,630.300,1
2024-05-11T03:53:00Z,3838.33,1924.17,-1914.17,,630.798,1
2024-05-11T03:54:00Z,3840.00,1925.00,-1915.00,,631.296,1
2024-05-11T03:55:00Z,3841.67,1925.83,-1915.83,,631.794,1
2024-05-11T03:56:00Z,3843.33,1926.67,-1916.67,,632.292,1
2024-05-11T03:57:00Z,3845.00,1927.50,-1917.50,,632.791,1
2024-05-11T03:58:00Z,3846.67,1928.33,-1918.33,,633.290,1
2024-05-11T03:59:00Z,3848.33,1929.17,-1919.17,,633.788,1
2024-05-11T04:00:00Z,3850.00,1930.00,-1920.00,,634.287,1
2024-05-11T04:01:00Z,3851.08,1930.50,-1920.58,,634.612,1
2024-05-11T04:02:00Z,3852.17,1931.00,-1921.17,,634.937,1
2024-05-11T04:03:00Z,3853.25,1931.50,-1921.75,,635.261,1
2024-05-11T04:04:00Z,3854.33,1932.00,-1922.33,,635.586,1
2024-05-11T04:05:00Z,3855.42,1932.50,-1922.92,,635.911,1
2024-05-11T04:06:00Z,3856.50,1933.00,-1923.50,,636.236,1
2024-05-11T04:07:00Z,3857.58,1933.50,-1924.08,,636.561,1
2024-05-11T04:08:00Z,3858.67,1934.00,-1924.67,,636.886,1
2024-05-11T04:09:00Z,3859.75,1934.50,-1925.25,,637.211,1
2024-05-11T04:10:00Z,3860.83,1935.00,-1925.83,,637.536,1
2024-05-11T04:11:00Z,3861.92,1935.50,-1926.42,,637.862,1
2024-05-11T04:12:00Z,3863.00,1936.00,-1927.00,,638.187,1
2024-05-11T04:13:00Z,3864.08,1936.50,-1927.58,,638.512,1
2024-05-11T04:14:00Z,3865.17,1937.00,-1928.17,,638.838,1
2024-05-11T04:15:00Z,3866.25,1937.50,-1928.75,,639.164,1
2024-05-11T04:16:00Z,3867.33,1938.00,-1929.33,,639.489,1
2024-05-11T04:17:00Z,3868.42,1938.50,-1929.92,,639.815,1
2024-05-11T04:18:00Z,3869.50,1939.00,-1930.50,,640.141,1
2024-05-11T04:19:00Z,3870.58,1939.50,-1931.08,,640.467,1
2024-05-11T04:20:00Z,3871.67,1940.00,-1931.67,,640.793,1
2024-05-11T04:21:00Z,3872.75,1940.50,-1932.25,,641.119,1
2024-05-11T04:22:00Z,3873.83,1941.00,-1932.83,,641.445,1
2024-05-11T04:23:00Z,3874.92,1941.50,-1933.42,,641.772,1
2024-05-11T04:24:00Z,3876.00,1942.00,-1934.00,,642.098,1
2024-05-11T04:25:00Z,3877.08,1942.50,-1934.58,,642.425,1
2024-05-11T04:26:00Z,3878.17,1943.00,-1935.17,,642.751,1
2024-05-11T04:27:00Z,3879.25,1943.50,-1935.75,,643.078,1
2024-05-11T04:28:00Z,3880.33,1944.00,-1936.33,,643.405,1
2024-05-11T04:29:00Z,3881.42,1944.50,-1936.92,,643.731,1
2024-05-11T04:30:00Z,3882.50,1945.00,-1937.50,,644.058,1
2024-05-11T04:31:00Z,3883.58,1945.50,-1938.08,,644.385,1
2024-05-11T04:32:00Z,3884.67,1946.00,-1938.67,,644.712,1
2024-05-11T04:33:00Z,3885.75,1946.50,-1939.25,,645.039,1
2024-05-11T04:34:00Z,3886.83,1947.00,-1939.83,,645.367,1
2024-05-11T04:35:00Z,3887.92,1947.50,-1940.42,,645.694,1
2024-05-11T04:36:00Z,3889.00,1948.00,-1941.00,,646.021,1
2024-05-11T04:37:00Z,3890.08,1948.50,-1941.58,,646.349,1
2024-05-11T04:38:00Z,3891.17,1949.00,-1942.17,,646.676,1
2024-05-11T04:39:00Z,3892.25,1949.50,-1942.75,,647.004,1
2024-05-11T04:40:00Z,3893.33,1950.00,-1943.33,,647.332,1
2024-05-11T04:41:00Z,3894.42,1950.50,-1943.92,,647.659,1
2024-05-11T04:42:00Z,3895.50,1951.00,-1944.50,,647.987,1
2024-05-11T04:43:00Z,3896.58,1951.50,-1945.08,,648.315,1
2024-05-11T04:44:00Z,3897.67,1952.00,-1945.67,,648.643,1
2024-05-11T04:45:00Z,3898.75,1952.50,-1946.25,,648.971,1
2024-05-11T04:46:00Z,3899.83,1953.00,-1946.83,,649.300,1
2024-05-11T04:47:00Z,3900.92,1953.50,-1947.42,,649.628,1
2024-05-11T04:48:00Z,3902.00,1954.00,-1948.00,,649.956,1
2024-05-11T04:49:00Z,3903.08,1954.50,-1948.58,,650.285,1
2024-05-11T04:50:00Z,3904.17,1955.00,-1949.17,,650.613,1
2024-05-11T04:51:00Z,3905.25,1955.50,-1949.75,,650.942,1
2024-05-11T04:52:00Z,3906.33,1956.00,-1950.33,,651.270,1
2024-05-11T04:53:00Z,3907.42,1956.50,-1950.92,,651.599,1
2024-05-11T04:54:00Z,3908.50,1957.00,-1951.50,,651.928,1
2024-05-11T04:55:00Z,3909.58,1957.50,-1952.08,,652.257,1
2024-05-11T04:56:00Z,3910.67,1958.00,-1952.67,,652.586,1
2024-05-11T04:57:00Z,3911.75,1958.50,-1953.25,,652.915,1
2024-05-11T04:58:00Z,3912.83,1959.00,-1953.83,,653.244,1
2024-05-11T04:59:00Z,3913.92,1959.50,-1954.42,,653.574,1
2024-05-11T05:00:00Z,3915.00,1960.00,-1955.00,,653.903,1
2024-05-11T05:01:00Z,3916.08,1960.50,-1955.58,,654.232,1
2024-05-11T05:02:00Z,3917.17,1961.00,-1956.17,,654.562,1
2024-05-11T05:03:00Z,3918.25,1961.50,-1956.75,,654.891,1
2024-05-11T05:04:00Z,3919.33,1962.00,-1957.33,,655.221,1
2024-05-11T05:05:00Z,3920.42,1962.50,-1957.92,,655.551,1
2024-05-11T05:06:00Z,3921.50,1963.00,-1958.50,,655.881,1
2024-05-11T05:07:00Z,3922.58,1963.50,-1959.08,,656.211,1
2024-05-11T05:08:00Z,3923.67,1964.00,-1959.67,,656.541,1
2024-05-11T05:09:00Z,3924.75,1964.50,-1960.25,,656.871,1
2024-05-11T05:10:00Z,3925.83,1965.00,-1960.83,,657.201,1
2024-05-11T05:11:00Z,3926.92,1965.50,-1961.42,,657.531,1
2024-05-11T05:12:00Z,3928.00,1966.00,-1962.00,,657.861,1
2024-05-11T05:13:00Z,3929.08,1966.50,-1962.58,,658.192,1
2024-05-11T05:14:00Z,3930.17,1967.00,-1963.17,,658.522,1
2024-05-11T05:15:00Z,3931.25,1967.50,-1963.75,,658.853,1
2024-05-11T05:16:00Z,3932.33,1968.00,-1964.33,,659.184,1
2024-05-11T05:17:00Z,3933.42,1968.50,-1964.92,,659.514,1
2024-05-11T05:18:00Z,3934.50,1969.00,-1965.50,,659.845,1
2024-05-11T05:19:00Z,3935.58,1969.50,-1966.08,,660.176,1
2024-05-11T05:20:00Z,3936.67,1970.00,-1966.67,,660.507,1
2024-05-11T05:21:00Z,3937.75,1970.50,-1967.25,,660.838,1
2024-05-11T05:22:00Z,3938.83,1971.00,-1967.83,,661.169,1
2024-05-11T05:23:00Z,3939.92,1971.50,-1968.42,,661.501,1
2024-05-11T05:24:00Z,3941.00,1972.00,-1969.00,,661.832,1
2024-05-11T05:25:00Z,3942.08,1972.50,-1969.58,,662.163,1
2024-05-11T05:26:00Z,3943.17,1973.00,-1970.17,,662.495,1
2024-05-11T05:27:00Z,3944.25,1973.50,-1970.75,,662.826,1
2024-05-11T05:28:00Z,3945.33,1974.00,-1971.33,,663.158,1
2024-05-11T05:29:00Z,3946.42,1974.50,-1971.92,,663.490,1
2024-05-11T05:30:00Z,3947.50,1975.00,-1972.50,,663.821,1
2024-05-11T05:31:00Z,3948.58,1975.50,-1973.08,,664.153,1
2024-05-11T05:32:00Z,3949.67,1976.00,-1973.67,,664.485,1
2024-05-11T05:33:00Z,3950.75,1976.50,-1974.25,,664.817,1
2024-05-11T05:34:00Z,3951.83,1977.00,-1974.83,,665.150,1
2024-05-11T05:35:00Z,3952.92,1977.50,-1975.42,,665.482,1
2024-05-11T05:36:00Z,3954.00,1978.00,-1976.00,,665.814,1
2024-05-11T05:37:00Z,3955.08,1978.50,-1976.58,,666.146,1
2024-05-11T05:38:00Z,3956.17,1979.00,-1977.17,,666.479,1
2024-05-11T05:39:00Z,3957.25,1979.50,-1977.75,,666.811,1
2024-05-11T05:40:00Z,3958.33,1980.00,-1978.33,,667.144,1
2024-05-11T05:41:00Z,3959.42,1980.50,-1978.92,,667.477,1
2024-05-11T05:42:00Z,3960.50,1981.00,-1979.50,,667.810,1
2024-05-11T05:43:00Z,3961.58,1981.50,-1980.08,,668.142,1
2024-05-11T05:44:00Z,3962.67,1982.00,-1980.67,,668.475,1
2024-05-11T05:45:00Z,3963.75,1982.50,-1981.25,,668.808,1
2024-05-11T05:46:00Z,3964.83,1983.00,-1981.83,,669.142,1
2024-05-11T05:47:00Z,3965.92,1983.50,-1982.42,,669.475,1
2024-05-11T05:48:00Z,3967.00,1984.00,-1983.00,,669.808,1
2024-05-11T05:49:00Z,3968.08,1984.50,-1983.58,,670.141,1
2024-05-11T05:50:00Z,3969.17,1985.00,-1984.17,,670.475,1
2024-05-11T05:51:00Z,3970.25,1985.50,-1984.75,,670.808,1
2024-05-11T05:52:00Z,3971.33,1986.00,-1985.33,,671.142,1
2024-05-11T05:53:00Z,3972.42,1986.50,-1985.92,,671.476,1
2024-05-11T05:54:00Z,3973.50,1987.00,-1986.50,,671.810,1
2024-05-11T05:55:00Z,3974.58,1987.50,-1987.08,,672.143,1
2024-05-11T05:56:00Z,3975.67,1988.00,-1987.67,,672.477,1
2024-05-11T05:57:00Z,3976.75,1988.50,-1988.25,,672.811,1
2024-05-11T05:58:00Z,3977.83,1989.00,-1988.83,,673.146,1
2024-05-11T05:59:00Z,3978.92,1989.50,-1989.42,,673.480,1
2024-05-11T06:00:00Z,3980.00,1990.00,-1990.00,,673.814,1
2024-05-11T06:01:00Z,3980.67,1990.33,-1990.33,,674.020,1
2024-05-11T06:02:00Z,3981.33,1990.67,-1990.67,,674.226,1
2024-05-11T06:03:00Z,3982.00,1991.00,-1991.00,,674.431,1
2024-05-11T06:04:00Z,3982.67,1991.33,-1991.33,,674.637,1
2024-05-11T06:05:00Z,3983.33,1991.67,-1991.67,,674.843,1
2024-05-11T06:06:00Z,3984.00,1992.00,-1992.00,,675.049,1
2024-05-11T06:07:00Z,3984.67,1992.33,-1992.33,,675.255,1
2024-05-11T06:08:00Z,3985.33,1992.67,-1992.67,,675.461,1
2024-05-11T06:09:00Z,3986.00,1993.00,-1993.00,,675.667,1
2024-05-11T06:10:00Z,3986.67,1993.33,-1993.33,,675.873,1
2024-05-11T06:11:00Z,3987.33,1993.67,-1993.67,,676.079,1
2024-05-11T06:12:00Z,3988.00,1994.00,-1994.00,,676.285,1
2024-05-11T06:13:00Z,3988.67,1994.33,-1994.33,,676.491,1
2024-05-11T06:14:00Z,3989.33,1994.67,-1994.67,,676.697,1
2024-05-11T06:15:00Z,3990.00,1995.00,-1995.00,,676.903,1
2024-05-11T06:16:00Z,3990.67,1995.33,-1995.33,,677.110,1
2024-05-11T06:17:00Z,3991.33,1995.67,-1995.67,,677.316,1
2024-05-11T06:18:00Z,3992.00,1996.00,-1996.00,,677.522,1
2024-05-11T06:19:00Z,3992.67,1996.33,-1996.33,,677.729,1
2024-05-11T06:20:00Z,3993.33,1996.67,-1996.67,,677.935,1
2024-05-11T06:21:00Z,3994.00,1997.00,-1997.00,,678.141,1
2024-05-11T06:22:00Z,3994.67,1997.33,-1997.33,,678.348,1
2024-05-11T06:23:00Z,3995.33,1997.67,-1997.67,,678.554,1
2024-05-11T06:24:00Z,3996.00,1998.00,-1998.00,,678.761,1
2024-05-11T06:25:00Z,3996.67,1998.33,-1998.33,,678.967,1
2024-05-11T06:26:00Z,3997.33,1998.67,-1998.67,,679.174,1
2024-05-11T06:27:00Z,3998.00,1999.00,-1999.00,,679.380,1
2024-05-11T06:28:00Z,3998.67,1999.33,-1999.33,,679.587,1
2024-05-11T06:29:00Z,3999.33,1999.67,-1999.67,,679.793,1
2024-05-11T06:30:00Z,4000.00,2000.00,-2000.00,,680.000,1
2024-05-11T06:31:00Z,4000.67,2000.33,-2000.33,,680.207,1
2024-05-11T06:32:00Z,4001.33,2000.67,-2000.67,,680.413,1
2024-05-11T06:33:00Z,4002.00,2001.00,-2001.00,,680.620,1
2024-05-11T06:34:00Z,4002.67,2001.33,-2001.33,,680.827,1
2024-05-11T06:35:00Z,4003.33,2001.67,-2001.67,,681.034,1
2024-05-11T06:36:00Z,4004.00,2002.00,-2002.00,,681.241,1
2024-05-11T06:37:00Z,4004.67,2002.33,-2002.33,,681.447,1
2024-05-11T06:38:00Z,4005.33,2002.67,-2002.67,,681.654,1
2024-05-11T06:39:00Z,4006.00,2003.00,-2003.00,,681.861,1
2024-05-11T06:40:00Z,4006.67,2003.33,-2003.33,,682.068,1
2024-05-11T06:41:00Z,4007.33,2003.67,-2003.67,,682.275,1
2024-05-11T06:42:00Z,4008.00,2004.00,-2004.00,,682.482,1
2024-05-11T06:43:00Z,4008.67,2004.33,-2004.33,,682.689,1
2024-05-11T06:44:00Z,4009.33,2004.67,-2004.67,,682.896,1
2024-05-11T06:45:00Z,4010.00,2005.00,-2005.00,,683.103,1
2024-05-11T06:46:00Z,4010.67,2005.33,-2005.33,,683.311,1
2024-05-11T06:47:00Z,4011.33,2005.67,-2005.67,,683.518,1
2024-05-11T06:48:00Z,4012.00,2006.00,-2006.00,,683.725,1
2024-05-11T06:49:00Z,4012.67,2006.33,-2006.33,,683.932,1
2024-05-11T06:50:00Z,4013.33,2006.67,-2006.67,,684.140,1
2024-05-11T06:51:00Z,4014.00,2007.00,-2007.00,,684.347,1
2024-05-11T06:52:00Z,4014.67,2007.33,-2007.33,,684.554,1
2024-05-11T06:53:00Z,4015.33,2007.67,-2007.67,,684.762,1
2024-05-11T06:54:00Z,4016.00,2008.00,-2008.00,,684.969,1
2024-05-11T06:55:00Z,4016.67,2008.33,-2008.33,,685.176,1
2024-05-11T06:56:00Z,4017.33,2008.67,-2008.67,,685.384,1
2024-05-11T06:57:00Z,4018.00,2009.00,-2009.00,,685.591,1
2024-05-11T06:58:00Z,4018.67,2009.33,-2009.33,,685.799,1
2024-05-11T06:59:00Z,4019.33,2009.67,-2009.67,,686.006,1
2024-05-11T07:00:00Z,4020.00,2010.00,-2010.00,,686.214,1
2024-05-11T07:01:00Z,4020.67,2010.33,-2010.33,,686.422,1
2024-05-11T07:02:00Z,4021.33,2010.67,-2010.67,,686.629,1
2024-05-11T07:03:00Z,4022.00,2011.00,-2011.00,,686.837,1
2024-05-11T07:04:00Z,4022.67,2011.33,-2011.33,,687.045,1
2024-05-11T07:05:00Z,4023.33,2011.67,-2011.67,,687.252,1
2024-05-11T07:06:00Z,4024.00,2012.00,-2012.00,,687.460,1
2024-05-11T07:07:00Z,4024.67,2012.33,-2012.33,,687.668,1
2024-05-11T07:08:00Z,4025.33,2012.67,-2012.67,,687.876,1
2024-05-11T07:09:00Z,4026.00,2013.00,-2013.00,,688.084,1
2024-05-11T07:10:00Z,4026.67,2013.33,-2013.33,,688.292,1
2024-05-11T07:11:00Z,4027.33,2013.67,-2013.67,,688.499,1
2024-05-11T07:12:00Z,4028.00,2014.00,-2014.00,,688.707,1
2024-05-11T07:13:00Z,4028.67,2014.33,-2014.33,,688.915,1
2024-05-11T07:14:00Z,4029.33,2014.67,-2014.67,,689.123,1
2024-05-11T07:15:00Z,4030.00,2015.00,-2015.00,,689.331,1
2024-05-11T07:16:00Z,4030.67,2015.33,-2015.33,,689.540,1
2024-05-11T07:17:00Z,4031.33,2015.67,-2015.67,,689.748,1
2024-05-11T07:18:00Z,4032.00,2016.00,-2016.00,,689.956,1
2024-05-11T07:19:00Z,4032.67,2016.33,-2016.33,,690.164,1
2024-05-11T07:20:00Z,4033.33,2016.67,-2016.67,,690.372,1
2024-05-11T07:21:00Z,4034.00,2017.00,-2017.00,,690.580,1
2024-05-11T07:22:00Z,4034.67,2017.33,-2017.33,,690.789,1
2024-05-11T07:23:00Z,4035.33,2017.67,-2017.67,,690.997,1
2024-05-11T07:24:00Z,4036.00,2018.00,-2018.00,,691.205,1
2024-05-11T07:25:00Z,4036.67,2018.33,-2018.33,,691.414,1
2024-05-11T07:26:00Z,4037.33,2018.67,-2018.67,,691.622,1
2024-05-11T07:27:00Z,4038.00,2019.00,-2019.00,,691.831,1
2024-05-11T07:28:00Z,4038.67,2019.33,-2019.33,,692.039,1
2024-05-11T07:29:00Z,4039.33,2019.67,-2019.67,,692.247,1
2024-05-11T07:30:00Z,4040.00,2020.00,-2020.00,,692.456,1
2024-05-11T07:31:00Z,4040.67,2020.33,-2020.33,,692.665,1
2024-05-11T07:32:00Z,4041.33,2020.67,-2020.67,,692.873,1
2024-05-11T07:33:00Z,4042.00,2021.00,-2021.00,,693.082,1
2024-05-11T07:34:00Z,4042.67,2021.33,-2021.33,,693.290,1
2024-05-11T07:35:00Z,4043.33,2021.67,-2021.67,,693.499,1
2024-05-11T07:36:00Z,4044.00,2022.00,-2022.00,,693.708,1
2024-05-11T07:37:00Z,4044.67,2022.33,-2022.33,,693.916,1
2024-05-11T07:38:00Z,4045.33,2022.67,-2022.67,,694.125,1
2024-05-11T07:39:00Z,4046.00,2023.00,-2023.00,,694.334,1
2024-05-11T07:40:00Z,4046.67,2023.33,-2023.33,,694.543,1
2024-05-11T07:41:00Z,4047.33,2023.67,-2023.67,,694.752,1
2024-05-11T07:42:00Z,4048.00,2024.00,-2024.00,,694.961,1
2024-05-11T07:43:00Z,4048.67,2024.33,-2024.33,,695.170,1
2024-05-11T07:44:00Z,4049.33,2024.67,-2024.67,,695.379,1
2024-05-11T07:45:00Z,4050.00,2025.00,-2025.00,,695.587,1
2024-05-11T07:46:00Z,4050.67,2025.33,-2025.33,,695.797,1
2024-05-11T07:47:00Z,4051.33,2025.67,-2025.67,,696.006,1
2024-05-11T07:48:00Z,4052.00,2026.00,-2026.00,,696.215,1
2024-05-11T07:49:00Z,4052.67,2026.33,-2026.33,,696.424,1
2024-05-11T07:50:00Z,4053.33,2026.67,-2026.67,,696.633,1
2024-05-11T07:51:00Z,4054.00,2027.00,-2027.00,,696.842,1
2024-05-11T07:52:00Z,4054.67,2027.33,-2027.33,,697.051,1
2024-05-11T07:53:00Z,4055.33,2027.67,-2027.67,,697.260,1
2024-05-11T07:54:00Z,4056.00,2028.00,-2028.00,,697.470,1
2024-05-11T07:55:00Z,4056.67,2028.33,-2028.33,,697.679,1
2024-05-11T07:56:00Z,4057.33,2028.67,-2028.67,,697.888,1
2024-05-11T07:57:00Z,4058.00,2029.00,-2029.00,,698.098,1
2024-05-11T07:58:00Z,4058.67,2029.33,-2029.33,,698.307,1
2024-05-11T07:59:00Z,4059.33,2029.67,-2029.67,,698.517,1
2024-05-11T08:00:00Z,4060.00,2030.00,-2030.00,,698.726,1
2024-05-11T08:01:00Z,4060.33,2030.17,-2030.17,,698.831,1
2024-05-11T08:02:00Z,4060.67,2030.33,-2030.33,,698.935,1
2024-05-11T08:03:00Z,4061.00,2030.50,-2030.50,,699.040,1
2024-05-11T08:04:00Z,4061.33,2030.67,-2030.67,,699.145,1
2024-05-11T08:05:00Z,4061.67,2030.83,-2030.83,,699.250,1
2024-05-11T08:06:00Z,4062.00,2031.00,-2031.00,,699.355,1
2024-05-11T08:07:00Z,4062.33,2031.17,-2031.17,,699.459,1
2024-05-11T08:08:00Z,4062.67,2031.33,-2031.33,,699.564,1
2024-05-11T08:09:00Z,4063.00,2031.50,-2031.50,,699.669,1
2024-05-11T08:10:00Z,4063.33,2031.67,-2031.67,,699.774,1
2024-05-11T08:11:00Z,4063.67,2031.83,-2031.83,,699.879,1
2024-05-11T08:12:00Z,4064.00,2032.00,-2032.00,,699.983,1
2024-05-11T08:13:00Z,4064.33,2032.17,-2032.17,,700.088,1
2024-05-11T08:14:00Z,4064.67,2032.33,-2032.33,,700.193,1
2024-05-11T08:15:00Z,4065.00,2032.50,-2032.50,,700.298,1
2024-05-11T08:16:00Z,4065.33,2032.67,-2032.67,,700.403,1
2024-05-11T08:17:00Z,4065.67,2032.83,-2032.83,,700.508,1
2024-05-11T08:18:00Z,4066.00,2033.00,-2033.00,,700.612,1
2024-05-11T08:19:00Z,4066.33,2033.17,-2033.17,,700.717,1
2024-05-11T08:20:00Z,4066.67,2033.33,-2033.33,,700.822,1
2024-05-11T08:21:00Z,4067.00,2033.50,-2033.50,,700.927,1
2024-05-11T08:22:00Z,4067.33,2033.67,-2033.67,,701.032,1
2024-05-11T08:23:00Z,4067.67,2033.83,-2033.83,,701.137,1
2024-05-11T08:24:00Z,4068.00,2034.00,-2034.00,,701.242,1
2024-05-11T08:25:00Z,4068.33,2034.17,-2034.17,,701.347,1
2024-05-11T08:26:00Z,4068.67,2034.33,-2034.33,,701.452,1
2024-05-11T08:27:00Z,4069.00,2034.50,-2034.50,,701.557,1
2024-05-11T08:28:00Z,4069.33,2034.67,-2034.67,,701.662,1
2024-05-11T08:29:00Z,4069.67,2034.83,-2034.83,,701.767,1
2024-05-11T08:30:00Z,4070.00,2035.00,-2035.00,,701.871,1
2024-05-11T08:31:00Z,4070.33,2035.17,-2035.17,,701.976,1
2024-05-11T08:32:00Z,4070.67,2035.33,-2035.33,,702.081,1
2024-05-11T08:33:00Z,4071.00,2035.50,-2035.50,,702.186,1
2024-05-11T08:34:00Z,4071.33,2035.67,-2035.67,,702.291,1
2024-05-11T08:35:00Z,4071.67,2035.83,-2035.83,,702.396,1
2024-05-11T08:36:00Z,4072.00,2036.00,-2036.00,,702.501,1
2024-05-11T08:37:00Z,4072.33,2036.17,-2036.17,,702.606,1
2024-05-11T08:38:00Z,4072.67,2036.33,-2036.33,,702.711,1
2024-05-11T08:39:00Z,4073.00,2036.50,-2036.50,,702.817,1
2024-05-11T08:40:00Z,4073.33,2036.67,-2036.67,,702.922,1
2024-05-11T08:41:00Z,4073.67,2036.83,-2036.83,,703.027,1
2024-05-11T08:42:00Z,4074.00,2037.00,-2037.00,,703.132,1
2024-05-11T08:43:00Z,4074.33,2037.17,-2037.17,,703.237,1
2024-05-11T08:44:00Z,4074.67,2037.33,-2037.33,,703.342,1
2024-05-11T08:45:00Z,4075.00,2037.50,-2037.50,,703.447,1
2024-05-11T08:46:00Z,4075.33,2037.67,-2037.67,,703.552,1
2024-05-11T08:47:00Z,4075.67,2037.83,-2037.83,,703.657,1
2024-05-11T08:48:00Z,4076.00,2038.00,-2038.00,,703.762,1
2024-05-11T08:49:00Z,4076.33,2038.17,-2038.17,,703.867,1
2024-05-11T08:50:00Z,4076.67,2038.33,-2038.33,,703.972,1
2024-05-11T08:51:00Z,4077.00,2038.50,-2038.50,,704.078,1
2024-05-11T08:52:00Z,4077.33,2038.67,-2038.67,,704.183,1
2024-05-11T08:53:00Z,4077.67,2038.83,-2038.83,,704.288,1
2024-05-11T08:54:00Z,4078.00,2039.00,-2039.00,,704.393,1
2024-05-11T08:55:00Z,4078.33,2039.17,-2039.17,,704.498,1
2024-05-11T08:56:00Z,4078.67,2039.33,-2039.33,,704.603,1
2024-05-11T08:57:00Z,4079.00,2039.50,-2039.50,,704.708,1
2024-05-11T08:58:00Z,4079.33,2039.67,-2039.67,,704.814,1
2024-05-11T08:59:00Z,4079.67,2039.83,-2039.83,,704.919,1
2024-05-11T09:00:00Z,4080.00,2040.00,-2040.00,,705.024,1
2024-05-11T09:01:00Z,4080.33,2040.17,-2040.17,,705.129,1
2024-05-11T09:02:00Z,4080.67,2040.33,-2040.33,,705.234,1
2024-05-11T09:03:00Z,4081.00,2040.50,-2040.50,,705.340,1
2024-05-11T09:04:00Z,4081.33,2040.67,-2040.67,,705.445,1
2024-05-11T09:05:00Z,4081.67,2040.83,-2040.83,,705.550,1
2024-05-11T09:06:00Z,4082.00,2041.00,-2041.00,,705.655,1
2024-05-11T09:07:00Z,4082.33,2041.17,-2041.17,,705.761,1
2024-05-11T09:08:00Z,4082.67,2041.33,-2041.33,,705.866,1
2024-05-11T09:09:00Z,4083.00,2041.50,-2041.50,,705.971,1
2024-05-11T09:10:00Z,4083.33,2041.67,-2041.67,,706.076,1
2024-05-11T09:11:00Z,4083.67,2041.83,-2041.83,,706.182,1
2024-05-11T09:12:00Z,4084.00,2042.00,-2042.00,,706.287,1
2024-05-11T09:13:00Z,4084.33,2042.17,-2042.17,,706.392,1
2024-05-11T09:14:00Z,4084.67,2042.33,-2042.33,,706.498,1
2024-05-11T09:15:00Z,4085.00,2042.50,-2042.50,,706.603,1
2024-05-11T09:16:00Z,4085.33,2042.67,-2042.67,,706.708,1
2024-05-11T09:17:00Z,4085.67,2042.83,-2042.83,,706.814,1
2024-05-11T09:18:00Z,4086.00,2043.00,-2043.00,,706.919,1
2024-05-11T09:19:00Z,4086.33,2043.17,-2043.17,,707.024,1
2024-05-11T09:20:00Z,4086.67,2043.33,-2043.33,,707.130,1
2024-05-11T09:21:00Z,4087.00,2043.50,-2043.50,,707.235,1
2024-05-11T09:22:00Z,4087.33,2043.67,-2043.67,,707.340,1
2024-05-11T09:23:00Z,4087.67,2043.83,-2043.83,,707.446,1
2024-05-11T09:24:00Z,4088.00,2044.00,-2044.00,,707.551,1
2024-05-11T09:25:00Z,4088.33,2044.17,-2044.17,,707.656,1
2024-05-11T09:26:00Z,4088.67,2044.33,-2044.33,,707.762,1
2024-05-11T09:27:00Z,4089.00,2044.50,-2044.50,,707.867,1
2024-05-11T09:28:00Z,4089.33,2044.67,-2044.67,,707.973,1
2024-05-11T09:29:00Z,4089.67,2044.83,-2044.83,,708.078,1
2024-05-11T09:30:00Z,4090.00,2045.00,-2045.00,,708.184,1
2024-05-11T09:31:00Z,4090.33,2045.17,-2045.17,,708.289,1
2024-05-11T09:32:00Z,4090.67,2045.33,-2045.33,,708.394,1
2024-05-11T09:33:00Z,4091.00,2045.50,-2045.50,,708.500,1
2024-05-11T09:34:00Z,4091.33,2045.67,-2045.67,,708.605,1
2024-05-11T09:35:00Z,4091.67,2045.83,-2045.83,,708.711,1
2024-05-11T09:36:00Z,4092.00,2046.00,-2046.00,,708.816,1
2024-05-11T09:37:00Z,4092.33,2046.17,-2046.17,,708.922,1
2024-05-11T09:38:00Z,4092.67,2046.33,-2046.33,,709.027,1
2024-05-11T09:39:00Z,4093.00,2046.50,-2046.50,,709.133,1
2024-05-11T09:40:00Z,4093.33,2046.67,-2046.67,,709.238,1
2024-05-11T09:41:00Z,4093.67,2046.83,-2046.83,,709.344,1
2024-05-11T09:42:00Z,4094.00,2047.00,-2047.00,,709.449,1
2024-05-11T09:43:00Z,4094.33,2047.17,-2047.17,,709.555,1
2024-05-11T09:44:00Z,4094.67,2047.33,-2047.33,,709.660,1
2024-05-11T09:45:00Z,4095.00,2047.50,-2047.50,,709.766,1
2024-05-11T09:46:00Z,4095.33,2047.67,-2047.67,,709.871,1
2024-05-11T09:47:00Z,4095.67,2047.83,-2047.83,,709.977,1
2024-05-11T09:48:00Z,4096.00,2048.00,-2048.00,,710.083,1
2024-05-11T09:49:00Z,4096.33,2048.17,-2048.17,,710.188,1
2024-05-11T09:50:00Z,4096.67,2048.33,-2048.33,,710.294,1
2024-05-11T09:51:00Z,4097.00,2048.50,-2048.50,,710.399,1
2024-05-11T09:52:00Z,4097.33,2048.67,-2048.67,,710.505,1
2024-05-11T09:53:00Z,4097.67,2048.83,-2048.83,,710.611,1
2024-05-11T09:54:00Z,4098.00,2049.00,-2049.00,,710.716,1
2024-05-11T09:55:00Z,4098.33,2049.17,-2049.17,,710.822,1
2024-05-11T09:56:00Z,4098.67,2049.33,-2049.33,,710.927,1
2024-05-11T09:57:00Z,4099.00,2049.50,-2049.50,,711.033,1
2024-05-11T09:58:00Z,4099.33,2049.67,-2049.67,,711.139,1
2024-05-11T09:59:00Z,4099.67,2049.83,-2049.83,,711.244,1
2024-05-11T10:00:00Z,4100.00,2050.00,-2050.00,,711.350,1
2024-05-11T10:01:00Z,4100.08,2050.04,-2050.04,,711.376,1
2024-05-11T10:02:00Z,4100.17,2050.08,-2050.08,,711.403,1
2024-05-11T10:03:00Z,4100.25,2050.12,-2050.12,,711.429,1
2024-05-11T10:04:00Z,4100.33,2050.17,-2050.17,,711.456,1
2024-05-11T10:05:00Z,4100.42,2050.21,-2050.21,,711.482,1
2024-05-11T10:06:00Z,4100.50,2050.25,-2050.25,,711.509,1
2024-05-11T10:07:00Z,4100.58,2050.29,-2050.29,,711.535,1
2024-05-11T10:08:00Z,4100.67,2050.33,-2050.33,,711.561,1
2024-05-11T10:09:00Z,4100.75,2050.38,-2050.38,,711.588,1
2024-05-11T10:10:00Z,4100.83,2050.42,-2050.42,,711.614,1
2024-05-11T10:11:00Z,4100.92,2050.46,-2050.46,,711.641,1
2024-05-11T10:12:00Z,4101.00,2050.50,-2050.50,,711.667,1
2024-05-11T10:13:00Z,4101.08,2050.54,-2050.54,,711.693,1
2024-05-11T10:14:00Z,4101.17,2050.58,-2050.58,,711.720,1
2024-05-11T10:15:00Z,4101.25,2050.62,-2050.62,,711.746,1
2024-05-11T10:16:00Z,4101.33,2050.67,-2050.67,,711.773,1
2024-05-11T10:17:00Z,4101.42,2050.71,-2050.71,,711.799,1
2024-05-11T10:18:00Z,4101.50,2050.75,-2050.75,,711.826,1
2024-05-11T10:19:00Z,4101.58,2050.79,-2050.79,,711.852,1
2024-05-11T10:20:00Z,4101.67,2050.83,-2050.83,,711.878,1
2024-05-11T10:21:00Z,4101.75,2050.88,-2050.88,,711.905,1
2024-05-11T10:22:00Z,4101.83,2050.92,-2050.92,,711.931,1
2024-05-11T10:23:00Z,4101.92,2050.96,-2050.96,,711.958,1
2024-05-11T10:24:00Z,4102.00,2051.00,-2051.00,,711.984,1
2024-05-11T10:25:00Z,4102.08,2051.04,-2051.04,,712.011,1
2024-05-11T10:26:00Z,4102.17,2051.08,-2051.08,,712.037,1
2024-05-11T10:27:00Z,4102.25,2051.12,-2051.12,,712.063,1
2024-05-11T10:28:00Z,4102.33,2051.17,-2051.17,,712.090,1
2024-05-11T10:29:00Z,4102.42,2051.21,-2051.21,,712.116,1
2024-05-11T10:30:00Z,4102.50,2051.25,-2051.25,,712.143,1
2024-05-11T10:31:00Z,4102.58,2051.29,-2051.29,,712.169,1
2024-05-11T10:32:00Z,4102.67,2051.33,-2051.33,,712.196,1
2024-05-11T10:33:00Z,4102.75,2051.38,-2051.38,,712.222,1
2024-05-11T10:34:00Z,4102.83,2051.42,-2051.42,,712.248,1
2024-05-11T10:35:00Z,4102.92,2051.46,-2051.46,,712.275,1
2024-05-11T10:36:00Z,4103.00,2051.50,-2051.50,,712.301,1
2024-05-11T10:37:00Z,4103.08,2051.54,-2051.54,,712.328,1
2024-05-11T10:38:00Z,4103.17,2051.58,-2051.58,,712.354,1
2024-05-11T10:39:00Z,4103.25,2051.62,-2051.62,,712.381,1
2024-05-11T10:40:00Z,4103.33,2051.67,-2051.67,,712.407,1
2024-05-11T10:41:00Z,4103.42,2051.71,-2051.71,,712.433,1
2024-05-11T10:42:00Z,4103.50,2051.75,-2051.75,,712.460,1
2024-05-11T10:43:00Z,4103.58,2051.79,-2051.79,,712.486,1
2024-05-11T10:44:00Z,4103.67,2051.83,-2051.83,,712.513,1
2024-05-11T10:45:00Z,4103.75,2051.88,-2051.88,,712.539,1
2024-05-11T10:46:00Z,4103.83,2051.92,-2051.92,,712.566,1
2024-05-11T10:47:00Z,4103.92,2051.96,-2051.96,,712.592,1
2024-05-11T10:48:00Z,4104.00,2052.00,-2052.00,,712.619,1
2024-05-11T10:49:00Z,4104.08,2052.04,-2052.04,,712.645,1
2024-05-11T10:50:00Z,4104.17,2052.08,-2052.08,,712.671,1
2024-05-11T10:51:00Z,4104.25,2052.12,-2052.12,,712.698,1
2024-05-11T10:52:00Z,4104.33,2052.17,-2052.17,,712.724,1
2024-05-11T10:53:00Z,4104.42,2052.21,-2052.21,,712.751,1
2024-05-11T10:54:00Z,4104.50,2052.25,-2052.25,,712.777,1
2024-05-11T10:55:00Z,4104.58,2052.29,-2052.29,,712.804,1
2024-05-11T10:56:00Z,4104.67,2052.33,-2052.33,,712.830,1
2024-05-11T10:57:00Z,4104.75,2052.38,-2052.38,,712.857,1
2024-05-11T10:58:00Z,4104.83,2052.42,-2052.42,,712.883,1
2024-05-11T10:59:00Z,4104.92,2052.46,-2052.46,,712.909,1
2024-05-11T11:00:00Z,4105.00,2052.50,-2052.50,,712.936,1
2024-05-11T11:01:00Z,4105.08,2052.54,-2052.54,,712.962,1
2024-05-11T11:02:00Z,4105.17,2052.58,-2052.58,,712.989,1
2024-05-11T11:03:00Z,4105.25,2052.62,-2052.62,,713.015,1
2024-05-11T11:04:00Z,4105.33,2052.67,-2052.67,,713.042,1
2024-05-11T11:05:00Z,4105.42,2052.71,-2052.71,,713.068,1
2024-05-11T11:06:00Z,4105.50,2052.75,-2052.75,,713.095,1
2024-05-11T11:07:00Z,4105.58,2052.79,-2052.79,,713.121,1
2024-05-11T11:08:00Z,4105.67,2052.83,-2052.83,,713.147,1
2024-05-11T11:09:00Z,4105.75,2052.88,-2052.88,,713.174,1
2024-05-11T11:10:00Z,4105.83,2052.92,-2052.92,,713.200,1
2024-05-11T11:11:00Z,4105.92,2052.96,-2052.96,,713.227,1
2024-05-11T11:12:00Z,4106.00,2053.00,-2053.00,,713.253,1
2024-05-11T11:13:00Z,4106.08,2053.04,-2053.04,,713.280,1
2024-05-11T11:14:00Z,4106.17,2053.08,-2053.08,,713.306,1
2024-05-11T11:15:00Z,4106.25,2053.12,-2053.12,,713.333,1
2024-05-11T11:16:00Z,4106.33,2053.17,-2053.17,,713.359,1
2024-05-11T11:17:00Z,4106.42,2053.21,-2053.21,,713.386,1
2024-05-11T11:18:00Z,4106.50,2053.25,-2053.25,,713.412,1
2024-05-11T11:19:00Z,4106.58,2053.29,-2053.29,,713.438,1
2024-05-11T11:20:00Z,4106.67,2053.33,-2053.33,,713.465,1
2024-05-11T11:21:00Z,4106.75,2053.38,-2053.38,,713.491,1
2024-05-11T11:22:00Z,4106.83,2053.42,-2053.42,,713.518,1
2024-05-11T11:23:00Z,4106.92,2053.46,-2053.46,,713.544,1
2024-05-11T11:24:00Z,4107.00,2053.50,-2053.50,,713.571,1
2024-05-11T11:25:00Z,4107.08,2053.54,-2053.54,,713.597,1
2024-05-11T11:26:00Z,4107.17,2053.58,-2053.58,,713.624,1
2024-05-11T11:27:00Z,4107.25,2053.62,-2053.62,,713.650,1
2024-05-11T11:28:00Z,4107.33,2053.67,-2053.67,,713.677,1
2024-05-11T11:29:00Z,4107.42,2053.71,-2053.71,,713.703,1
2024-05-11T11:30:00Z,4107.50,2053.75,-2053.75,,713.729,1
2024-05-11T11:31:00Z,4107.58,2053.79,-2053.79,,713.756,1
2024-05-11T11:32:00Z,4107.67,2053.83,-2053.83,,713.782,1
2024-05-11T11:33:00Z,4107.75,2053.88,-2053.88,,713.809,1
2024-05-11T11:34:00Z,4107.83,2053.92,-2053.92,,713.835,1
2024-05-11T11:35:00Z,4107.92,2053.96,-2053.96,,713.862,1
2024-05-11T11:36:00Z,4108.00,2054.00,-2054.00,,713.888,1
2024-05-11T11:37:00Z,4108.08,2054.04,-2054.04,,713.915,1
2024-05-11T11:38:00Z,4108.17,2054.08,-2054.08,,713.941,1
2024-05-11T11:39:00Z,4108.25,2054.12,-2054.12,,713.968,1
2024-05-11T11:40:00Z,4108.33,2054.17,-2054.17,,713.994,1
2024-05-11T11:41:00Z,4108.42,2054.21,-2054.21,,714.021,1
2024-05-11T11:42:00Z,4108.50,2054.25,-2054.25,,714.047,1
2024-05-11T11:43:00Z,4108.58,2054.29,-2054.29,,714.073,1
2024-05-11T11:44:00Z,4108.67,2054.33,-2054.33,,714.100,1
2024-05-11T11:45:00Z,4108.75,2054.38,-2054.38,,714.126,1
2024-05-11T11:46:00Z,4108.83,2054.42,-2054.42,,714.153,1
2024-05-11T11:47:00Z,4108.92,2054.46,-2054.46,,714.179,1
2024-05-11T11:48:00Z,4109.00,2054.50,-2054.50,,714.206,1
2024-05-11T11:49:00Z,4109.08,2054.54,-2054.54,,714.232,1
2024-05-11T11:50:00Z,4109.17,2054.58,-2054.58,,714.259,1
2024-05-11T11:51:00Z,4109.25,2054.62,-2054.62,,714.285,1
2024-05-11T11:52:00Z,4109.33,2054.67,-2054.67,,714.312,1
2024-05-11T11:53:00Z,4109.42,2054.71,-2054.71,,714.338,1
2024-05-11T11:54:00Z,4109.50,2054.75,-2054.75,,714.365,1
2024-05-11T11:55:00Z,4109.58,2054.79,-2054.79,,714.391,1
2024-05-11T11:56:00Z,4109.67,2054.83,-2054.83,,714.418,1
2024-05-11T11:57:00Z,4109.75,2054.88,-2054.88,,714.444,1
2024-05-11T11:58:00Z,4109.83,2054.92,-2054.92,,714.471,1
2024-05-11T11:59:00Z,4109.92,2054.96,-2054.96,,714.497,1
2024-05-11T12:00:00Z,4110.00,2055.00,-2055.00,,714.523,1
2024-05-11T12:01:00Z,4109.75,2054.88,-2054.88,,714.444,1
2024-05-11T12:02:00Z,4109.50,2054.75,-2054.75,,714.365,1
2024-05-11T12:03:00Z,4109.25,2054.62,-2054.62,,714.285,1
2024-05-11T12:04:00Z,4109.00,2054.50,-2054.50,,714.206,1
2024-05-11T12:05:00Z,4108.75,2054.38,-2054.38,,714.126,1
2024-05-11T12:06:00Z,4108.50,2054.25,-2054.25,,714.047,1
2024-05-11T12:07:00Z,4108.25,2054.12,-2054.12,,713.968,1
2024-05-11T12:08:00Z,4108.00,2054.00,-2054.00,,713.888,1
2024-05-11T12:09:00Z,4107.75,2053.88,-2053.88,,713.809,1
2024-05-11T12:10:00Z,4107.50,2053.75,-2053.75,,713.729,1
2024-05-11T12:11:00Z,4107.25,2053.62,-2053.62,,713.650,1
2024-05-11T12:12:00Z,4107.00,2053.50,-2053.50,,713.571,1
2024-05-11T12:13:00Z,4106.75,2053.38,-2053.38,,713.491,1
2024-05-11T12:14:00Z,4106.50,2053.25,-2053.25,,713.412,1
2024-05-11T12:15:00Z,4106.25,2053.12,-2053.12,,713.333,1
2024-05-11T12:16:00Z,4106.00,2053.00,-2053.00,,713.253,1
2024-05-11T12:17:00Z,4105.75,2052.88,-2052.88,,713.174,1
2024-05-11T12:18:00Z,4105.50,2052.75,-2052.75,,713.095,1
2024-05-11T12:19:00Z,4105.25,2052.62,-2052.62,,713.015,1
2024-05-11T12:20:00Z,4105.00,2052.50,-2052.50,,712.936,1
2024-05-11T12:21:00Z,4104.75,2052.38,-2052.38,,712.857,1
2024-05-11T12:22:00Z,4104.50,2052.25,-2052.25,,712.777,1
2024-05-11T12:23:00Z,4104.25,2052.12,-2052.12,,712.698,1
2024-05-11T12:24:00Z,4104.00,2052.00,-2052.00,,712.619,1
2024-05-11T12:25:00Z,4103.75,2051.88,-2051.88,,712.539,1
2024-05-11T12:26:00Z,4103.50,2051.75,-2051.75,,712.460,1
2024-05-11T12:27:00Z,4103.25,2051.62,-2051.62,,712.381,1
2024-05-11T12:28:00Z,4103.00,2051.50,-2051.50,,712.301,1
2024-05-11T12:29:00Z,4102.75,2051.38,-2051.38,,712.222,1
2024-05-11T12:30:00Z,4102.50,2051.25,-2051.25,,712.143,1
2024-05-11T12:31:00Z,4102.25,2051.12,-2051.12,,712.063,1
2024-05-11T12:32:00Z,4102.00,2051.00,-2051.00,,711.984,1
2024-05-11T12:33:00Z,4101.75,2050.88,-2050.88,,711.905,1
2024-05-11T12:34:00Z,4101.50,2050.75,-2050.75,,711.826,1
2024-05-11T12:35:00Z,4101.25,2050.62,-2050.62,,711.746,1
2024-05-11T12:36:00Z,4101.00,2050.50,-2050.50,,711.667,1
2024-05-11T12:37:00Z,4100.75,2050.38,-2050.38,,711.588,1
2024-05-11T12:38:00Z,4100.50,2050.25,-2050.25,,711.509,1
2024-05-11T12:39:00Z,4100.25,2050.12,-2050.12,,711.429,1
2024-05-11T12:40:00Z,4100.00,2050.00,-2050.00,,711.350,1
2024-05-11T12:41:00Z,4099.75,2049.88,-2049.88,,711.271,1
2024-05-11T12:42:00Z,4099.50,2049.75,-2049.75,,711.192,1
2024-05-11T12:43:00Z,4099.25,2049.62,-2049.62,,711.112,1
2024-05-11T12:44:00Z,4099.00,2049.50,-2049.50,,711.033,1
2024-05-11T12:45:00Z,4098.75,2049.38,-2049.38,,710.954,1
2024-05-11T12:46:00Z,4098.50,2049.25,-2049.25,,710.875,1
2024-05-11T12:47:00Z,4098.25,2049.12,-2049.12,,710.795,1
2024-05-11T12:48:00Z,4098.00,2049.00,-2049.00,,710.716,1
2024-05-11T12:49:00Z,4097.75,2048.88,-2048.88,,710.637,1
2024-05-11T12:50:00Z,4097.50,2048.75,-2048.75,,710.558,1
2024-05-11T12:51:00Z,4097.25,2048.62,-2048.62,,710.479,1
2024-05-11T12:52:00Z,4097.00,2048.50,-2048.50,,710.399,1
2024-05-11T12:53:00Z,4096.75,2048.38,-2048.38,,710.320,1
2024-05-11T12:54:00Z,4096.50,2048.25,-2048.25,,710.241,1
2024-05-11T12:55:00Z,4096.25,2048.12,-2048.12,,710.162,1
2024-05-11T12:56:00Z,4096.00,2048.00,-2048.00,,710.083,1
2024-05-11T12:57:00Z,4095.75,2047.88,-2047.88,,710.003,1
2024-05-11T12:58:00Z,4095.50,2047.75,-2047.75,,709.924,1
2024-05-11T12:59:00Z,4095.25,2047.62,-2047.62,,709.845,1
2024-05-11T13:00:00Z,4095.00,2047.50,-2047.50,,709.766,1
2024-05-11T13:01:00Z,4094.75,2047.38,-2047.38,,709.687,1
2024-05-11T13:02:00Z,4094.50,2047.25,-2047.25,,709.608,1
2024-05-11T13:03:00Z,4094.25,2047.12,-2047.12,,709.528,1
2024-05-11T13:04:00Z,4094.00,2047.00,-2047.00,,709.449,1
2024-05-11T13:05:00Z,4093.75,2046.88,-2046.88,,709.370,1
2024-05-11T13:06:00Z,4093.50,2046.75,-2046.75,,709.291,1
2024-05-11T13:07:00Z,4093.25,2046.62,-2046.62,,709.212,1
2024-05-11T13:08:00Z,4093.00,2046.50,-2046.50,,709.133,1
2024-05-11T13:09:00Z,4092.75,2046.38,-2046.38,,709.054,1
2024-05-11T13:10:00Z,4092.50,2046.25,-2046.25,,708.974,1
2024-05-11T13:11:00Z,4092.25,2046.12,-2046.12,,708.895,1
2024-05-11T13:12:00Z,4092.00,2046.00,-2046.00,,708.816,1
2024-05-11T13:13:00Z,4091.75,2045.88,-2045.88,,708.737,1
2024-05-11T13:14:00Z,4091.50,2045.75,-2045.75,,708.658,1
2024-05-11T13:15:00Z,4091.25,2045.62,-2045.62,,708.579,1
2024-05-11T13:16:00Z,4091.00,2045.50,-2045.50,,708.500,1
2024-05-11T13:17:00Z,4090.75,2045.38,-2045.38,,708.421,1
2024-05-11T13:18:00Z,4090.50,2045.25,-2045.25,,708.342,1
2024-05-11T13:19:00Z,4090.25,2045.12,-2045.12,,708.263,1
2024-05-11T13:20:00Z,4090.00,2045.00,-2045.00,,708.184,1
2024-05-11T13:21:00Z,4089.75,2044.88,-2044.88,,708.104,1
2024-05-11T13:22:00Z,4089.50,2044.75,-2044.75,,708.025,1
2024-05-11T13:23:00Z,4089.25,2044.62,-2044.62,,707.946,1
2024-05-11T13:24:00Z,4089.00,2044.50,-2044.50,,707.867,1
2024-05-11T13:25:00Z,4088.75,2044.38,-2044.38,,707.788,1
2024-05-11T13:26:00Z,4088.50,2044.25,-2044.25,,707.709,1
2024-05-11T13:27:00Z,4088.25,2044.12,-2044.12,,707.630,1
2024-05-11T13:28:00Z,4088.00,2044.00,-2044.00,,707.551,1
2024-05-11T13:29:00Z,4087.75,2043.88,-2043.88,,707.472,1
2024-05-11T13:30:00Z,4087.50,2043.75,-2043.75,,707.393,1
2024-05-11T13:31:00Z,4087.25,2043.62,-2043.62,,707.314,1
2024-05-11T13:32:00Z,4087.00,2043.50,-2043.50,,707.235,1
2024-05-11T13:33:00Z,4086.75,2043.38,-2043.38,,707.156,1
2024-05-11T13:34:00Z,4086.50,2043.25,-2043.25,,707.077,1
2024-05-11T13:35:00Z,4086.25,2043.12,-2043.12,,706.998,1
2024-05-11T13:36:00Z,4086.00,2043.00,-2043.00,,706.919,1
2024-05-11T13:37:00Z,4085.75,2042.88,-2042.88,,706.840,1
2024-05-11T13:38:00Z,4085.50,2042.75,-2042.75,,706.761,1
2024-05-11T13:39:00Z,4085.25,2042.62,-2042.62,,706.682,1
2024-05-11T13:40:00Z,4085.00,2042.50,-2042.50,,706.603,1
2024-05-11T13:41:00Z,4084.75,2042.38,-2042.38,,706.524,1
2024-05-11T13:42:00Z,4084.50,2042.25,-2042.25,,706.445,1
2024-05-11T13:43:00Z,4084.25,2042.12,-2042.12,,706.366,1
2024-05-11T13:44:00Z,4084.00,2042.00,-2042.00,,706.287,1
2024-05-11T13:45:00Z,4083.75,2041.88,-2041.88,,706.208,1
2024-05-11T13:46:00Z,4083.50,2041.75,-2041.75,,706.129,1
2024-05-11T13:47:00Z,4083.25,2041.62,-2041.62,,706.050,1
2024-05-11T13:48:00Z,4083.00,2041.50,-2041.50,,705.971,1
2024-05-11T13:49:00Z,4082.75,2041.38,-2041.38,,705.892,1
2024-05-11T13:50:00Z,4082.50,2041.25,-2041.25,,705.813,1
2024-05-11T13:51:00Z,4082.25,2041.12,-2041.12,,705.734,1
2024-05-11T13:52:00Z,4082.00,2041.00,-2041.00,,705.655,1
2024-05-11T13:53:00Z,4081.75,2040.88,-2040.88,,705.576,1
2024-05-11T13:54:00Z,4081.50,2040.75,-2040.75,,705.497,1
2024-05-11T13:55:00Z,4081.25,2040.62,-2040.62,,705.419,1
2024-05-11T13:56:00Z,4081.00,2040.50,-2040.50,,705.340,1
2024-05-11T13:57:00Z,4080.75,2040.38,-2040.38,,705.261,1
2024-05-11T13:58:00Z,4080.50,2040.25,-2040.25,,705.182,1
2024-05-11T13:59:00Z,4080.25,2040.12,-2040.12,,705.103,1
2024-05-11T14:00:00Z,4080.00,2040.00,-2040.00,,705.024,1
2024-05-11T14:01:00Z,4079.50,2039.75,-2039.75,,704.866,1
2024-05-11T14:02:00Z,4079.00,2039.50,-2039.50,,704.708,1
2024-05-11T14:03:00Z,4078.50,2039.25,-2039.25,,704.551,1
2024-05-11T14:04:00Z,4078.00,2039.00,-2039.00,,704.393,1
2024-05-11T14:05:00Z,4077.50,2038.75,-2038.75,,704.235,1
2024-05-11T14:06:00Z,4077.00,2038.50,-2038.50,,704.078,1
2024-05-11T14:07:00Z,4076.50,2038.25,-2038.25,,703.920,1
2024-05-11T14:08:00Z,4076.00,2038.00,-2038.00,,703.762,1
2024-05-11T14:09:00Z,4075.50,2037.75,-2037.75,,703.605,1
2024-05-11T14:10:00Z,4075.00,2037.50,-2037.50,,703.447,1
2024-05-11T14:11:00Z,4074.50,2037.25,-2037.25,,703.289,1
2024-05-11T14:12:00Z,4074.00,2037.00,-2037.00,,703.132,1
2024-05-11T14:13:00Z,4073.50,2036.75,-2036.75,,702.974,1
2024-05-11T14:14:00Z,4073.00,2036.50,-2036.50,,702.817,1
2024-05-11T14:15:00Z,4072.50,2036.25,-2036.25,,702.659,1
2024-05-11T14:16:00Z,4072.00,2036.00,-2036.00,,702.501,1
2024-05-11T14:17:00Z,4071.50,2035.75,-2035.75,,702.344,1
2024-05-11T14:18:00Z,4071.00,2035.50,-2035.50,,702.186,1
2024-05-11T14:19:00Z,4070.50,2035.25,-2035.25,,702.029,1
2024-05-11T14:20:00Z,4070.00,2035.00,-2035.00,,701.871,1
2024-05-11T14:21:00Z,4069.50,2034.75,-2034.75,,701.714,1
2024-05-11T14:22:00Z,4069.00,2034.50,-2034.50,,701.557,1
2024-05-11T14:23:00Z,4068.50,2034.25,-2034.25,,701.399,1
2024-05-11T14:24:00Z,4068.00,2034.00,-2034.00,,701.242,1
2024-05-11T14:25:00Z,4067.50,2033.75,-2033.75,,701.084,1
2024-05-11T14:26:00Z,4067.00,2033.50,-2033.50,,700.927,1
2024-05-11T14:27:00Z,4066.50,2033.25,-2033.25,,700.770,1
2024-05-11T14:28:00Z,4066.00,2033.00,-2033.00,,700.612,1
2024-05-11T14:29:00Z,4065.50,2032.75,-2032.75,,700.455,1
2024-05-11T14:30:00Z,4065.00,2032.50,-2032.50,,700.298,1
2024-05-11T14:31:00Z,4064.50,2032.25,-2032.25,,700.141,1
2024-05-11T14:32:00Z,4064.00,2032.00,-2032.00,,699.983,1
2024-05-11T14:33:00Z,4063.50,2031.75,-2031.75,,699.826,1
2024-05-11T14:34:00Z,4063.00,2031.50,-2031.50,,699.669,1
2024-05-11T14:35:00Z,4062.50,2031.25,-2031.25,,699.512,1
2024-05-11T14:36:00Z,4062.00,2031.00,-2031.00,,699.355,1
2024-05-11T14:37:00Z,4061.50,2030.75,-2030.75,,699.197,1
2024-05-11T14:38:00Z,4061.00,2030.50,-2030.50,,699.040,1
2024-05-11T14:39:00Z,4060.50,2030.25,-2030.25,,698.883,1
2024-05-11T14:40:00Z,4060.00,2030.00,-2030.00,,698.726,1
2024-05-11T14:41:00Z,4059.50,2029.75,-2029.75,,698.569,1
2024-05-11T14:42:00Z,4059.00,2029.50,-2029.50,,698.412,1
2024-05-11T14:43:00Z,4058.50,2029.25,-2029.25,,698.255,1
2024-05-11T14:44:00Z,4058.00,2029.00,-2029.00,,698.098,1
2024-05-11T14:45:00Z,4057.50,2028.75,-2028.75,,697.941,1
2024-05-11T14:46:00Z,4057.00,2028.50,-2028.50,,697.784,1
2024-05-11T14:47:00Z,4056.50,2028.25,-2028.25,,697.627,1
2024-05-11T14:48:00Z,4056.00,2028.00,-2028.00,,697.470,1
2024-05-11T14:49:00Z,4055.50,2027.75,-2027.75,,697.313,1
2024-05-11T14:50:00Z,4055.00,2027.50,-2027.50,,697.156,1
2024-05-11T14:51:00Z,4054.50,2027.25,-2027.25,,696.999,1
2024-05-11T14:52:00Z,4054.00,2027.00,-2027.00,,696.842,1
2024-05-11T14:53:00Z,4053.50,2026.75,-2026.75,,696.685,1
2024-05-11T14:54:00Z,4053.00,2026.50,-2026.50,,696.528,1
2024-05-11T14:55:00Z,4052.50,2026.25,-2026.25,,696.371,1
2024-05-11T14:56:00Z,4052.00,2026.00,-2026.00,,696.215,1
2024-05-11T14:57:00Z,4051.50,2025.75,-2025.75,,696.058,1
2024-05-11T14:58:00Z,4051.00,2025.50,-2025.50,,695.901,1
2024-05-11T14:59:00Z,4050.50,2025.25,-2025.25,,695.744,1
2024-05-11T15:00:00Z,4050.00,2025.00,-2025.00,,695.587,1
2024-05-11T15:01:00Z,4049.50,2024.75,-2024.75,,695.431,1
2024-05-11T15:02:00Z,4049.00,2024.50,-2024.50,,695.274,1
2024-05-11T15:03:00Z,4048.50,2024.25,-2024.25,,695.117,1
2024-05-11T15:04:00Z,4048.00,2024.00,-2024.00,,694.961,1
2024-05-11T15:05:00Z,4047.50,2023.75,-2023.75,,694.804,1
2024-05-11T15:06:00Z,4047.00,2023.50,-2023.50,,694.647,1
2024-05-11T15:07:00Z,4046.50,2023.25,-2023.25,,694.491,1
2024-05-11T15:08:00Z,4046.00,2023.00,-2023.00,,694.334,1
2024-05-11T15:09:00Z,4045.50,2022.75,-2022.75,,694.177,1
2024-05-11T15:10:00Z,4045.00,2022.50,-2022.50,,694.021,1
2024-05-11T15:11:00Z,4044.50,2022.25,-2022.25,,693.864,1
2024-05-11T15:12:00Z,4044.00,2022.00,-2022.00,,693.708,1
2024-05-11T15:13:00Z,4043.50,2021.75,-2021.75,,693.551,1
2024-05-11T15:14:00Z,4043.00,2021.50,-2021.50,,693.395,1
2024-05-11T15:15:00Z,4042.50,2021.25,-2021.25,,693.238,1
2024-05-11T15:16:00Z,4042.00,2021.00,-2021.00,,693.082,1
2024-05-11T15:17:00Z,4041.50,2020.75,-2020.75,,692.925,1
2024-05-11T15:18:00Z,4041.00,2020.50,-2020.50,,692.769,1
2024-05-11T15:19:00Z,4040.50,2020.25,-2020.25,,692.612,1
2024-05-11T15:20:00Z,4040.00,2020.00,-2020.00,,692.456,1
2024-05-11T15:21:00Z,4039.50,2019.75,-2019.75,,692.300,1
2024-05-11T15:22:00Z,4039.00,2019.50,-2019.50,,692.143,1
2024-05-11T15:23:00Z,4038.50,2019.25,-2019.25,,691.987,1
2024-05-11T15:24:00Z,4038.00,2019.00,-2019.00,,691.831,1
2024-05-11T15:25:00Z,4037.50,2018.75,-2018.75,,691.674,1
2024-05-11T15:26:00Z,4037.00,2018.50,-2018.50,,691.518,1
2024-05-11T15:27:00Z,4036.50,2018.25,-2018.25,,691.362,1
2024-05-11T15:28:00Z,4036.00,2018.00,-2018.00,,691.205,1
2024-05-11T15:29:00Z,4035.50,2017.75,-2017.75,,691.049,1
2024-05-11T15:30:00Z,4035.00,2017.50,-2017.50,,690.893,1
2024-05-11T15:31:00Z,4034.50,2017.25,-2017.25,,690.737,1
2024-05-11T15:32:00Z,4034.00,2017.00,-2017.00,,690.580,1
2024-05-11T15:33:00Z,4033.50,2016.75,-2016.75,,690.424,1
2024-05-11T15:34:00Z,4033.00,2016.50,-2016.50,,690.268,1
2024-05-11T15:35:00Z,4032.50,2016.25,-2016.25,,690.112,1
2024-05-11T15:36:00Z,4032.00,2016.00,-2016.00,,689.956,1
2024-05-11T15:37:00Z,4031.50,2015.75,-2015.75,,689.800,1
2024-05-11T15:38:00Z,4031.00,2015.50,-2015.50,,689.644,1
2024-05-11T15:39:00Z,4030.50,2015.25,-2015.25,,689.488,1
2024-05-11T15:40:00Z,4030.00,2015.00,-2015.00,,689.331,1
2024-05-11T15:41:00Z,4029.50,2014.75,-2014.75,,689.175,1
2024-05-11T15:42:00Z,4029.00,2014.50,-2014.50,,689.019,1
2024-05-11T15:43:00Z,4028.50,2014.25,-2014.25,,688.863,1
2024-05-11T15:44:00Z,4028.00,2014.00,-2014.00,,688.707,1
2024-05-11T15:45:00Z,4027.50,2013.75,-2013.75,,688.551,1
2024-05-11T15:46:00Z,4027.00,2013.50,-2013.50,,688.396,1
2024-05-11T15:47:00Z,4026.50,2013.25,-2013.25,,688.240,1
2024-05-11T15:48:00Z,4026.00,2013.00,-2013.00,,688.084,1
2024-05-11T15:49:00Z,4025.50,2012.75,-2012.75,,687.928,1
2024-05-11T15:50:00Z,4025.00,2012.50,-2012.50,,687.772,1
2024-05-11T15:51:00Z,4024.50,2012.25,-2012.25,,687.616,1
2024-05-11T15:52:00Z,4024.00,2012.00,-2012.00,,687.460,1
2024-05-11T15:53:00Z,4023.50,2011.75,-2011.75,,687.304,1
2024-05-11T15:54:00Z,4023.00,2011.50,-2011.50,,687.149,1
2024-05-11T15:55:00Z,4022.50,2011.25,-2011.25,,686.993,1
2024-05-11T15:56:00Z,4022.00,2011.00,-2011.00,,686.837,1
2024-05-11T15:57:00Z,4021.50,2010.75,-2010.75,,686.681,1
2024-05-11T15:58:00Z,4021.00,2010.50,-2010.50,,686.525,1
2024-05-11T15:59:00Z,4020.50,2010.25,-2010.25,,686.370,1
2024-05-11T16:00:00Z,4020.00,2010.00,-2010.00,,686.214,1
2024-05-11T16:01:00Z,4019.33,2009.67,-2009.67,,686.006,1
2024-05-11T16:02:00Z,4018.67,2009.33,-2009.33,,685.799,1
2024-05-11T16:03:00Z,4018.00,2009.00,-2009.00,,685.591,1
2024-05-11T16:04:00Z,4017.33,2008.67,-2008.67,,685.384,1
2024-05-11T16:05:00Z,4016.67,2008.33,-2008.33,,685.176,1
2024-05-11T16:06:00Z,4016.00,2008.00,-2008.00,,684.969,1
2024-05-11T16:07:00Z,4015.33,2007.67,-2007.67,,684.762,1
2024-05-11T16:08:00Z,4014.67,2007.33,-2007.33,,684.554,1
2024-05-11T16:09:00Z,4014.00,2007.00,-2007.00,,684.347,1
2024-05-11T16:10:00Z,4013.33,2006.67,-2006.67,,684.140,1
2024-05-11T16:11:00Z,4012.67,2006.33,-2006.33,,683.932,1
2024-05-11T16:12:00Z,4012.00,2006.00,-2006.00,,683.725,1
2024-05-11T16:13:00Z,4011.33,2005.67,-2005.67,,683.518,1
2024-05-11T16:14:00Z,4010.67,2005.33,-2005.33,,683.311,1
2024-05-11T16:15:00Z,4010.00,2005.00,-2005.00,,683.103,1
2024-05-11T16:16:00Z,4009.33,2004.67,-2004.67,,682.896,1
2024-05-11T16:17:00Z,4008.67,2004.33,-2004.33,,682.689,1
2024-05-11T16:18:00Z,4008.00,2004.00,-2004.00,,682.482,1
2024-05-11T16:19:00Z,4007.33,2003.67,-2003.67,,682.275,1
2024-05-11T16:20:00Z,4006.67,2003.33,-2003.33,,682.068,1
2024-05-11T16:21:00Z,4006.00,2003.00,-2003.00,,681.861,1
2024-05-11T16:22:00Z,4005.33,2002.67,-2002.67,,681.654,1
2024-05-11T16:23:00Z,4004.67,2002.33,-2002.33,,681.447,1
2024-05-11T16:24:00Z,4004.00,2002.00,-2002.00,,681.241,1
2024-05-11T16:25:00Z,4003.33,2001.67,-2001.67,,681.034,1
2024-05-11T16:26:00Z,4002.67,2001.33,-2001.33,,680.827,1
2024-05-11T16:27:00Z,4002.00,2001.00,-2001.00,,680.620,1
2024-05-11T16:28:00Z,4001.33,2000.67,-2000.67,,680.413,1
2024-05-11T16:29:00Z,4000.67,2000.33,-2000.33,,680.207,1
2024-05-11T16:30:00Z,4000.00,2000.00,-2000.00,,680.000,1
2024-05-11T16:31:00Z,3999.33,1999.67,-1999.67,,679.793,1
2024-05-11T16:32:00Z,3998.67,1999.33,-1999.33,,679.587,1
2024-05-11T16:33:00Z,3998.00,1999.00,-1999.00,,679.380,1
2024-05-11T16:34:00Z,3997.33,1998.67,-1998.67,,679.174,1
2024-05-11T16:35:00Z,3996.67,1998.33,-1998.33,,678.967,1
2024-05-11T16:36:00Z,3996.00,1998.00,-1998.00,,678.761,1
2024-05-11T16:37:00Z,3995.33,1997.67,-1997.67,,678.554,1
2024-05-11T16:38:00Z,3994.67,1997.33,-1997.33,,678.348,1
2024-05-11T16:39:00Z,3994.00,1997.00,-1997.00,,678.141,1
2024-05-11T16:40:00Z,3993.33,1996.67,-1996.67,,677.935,1
2024-05-11T16:41:00Z,3992.67,1996.33,-1996.33,,677.729,1
2024-05-11T16:42:00Z,3992.00,1996.00,-1996.00,,677.522,1
2024-05-11T16:43:00Z,3991.33,1995.67,-1995.67,,677.316,1
2024-05-11T16:44:00Z,3990.67,1995.33,-1995.33,,677.110,1
2024-05-11T16:45:00Z,3990.00,1995.00,-1995.00,,676.903,1
2024-05-11T16:46:00Z,3989.33,1994.67,-1994.67,,676.697,1
2024-05-11T16:47:00Z,3988.67,1994.33,-1994.33,,676.491,1
2024-05-11T16:48:00Z,3988.00,1994.00,-1994.00,,676.285,1
2024-05-11T16:49:00Z,3987.33,1993.67,-1993.67,,676.079,1
2024-05-11T16:50:00Z,3986.67,1993.33,-1993.33,,675.873,1
2024-05-11T16:51:00Z,3986.00,1993.00,-1993.00,,675.667,1
2024-05-11T16:52:00Z,3985.33,1992.67,-1992.67,,675.461,1
2024-05-11T16:53:00Z,3984.67,1992.33,-1992.33,,675.255,1
2024-05-11T16:54:00Z,3984.00,1992.00,-1992.00,,675.049,1
2024-05-11T16:55:00Z,3983.33,1991.67,-1991.67,,674.843,1
2024-05-11T16:56:00Z,3982.67,1991.33,-1991.33,,674.637,1
2024-05-11T16:57:00Z,3982.00,1991.00,-1991.00,,674.431,1
2024-05-11T16:58:00Z,3981.33,1990.67,-1990.67,,674.226,1
2024-05-11T16:59:00Z,3980.67,1990.33,-1990.33,,674.020,1
2024-05-11T17:00:00Z,3980.00,1990.00,-1990.00,,673.814,1
2024-05-11T17:01:00Z,3979.33,1989.67,-1989.67,,673.608,1
2024-05-11T17:02:00Z,3978.67,1989.33,-1989.33,,673.403,1
2024-05-11T17:03:00Z,3978.00,1989.00,-1989.00,,673.197,1
2024-05-11T17:04:00Z,3977.33,1988.67,-1988.67,,672.991,1
2024-05-11T17:05:00Z,3976.67,1988.33,-1988.33,,672.786,1
2024-05-11T17:06:00Z,3976.00,1988.00,-1988.00,,672.580,1
2024-05-11T17:07:00Z,3975.33,1987.67,-1987.67,,672.375,1
2024-05-11T17:08:00Z,3974.67,1987.33,-1987.33,,672.169,1
2024-05-11T17:09:00Z,3974.00,1987.00,-1987.00,,671.964,1
2024-05-11T17:10:00Z,3973.33,1986.67,-1986.67,,671.758,1
2024-05-11T17:11:00Z,3972.67,1986.33,-1986.33,,671.553,1
2024-05-11T17:12:00Z,3972.00,1986.00,-1986.00,,671.347,1
2024-05-11T17:13:00Z,3971.33,1985.67,-1985.67,,671.142,1
2024-05-11T17:14:00Z,3970.67,1985.33,-1985.33,,670.937,1
2024-05-11T17:15:00Z,3970.00,1985.00,-1985.00,,670.731,1
2024-05-11T17:16:00Z,3969.33,1984.67,-1984.67,,670.526,1
2024-05-11T17:17:00Z,3968.67,1984.33,-1984.33,,670.321,1
2024-05-11T17:18:00Z,3968.00,1984.00,-1984.00,,670.116,1
2024-05-11T17:19:00Z,3967.33,1983.67,-1983.67,,669.911,1
2024-05-11T17:20:00Z,3966.67,1983.33,-1983.33,,669.706,1
2024-05-11T17:21:00Z,3966.00,1983.00,-1983.00,,669.500,1
2024-05-11T17:22:00Z,3965.33,1982.67,-1982.67,,669.295,1
2024-05-11T17:23:00Z,3964.67,1982.33,-1982.33,,669.090,1
2024-05-11T17:24:00Z,3964.00,1982.00,-1982.00,,668.885,1
2024-05-11T17:25:00Z,3963.33,1981.67,-1981.67,,668.680,1
2024-05-11T17:26:00Z,3962.67,1981.33,-1981.33,,668.475,1
2024-05-11T17:27:00Z,3962.00,1981.00,-1981.00,,668.271,1
2024-05-11T17:28:00Z,3961.33,1980.67,-1980.67,,668.066,1
2024-05-11T17:29:00Z,3960.67,1980.33,-1980.33,,667.861,1
2024-05-11T17:30:00Z,3960.00,1980.00,-1980.00,,667.656,1
2024-05-11T17:31:00Z,3959.33,1979.67,-1979.67,,667.451,1
2024-05-11T17:32:00Z,3958.67,1979.33,-1979.33,,667.246,1
2024-05-11T17:33:00Z,3958.00,1979.00,-1979.00,,667.042,1
2024-05-11T17:34:00Z,3957.33,1978.67,-1978.67,,666.837,1
2024-05-11T17:35:00Z,3956.67,1978.33,-1978.33,,666.632,1
2024-05-11T17:36:00Z,3956.00,1978.00,-1978.00,,666.428,1
2024-05-11T17:37:00Z,3955.33,1977.67,-1977.67,,666.223,1
2024-05-11T17:38:00Z,3954.67,1977.33,-1977.33,,666.019,1
2024-05-11T17:39:00Z,3954.00,1977.00,-1977.00,,665.814,1
2024-05-11T17:40:00Z,3953.33,1976.67,-1976.67,,665.610,1
2024-05-11T17:41:00Z,3952.67,1976.33,-1976.33,,665.405,1
2024-05-11T17:42:00Z,3952.00,1976.00,-1976.00,,665.201,1
2024-05-11T17:43:00Z,3951.33,1975.67,-1975.67,,664.996,1
2024-05-11T17:44:00Z,3950.67,1975.33,-1975.33,,664.792,1
2024-05-11T17:45:00Z,3950.00,1975.00,-1975.00,,664.587,1
2024-05-11T17:46:00Z,3949.33,1974.67,-1974.67,,664.383,1
2024-05-11T17:47:00Z,3948.67,1974.33,-1974.33,,664.179,1
2024-05-11T17:48:00Z,3948.00,1974.00,-1974.00,,663.975,1
2024-05-11T17:49:00Z,3947.33,1973.67,-1973.67,,663.770,1
2024-05-11T17:50:00Z,3946.67,1973.33,-1973.33,,663.566,1
2024-05-11T17:51:00Z,3946.00,1973.00,-1973.00,,663.362,1
2024-05-11T17:52:00Z,3945.33,1972.67,-1972.67,,663.158,1
2024-05-11T17:53:00Z,3944.67,1972.33,-1972.33,,662.954,1
2024-05-11T17:54:00Z,3944.00,1972.00,-1972.00,,662.750,1
2024-05-11T17:55:00Z,3943.33,1971.67,-1971.67,,662.546,1
2024-05-11T17:56:00Z,3942.67,1971.33,-1971.33,,662.342,1
2024-05-11T17:57:00Z,3942.00,1971.00,-1971.00,,662.138,1
2024-05-11T17:58:00Z,3941.33,1970.67,-1970.67,,661.934,1
2024-05-11T17:59:00Z,3940.67,1970.33,-1970.33,,661.730,1
2024-05-11T18:00:00Z,3940.00,1970.00,-1970.00,,661.526,1
2024-05-11T18:01:00Z,3939.08,1969.54,-1969.54,,661.246,1
2024-05-11T18:02:00Z,3938.17,1969.08,-1969.08,,660.965,1
2024-05-11T18:03:00Z,3937.25,1968.62,-1968.62,,660.685,1
2024-05-11T18:04:00Z,3936.33,1968.17,-1968.17,,660.405,1
2024-05-11T18:05:00Z,3935.42,1967.71,-1967.71,,660.125,1
2024-05-11T18:06:00Z,3934.50,1967.25,-1967.25,,659.845,1
2024-05-11T18:07:00Z,3933.58,1966.79,-1966.79,,659.565,1
2024-05-11T18:08:00Z,3932.67,1966.33,-1966.33,,659.285,1
2024-05-11T18:09:00Z,3931.75,1965.88,-1965.88,,659.006,1
2024-05-11T18:10:00Z,3930.83,1965.42,-1965.42,,658.726,1
2024-05-11T18:11:00Z,3929.92,1964.96,-1964.96,,658.446,1
2024-05-11T18:12:00Z,3929.00,1964.50,-1964.50,,658.166,1
2024-05-11T18:13:00Z,3928.08,1964.04,-1964.04,,657.887,1
2024-05-11T18:14:00Z,3927.17,1963.58,-1963.58,,657.607,1
2024-05-11T18:15:00Z,3926.25,1963.12,-1963.12,,657.328,1
2024-05-11T18:16:00Z,3925.33,1962.67,-1962.67,,657.048,1
2024-05-11T18:17:00Z,3924.42,1962.21,-1962.21,,656.769,1
2024-05-11T18:18:00Z,3923.50,1961.75,-1961.75,,656.490,1
2024-05-11T18:19:00Z,3922.58,1961.29,-1961.29,,656.211,1
2024-05-11T18:20:00Z,3921.67,1960.83,-1960.83,,655.931,1
2024-05-11T18:21:00Z,3920.75,1960.38,-1960.38,,655.652,1
2024-05-11T18:22:00Z,3919.83,1959.92,-1959.92,,655.373,1
2024-05-11T18:23:00Z,3918.92,1959.46,-1959.46,,655.094,1
2024-05-11T18:24:00Z,3918.00,1959.00,-1959.00,,654.815,1
2024-05-11T18:25:00Z,3917.08,1958.54,-1958.54,,654.536,1
2024-05-11T18:26:00Z,3916.17,1958.08,-1958.08,,654.258,1
2024-05-11T18:27:00Z,3915.25,1957.62,-1957.62,,653.979,1
2024-05-11T18:28:00Z,3914.33,1957.17,-1957.17,,653.700,1
2024-05-11T18:29:00Z,3913.42,1956.71,-1956.71,,653.422,1
2024-05-11T18:30:00Z,3912.50,1956.25,-1956.25,,653.143,1
2024-05-11T18:31:00Z,3911.58,1955.79,-1955.79,,652.864,1
2024-05-11T18:32:00Z,3910.67,1955.33,-1955.33,,652.586,1
2024-05-11T18:33:00Z,3909.75,1954.88,-1954.88,,652.308,1
2024-05-11T18:34:00Z,3908.83,1954.42,-1954.42,,652.029,1
2024-05-11T18:35:00Z,3907.92,1953.96,-1953.96,,651.751,1
2024-05-11T18:36:00Z,3907.00,1953.50,-1953.50,,651.473,1
2024-05-11T18:37:00Z,3906.08,1953.04,-1953.04,,651.195,1
2024-05-11T18:38:00Z,3905.17,1952.58,-1952.58,,650.916,1
2024-05-11T18:39:00Z,3904.25,1952.12,-1952.12,,650.638,1
2024-05-11T18:40:00Z,3903.33,1951.67,-1951.67,,650.360,1
2024-05-11T18:41:00Z,3902.42,1951.21,-1951.21,,650.082,1
2024-05-11T18:42:00Z,3901.50,1950.75,-1950.75,,649.805,1
2024-05-11T18:43:00Z,3900.58,1950.29,-1950.29,,649.527,1
2024-05-11T18:44:00Z,3899.67,1949.83,-1949.83,,649.249,1
2024-05-11T18:45:00Z,3898.75,1949.38,-1949.38,,648.971,1
2024-05-11T18:46:00Z,3897.83,1948.92,-1948.92,,648.694,1
2024-05-11T18:47:00Z,3896.92,1948.46,-1948.46,,648.416,1
2024-05-11T18:48:00Z,3896.00,1948.00,-1948.00,,648.139,1
2024-05-11T18:49:00Z,3895.08,1947.54,-1947.54,,647.861,1
2024-05-11T18:50:00Z,3894.17,1947.08,-1947.08,,647.584,1
2024-05-11T18:51:00Z,3893.25,1946.62,-1946.62,,647.306,1
2024-05-11T18:52:00Z,3892.33,1946.17,-1946.17,,647.029,1
2024-05-11T18:53:00Z,3891.42,1945.71,-1945.71,,646.752,1
2024-05-11T18:54:00Z,3890.50,1945.25,-1945.25,,646.475,1
2024-05-11T18:55:00Z,3889.58,1944.79,-1944.79,,646.198,1
2024-05-11T18:56:00Z,3888.67,1944.33,-1944.33,,645.920,1
2024-05-11T18:57:00Z,3887.75,1943.88,-1943.88,,645.644,1
2024-05-11T18:58:00Z,3886.83,1943.42,-1943.42,,645.367,1
2024-05-11T18:59:00Z,3885.92,1942.96,-1942.96,,645.090,1
2024-05-11T19:00:00Z,3885.00,1942.50,-1942.50,,644.813,1
2024-05-11T19:01:00Z,3884.08,1942.04,-1942.04,,644.536,1
2024-05-11T19:02:00Z,3883.17,1941.58,-1941.58,,644.259,1
2024-05-11T19:03:00Z,3882.25,1941.12,-1941.12,,643.983,1
2024-05-11T19:04:00Z,3881.33,1940.67,-1940.67,,643.706,1
2024-05-11T19:05:00Z,3880.42,1940.21,-1940.21,,643.430,1
2024-05-11T19:06:00Z,3879.50,1939.75,-1939.75,,643.153,1
2024-05-11T19:07:00Z,3878.58,1939.29,-1939.29,,642.877,1
2024-05-11T19:08:00Z,3877.67,1938.83,-1938.83,,642.600,1
2024-05-11T19:09:00Z,3876.75,1938.38,-1938.38,,642.324,1
2024-05-11T19:10:00Z,3875.83,1937.92,-1937.92,,642.048,1
2024-05-11T19:11:00Z,3874.92,1937.46,-1937.46,,641.772,1
2024-05-11T19:12:00Z,3874.00,1937.00,-1937.00,,641.496,1
2024-05-11T19:13:00Z,3873.08,1936.54,-1936.54,,641.220,1
2024-05-11T19:14:00Z,3872.17,1936.08,-1936.08,,640.944,1
2024-05-11T19:15:00Z,3871.25,1935.62,-1935.62,,640.668,1
2024-05-11T19:16:00Z,3870.33,1935.17,-1935.17,,640.392,1
2024-05-11T19:17:00Z,3869.42,1934.71,-1934.71,,640.116,1
2024-05-11T19:18:00Z,3868.50,1934.25,-1934.25,,639.840,1
2024-05-11T19:19:00Z,3867.58,1933.79,-1933.79,,639.565,1
2024-05-11T19:20:00Z,3866.67,1933.33,-1933.33,,639.289,1
2024-05-11T19:21:00Z,3865.75,1932.88,-1932.88,,639.013,1
2024-05-11T19:22:00Z,3864.83,1932.42,-1932.42,,638.738,1
2024-05-11T19:23:00Z,3863.92,1931.96,-1931.96,,638.462,1
2024-05-11T19:24:00Z,3863.00,1931.50,-1931.50,,638.187,1
2024-05-11T19:25:00Z,3862.08,1931.04,-1931.04,,637.912,1
2024-05-11T19:26:00Z,3861.17,1930.58,-1930.58,,637.636,1
2024-05-11T19:27:00Z,3860.25,1930.12,-1930.12,,637.361,1
2024-05-11T19:28:00Z,3859.33,1929.67,-1929.67,,637.086,1
2024-05-11T19:29:00Z,3858.42,1929.21,-1929.21,,636.811,1
2024-05-11T19:30:00Z,3857.50,1928.75,-1928.75,,636.536,1
2024-05-11T19:31:00Z,3856.58,1928.29,-1928.29,,636.261,1
2024-05-11T19:32:00Z,3855.67,1927.83,-1927.83,,635.986,1
2024-05-11T19:33:00Z,3854.75,1927.38,-1927.38,,635.711,1
2024-05-11T19:34:00Z,3853.83,1926.92,-1926.92,,635.436,1
2024-05-11T19:35:00Z,3852.92,1926.46,-1926.46,,635.161,1
2024-05-11T19:36:00Z,3852.00,1926.00,-1926.00,,634.887,1
2024-05-11T19:37:00Z,3851.08,1925.54,-1925.54,,634.612,1
2024-05-11T19:38:00Z,3850.17,1925.08,-1925.08,,634.337,1
2024-05-11T19:39:00Z,3849.25,1924.62,-1924.62,,634.063,1
2024-05-11T19:40:00Z,3848.33,1924.17,-1924.17,,633.788,1
2024-05-11T19:41:00Z,3847.42,1923.71,-1923.71,,633.514,1
2024-05-11T19:42:00Z,3846.50,1923.25,-1923.25,,633.240,1
2024-05-11T19:43:00Z,3845.58,1922.79,-1922.79,,632.965,1
2024-05-11T19:44:00Z,3844.67,1922.33,-1922.33,,632.691,1
2024-05-11T19:45:00Z,3843.75,1921.88,-1921.88,,632.417,1
2024-05-11T19:46:00Z,3842.83,1921.42,-1921.42,,632.143,1
2024-05-11T19:47:00Z,3841.92,1920.96,-1920.96,,631.869,1
2024-05-11T19:48:00Z,3841.00,1920.50,-1920.50,,631.595,1
2024-05-11T19:49:00Z,3840.08,1920.04,-1920.04,,631.321,1
2024-05-11T19:50:00Z,3839.17,1919.58,-1919.58,,631.047,1
2024-05-11T19:51:00Z,3838.25,1919.12,-1919.12,,630.773,1
2024-05-11T19:52:00Z,3837.33,1918.67,-1918.67,,630.499,1
2024-05-11T19:53:00Z,3836.42,1918.21,-1918.21,,630.226,1
2024-05-11T19:54:00Z,3835.50,1917.75,-1917.75,,629.952,1
2024-05-11T19:55:00Z,3834.58,1917.29,-1917.29,,629.679,1
2024-05-11T19:56:00Z,3833.67,1916.83,-1916.83,,629.405,1
2024-05-11T19:57:00Z,3832.75,1916.38,-1916.38,,629.132,1
2024-05-11T19:58:00Z,3831.83,1915.92,-1915.92,,628.858,1
2024-05-11T19:59:00Z,3830.92,1915.46,-1915.46,,628.585,1
2024-05-11T20:00:00Z,3830.00,1915.00,-1915.00,,628.311,1
2024-05-11T20:01:00Z,3828.92,1914.46,-1914.46,,627.989,1
2024-05-11T20:02:00Z,3827.83,1913.92,-1913.92,,627.666,1
2024-05-11T20:03:00Z,3826.75,1913.38,-1913.38,,627.343,1
2024-05-11T20:04:00Z,3825.67,1912.83,-1912.83,,627.020,1
2024-05-11T20:05:00Z,3824.58,1912.29,-1912.29,,626.698,1
2024-05-11T20:06:00Z,3823.50,1911.75,-1911.75,,626.375,1
2024-05-11T20:07:00Z,3822.42,1911.21,-1911.21,,626.053,1
2024-05-11T20:08:00Z,3821.33,1910.67,-1910.67,,625.731,1
2024-05-11T20:09:00Z,3820.25,1910.12,-1910.12,,625.408,1
2024-05-11T20:10:00Z,3819.17,1909.58,-1909.58,,625.086,1
2024-05-11T20:11:00Z,3818.08,1909.04,-1909.04,,624.764,1
2024-05-11T20:12:00Z,3817.00,1908.50,-1908.50,,624.442,1
2024-05-11T20:13:00Z,3815.92,1907.96,-1907.96,,624.120,1
2024-05-11T20:14:00Z,3814.83,1907.42,-1907.42,,623.798,1
2024-05-11T20:15:00Z,3813.75,1906.88,-1906.88,,623.477,1
2024-05-11T20:16:00Z,3812.67,1906.33,-1906.33,,623.155,1
2024-05-11T20:17:00Z,3811.58,1905.79,-1905.79,,622.833,1
2024-05-11T20:18:00Z,3810.50,1905.25,-1905.25,,622.512,1
2024-05-11T20:19:00Z,3809.42,1904.71,-1904.71,,622.190,1
2024-05-11T20:20:00Z,3808.33,1904.17,-1904.17,,621.869,1
2024-05-11T20:21:00Z,3807.25,1903.62,-1903.62,,621.548,1
2024-05-11T20:22:00Z,3806.17,1903.08,-1903.08,,621.227,1
2024-05-11T20:23:00Z,3805.08,1902.54,-1902.54,,620.906,1
2024-05-11T20:24:00Z,3804.00,1902.00,-1902.00,,620.585,1
2024-05-11T20:25:00Z,3802.92,1901.46,-1901.46,,620.264,1
2024-05-11T20:26:00Z,3801.83,1900.92,-1900.92,,619.943,1
2024-05-11T20:27:00Z,3800.75,1900.38,-1900.38,,619.622,1
2024-05-11T20:28:00Z,3799.67,1899.83,-1899.83,,619.301,1
2024-05-11T20:29:00Z,3798.58,1899.29,-1899.29,,618.981,1
2024-05-11T20:30:00Z,3797.50,1898.75,-1898.75,,618.660,1
2024-05-11T20:31:00Z,3796.42,1898.21,-1898.21,,618.340,1
2024-05-11T20:32:00Z,3795.33,1897.67,-1897.67,,618.019,1
2024-05-11T20:33:00Z,3794.25,1897.12,-1897.12,,617.699,1
2024-05-11T20:34:00Z,3793.17,1896.58,-1896.58,,617.379,1
2024-05-11T20:35:00Z,3792.08,1896.04,-1896.04,,617.059,1
2024-05-11T20:36:00Z,3791.00,1895.50,-1895.50,,616.739,1
2024-05-11T20:37:00Z,3789.92,1894.96,-1894.96,,616.419,1
2024-05-11T20:38:00Z,3788.83,1894.42,-1894.42,,616.099,1
2024-05-11T20:39:00Z,3787.75,1893.88,-1893.88,,615.779,1
2024-05-11T20:40:00Z,3786.67,1893.33,-1893.33,,615.460,1
2024-05-11T20:41:00Z,3785.58,1892.79,-1892.79,,615.140,1
2024-05-11T20:42:00Z,3784.50,1892.25,-1892.25,,614.820,1
2024-05-11T20:43:00Z,3783.42,1891.71,-1891.71,,614.501,1
2024-05-11T20:44:00Z,3782.33,1891.17,-1891.17,,614.182,1
2024-05-11T20:45:00Z,3781.25,1890.62,-1890.62,,613.862,1
2024-05-11T20:46:00Z,3780.17,1890.08,-1890.08,,613.543,1
2024-05-11T20:47:00Z,3779.08,1889.54,-1889.54,,613.224,1
2024-05-11T20:48:00Z,3778.00,1889.00,-1889.00,,612.905,1
2024-05-11T20:49:00Z,3776.92,1888.46,-1888.46,,612.586,1
2024-05-11T20:50:00Z,3775.83,1887.92,-1887.92,,612.267,1
2024-05-11T20:51:00Z,3774.75,1887.38,-1887.38,,611.948,1
2024-05-11T20:52:00Z,3773.67,1886.83,-1886.83,,611.630,1
2024-05-11T20:53:00Z,3772.58,1886.29,-1886.29,,611.311,1
2024-05-11T20:54:00Z,3771.50,1885.75,-1885.75,,610.992,1
2024-05-11T20:55:00Z,3770.42,1885.21,-1885.21,,610.674,1
2024-05-11T20:56:00Z,3769.33,1884.67,-1884.67,,610.356,1
2024-05-11T20:57:00Z,3768.25,1884.12,-1884.12,,610.037,1
2024-05-11T20:58:00Z,3767.17,1883.58,-1883.58,,609.719,1
2024-05-11T20:59:00Z,3766.08,1883.04,-1883.04,,609.401,1
2024-05-11T21:00:00Z,3765.00,1882.50,-1882.50,,609.083,1
2024-05-11T21:01:00Z,3763.92,1881.96,-1881.96,,608.765,1
2024-05-11T21:02:00Z,3762.83,1881.42,-1881.42,,608.447,1
2024-05-11T21:03:00Z,3761.75,1880.88,-1880.88,,608.129,1
2024-05-11T21:04:00Z,3760.67,1880.33,-1880.33,,607.811,1
2024-05-11T21:05:00Z,3759.58,1879.79,-1879.79,,607.494,1
2024-05-11T21:06:00Z,3758.50,1879.25,-1879.25,,607.176,1
2024-05-11T21:07:00Z,3757.42,1878.71,-1878.71,,606.859,1
2024-05-11T21:08:00Z,3756.33,1878.17,-1878.17,,606.541,1
2024-05-11T21:09:00Z,3755.25,1877.62,-1877.62,,606.224,1
2024-05-11T21:10:00Z,3754.17,1877.08,-1877.08,,605.907,1
2024-05-11T21:11:00Z,3753.08,1876.54,-1876.54,,605.590,1
2024-05-11T21:12:00Z,3752.00,1876.00,-1876.00,,605.273,1
2024-05-11T21:13:00Z,3750.92,1875.46,-1875.46,,604.956,1
2024-05-11T21:14:00Z,3749.83,1874.92,-1874.92,,604.639,1
2024-05-11T21:15:00Z,3748.75,1874.38,-1874.38,,604.322,1
2024-05-11T21:16:00Z,3747.67,1873.83,-1873.83,,604.005,1
2024-05-11T21:17:00Z,3746.58,1873.29,-1873.29,,603.689,1
2024-05-11T21:18:00Z,3745.50,1872.75,-1872.75,,603.372,1
2024-05-11T21:19:00Z,3744.42,1872.21,-1872.21,,603.055,1
2024-05-11T21:20:00Z,3743.33,1871.67,-1871.67,,602.739,1
2024-05-11T21:21:00Z,3742.25,1871.12,-1871.12,,602.423,1
2024-05-11T21:22:00Z,3741.17,1870.58,-1870.58,,602.106,1
2024-05-11T21:23:00Z,3740.08,1870.04,-1870.04,,601.790,1
2024-05-11T21:24:00Z,3739.00,1869.50,-1869.50,,601.474,1
2024-05-11T21:25:00Z,3737.92,1868.96,-1868.96,,601.158,1
2024-05-11T21:26:00Z,3736.83,1868.42,-1868.42,,600.842,1
2024-05-11T21:27:00Z,3735.75,1867.88,-1867.88,,600.526,1
2024-05-11T21:28:00Z,3734.67,1867.33,-1867.33,,600.211,1
2024-05-11T21:29:00Z,3733.58,1866.79,-1866.79,,599.895,1
2024-05-11T21:30:00Z,3732.50,1866.25,-1866.25,,599.579,1
2024-05-11T21:31:00Z,3731.42,1865.71,-1865.71,,599.264,1
2024-05-11T21:32:00Z,3730.33,1865.17,-1865.17,,598.949,1
2024-05-11T21:33:00Z,3729.25,1864.62,-1864.62,,598.633,1
2024-05-11T21:34:00Z,3728.17,1864.08,-1864.08,,598.318,1
2024-05-11T21:35:00Z,3727.08,1863.54,-1863.54,,598.003,1
2024-05-11T21:36:00Z,3726.00,1863.00,-1863.00,,597.688,1
2024-05-11T21:37:00Z,3724.92,1862.46,-1862.46,,597.373,1
2024-05-11T21:38:00Z,3723.83,1861.92,-1861.92,,597.058,1
2024-05-11T21:39:00Z,3722.75,1861.38,-1861.38,,596.743,1
2024-05-11T21:40:00Z,3721.67,1860.83,-1860.83,,596.428,1
2024-05-11T21:41:00Z,3720.58,1860.29,-1860.29,,596.113,1
2024-05-11T21:42:00Z,3719.50,1859.75,-1859.75,,595.799,1
2024-05-11T21:43:00Z,3718.42,1859.21,-1859.21,,595.484,1
2024-05-11T21:44:00Z,3717.33,1858.67,-1858.67,,595.170,1
2024-05-11T21:45:00Z,3716.25,1858.12,-1858.12,,594.855,1
2024-05-11T21:46:00Z,3715.17,1857.58,-1857.58,,594.541,1
2024-05-11T21:47:00Z,3714.08,1857.04,-1857.04,,594.227,1
2024-05-11T21:48:00Z,3713.00,1856.50,-1856.50,,593.913,1
2024-05-11T21:49:00Z,3711.92,1855.96,-1855.96,,593.599,1
2024-05-11T21:50:00Z,3710.83,1855.42,-1855.42,,593.285,1
2024-05-11T21:51:00Z,3709.75,1854.88,-1854.88,,592.971,1
2024-05-11T21:52:00Z,3708.67,1854.33,-1854.33,,592.657,1
2024-05-11T21:53:00Z,3707.58,1853.79,-1853.79,,592.344,1
2024-05-11T21:54:00Z,3706.50,1853.25,-1853.25,,592.030,1
2024-05-11T21:55:00Z,3705.42,1852.71,-1852.71,,591.716,1
2024-05-11T21:56:00Z,3704.33,1852.17,-1852.17,,591.403,1
2024-05-11T21:57:00Z,3703.25,1851.62,-1851.62,,591.090,1
2024-05-11T21:58:00Z,3702.17,1851.08,-1851.08,,590.776,1
2024-05-11T21:59:00Z,3701.08,1850.54,-1850.54,,590.463,1
2024-05-11T22:00:00Z,3700.00,1850.00,-1850.00,,590.150,1
2024-05-11T22:01:00Z,3698.75,1849.38,-1849.38,,589.789,1
2024-05-11T22:02:00Z,3697.50,1848.75,-1848.75,,589.428,1
2024-05-11T22:03:00Z,3696.25,1848.12,-1848.12,,589.067,1
2024-05-11T22:04:00Z,3695.00,1847.50,-1847.50,,588.706,1
2024-05-11T22:05:00Z,3693.75,1846.88,-1846.88,,588.345,1
2024-05-11T22:06:00Z,3692.50,1846.25,-1846.25,,587.984,1
2024-05-11T22:07:00Z,3691.25,1845.62,-1845.62,,587.624,1
2024-05-11T22:08:00Z,3690.00,1845.00,-1845.00,,587.264,1
2024-05-11T22:09:00Z,3688.75,1844.38,-1844.38,,586.903,1
2024-05-11T22:10:00Z,3687.50,1843.75,-1843.75,,586.543,1
2024-05-11T22:11:00Z,3686.25,1843.12,-1843.12,,586.183,1
2024-05-11T22:12:00Z,3685.00,1842.50,-1842.50,,585.823,1
2024-05-11T22:13:00Z,3683.75,1841.88,-1841.88,,585.463,1
2024-05-11T22:14:00Z,3682.50,1841.25,-1841.25,,585.103,1
2024-05-11T22:15:00Z,3681.25,1840.62,-1840.62,,584.744,1
2024-05-11T22:16:00Z,3680.00,1840.00,-1840.00,,584.384,1
2024-05-11T22:17:00Z,3678.75,1839.38,-1839.38,,584.025,1
2024-05-11T22:18:00Z,3677.50,1838.75,-1838.75,,583.665,1
2024-05-11T22:19:00Z,3676.25,1838.12,-1838.12,,583.306,1
2024-05-11T22:20:00Z,3675.00,1837.50,-1837.50,,582.947,1
2024-05-11T22:21:00Z,3673.75,1836.88,-1836.88,,582.588,1
2024-05-11T22:22:00Z,3672.50,1836.25,-1836.25,,582.229,1
2024-05-11T22:23:00Z,3671.25,1835.62,-1835.62,,581.870,1
2024-05-11T22:24:00Z,3670.00,1835.00,-1835.00,,581.511,1
2024-05-11T22:25:00Z,3668.75,1834.38,-1834.38,,581.153,1
2024-05-11T22:26:00Z,3667.50,1833.75,-1833.75,,580.794,1
2024-05-11T22:27:00Z,3666.25,1833.12,-1833.12,,580.436,1
2024-05-11T22:28:00Z,3665.00,1832.50,-1832.50,,580.078,1
2024-05-11T22:29:00Z,3663.75,1831.88,-1831.88,,579.720,1
2024-05-11T22:30:00Z,3662.50,1831.25,-1831.25,,579.362,1
2024-05-11T22:31:00Z,3661.25,1830.62,-1830.62,,579.004,1
2024-05-11T22:32:00Z,3660.00,1830.00,-1830.00,,578.646,1
2024-05-11T22:33:00Z,3658.75,1829.38,-1829.38,,578.288,1
2024-05-11T22:34:00Z,3657.50,1828.75,-1828.75,,577.931,1
2024-05-11T22:35:00Z,3656.25,1828.12,-1828.12,,577.573,1
2024-05-11T22:36:00Z,3655.00,1827.50,-1827.50,,577.216,1
2024-05-11T22:37:00Z,3653.75,1826.88,-1826.88,,576.859,1
2024-05-11T22:38:00Z,3652.50,1826.25,-1826.25,,576.501,1
2024-05-11T22:39:00Z,3651.25,1825.62,-1825.62,,576.144,1
2024-05-11T22:40:00Z,3650.00,1825.00,-1825.00,,575.788,1
2024-05-11T22:41:00Z,3648.75,1824.38,-1824.38,,575.431,1
2024-05-11T22:42:00Z,3647.50,1823.75,-1823.75,,575.074,1
2024-05-11T22:43:00Z,3646.25,1823.12,-1823.12,,574.717,1
2024-05-11T22:44:00Z,3645.00,1822.50,-1822.50,,574.361,1
2024-05-11T22:45:00Z,3643.75,1821.88,-1821.88,,574.004,1
2024-05-11T22:46:00Z,3642.50,1821.25,-1821.25,,573.648,1
2024-05-11T22:47:00Z,3641.25,1820.62,-1820.62,,573.292,1
2024-05-11T22:48:00Z,3640.00,1820.00,-1820.00,,572.936,1
2024-05-11T22:49:00Z,3638.75,1819.38,-1819.38,,572.580,1
2024-05-11T22:50:00Z,3637.50,1818.75,-1818.75,,572.224,1
2024-05-11T22:51:00Z,3636.25,1818.12,-1818.12,,571.868,1
2024-05-11T22:52:00Z,3635.00,1817.50,-1817.50,,571.513,1
2024-05-11T22:53:00Z,3633.75,1816.88,-1816.88,,571.157,1
2024-05-11T22:54:00Z,3632.50,1816.25,-1816.25,,570.802,1
2024-05-11T22:55:00Z,3631.25,1815.62,-1815.62,,570.447,1
2024-05-11T22:56:00Z,3630.00,1815.00,-1815.00,,570.091,1
2024-05-11T22:57:00Z,3628.75,1814.38,-1814.38,,569.736,1
2024-05-11T22:58:00Z,3627.50,1813.75,-1813.75,,569.381,1
2024-05-11T22:59:00Z,3626.25,1813.12,-1813.12,,569.027,1
2024-05-11T23:00:00Z,3625.00,1812.50,-1812.50,,568.672,1
2024-05-11T23:01:00Z,3623.75,1811.88,-1811.88,,568.317,1
2024-05-11T23:02:00Z,3622.50,1811.25,-1811.25,,567.963,1
2024-05-11T23:03:00Z,3621.25,1810.62,-1810.62,,567.608,1
2024-05-11T23:04:00Z,3620.00,1810.00,-1810.00,,567.254,1
2024-05-11T23:05:00Z,3618.75,1809.38,-1809.38,,566.900,1
2024-05-11T23:06:00Z,3617.50,1808.75,-1808.75,,566.546,1
2024-05-11T23:07:00Z,3616.25,1808.12,-1808.12,,566.192,1
2024-05-11T23:08:00Z,3615.00,1807.50,-1807.50,,565.838,1
2024-05-11T23:09:00Z,3613.75,1806.88,-1806.88,,565.484,1
2024-05-11T23:10:00Z,3612.50,1806.25,-1806.25,,565.130,1
2024-05-11T23:11:00Z,3611.25,1805.62,-1805.62,,564.777,1
2024-05-11T23:12:00Z,3610.00,1805.00,-1805.00,,564.423,1
2024-05-11T23:13:00Z,3608.75,1804.38,-1804.38,,564.070,1
2024-05-11T23:14:00Z,3607.50,1803.75,-1803.75,,563.717,1
2024-05-11T23:15:00Z,3606.25,1803.12,-1803.12,,563.364,1
2024-05-11T23:16:00Z,3605.00,1802.50,-1802.50,,563.011,1
2024-05-11T23:17:00Z,3603.75,1801.88,-1801.88,,562.658,1
2024-05-11T23:18:00Z,3602.50,1801.25,-1801.25,,562.305,1
2024-05-11T23:19:00Z,3601.25,1800.62,-1800.62,,561.953,1
2024-05-11T23:20:00Z,3600.00,1800.00,-1800.00,,561.600,1
2024-05-11T23:21:00Z,3598.75,1799.38,-1799.38,,561.248,1
2024-05-11T23:22:00Z,3597.50,1798.75,-1798.75,,560.895,1
2024-05-11T23:23:00Z,3596.25,1798.12,-1798.12,,560.543,1
2024-05-11T23:24:00Z,3595.00,1797.50,-1797.50,,560.191,1
2024-05-11T23:25:00Z,3593.75,1796.88,-1796.88,,559.839,1
2024-05-11T23:26:00Z,3592.50,1796.25,-1796.25,,559.487,1
2024-05-11T23:27:00Z,3591.25,1795.62,-1795.62,,559.135,1
2024-05-11T23:28:00Z,3590.00,1795.00,-1795.00,,558.784,1
2024-05-11T23:29:00Z,3588.75,1794.38,-1794.38,,558.432,1
2024-05-11T23:30:00Z,3587.50,1793.75,-1793.75,,558.080,1
2024-05-11T23:31:00Z,3586.25,1793.12,-1793.12,,557.729,1
2024-05-11T23:32:00Z,3585.00,1792.50,-1792.50,,557.378,1
2024-05-11T23:33:00Z,3583.75,1791.88,-1791.88,,557.027,1
2024-05-11T23:34:00Z,3582.50,1791.25,-1791.25,,556.676,1
2024-05-11T23:35:00Z,3581.25,1790.62,-1790.62,,556.325,1
2024-05-11T23:36:00Z,3580.00,1790.00,-1790.00,,555.974,1
2024-05-11T23:37:00Z,3578.75,1789.38,-1789.38,,555.623,1
2024-05-11T23:38:00Z,3577.50,1788.75,-1788.75,,555.273,1
2024-05-11T23:39:00Z,3576.25,1788.12,-1788.12,,554.922,1
2024-05-11T23:40:00Z,3575.00,1787.50,-1787.50,,554.572,1
2024-05-11T23:41:00Z,3573.75,1786.88,-1786.88,,554.222,1
2024-05-11T23:42:00Z,3572.50,1786.25,-1786.25,,553.871,1
2024-05-11T23:43:00Z,3571.25,1785.62,-1785.62,,553.521,1
2024-05-11T23:44:00Z,3570.00,1785.00,-1785.00,,553.171,1
2024-05-11T23:45:00Z,3568.75,1784.38,-1784.38,,552.822,1
2024-05-11T23:46:00Z,3567.50,1783.75,-1783.75,,552.472,1
2024-05-11T23:47:00Z,3566.25,1783.12,-1783.12,,552.122,1
2024-05-11T23:48:00Z,3565.00,1782.50,-1782.50,,551.773,1
2024-05-11T23:49:00Z,3563.75,1781.88,-1781.88,,551.423,1
2024-05-11T23:50:00Z,3562.50,1781.25,-1781.25,,551.074,1
2024-05-11T23:51:00Z,3561.25,1780.62,-1780.62,,550.725,1
2024-05-11T23:52:00Z,3560.00,1780.00,-1780.00,,550.376,1
2024-05-11T23:53:00Z,3558.75,1779.38,-1779.38,,550.027,1
2024-05-11T23:54:00Z,3557.50,1778.75,-1778.75,,549.678,1
2024-05-11T23:55:00Z,3556.25,1778.12,-1778.12,,549.329,1
2024-05-11T23:56:00Z,3555.00,1777.50,-1777.50,,548.981,1
2024-05-11T23:57:00Z,3553.75,1776.88,-1776.88,,548.632,1
2024-05-11T23:58:00Z,3552.50,1776.25,-1776.25,,548.284,1
2024-05-11T23:59:00Z,3551.25,1775.62,-1775.62,,547.936,1
2024-05-12T00:00:00Z,3550.00,1775.00,-1775.00,,547.587,1
2024-05-12T00:01:00Z,3548.58,1774.29,-1774.29,,547.193,1
2024-05-12T00:02:00Z,3547.17,1773.58,-1773.58,,546.799,1
2024-05-12T00:03:00Z,3545.75,1772.88,-1772.88,,546.405,1
2024-05-12T00:04:00Z,3544.33,1772.17,-1772.17,,546.010,1
2024-05-12T00:05:00Z,3542.92,1771.46,-1771.46,,545.617,1
2024-05-12T00:06:00Z,3541.50,1770.75,-1770.75,,545.223,1
2024-05-12T00:07:00Z,3540.08,1770.04,-1770.04,,544.829,1
2024-05-12T00:08:00Z,3538.67,1769.33,-1769.33,,544.436,1
2024-05-12T00:09:00Z,3537.25,1768.62,-1768.62,,544.042,1
2024-05-12T00:10:00Z,3535.83,1767.92,-1767.92,,543.649,1
2024-05-12T00:11:00Z,3534.42,1767.21,-1767.21,,543.256,1
2024-05-12T00:12:00Z,3533.00,1766.50,-1766.50,,542.863,1
2024-05-12T00:13:00Z,3531.58,1765.79,-1765.79,,542.470,1
2024-05-12T00:14:00Z,3530.17,1765.08,-1765.08,,542.078,1
2024-05-12T00:15:00Z,3528.75,1764.38,-1764.38,,541.685,1
2024-05-12T00:16:00Z,3527.33,1763.67,-1763.67,,541.293,1
2024-05-12T00:17:00Z,3525.92,1762.96,-1762.96,,540.901,1
2024-05-12T00:18:00Z,3524.50,1762.25,-1762.25,,540.509,1
2024-05-12T00:19:00Z,3523.08,1761.54,-1761.54,,540.117,1
2024-05-12T00:20:00Z,3521.67,1760.83,-1760.83,,539.725,1
2024-05-12T00:21:00Z,3520.25,1760.12,-1760.12,,539.333,1
2024-05-12T00:22:00Z,3518.83,1759.42,-1759.42,,538.942,1
2024-05-12T00:23:00Z,3517.42,1758.71,-1758.71,,538.550,1
2024-05-12T00:24:00Z,3516.00,1758.00,-1758.00,,538.159,1
2024-05-12T00:25:00Z,3514.58,1757.29,-1757.29,,537.768,1
2024-05-12T00:26:00Z,3513.17,1756.58,-1756.58,,537.377,1
2024-05-12T00:27:00Z,3511.75,1755.88,-1755.88,,536.986,1
2024-05-12T00:28:00Z,3510.33,1755.17,-1755.17,,536.595,1
2024-05-12T00:29:00Z,3508.92,1754.46,-1754.46,,536.205,1
2024-05-12T00:30:00Z,3507.50,1753.75,-1753.75,,535.814,1
2024-05-12T00:31:00Z,3506.08,1753.04,-1753.04,,535.424,1
2024-05-12T00:32:00Z,3504.67,1752.33,-1752.33,,535.034,1
2024-05-12T00:33:00Z,3503.25,1751.62,-1751.62,,534.644,1
2024-05-12T00:34:00Z,3501.83,1750.92,-1750.92,,534.254,1
2024-05-12T00:35:00Z,3500.42,1750.21,-1750.21,,533.865,1
2024-05-12T00:36:00Z,3499.00,1749.50,-1749.50,,533.475,1
2024-05-12T00:37:00Z,3497.58,1748.79,-1748.79,,533.086,1
2024-05-12T00:38:00Z,3496.17,1748.08,-1748.08,,532.696,1
2024-05-12T00:39:00Z,3494.75,1747.38,-1747.38,,532.307,1
2024-05-12T00:40:00Z,3493.33,1746.67,-1746.67,,531.918,1
2024-05-12T00:41:00Z,3491.92,1745.96,-1745.96,,531.529,1
2024-05-12T00:42:00Z,3490.50,1745.25,-1745.25,,531.141,1
2024-05-12T00:43:00Z,3489.08,1744.54,-1744.54,,530.752,1
2024-05-12T00:44:00Z,3487.67,1743.83,-1743.83,,530.364,1
2024-05-12T00:45:00Z,3486.25,1743.12,-1743.12,,529.975,1
2024-05-12T00:46:00Z,3484.83,1742.42,-1742.42,,529.587,1
2024-05-12T00:47:00Z,3483.42,1741.71,-1741.71,,529.199,1
2024-05-12T00:48:00Z,3482.00,1741.00,-1741.00,,528.811,1
2024-05-12T00:49:00Z,3480.58,1740.29,-1740.29,,528.424,1
2024-05-12T00:50:00Z,3479.17,1739.58,-1739.58,,528.036,1
2024-05-12T00:51:00Z,3477.75,1738.88,-1738.88,,527.649,1
2024-05-12T00:52:00Z,3476.33,1738.17,-1738.17,,527.261,1
2024-05-12T00:53:00Z,3474.92,1737.46,-1737.46,,526.874,1
2024-05-12T00:54:00Z,3473.50,1736.75,-1736.75,,526.487,1
2024-05-12T00:55:00Z,3472.08,1736.04,-1736.04,,526.100,1
2024-05-12T00:56:00Z,3470.67,1735.33,-1735.33,,525.713,1
2024-05-12T00:57:00Z,3469.25,1734.62,-1734.62,,525.327,1
2024-05-12T00:58:00Z,3467.83,1733.92,-1733.92,,524.940,1
2024-05-12T00:59:00Z,3466.42,1733.21,-1733.21,,524.554,1
2024-05-12T01:00:00Z,3465.00,1732.50,-1732.50,,524.168,1
2024-05-12T01:01:00Z,3463.58,1731.79,-1731.79,,523.782,1
2024-05-12T01:02:00Z,3462.17,1731.08,-1731.08,,523.396,1
2024-05-12T01:03:00Z,3460.75,1730.38,-1730.38,,523.010,1
2024-05-12T01:04:00Z,3459.33,1729.67,-1729.67,,522.625,1
2024-05-12T01:05:00Z,3457.92,1728.96,-1728.96,,522.239,1
2024-05-12T01:06:00Z,3456.50,1728.25,-1728.25,,521.854,1
2024-05-12T01:07:00Z,3455.08,1727.54,-1727.54,,521.469,1
2024-05-12T01:08:00Z,3453.67,1726.83,-1726.83,,521.083,1
2024-05-12T01:09:00Z,3452.25,1726.12,-1726.12,,520.699,1
2024-05-12T01:10:00Z,3450.83,1725.42,-1725.42,,520.314,1
2024-05-12T01:11:00Z,3449.42,1724.71,-1724.71,,519.929,1
2024-05-12T01:12:00Z,3448.00,1724.00,-1724.00,,519.545,1
2024-05-12T01:13:00Z,3446.58,1723.29,-1723.29,,519.160,1
2024-05-12T01:14:00Z,3445.17,1722.58,-1722.58,,518.776,1
2024-05-12T01:15:00Z,3443.75,1721.88,-1721.88,,518.392,1
2024-05-12T01:16:00Z,3442.33,1721.17,-1721.17,,518.008,1
2024-05-12T01:17:00Z,3440.92,1720.46,-1720.46,,517.624,1
2024-05-12T01:18:00Z,3439.50,1719.75,-1719.75,,517.241,1
2024-05-12T01:19:00Z,3438.08,1719.04,-1719.04,,516.857,1
2024-05-12T01:20:00Z,3436.67,1718.33,-1718.33,,516.474,1
2024-05-12T01:21:00Z,3435.25,1717.62,-1717.62,,516.090,1
2024-05-12T01:22:00Z,3433.83,1716.92,-1716.92,,515.707,1
2024-05-12T01:23:00Z,3432.42,1716.21,-1716.21,,515.324,1
2024-05-12T01:24:00Z,3431.00,1715.50,-1715.50,,514.942,1
2024-05-12T01:25:00Z,3429.58,1714.79,-1714.79,,514.559,1
2024-05-12T01:26:00Z,3428.17,1714.08,-1714.08,,514.176,1
2024-05-12T01:27:00Z,3426.75,1713.38,-1713.38,,513.794,1
2024-05-12T01:28:00Z,3425.33,1712.67,-1712.67,,513.412,1
2024-05-12T01:29:00Z,3423.92,1711.96,-1711.96,,513.030,1
2024-05-12T01:30:00Z,3422.50,1711.25,-1711.25,,512.648,1
2024-05-12T01:31:00Z,3421.08,1710.54,-1710.54,,512.266,1
2024-05-12T01:32:00Z,3419.67,1709.83,-1709.83,,511.884,1
2024-05-12T01:33:00Z,3418.25,1709.12,-1709.12,,511.503,1
2024-05-12T01:34:00Z,3416.83,1708.42,-1708.42,,511.121,1
2024-05-12T01:35:00Z,3415.42,1707.71,-1707.71,,510.740,1
2024-05-12T01:36:00Z,3414.00,1707.00,-1707.00,,510.359,1
2024-05-12T01:37:00Z,3412.58,1706.29,-1706.29,,509.978,1
2024-05-12T01:38:00Z,3411.17,1705.58,-1705.58,,509.597,1
2024-05-12T01:39:00Z,3409.75,1704.88,-1704.88,,509.216,1
2024-05-12T01:40:00Z,3408.33,1704.17,-1704.17,,508.836,1
2024-05-12T01:41:00Z,3406.92,1703.46,-1703.46,,508.455,1
2024-05-12T01:42:00Z,3405.50,1702.75,-1702.75,,508.075,1
2024-05-12T01:43:00Z,3404.08,1702.04,-1702.04,,507.695,1
2024-05-12T01:44:00Z,3402.67,1701.33,-1701.33,,507.315,1
2024-05-12T01:45:00Z,3401.25,1700.62,-1700.62,,506.935,1
2024-05-12T01:46:00Z,3399.83,1699.92,-1699.92,,506.555,1
2024-05-12T01:47:00Z,3398.42,1699.21,-1699.21,,506.176,1
2024-05-12T01:48:00Z,3397.00,1698.50,-1698.50,,505.796,1
2024-05-12T01:49:00Z,3395.58,1697.79,-1697.79,,505.417,1
2024-05-12T01:50:00Z,3394.17,1697.08,-1697.08,,505.038,1
2024-05-12T01:51:00Z,3392.75,1696.38,-1696.38,,504.659,1
2024-05-12T01:52:00Z,3391.33,1695.67,-1695.67,,504.280,1
2024-05-12T01:53:00Z,3389.92,1694.96,-1694.96,,503.901,1
2024-05-12T01:54:00Z,3388.50,1694.25,-1694.25,,503.523,1
2024-05-12T01:55:00Z,3387.08,1693.54,-1693.54,,503.144,1
2024-05-12T01:56:00Z,3385.67,1692.83,-1692.83,,502.766,1
2024-05-12T01:57:00Z,3384.25,1692.12,-1692.12,,502.388,1
2024-05-12T01:58:00Z,3382.83,1691.42,-1691.42,,502.010,1
2024-05-12T01:59:00Z,3381.42,1690.71,-1690.71,,501.632,1
2024-05-12T02:00:00Z,3380.00,1690.00,-1690.00,,501.254,1
2024-05-12T02:01:00Z,3378.50,1689.25,-1689.25,,500.854,1
2024-05-12T02:02:00Z,3377.00,1688.50,-1688.50,,500.455,1
2024-05-12T02:03:00Z,3375.50,1687.75,-1687.75,,500.055,1
2024-05-12T02:04:00Z,3374.00,1687.00,-1687.00,,499.656,1
2024-05-12T02:05:00Z,3372.50,1686.25,-1686.25,,499.256,1
2024-05-12T02:06:00Z,3371.00,1685.50,-1685.50,,498.857,1
2024-05-12T02:07:00Z,3369.50,1684.75,-1684.75,,498.459,1
2024-05-12T02:08:00Z,3368.00,1684.00,-1684.00,,498.060,1
2024-05-12T02:09:00Z,3366.50,1683.25,-1683.25,,497.661,1
2024-05-12T02:10:00Z,3365.00,1682.50,-1682.50,,497.263,1
2024-05-12T02:11:00Z,3363.50,1681.75,-1681.75,,496.865,1
2024-05-12T02:12:00Z,3362.00,1681.00,-1681.00,,496.467,1
2024-05-12T02:13:00Z,3360.50,1680.25,-1680.25,,496.069,1
2024-05-12T02:14:00Z,3359.00,1679.50,-1679.50,,495.671,1
2024-05-12T02:15:00Z,3357.50,1678.75,-1678.75,,495.273,1
2024-05-12T02:16:00Z,3356.00,1678.00,-1678.00,,494.876,1
2024-05-12T02:17:00Z,3354.50,1677.25,-1677.25,,494.478,1
2024-05-12T02:18:00Z,3353.00,1676.50,-1676.50,,494.081,1
2024-05-12T02:19:00Z,3351.50,1675.75,-1675.75,,493.684,1
2024-05-12T02:20:00Z,3350.00,1675.00,-1675.00,,493.287,1
2024-05-12T02:21:00Z,3348.50,1674.25,-1674.25,,492.891,1
2024-05-12T02:22:00Z,3347.00,1673.50,-1673.50,,492.494,1
2024-05-12T02:23:00Z,3345.50,1672.75,-1672.75,,492.098,1
2024-05-12T02:24:00Z,3344.00,1672.00,-1672.00,,491.702,1
2024-05-12T02:25:00Z,3342.50,1671.25,-1671.25,,491.306,1
2024-05-12T02:26:00Z,3341.00,1670.50,-1670.50,,490.910,1
2024-05-12T02:27:00Z,3339.50,1669.75,-1669.75,,490.514,1
2024-05-12T02:28:00Z,3338.00,1669.00,-1669.00,,490.119,1
2024-05-12T02:29:00Z,3336.50,1668.25,-1668.25,,489.723,1
2024-05-12T02:30:00Z,3335.00,1667.50,-1667.50,,489.328,1
2024-05-12T02:31:00Z,3333.50,1666.75,-1666.75,,488.933,1
2024-05-12T02:32:00Z,3332.00,1666.00,-1666.00,,488.538,1
2024-05-12T02:33:00Z,3330.50,1665.25,-1665.25,,488.143,1
2024-05-12T02:34:00Z,3329.00,1664.50,-1664.50,,487.748,1
2024-05-12T02:35:00Z,3327.50,1663.75,-1663.75,,487.354,1
2024-05-12T02:36:00Z,3326.00,1663.00,-1663.00,,486.960,1
2024-05-12T02:37:00Z,3324.50,1662.25,-1662.25,,486.566,1
2024-05-12T02:38:00Z,3323.00,1661.50,-1661.50,,486.172,1
2024-05-12T02:39:00Z,3321.50,1660.75,-1660.75,,485.778,1
2024-05-12T02:40:00Z,3320.00,1660.00,-1660.00,,485.384,1
2024-05-12T02:41:00Z,3318.50,1659.25,-1659.25,,484.990,1
2024-05-12T02:42:00Z,3317.00,1658.50,-1658.50,,484.597,1
2024-05-12T02:43:00Z,3315.50,1657.75,-1657.75,,484.204,1
2024-05-12T02:44:00Z,3314.00,1657.00,-1657.00,,483.811,1
2024-05-12T02:45:00Z,3312.50,1656.25,-1656.25,,483.418,1
2024-05-12T02:46:00Z,3311.00,1655.50,-1655.50,,483.025,1
2024-05-12T02:47:00Z,3309.50,1654.75,-1654.75,,482.633,1
2024-05-12T02:48:00Z,3308.00,1654.00,-1654.00,,482.240,1
2024-05-12T02:49:00Z,3306.50,1653.25,-1653.25,,481.848,1
2024-05-12T02:50:00Z,3305.00,1652.50,-1652.50,,481.456,1
2024-05-12T02:51:00Z,3303.50,1651.75,-1651.75,,481.064,1
2024-05-12T02:52:00Z,3302.00,1651.00,-1651.00,,480.672,1
2024-05-12T02:53:00Z,3300.50,1650.25,-1650.25,,480.281,1
2024-05-12T02:54:00Z,3299.00,1649.50,-1649.50,,479.889,1
2024-05-12T02:55:00Z,3297.50,1648.75,-1648.75,,479.498,1
2024-05-12T02:56:00Z,3296.00,1648.00,-1648.00,,479.107,1
2024-05-12T02:57:00Z,3294.50,1647.25,-1647.25,,478.716,1
2024-05-12T02:58:00Z,3293.00,1646.50,-1646.50,,478.325,1
2024-05-12T02:59:00Z,3291.50,1645.75,-1645.75,,477.934,1
2024-05-12T03:00:00Z,3290.00,1645.00,-1645.00,,477.543,1
2024-05-12T03:01:00Z,3288.50,1644.25,-1644.25,,477.153,1
2024-05-12T03:02:00Z,3287.00,1643.50,-1643.50,,476.763,1
2024-05-12T03:03:00Z,3285.50,1642.75,-1642.75,,476.373,1
2024-05-12T03:04:00Z,3284.00,1642.00,-1642.00,,475.983,1
2024-05-12T03:05:00Z,3282.50,1641.25,-1641.25,,475.593,1
2024-05-12T03:06:00Z,3281.00,1640.50,-1640.50,,475.204,1
2024-05-12T03:07:00Z,3279.50,1639.75,-1639.75,,474.814,1
2024-05-12T03:08:00Z,3278.00,1639.00,-1639.00,,474.425,1
2024-05-12T03:09:00Z,3276.50,1638.25,-1638.25,,474.036,1
2024-05-12T03:10:00Z,3275.00,1637.50,-1637.50,,473.647,1
2024-05-12T03:11:00Z,3273.50,1636.75,-1636.75,,473.258,1
2024-05-12T03:12:00Z,3272.00,1636.00,-1636.00,,472.869,1
2024-05-12T03:13:00Z,3270.50,1635.25,-1635.25,,472.481,1
2024-05-12T03:14:00Z,3269.00,1634.50,-1634.50,,472.093,1
2024-05-12T03:15:00Z,3267.50,1633.75,-1633.75,,471.704,1
2024-05-12T03:16:00Z,3266.00,1633.00,-1633.00,,471.316,1
2024-05-12T03:17:00Z,3264.50,1632.25,-1632.25,,470.929,1
2024-05-12T03:18:00Z,3263.00,1631.50,-1631.50,,470.541,1
2024-05-12T03:19:00Z,3261.50,1630.75,-1630.75,,470.153,1
2024-05-12T03:20:00Z,3260.00,1630.00,-1630.00,,469.766,1
2024-05-12T03:21:00Z,3258.50,1629.25,-1629.25,,469.379,1
2024-05-12T03:22:00Z,3257.00,1628.50,-1628.50,,468.992,1
2024-05-12T03:23:00Z,3255.50,1627.75,-1627.75,,468.605,1
2024-05-12T03:24:00Z,3254.00,1627.00,-1627.00,,468.218,1
2024-05-12T03:25:00Z,3252.50,1626.25,-1626.25,,467.831,1
2024-05-12T03:26:00Z,3251.00,1625.50,-1625.50,,467.445,1
2024-05-12T03:27:00Z,3249.50,1624.75,-1624.75,,467.059,1
2024-05-12T03:28:00Z,3248.00,1624.00,-1624.00,,466.673,1
2024-05-12T03:29:00Z,3246.50,1623.25,-1623.25,,466.287,1
2024-05-12T03:30:00Z,3245.00,1622.50,-1622.50,,465.901,1
2024-05-12T03:31:00Z,3243.50,1621.75,-1621.75,,465.515,1
2024-05-12T03:32:00Z,3242.00,1621.00,-1621.00,,465.130,1
2024-05-12T03:33:00Z,3240.50,1620.25,-1620.25,,464.744,1
2024-05-12T03:34:00Z,3239.00,1619.50,-1619.50,,464.359,1
2024-05-12T03:35:00Z,3237.50,1618.75,-1618.75,,463.974,1
2024-05-12T03:36:00Z,3236.00,1618.00,-1618.00,,463.589,1
2024-05-12T03:37:00Z,3234.50,1617.25,-1617.25,,463.205,1
2024-05-12T03:38:00Z,3233.00,1616.50,-1616.50,,462.820,1
2024-05-12T03:39:00Z,3231.50,1615.75,-1615.75,,462.436,1
2024-05-12T03:40:00Z,3230.00,1615.00,-1615.00,,462.051,1
2024-05-12T03:41:00Z,3228.50,1614.25,-1614.25,,461.667,1
2024-05-12T03:42:00Z,3227.00,1613.50,-1613.50,,461.284,1
2024-05-12T03:43:00Z,3225.50,1612.75,-1612.75,,460.900,1
2024-05-12T03:44:00Z,3224.00,1612.00,-1612.00,,460.516,1
2024-05-12T03:45:00Z,3222.50,1611.25,-1611.25,,460.133,1
2024-05-12T03:46:00Z,3221.00,1610.50,-1610.50,,459.749,1
2024-05-12T03:47:00Z,3219.50,1609.75,-1609.75,,459.366,1
2024-05-12T03:48:00Z,3218.00,1609.00,-1609.00,,458.983,1
2024-05-12T03:49:00Z,3216.50,1608.25,-1608.25,,458.601,1
2024-05-12T03:50:00Z,3215.00,1607.50,-1607.50,,458.218,1
2024-05-12T03:51:00Z,3213.50,1606.75,-1606.75,,457.835,1
2024-05-12T03:52:00Z,3212.00,1606.00,-1606.00,,457.453,1
2024-05-12T03:53:00Z,3210.50,1605.25,-1605.25,,457.071,1
2024-05-12T03:54:00Z,3209.00,1604.50,-1604.50,,456.689,1
2024-05-12T03:55:00Z,3207.50,1603.75,-1603.75,,456.307,1
2024-05-12T03:56:00Z,3206.00,1603.00,-1603.00,,455.925,1
2024-05-12T03:57:00Z,3204.50,1602.25,-1602.25,,455.544,1
2024-05-12T03:58:00Z,3203.00,1601.50,-1601.50,,455.162,1
2024-05-12T03:59:00Z,3201.50,1600.75,-1600.75,,454.781,1
2024-05-12T04:00:00Z,3200.00,1600.00,-1600.00,,454.400,1
2024-05-12T04:01:00Z,3198.33,1599.17,-1599.17,,453.977,1
2024-05-12T04:02:00Z,3196.67,1598.33,-1598.33,,453.554,1
2024-05-12T04:03:00Z,3195.00,1597.50,-1597.50,,453.131,1
2024-05-12T04:04:00Z,3193.33,1596.67,-1596.67,,452.708,1
2024-05-12T04:05:00Z,3191.67,1595.83,-1595.83,,452.286,1
2024-05-12T04:06:00Z,3190.00,1595.00,-1595.00,,451.863,1
2024-05-12T04:07:00Z,3188.33,1594.17,-1594.17,,451.441,1
2024-05-12T04:08:00Z,3186.67,1593.33,-1593.33,,451.020,1
2024-05-12T04:09:00Z,3185.00,1592.50,-1592.50,,450.598,1
2024-05-12T04:10:00Z,3183.33,1591.67,-1591.67,,450.176,1
2024-05-12T04:11:00Z,3181.67,1590.83,-1590.83,,449.755,1
2024-05-12T04:12:00Z,3180.00,1590.00,-1590.00,,449.334,1
2024-05-12T04:13:00Z,3178.33,1589.17,-1589.17,,448.913,1
2024-05-12T04:14:00Z,3176.67,1588.33,-1588.33,,448.492,1
2024-05-12T04:15:00Z,3175.00,1587.50,-1587.50,,448.072,1
2024-05-12T04:16:00Z,3173.33,1586.67,-1586.67,,447.652,1
2024-05-12T04:17:00Z,3171.67,1585.83,-1585.83,,447.231,1
2024-05-12T04:18:00Z,3170.00,1585.00,-1585.00,,446.812,1
2024-05-12T04:19:00Z,3168.33,1584.17,-1584.17,,446.392,1
2024-05-12T04:20:00Z,3166.67,1583.33,-1583.33,,445.972,1
2024-05-12T04:21:00Z,3165.00,1582.50,-1582.50,,445.553,1
2024-05-12T04:22:00Z,3163.33,1581.67,-1581.67,,445.134,1
2024-05-12T04:23:00Z,3161.67,1580.83,-1580.83,,444.715,1
2024-05-12T04:24:00Z,3160.00,1580.00,-1580.00,,444.296,1
2024-05-12T04:25:00Z,3158.33,1579.17,-1579.17,,443.877,1
2024-05-12T04:26:00Z,3156.67,1578.33,-1578.33,,443.459,1
2024-05-12T04:27:00Z,3155.00,1577.50,-1577.50,,443.041,1
2024-05-12T04:28:00Z,3153.33,1576.67,-1576.67,,442.623,1
2024-05-12T04:29:00Z,3151.67,1575.83,-1575.83,,442.205,1
2024-05-12T04:30:00Z,3150.00,1575.00,-1575.00,,441.787,1
2024-05-12T04:31:00Z,3148.33,1574.17,-1574.17,,441.370,1
2024-05-12T04:32:00Z,3146.67,1573.33,-1573.33,,440.953,1
2024-05-12T04:33:00Z,3145.00,1572.50,-1572.50,,440.536,1
2024-05-12T04:34:00Z,3143.33,1571.67,-1571.67,,440.119,1
2024-05-12T04:35:00Z,3141.67,1570.83,-1570.83,,439.702,1
2024-05-12T04:36:00Z,3140.00,1570.00,-1570.00,,439.286,1
2024-05-12T04:37:00Z,3138.33,1569.17,-1569.17,,438.870,1
2024-05-12T04:38:00Z,3136.67,1568.33,-1568.33,,438.454,1
2024-05-12T04:39:00Z,3135.00,1567.50,-1567.50,,438.038,1
2024-05-12T04:40:00Z,3133.33,1566.67,-1566.67,,437.622,1
2024-05-12T04:41:00Z,3131.67,1565.83,-1565.83,,437.207,1
2024-05-12T04:42:00Z,3130.00,1565.00,-1565.00,,436.791,1
2024-05-12T04:43:00Z,3128.33,1564.17,-1564.17,,436.376,1
2024-05-12T04:44:00Z,3126.67,1563.33,-1563.33,,435.962,1
2024-05-12T04:45:00Z,3125.00,1562.50,-1562.50,,435.547,1
2024-05-12T04:46:00Z,3123.33,1561.67,-1561.67,,435.132,1
2024-05-12T04:47:00Z,3121.67,1560.83,-1560.83,,434.718,1
2024-05-12T04:48:00Z,3120.00,1560.00,-1560.00,,434.304,1
2024-05-12T04:49:00Z,3118.33,1559.17,-1559.17,,433.890,1
2024-05-12T04:50:00Z,3116.67,1558.33,-1558.33,,433.476,1
2024-05-12T04:51:00Z,3115.00,1557.50,-1557.50,,433.063,1
2024-05-12T04:52:00Z,3113.33,1556.67,-1556.67,,432.650,1
2024-05-12T04:53:00Z,3111.67,1555.83,-1555.83,,432.236,1
2024-05-12T04:54:00Z,3110.00,1555.00,-1555.00,,431.823,1
2024-05-12T04:55:00Z,3108.33,1554.17,-1554.17,,431.411,1
2024-05-12T04:56:00Z,3106.67,1553.33,-1553.33,,430.998,1
2024-05-12T04:57:00Z,3105.00,1552.50,-1552.50,,430.586,1
2024-05-12T04:58:00Z,3103.33,1551.67,-1551.67,,430.174,1
2024-05-12T04:59:00Z,3101.67,1550.83,-1550.83,,429.762,1
2024-05-12T05:00:00Z,3100.00,1550.00,-1550.00,,429.350,1
2024-05-12T05:01:00Z,3098.33,1549.17,-1549.17,,428.938,1
2024-05-12T05:02:00Z,3096.67,1548.33,-1548.33,,428.527,1
2024-05-12T05:03:00Z,3095.00,1547.50,-1547.50,,428.116,1
2024-05-12T05:04:00Z,3093.33,1546.67,-1546.67,,427.705,1
2024-05-12T05:05:00Z,3091.67,1545.83,-1545.83,,427.294,1
2024-05-12T05:06:00Z,3090.00,1545.00,-1545.00,,426.883,1
2024-05-12T05:07:00Z,3088.33,1544.17,-1544.17,,426.473,1
2024-05-12T05:08:00Z,3086.67,1543.33,-1543.33,,426.063,1
2024-05-12T05:09:00Z,3085.00,1542.50,-1542.50,,425.653,1
2024-05-12T05:10:00Z,3083.33,1541.67,-1541.67,,425.243,1
2024-05-12T05:11:00Z,3081.67,1540.83,-1540.83,,424.833,1
2024-05-12T05:12:00Z,3080.00,1540.00,-1540.00,,424.424,1
2024-05-12T05:13:00Z,3078.33,1539.17,-1539.17,,424.015,1
2024-05-12T05:14:00Z,3076.67,1538.33,-1538.33,,423.606,1
2024-05-12T05:15:00Z,3075.00,1537.50,-1537.50,,423.197,1
2024-05-12T05:16:00Z,3073.33,1536.67,-1536.67,,422.788,1
2024-05-12T05:17:00Z,3071.67,1535.83,-1535.83,,422.380,1
2024-05-12T05:18:00Z,3070.00,1535.00,-1535.00,,421.971,1
2024-05-12T05:19:00Z,3068.33,1534.17,-1534.17,,421.563,1
2024-05-12T05:20:00Z,3066.67,1533.33,-1533.33,,421.156,1
2024-05-12T05:21:00Z,3065.00,1532.50,-1532.50,,420.748,1
2024-05-12T05:22:00Z,3063.33,1531.67,-1531.67,,420.340,1
2024-05-12T05:23:00Z,3061.67,1530.83,-1530.83,,419.933,1
2024-05-12T05:24:00Z,3060.00,1530.00,-1530.00,,419.526,1
2024-05-12T05:25:00Z,3058.33,1529.17,-1529.17,,419.119,1
2024-05-12T05:26:00Z,3056.67,1528.33,-1528.33,,418.712,1
2024-05-12T05:27:00Z,3055.00,1527.50,-1527.50,,418.306,1
2024-05-12T05:28:00Z,3053.33,1526.67,-1526.67,,417.900,1
2024-05-12T05:29:00Z,3051.67,1525.83,-1525.83,,417.493,1
2024-05-12T05:30:00Z,3050.00,1525.00,-1525.00,,417.087,1
2024-05-12T05:31:00Z,3048.33,1524.17,-1524.17,,416.682,1
2024-05-12T05:32:00Z,3046.67,1523.33,-1523.33,,416.276,1
2024-05-12T05:33:00Z,3045.00,1522.50,-1522.50,,415.871,1
2024-05-12T05:34:00Z,3043.33,1521.67,-1521.67,,415.466,1
2024-05-12T05:35:00Z,3041.67,1520.83,-1520.83,,415.061,1
2024-05-12T05:36:00Z,3040.00,1520.00,-1520.00,,414.656,1
2024-05-12T05:37:00Z,3038.33,1519.17,-1519.17,,414.251,1
2024-05-12T05:38:00Z,3036.67,1518.33,-1518.33,,413.847,1
2024-05-12T05:39:00Z,3035.00,1517.50,-1517.50,,413.443,1
2024-05-12T05:40:00Z,3033.33,1516.67,-1516.67,,413.039,1
2024-05-12T05:41:00Z,3031.67,1515.83,-1515.83,,412.635,1
2024-05-12T05:42:00Z,3030.00,1515.00,-1515.00,,412.231,1
2024-05-12T05:43:00Z,3028.33,1514.17,-1514.17,,411.828,1
2024-05-12T05:44:00Z,3026.67,1513.33,-1513.33,,411.425,1
2024-05-12T05:45:00Z,3025.00,1512.50,-1512.50,,411.022,1
2024-05-12T05:46:00Z,3023.33,1511.67,-1511.67,,410.619,1
2024-05-12T05:47:00Z,3021.67,1510.83,-1510.83,,410.216,1
2024-05-12T05:48:00Z,3020.00,1510.00,-1510.00,,409.814,1
2024-05-12T05:49:00Z,3018.33,1509.17,-1509.17,,409.412,1
2024-05-12T05:50:00Z,3016.67,1508.33,-1508.33,,409.010,1
2024-05-12T05:51:00Z,3015.00,1507.50,-1507.50,,408.608,1
2024-05-12T05:52:00Z,3013.33,1506.67,-1506.67,,408.206,1
2024-05-12T05:53:00Z,3011.67,1505.83,-1505.83,,407.805,1
2024-05-12T05:54:00Z,3010.00,1505.00,-1505.00,,407.403,1
2024-05-12T05:55:00Z,3008.33,1504.17,-1504.17,,407.002,1
2024-05-12T05:56:00Z,3006.67,1503.33,-1503.33,,406.602,1
2024-05-12T05:57:00Z,3005.00,1502.50,-1502.50,,406.201,1
2024-05-12T05:58:00Z,3003.33,1501.67,-1501.67,,405.800,1
2024-05-12T05:59:00Z,3001.67,1500.83,-1500.83,,405.400,1
2024-05-12T06:00:00Z,3000.00,1500.00,-1500.00,,405.000,1
2024-05-12T06:01:00Z,2998.25,1499.12,-1499.12,,404.580,1
2024-05-12T06:02:00Z,2996.50,1498.25,-1498.25,,404.160,1
2024-05-12T06:03:00Z,2994.75,1497.38,-1497.38,,403.741,1
2024-05-12T06:04:00Z,2993.00,1496.50,-1496.50,,403.322,1
2024-05-12T06:05:00Z,2991.25,1495.62,-1495.62,,402.903,1
2024-05-12T06:06:00Z,2989.50,1494.75,-1494.75,,402.484,1
2024-05-12T06:07:00Z,2987.75,1493.88,-1493.88,,402.065,1
2024-05-12T06:08:00Z,2986.00,1493.00,-1493.00,,401.647,1
2024-05-12T06:09:00Z,2984.25,1492.12,-1492.12,,401.229,1
2024-05-12T06:10:00Z,2982.50,1491.25,-1491.25,,400.811,1
2024-05-12T06:11:00Z,2980.75,1490.38,-1490.38,,400.393,1
2024-05-12T06:12:00Z,2979.00,1489.50,-1489.50,,399.975,1
2024-05-12T06:13:00Z,2977.25,1488.62,-1488.62,,399.558,1
2024-05-12T06:14:00Z,2975.50,1487.75,-1487.75,,399.141,1
2024-05-12T06:15:00Z,2973.75,1486.88,-1486.88,,398.724,1
2024-05-12T06:16:00Z,2972.00,1486.00,-1486.00,,398.307,1
2024-05-12T06:17:00Z,2970.25,1485.12,-1485.12,,397.891,1
2024-05-12T06:18:00Z,2968.50,1484.25,-1484.25,,397.475,1
2024-05-12T06:19:00Z,2966.75,1483.38,-1483.38,,397.059,1
2024-05-12T06:20:00Z,2965.00,1482.50,-1482.50,,396.643,1
2024-05-12T06:21:00Z,2963.25,1481.62,-1481.62,,396.227,1
2024-05-12T06:22:00Z,2961.50,1480.75,-1480.75,,395.812,1
2024-05-12T06:23:00Z,2959.75,1479.88,-1479.88,,395.397,1
2024-05-12T06:24:00Z,2958.00,1479.00,-1479.00,,394.982,1
2024-05-12T06:25:00Z,2956.25,1478.12,-1478.12,,394.567,1
2024-05-12T06:26:00Z,2954.50,1477.25,-1477.25,,394.152,1
2024-05-12T06:27:00Z,2952.75,1476.38,-1476.38,,393.738,1
2024-05-12T06:28:00Z,2951.00,1475.50,-1475.50,,393.324,1
2024-05-12T06:29:00Z,2949.25,1474.62,-1474.62,,392.910,1
2024-05-12T06:30:00Z,2947.50,1473.75,-1473.75,,392.496,1
2024-05-12T06:31:00Z,2945.75,1472.88,-1472.88,,392.083,1
2024-05-12T06:32:00Z,2944.00,1472.00,-1472.00,,391.670,1
2024-05-12T06:33:00Z,2942.25,1471.12,-1471.12,,391.257,1
2024-05-12T06:34:00Z,2940.50,1470.25,-1470.25,,390.844,1
2024-05-12T06:35:00Z,2938.75,1469.38,-1469.38,,390.431,1
2024-05-12T06:36:00Z,2937.00,1468.50,-1468.50,,390.019,1
2024-05-12T06:37:00Z,2935.25,1467.62,-1467.62,,389.607,1
2024-05-12T06:38:00Z,2933.50,1466.75,-1466.75,,389.195,1
2024-05-12T06:39:00Z,2931.75,1465.88,-1465.88,,388.783,1
2024-05-12T06:40:00Z,2930.00,1465.00,-1465.00,,388.371,1
2024-05-12T06:41:00Z,2928.25,1464.12,-1464.12,,387.960,1
2024-05-12T06:42:00Z,2926.50,1463.25,-1463.25,,387.549,1
2024-05-12T06:43:00Z,2924.75,1462.38,-1462.38,,387.138,1
2024-05-12T06:44:00Z,2923.00,1461.50,-1461.50,,386.728,1
2024-05-12T06:45:00Z,2921.25,1460.62,-1460.62,,386.317,1
2024-05-12T06:46:00Z,2919.50,1459.75,-1459.75,,385.907,1
2024-05-12T06:47:00Z,2917.75,1458.88,-1458.88,,385.497,1
2024-05-12T06:48:00Z,2916.00,1458.00,-1458.00,,385.087,1
2024-05-12T06:49:00Z,2914.25,1457.12,-1457.12,,384.677,1
2024-05-12T06:50:00Z,2912.50,1456.25,-1456.25,,384.268,1
2024-05-12T06:51:00Z,2910.75,1455.38,-1455.38,,383.859,1
2024-05-12T06:52:00Z,2909.00,1454.50,-1454.50,,383.450,1
2024-05-12T06:53:00Z,2907.25,1453.62,-1453.62,,383.041,1
2024-05-12T06:54:00Z,2905.50,1452.75,-1452.75,,382.633,1
2024-05-12T06:55:00Z,2903.75,1451.88,-1451.88,,382.224,1
2024-05-12T06:56:00Z,2902.00,1451.00,-1451.00,,381.816,1
2024-05-12T06:57:00Z,2900.25,1450.12,-1450.12,,381.408,1
2024-05-12T06:58:00Z,2898.50,1449.25,-1449.25,,381.001,1
2024-05-12T06:59:00Z,2896.75,1448.38,-1448.38,,380.593,1
2024-05-12T07:00:00Z,2895.00,1447.50,-1447.50,,380.186,1
2024-05-12T07:01:00Z,2893.25,1446.62,-1446.62,,379.779,1
2024-05-12T07:02:00Z,2891.50,1445.75,-1445.75,,379.372,1
2024-05-12T07:03:00Z,2889.75,1444.88,-1444.88,,378.965,1
2024-05-12T07:04:00Z,2888.00,1444.00,-1444.00,,378.559,1
2024-05-12T07:05:00Z,2886.25,1443.12,-1443.12,,378.153,1
2024-05-12T07:06:00Z,2884.50,1442.25,-1442.25,,377.747,1
2024-05-12T07:07:00Z,2882.75,1441.38,-1441.38,,377.341,1
2024-05-12T07:08:00Z,2881.00,1440.50,-1440.50,,376.936,1
2024-05-12T07:09:00Z,2879.25,1439.62,-1439.62,,376.530,1
2024-05-12T07:10:00Z,2877.50,1438.75,-1438.75,,376.125,1
2024-05-12T07:11:00Z,2875.75,1437.88,-1437.88,,375.720,1
2024-05-12T07:12:00Z,2874.00,1437.00,-1437.00,,375.316,1
2024-05-12T07:13:00Z,2872.25,1436.12,-1436.12,,374.911,1
2024-05-12T07:14:00Z,2870.50,1435.25,-1435.25,,374.507,1
2024-05-12T07:15:00Z,2868.75,1434.38,-1434.38,,374.103,1
2024-05-12T07:16:00Z,2867.00,1433.50,-1433.50,,373.699,1
2024-05-12T07:17:00Z,2865.25,1432.62,-1432.62,,373.296,1
2024-05-12T07:18:00Z,2863.50,1431.75,-1431.75,,372.892,1
2024-05-12T07:19:00Z,2861.75,1430.88,-1430.88,,372.489,1
2024-05-12T07:20:00Z,2860.00,1430.00,-1430.00,,372.086,1
2024-05-12T07:21:00Z,2858.25,1429.12,-1429.12,,371.683,1
2024-05-12T07:22:00Z,2856.50,1428.25,-1428.25,,371.281,1
2024-05-12T07:23:00Z,2854.75,1427.38,-1427.38,,370.878,1
2024-05-12T07:24:00Z,2853.00,1426.50,-1426.50,,370.476,1
2024-05-12T07:25:00Z,2851.25,1425.62,-1425.62,,370.074,1
2024-05-12T07:26:00Z,2849.50,1424.75,-1424.75,,369.673,1
2024-05-12T07:27:00Z,2847.75,1423.88,-1423.88,,369.271,1
2024-05-12T07:28:00Z,2846.00,1423.00,-1423.00,,368.870,1
2024-05-12T07:29:00Z,2844.25,1422.12,-1422.12,,368.469,1
2024-05-12T07:30:00Z,2842.50,1421.25,-1421.25,,368.068,1
2024-05-12T07:31:00Z,2840.75,1420.38,-1420.38,,367.668,1
2024-05-12T07:32:00Z,2839.00,1419.50,-1419.50,,367.267,1
2024-05-12T07:33:00Z,2837.25,1418.62,-1418.62,,366.867,1
2024-05-12T07:34:00Z,2835.50,1417.75,-1417.75,,366.467,1
2024-05-12T07:35:00Z,2833.75,1416.88,-1416.88,,366.067,1
2024-05-12T07:36:00Z,2832.00,1416.00,-1416.00,,365.668,1
2024-05-12T07:37:00Z,2830.25,1415.12,-1415.12,,365.269,1
2024-05-12T07:38:00Z,2828.50,1414.25,-1414.25,,364.869,1
2024-05-12T07:39:00Z,2826.75,1413.38,-1413.38,,364.471,1
2024-05-12T07:40:00Z,2825.00,1412.50,-1412.50,,364.072,1
2024-05-12T07:41:00Z,2823.25,1411.62,-1411.62,,363.673,1
2024-05-12T07:42:00Z,2821.50,1410.75,-1410.75,,363.275,1
2024-05-12T07:43:00Z,2819.75,1409.88,-1409.88,,362.877,1
2024-05-12T07:44:00Z,2818.00,1409.00,-1409.00,,362.479,1
2024-05-12T07:45:00Z,2816.25,1408.12,-1408.12,,362.082,1
2024-05-12T07:46:00Z,2814.50,1407.25,-1407.25,,361.684,1
2024-05-12T07:47:00Z,2812.75,1406.38,-1406.38,,361.287,1
2024-05-12T07:48:00Z,2811.00,1405.50,-1405.50,,360.890,1
2024-05-12T07:49:00Z,2809.25,1404.62,-1404.62,,360.493,1
2024-05-12T07:50:00Z,2807.50,1403.75,-1403.75,,360.097,1
2024-05-12T07:51:00Z,2805.75,1402.88,-1402.88,,359.701,1
2024-05-12T07:52:00Z,2804.00,1402.00,-1402.00,,359.305,1
2024-05-12T07:53:00Z,2802.25,1401.12,-1401.12,,358.909,1
2024-05-12T07:54:00Z,2800.50,1400.25,-1400.25,,358.513,1
2024-05-12T07:55:00Z,2798.75,1399.38,-1399.38,,358.118,1
2024-05-12T07:56:00Z,2797.00,1398.50,-1398.50,,357.722,1
2024-05-12T07:57:00Z,2795.25,1397.62,-1397.62,,357.327,1
2024-05-12T07:58:00Z,2793.50,1396.75,-1396.75,,356.932,1
2024-05-12T07:59:00Z,2791.75,1395.88,-1395.88,,356.538,1
2024-05-12T08:00:00Z,2790.00,1395.00,-1395.00,,356.143,1
2024-05-12T08:01:00Z,2788.25,1394.12,-1394.12,,355.749,1
2024-05-12T08:02:00Z,2786.50,1393.25,-1393.25,,355.355,1
2024-05-12T08:03:00Z,2784.75,1392.38,-1392.38,,354.962,1
2024-05-12T08:04:00Z,2783.00,1391.50,-1391.50,,354.568,1
2024-05-12T08:05:00Z,2781.25,1390.62,-1390.62,,354.175,1
2024-05-12T08:06:00Z,2779.50,1389.75,-1389.75,,353.782,1
2024-05-12T08:07:00Z,2777.75,1388.88,-1388.88,,353.389,1
2024-05-12T08:08:00Z,2776.00,1388.00,-1388.00,,352.996,1
2024-05-12T08:09:00Z,2774.25,1387.12,-1387.12,,352.604,1
2024-05-12T08:10:00Z,2772.50,1386.25,-1386.25,,352.211,1
2024-05-12T08:11:00Z,2770.75,1385.38,-1385.38,,351.819,1
2024-05-12T08:12:00Z,2769.00,1384.50,-1384.50,,351.428,1
2024-05-12T08:13:00Z,2767.25,1383.62,-1383.62,,351.036,1
2024-05-12T08:14:00Z,2765.50,1382.75,-1382.75,,350.645,1
2024-05-12T08:15:00Z,2763.75,1381.88,-1381.88,,350.253,1
2024-05-12T08:16:00Z,2762.00,1381.00,-1381.00,,349.863,1
2024-05-12T08:17:00Z,2760.25,1380.12,-1380.12,,349.472,1
2024-05-12T08:18:00Z,2758.50,1379.25,-1379.25,,349.081,1
2024-05-12T08:19:00Z,2756.75,1378.38,-1378.38,,348.691,1
2024-05-12T08:20:00Z,2755.00,1377.50,-1377.50,,348.301,1
2024-05-12T08:21:00Z,2753.25,1376.62,-1376.62,,347.911,1
2024-05-12T08:22:00Z,2751.50,1375.75,-1375.75,,347.521,1
2024-05-12T08:23:00Z,2749.75,1374.88,-1374.88,,347.132,1
2024-05-12T08:24:00Z,2748.00,1374.00,-1374.00,,346.743,1
2024-05-12T08:25:00Z,2746.25,1373.12,-1373.12,,346.354,1
2024-05-12T08:26:00Z,2744.50,1372.25,-1372.25,,345.965,1
2024-05-12T08:27:00Z,2742.75,1371.38,-1371.38,,345.576,1
2024-05-12T08:28:00Z,2741.00,1370.50,-1370.50,,345.188,1
2024-05-12T08:29:00Z,2739.25,1369.62,-1369.62,,344.800,1
2024-05-12T08:30:00Z,2737.50,1368.75,-1368.75,,344.412,1
2024-05-12T08:31:00Z,2735.75,1367.88,-1367.88,,344.024,1
2024-05-12T08:32:00Z,2734.00,1367.00,-1367.00,,343.636,1
2024-05-12T08:33:00Z,2732.25,1366.12,-1366.12,,343.249,1
2024-05-12T08:34:00Z,2730.50,1365.25,-1365.25,,342.862,1
2024-05-12T08:35:00Z,2728.75,1364.38,-1364.38,,342.475,1
2024-05-12T08:36:00Z,2727.00,1363.50,-1363.50,,342.089,1
2024-05-12T08:37:00Z,2725.25,1362.62,-1362.62,,341.702,1
2024-05-12T08:38:00Z,2723.50,1361.75,-1361.75,,341.316,1
2024-05-12T08:39:00Z,2721.75,1360.88,-1360.88,,340.930,1
2024-05-12T08:40:00Z,2720.00,1360.00,-1360.00,,340.544,1
2024-05-12T08:41:00Z,2718.25,1359.12,-1359.12,,340.158,1
2024-05-12T08:42:00Z,2716.50,1358.25,-1358.25,,339.773,1
2024-05-12T08:43:00Z,2714.75,1357.38,-1357.38,,339.388,1
2024-05-12T08:44:00Z,2713.00,1356.50,-1356.50,,339.003,1
2024-05-12T08:45:00Z,2711.25,1355.62,-1355.62,,338.618,1
2024-05-12T08:46:00Z,2709.50,1354.75,-1354.75,,338.234,1
2024-05-12T08:47:00Z,2707.75,1353.88,-1353.88,,337.849,1
2024-05-12T08:48:00Z,2706.00,1353.00,-1353.00,,337.465,1
2024-05-12T08:49:00Z,2704.25,1352.12,-1352.12,,337.081,1
2024-05-12T08:50:00Z,2702.50,1351.25,-1351.25,,336.698,1
2024-05-12T08:51:00Z,2700.75,1350.38,-1350.38,,336.314,1
2024-05-12T08:52:00Z,2699.00,1349.50,-1349.50,,335.931,1
2024-05-12T08:53:00Z,2697.25,1348.62,-1348.62,,335.548,1
2024-05-12T08:54:00Z,2695.50,1347.75,-1347.75,,335.165,1
2024-05-12T08:55:00Z,2693.75,1346.88,-1346.88,,334.783,1
2024-05-12T08:56:00Z,2692.00,1346.00,-1346.00,,334.400,1
2024-05-12T08:57:00Z,2690.25,1345.12,-1345.12,,334.018,1
2024-05-12T08:58:00Z,2688.50,1344.25,-1344.25,,333.636,1
2024-05-12T08:59:00Z,2686.75,1343.38,-1343.38,,333.254,1
2024-05-12T09:00:00Z,2685.00,1342.50,-1342.50,,332.873,1
2024-05-12T09:01:00Z,2683.25,1341.62,-1341.62,,332.492,1
2024-05-12T09:02:00Z,2681.50,1340.75,-1340.75,,332.110,1
2024-05-12T09:03:00Z,2679.75,1339.88,-1339.88,,331.730,1
2024-05-12T09:04:00Z,2678.00,1339.00,-1339.00,,331.349,1
2024-05-12T09:05:00Z,2676.25,1338.12,-1338.12,,330.968,1
2024-05-12T09:06:00Z,2674.50,1337.25,-1337.25,,330.588,1
2024-05-12T09:07:00Z,2672.75,1336.38,-1336.38,,330.208,1
2024-05-12T09:08:00Z,2671.00,1335.50,-1335.50,,329.828,1
2024-05-12T09:09:00Z,2669.25,1334.62,-1334.62,,329.449,1
2024-05-12T09:10:00Z,2667.50,1333.75,-1333.75,,329.069,1
2024-05-12T09:11:00Z,2665.75,1332.88,-1332.88,,328.690,1
2024-05-12T09:12:00Z,2664.00,1332.00,-1332.00,,328.311,1
2024-05-12T09:13:00Z,2662.25,1331.12,-1331.12,,327.933,1
2024-05-12T09:14:00Z,2660.50,1330.25,-1330.25,,327.554,1
2024-05-12T09:15:00Z,2658.75,1329.38,-1329.38,,327.176,1
2024-05-12T09:16:00Z,2657.00,1328.50,-1328.50,,326.798,1
2024-05-12T09:17:00Z,2655.25,1327.62,-1327.62,,326.420,1
2024-05-12T09:18:00Z,2653.50,1326.75,-1326.75,,326.042,1
2024-05-12T09:19:00Z,2651.75,1325.88,-1325.88,,325.665,1
2024-05-12T09:20:00Z,2650.00,1325.00,-1325.00,,325.287,1
2024-05-12T09:21:00Z,2648.25,1324.12,-1324.12,,324.910,1
2024-05-12T09:22:00Z,2646.50,1323.25,-1323.25,,324.534,1
2024-05-12T09:23:00Z,2644.75,1322.38,-1322.38,,324.157,1
2024-05-12T09:24:00Z,2643.00,1321.50,-1321.50,,323.781,1
2024-05-12T09:25:00Z,2641.25,1320.62,-1320.62,,323.405,1
2024-05-12T09:26:00Z,2639.50,1319.75,-1319.75,,323.029,1
2024-05-12T09:27:00Z,2637.75,1318.88,-1318.88,,322.653,1
2024-05-12T09:28:00Z,2636.00,1318.00,-1318.00,,322.277,1
2024-05-12T09:29:00Z,2634.25,1317.12,-1317.12,,321.902,1
2024-05-12T09:30:00Z,2632.50,1316.25,-1316.25,,321.527,1
2024-05-12T09:31:00Z,2630.75,1315.38,-1315.38,,321.152,1
2024-05-12T09:32:00Z,2629.00,1314.50,-1314.50,,320.777,1
2024-05-12T09:33:00Z,2627.25,1313.62,-1313.62,,320.403,1
2024-05-12T09:34:00Z,2625.50,1312.75,-1312.75,,320.029,1
2024-05-12T09:35:00Z,2623.75,1311.88,-1311.88,,319.655,1
2024-05-12T09:36:00Z,2622.00,1311.00,-1311.00,,319.281,1
2024-05-12T09:37:00Z,2620.25,1310.12,-1310.12,,318.907,1
2024-05-12T09:38:00Z,2618.50,1309.25,-1309.25,,318.534,1
2024-05-12T09:39:00Z,2616.75,1308.38,-1308.38,,318.161,1
2024-05-12T09:40:00Z,2615.00,1307.50,-1307.50,,317.788,1
2024-05-12T09:41:00Z,2613.25,1306.62,-1306.62,,317.415,1
2024-05-12T09:42:00Z,2611.50,1305.75,-1305.75,,317.043,1
2024-05-12T09:43:00Z,2609.75,1304.88,-1304.88,,316.670,1
2024-05-12T09:44:00Z,2608.00,1304.00,-1304.00,,316.298,1
2024-05-12T09:45:00Z,2606.25,1303.12,-1303.12,,315.926,1
2024-05-12T09:46:00Z,2604.50,1302.25,-1302.25,,315.555,1
2024-05-12T09:47:00Z,2602.75,1301.38,-1301.38,,315.183,1
2024-05-12T09:48:00Z,2601.00,1300.50,-1300.50,,314.812,1
2024-05-12T09:49:00Z,2599.25,1299.62,-1299.62,,314.441,1
2024-05-12T09:50:00Z,2597.50,1298.75,-1298.75,,314.070,1
2024-05-12T09:51:00Z,2595.75,1297.88,-1297.88,,313.700,1
2024-05-12T09:52:00Z,2594.00,1297.00,-1297.00,,313.329,1
2024-05-12T09:53:00Z,2592.25,1296.12,-1296.12,,312.959,1
2024-05-12T09:54:00Z,2590.50,1295.25,-1295.25,,312.589,1
2024-05-12T09:55:00Z,2588.75,1294.38,-1294.38,,312.219,1
2024-05-12T09:56:00Z,2587.00,1293.50,-1293.50,,311.850,1
2024-05-12T09:57:00Z,2585.25,1292.62,-1292.62,,311.481,1
2024-05-12T09:58:00Z,2583.50,1291.75,-1291.75,,311.112,1
2024-05-12T09:59:00Z,2581.75,1290.88,-1290.88,,310.743,1
2024-05-12T10:00:00Z,2580.00,1290.00,-1290.00,,310.374,1
2024-05-12T10:01:00Z,2576.50,1288.25,-1288.25,,309.637,1
2024-05-12T10:02:00Z,2573.00,1286.50,-1286.50,,308.902,1
2024-05-12T10:03:00Z,2569.50,1284.75,-1284.75,,308.167,1
2024-05-12T10:04:00Z,2566.00,1283.00,-1283.00,,307.432,1
2024-05-12T10:05:00Z,2562.50,1281.25,-1281.25,,306.699,1
2024-05-12T10:06:00Z,2559.00,1279.50,-1279.50,,305.967,1
2024-05-12T10:07:00Z,2555.50,1277.75,-1277.75,,305.235,1
2024-05-12T10:08:00Z,2552.00,1276.00,-1276.00,,304.505,1
2024-05-12T10:09:00Z,2548.50,1274.25,-1274.25,,303.775,1
2024-05-12T10:10:00Z,2545.00,1272.50,-1272.50,,303.046,1
2024-05-12T10:11:00Z,2541.50,1270.75,-1270.75,,302.318,1
2024-05-12T10:12:00Z,2538.00,1269.00,-1269.00,,301.591,1
2024-05-12T10:13:00Z,2534.50,1267.25,-1267.25,,300.864,1
2024-05-12T10:14:00Z,2531.00,1265.50,-1265.50,,300.139,1
2024-05-12T10:15:00Z,2527.50,1263.75,-1263.75,,299.414,1
2024-05-12T10:16:00Z,2524.00,1262.00,-1262.00,,298.690,1
2024-05-12T10:17:00Z,2520.50,1260.25,-1260.25,,297.967,1
2024-05-12T10:18:00Z,2517.00,1258.50,-1258.50,,297.245,1
2024-05-12T10:19:00Z,2513.50,1256.75,-1256.75,,296.524,1
2024-05-12T10:20:00Z,2510.00,1255.00,-1255.00,,295.803,1
2024-05-12T10:21:00Z,2506.50,1253.25,-1253.25,,295.084,1
2024-05-12T10:22:00Z,2503.00,1251.50,-1251.50,,294.365,1
2024-05-12T10:23:00Z,2499.50,1249.75,-1249.75,,293.648,1
2024-05-12T10:24:00Z,2496.00,1248.00,-1248.00,,292.931,1
2024-05-12T10:25:00Z,2492.50,1246.25,-1246.25,,292.214,1
2024-05-12T10:26:00Z,2489.00,1244.50,-1244.50,,291.499,1
2024-05-12T10:27:00Z,2485.50,1242.75,-1242.75,,290.785,1
2024-05-12T10:28:00Z,2482.00,1241.00,-1241.00,,290.071,1
2024-05-12T10:29:00Z,2478.50,1239.25,-1239.25,,289.359,1
2024-05-12T10:30:00Z,2475.00,1237.50,-1237.50,,288.647,1
2024-05-12T10:31:00Z,2471.50,1235.75,-1235.75,,287.936,1
2024-05-12T10:32:00Z,2468.00,1234.00,-1234.00,,287.226,1
2024-05-12T10:33:00Z,2464.50,1232.25,-1232.25,,286.517,1
2024-05-12T10:34:00Z,2461.00,1230.50,-1230.50,,285.808,1
2024-05-12T10:35:00Z,2457.50,1228.75,-1228.75,,285.101,1
2024-05-12T10:36:00Z,2454.00,1227.00,-1227.00,,284.394,1
2024-05-12T10:37:00Z,2450.50,1225.25,-1225.25,,283.688,1
2024-05-12T10:38:00Z,2447.00,1223.50,-1223.50,,282.983,1
2024-05-12T10:39:00Z,2443.50,1221.75,-1221.75,,282.279,1
2024-05-12T10:40:00Z,2440.00,1220.00,-1220.00,,281.576,1
2024-05-12T10:41:00Z,2436.50,1218.25,-1218.25,,280.874,1
2024-05-12T10:42:00Z,2433.00,1216.50,-1216.50,,280.172,1
2024-05-12T10:43:00Z,2429.50,1214.75,-1214.75,,279.471,1
2024-05-12T10:44:00Z,2426.00,1213.00,-1213.00,,278.772,1
2024-05-12T10:45:00Z,2422.50,1211.25,-1211.25,,278.073,1
2024-05-12T10:46:00Z,2419.00,1209.50,-1209.50,,277.375,1
2024-05-12T10:47:00Z,2415.50,1207.75,-1207.75,,276.677,1
2024-05-12T10:48:00Z,2412.00,1206.00,-1206.00,,275.981,1
2024-05-12T10:49:00Z,2408.50,1204.25,-1204.25,,275.286,1
2024-05-12T10:50:00Z,2405.00,1202.50,-1202.50,,274.591,1
2024-05-12T10:51:00Z,2401.50,1200.75,-1200.75,,273.897,1
2024-05-12T10:52:00Z,2398.00,1199.00,-1199.00,,273.204,1
2024-05-12T10:53:00Z,2394.50,1197.25,-1197.25,,272.512,1
2024-05-12T10:54:00Z,2391.00,1195.50,-1195.50,,271.821,1
2024-05-12T10:55:00Z,2387.50,1193.75,-1193.75,,271.130,1
2024-05-12T10:56:00Z,2384.00,1192.00,-1192.00,,270.441,1
2024-05-12T10:57:00Z,2380.50,1190.25,-1190.25,,269.752,1
2024-05-12T10:58:00Z,2377.00,1188.50,-1188.50,,269.065,1
2024-05-12T10:59:00Z,2373.50,1186.75,-1186.75,,268.378,1
2024-05-12T11:00:00Z,2370.00,1185.00,-1185.00,,267.692,1
2024-05-12T11:01:00Z,2366.50,1183.25,-1183.25,,267.006,1
2024-05-12T11:02:00Z,2363.00,1181.50,-1181.50,,266.322,1
2024-05-12T11:03:00Z,2359.50,1179.75,-1179.75,,265.638,1
2024-05-12T11:04:00Z,2356.00,1178.00,-1178.00,,264.956,1
2024-05-12T11:05:00Z,2352.50,1176.25,-1176.25,,264.274,1
2024-05-12T11:06:00Z,2349.00,1174.50,-1174.50,,263.593,1
2024-05-12T11:07:00Z,2345.50,1172.75,-1172.75,,262.913,1
2024-05-12T11:08:00Z,2342.00,1171.00,-1171.00,,262.234,1
2024-05-12T11:09:00Z,2338.50,1169.25,-1169.25,,261.555,1
2024-05-12T11:10:00Z,2335.00,1167.50,-1167.50,,260.878,1
2024-05-12T11:11:00Z,2331.50,1165.75,-1165.75,,260.201,1
2024-05-12T11:12:00Z,2328.00,1164.00,-1164.00,,259.525,1
2024-05-12T11:13:00Z,2324.50,1162.25,-1162.25,,258.851,1
2024-05-12T11:14:00Z,2321.00,1160.50,-1160.50,,258.176,1
2024-05-12T11:15:00Z,2317.50,1158.75,-1158.75,,257.503,1
2024-05-12T11:16:00Z,2314.00,1157.00,-1157.00,,256.831,1
2024-05-12T11:17:00Z,2310.50,1155.25,-1155.25,,256.159,1
2024-05-12T11:18:00Z,2307.00,1153.50,-1153.50,,255.489,1
2024-05-12T11:19:00Z,2303.50,1151.75,-1151.75,,254.819,1
2024-05-12T11:20:00Z,2300.00,1150.00,-1150.00,,254.150,1
2024-05-12T11:21:00Z,2296.50,1148.25,-1148.25,,253.482,1
2024-05-12T11:22:00Z,2293.00,1146.50,-1146.50,,252.815,1
2024-05-12T11:23:00Z,2289.50,1144.75,-1144.75,,252.148,1
2024-05-12T11:24:00Z,2286.00,1143.00,-1143.00,,251.483,1
2024-05-12T11:25:00Z,2282.50,1141.25,-1141.25,,250.818,1
2024-05-12T11:26:00Z,2279.00,1139.50,-1139.50,,250.154,1
2024-05-12T11:27:00Z,2275.50,1137.75,-1137.75,,249.492,1
2024-05-12T11:28:00Z,2272.00,1136.00,-1136.00,,248.829,1
2024-05-12T11:29:00Z,2268.50,1134.25,-1134.25,,248.168,1
2024-05-12T11:30:00Z,2265.00,1132.50,-1132.50,,247.508,1
2024-05-12T11:31:00Z,2261.50,1130.75,-1130.75,,246.848,1
2024-05-12T11:32:00Z,2258.00,1129.00,-1129.00,,246.190,1
2024-05-12T11:33:00Z,2254.50,1127.25,-1127.25,,245.532,1
2024-05-12T11:34:00Z,2251.00,1125.50,-1125.50,,244.875,1
2024-05-12T11:35:00Z,2247.50,1123.75,-1123.75,,244.219,1
2024-05-12T11:36:00Z,2244.00,1122.00,-1122.00,,243.564,1
2024-05-12T11:37:00Z,2240.50,1120.25,-1120.25,,242.909,1
2024-05-12T11:38:00Z,2237.00,1118.50,-1118.50,,242.256,1
2024-05-12T11:39:00Z,2233.50,1116.75,-1116.75,,241.603,1
2024-05-12T11:40:00Z,2230.00,1115.00,-1115.00,,240.951,1
2024-05-12T11:41:00Z,2226.50,1113.25,-1113.25,,240.301,1
2024-05-12T11:42:00Z,2223.00,1111.50,-1111.50,,239.651,1
2024-05-12T11:43:00Z,2219.50,1109.75,-1109.75,,239.001,1
2024-05-12T11:44:00Z,2216.00,1108.00,-1108.00,,238.353,1
2024-05-12T11:45:00Z,2212.50,1106.25,-1106.25,,237.705,1
2024-05-12T11:46:00Z,2209.00,1104.50,-1104.50,,237.059,1
2024-05-12T11:47:00Z,2205.50,1102.75,-1102.75,,236.413,1
2024-05-12T11:48:00Z,2202.00,1101.00,-1101.00,,235.768,1
2024-05-12T11:49:00Z,2198.50,1099.25,-1099.25,,235.124,1
2024-05-12T11:50:00Z,2195.00,1097.50,-1097.50,,234.481,1
2024-05-12T11:51:00Z,2191.50,1095.75,-1095.75,,233.839,1
2024-05-12T11:52:00Z,2188.00,1094.00,-1094.00,,233.197,1
2024-05-12T11:53:00Z,2184.50,1092.25,-1092.25,,232.556,1
2024-05-12T11:54:00Z,2181.00,1090.50,-1090.50,,231.917,1
2024-05-12T11:55:00Z,2177.50,1088.75,-1088.75,,231.278,1
2024-05-12T11:56:00Z,2174.00,1087.00,-1087.00,,230.640,1
2024-05-12T11:57:00Z,2170.50,1085.25,-1085.25,,230.002,1
2024-05-12T11:58:00Z,2167.00,1083.50,-1083.50,,229.366,1
2024-05-12T11:59:00Z,2163.50,1081.75,-1081.75,,228.731,1
2024-05-12T12:00:00Z,2160.00,1080.00,-1080.00,,228.096,1
2024-05-12T12:01:00Z,2156.83,1078.42,-1078.42,,227.523,1
2024-05-12T12:02:00Z,2153.67,1076.83,-1076.83,,226.950,1
2024-05-12T12:03:00Z,2150.50,1075.25,-1075.25,,226.378,1
2024-05-12T12:04:00Z,2147.33,1073.67,-1073.67,,225.806,1
2024-05-12T12:05:00Z,2144.17,1072.08,-1072.08,,225.236,1
2024-05-12T12:06:00Z,2141.00,1070.50,-1070.50,,224.666,1
2024-05-12T12:07:00Z,2137.83,1068.92,-1068.92,,224.097,1
2024-05-12T12:08:00Z,2134.67,1067.33,-1067.33,,223.528,1
2024-05-12T12:09:00Z,2131.50,1065.75,-1065.75,,222.960,1
2024-05-12T12:10:00Z,2128.33,1064.17,-1064.17,,222.393,1
2024-05-12T12:11:00Z,2125.17,1062.58,-1062.58,,221.827,1
2024-05-12T12:12:00Z,2122.00,1061.00,-1061.00,,221.261,1
2024-05-12T12:13:00Z,2118.83,1059.42,-1059.42,,220.696,1
2024-05-12T12:14:00Z,2115.67,1057.83,-1057.83,,220.132,1
2024-05-12T12:15:00Z,2112.50,1056.25,-1056.25,,219.568,1
2024-05-12T12:16:00Z,2109.33,1054.67,-1054.67,,219.005,1
2024-05-12T12:17:00Z,2106.17,1053.08,-1053.08,,218.443,1
2024-05-12T12:18:00Z,2103.00,1051.50,-1051.50,,217.881,1
2024-05-12T12:19:00Z,2099.83,1049.92,-1049.92,,217.321,1
2024-05-12T12:20:00Z,2096.67,1048.33,-1048.33,,216.760,1
2024-05-12T12:21:00Z,2093.50,1046.75,-1046.75,,216.201,1
2024-05-12T12:22:00Z,2090.33,1045.17,-1045.17,,215.642,1
2024-05-12T12:23:00Z,2087.17,1043.58,-1043.58,,215.084,1
2024-05-12T12:24:00Z,2084.00,1042.00,-1042.00,,214.527,1
2024-05-12T12:25:00Z,2080.83,1040.42,-1040.42,,213.970,1
2024-05-12T12:26:00Z,2077.67,1038.83,-1038.83,,213.414,1
2024-05-12T12:27:00Z,2074.50,1037.25,-1037.25,,212.859,1
2024-05-12T12:28:00Z,2071.33,1035.67,-1035.67,,212.305,1
2024-05-12T12:29:00Z,2068.17,1034.08,-1034.08,,211.751,1
2024-05-12T12:30:00Z,2065.00,1032.50,-1032.50,,211.198,1
2024-05-12T12:31:00Z,2061.83,1030.92,-1030.92,,210.645,1
2024-05-12T12:32:00Z,2058.67,1029.33,-1029.33,,210.094,1
2024-05-12T12:33:00Z,2055.50,1027.75,-1027.75,,209.543,1
2024-05-12T12:34:00Z,2052.33,1026.17,-1026.17,,208.993,1
2024-05-12T12:35:00Z,2049.17,1024.58,-1024.58,,208.443,1
2024-05-12T12:36:00Z,2046.00,1023.00,-1023.00,,207.894,1
2024-05-12T12:37:00Z,2042.83,1021.42,-1021.42,,207.346,1
2024-05-12T12:38:00Z,2039.67,1019.83,-1019.83,,206.798,1
2024-05-12T12:39:00Z,2036.50,1018.25,-1018.25,,206.252,1
2024-05-12T12:40:00Z,2033.33,1016.67,-1016.67,,205.706,1
2024-05-12T12:41:00Z,2030.17,1015.08,-1015.08,,205.160,1
2024-05-12T12:42:00Z,2027.00,1013.50,-1013.50,,204.616,1
2024-05-12T12:43:00Z,2023.83,1011.92,-1011.92,,204.072,1
2024-05-12T12:44:00Z,2020.67,1010.33,-1010.33,,203.528,1
2024-05-12T12:45:00Z,2017.50,1008.75,-1008.75,,202.986,1
2024-05-12T12:46:00Z,2014.33,1007.17,-1007.17,,202.444,1
2024-05-12T12:47:00Z,2011.17,1005.58,-1005.58,,201.903,1
2024-05-12T12:48:00Z,2008.00,1004.00,-1004.00,,201.362,1
2024-05-12T12:49:00Z,2004.83,1002.42,-1002.42,,200.822,1
2024-05-12T12:50:00Z,2001.67,1000.83,-1000.83,,200.283,1
2024-05-12T12:51:00Z,1998.50,999.25,-999.25,,199.745,1
2024-05-12T12:52:00Z,1995.33,997.67,-997.67,,199.207,1
2024-05-12T12:53:00Z,1992.17,996.08,-996.08,,198.670,1
2024-05-12T12:54:00Z,1989.00,994.50,-994.50,,198.134,1
2024-05-12T12:55:00Z,1985.83,992.92,-992.92,,197.599,1
2024-05-12T12:56:00Z,1982.67,991.33,-991.33,,197.064,1
2024-05-12T12:57:00Z,1979.50,989.75,-989.75,,196.530,1
2024-05-12T12:58:00Z,1976.33,988.17,-988.17,,195.996,1
2024-05-12T12:59:00Z,1973.17,986.58,-986.58,,195.464,1
2024-05-12T13:00:00Z,1970.00,985.00,-985.00,,194.931,1
2024-05-12T13:01:00Z,1966.83,983.42,-983.42,,194.400,1
2024-05-12T13:02:00Z,1963.67,981.83,-981.83,,193.870,1
2024-05-12T13:03:00Z,1960.50,980.25,-980.25,,193.340,1
2024-05-12T13:04:00Z,1957.33,978.67,-978.67,,192.810,1
2024-05-12T13:05:00Z,1954.17,977.08,-977.08,,192.282,1
2024-05-12T13:06:00Z,1951.00,975.50,-975.50,,191.754,1
2024-05-12T13:07:00Z,1947.83,973.92,-973.92,,191.227,1
2024-05-12T13:08:00Z,1944.67,972.33,-972.33,,190.700,1
2024-05-12T13:09:00Z,1941.50,970.75,-970.75,,190.175,1
2024-05-12T13:10:00Z,1938.33,969.17,-969.17,,189.650,1
2024-05-12T13:11:00Z,1935.17,967.58,-967.58,,189.125,1
2024-05-12T13:12:00Z,1932.00,966.00,-966.00,,188.602,1
2024-05-12T13:13:00Z,1928.83,964.42,-964.42,,188.079,1
2024-05-12T13:14:00Z,1925.67,962.83,-962.83,,187.557,1
2024-05-12T13:15:00Z,1922.50,961.25,-961.25,,187.035,1
2024-05-12T13:16:00Z,1919.33,959.67,-959.67,,186.514,1
2024-05-12T13:17:00Z,1916.17,958.08,-958.08,,185.994,1
2024-05-12T13:18:00Z,1913.00,956.50,-956.50,,185.475,1
2024-05-12T13:19:00Z,1909.83,954.92,-954.92,,184.956,1
2024-05-12T13:20:00Z,1906.67,953.33,-953.33,,184.438,1
2024-05-12T13:21:00Z,1903.50,951.75,-951.75,,183.921,1
2024-05-12T13:22:00Z,1900.33,950.17,-950.17,,183.404,1
2024-05-12T13:23:00Z,1897.17,948.58,-948.58,,182.888,1
2024-05-12T13:24:00Z,1894.00,947.00,-947.00,,182.373,1
2024-05-12T13:25:00Z,1890.83,945.42,-945.42,,181.859,1
2024-05-12T13:26:00Z,1887.67,943.83,-943.83,,181.345,1
2024-05-12T13:27:00Z,1884.50,942.25,-942.25,,180.832,1
2024-05-12T13:28:00Z,1881.33,940.67,-940.67,,180.320,1
2024-05-12T13:29:00Z,1878.17,939.08,-939.08,,179.808,1
2024-05-12T13:30:00Z,1875.00,937.50,-937.50,,179.297,1
2024-05-12T13:31:00Z,1871.83,935.92,-935.92,,178.787,1
2024-05-12T13:32:00Z,1868.67,934.33,-934.33,,178.277,1
2024-05-12T13:33:00Z,1865.50,932.75,-932.75,,177.768,1
2024-05-12T13:34:00Z,1862.33,931.17,-931.17,,177.260,1
2024-05-12T13:35:00Z,1859.17,929.58,-929.58,,176.753,1
2024-05-12T13:36:00Z,1856.00,928.00,-928.00,,176.246,1
2024-05-12T13:37:00Z,1852.83,926.42,-926.42,,175.740,1
2024-05-12T13:38:00Z,1849.67,924.83,-924.83,,175.234,1
2024-05-12T13:39:00Z,1846.50,923.25,-923.25,,174.730,1
2024-05-12T13:40:00Z,1843.33,921.67,-921.67,,174.226,1
2024-05-12T13:41:00Z,1840.17,920.08,-920.08,,173.722,1
2024-05-12T13:42:00Z,1837.00,918.50,-918.50,,173.220,1
2024-05-12T13:43:00Z,1833.83,916.92,-916.92,,172.718,1
2024-05-12T13:44:00Z,1830.67,915.33,-915.33,,172.217,1
2024-05-12T13:45:00Z,1827.50,913.75,-913.75,,171.716,1
2024-05-12T13:46:00Z,1824.33,912.17,-912.17,,171.217,1
2024-05-12T13:47:00Z,1821.17,910.58,-910.58,,170.718,1
2024-05-12T13:48:00Z,1818.00,909.00,-909.00,,170.219,1
2024-05-12T13:49:00Z,1814.83,907.42,-907.42,,169.722,1
2024-05-12T13:50:00Z,1811.67,905.83,-905.83,,169.225,1
2024-05-12T13:51:00Z,1808.50,904.25,-904.25,,168.729,1
2024-05-12T13:52:00Z,1805.33,902.67,-902.67,,168.233,1
2024-05-12T13:53:00Z,1802.17,901.08,-901.08,,167.738,1
2024-05-12T13:54:00Z,1799.00,899.50,-899.50,,167.244,1
2024-05-12T13:55:00Z,1795.83,897.92,-897.92,,166.751,1
2024-05-12T13:56:00Z,1792.67,896.33,-896.33,,166.258,1
2024-05-12T13:57:00Z,1789.50,894.75,-894.75,,165.766,1
2024-05-12T13:58:00Z,1786.33,893.17,-893.17,,165.275,1
2024-05-12T13:59:00Z,1783.17,891.58,-891.58,,164.784,1
2024-05-12T14:00:00Z,1780.00,890.00,-890.00,,164.294,1
2024-05-12T14:01:00Z,1776.83,888.42,-888.42,,163.805,1
2024-05-12T14:02:00Z,1773.67,886.83,-886.83,,163.316,1
2024-05-12T14:03:00Z,1770.50,885.25,-885.25,,162.828,1
2024-05-12T14:04:00Z,1767.33,883.67,-883.67,,162.341,1
2024-05-12T14:05:00Z,1764.17,882.08,-882.08,,161.855,1
2024-05-12T14:06:00Z,1761.00,880.50,-880.50,,161.369,1
2024-05-12T14:07:00Z,1757.83,878.92,-878.92,,160.884,1
2024-05-12T14:08:00Z,1754.67,877.33,-877.33,,160.400,1
2024-05-12T14:09:00Z,1751.50,875.75,-875.75,,159.916,1
2024-05-12T14:10:00Z,1748.33,874.17,-874.17,,159.433,1
2024-05-12T14:11:00Z,1745.17,872.58,-872.58,,158.951,1
2024-05-12T14:12:00Z,1742.00,871.00,-871.00,,158.470,1
2024-05-12T14:13:00Z,1738.83,869.42,-869.42,,157.989,1
2024-05-12T14:14:00Z,1735.67,867.83,-867.83,,157.509,1
2024-05-12T14:15:00Z,1732.50,866.25,-866.25,,157.029,1
2024-05-12T14:16:00Z,1729.33,864.67,-864.67,,156.551,1
2024-05-12T14:17:00Z,1726.17,863.08,-863.08,,156.073,1
2024-05-12T14:18:00Z,1723.00,861.50,-861.50,,155.596,1
2024-05-12T14:19:00Z,1719.83,859.92,-859.92,,155.119,1
2024-05-12T14:20:00Z,1716.67,858.33,-858.33,,154.643,1
2024-05-12T14:21:00Z,1713.50,856.75,-856.75,,154.168,1
2024-05-12T14:22:00Z,1710.33,855.17,-855.17,,153.693,1
2024-05-12T14:23:00Z,1707.17,853.58,-853.58,,153.220,1
2024-05-12T14:24:00Z,1704.00,852.00,-852.00,,152.747,1
2024-05-12T14:25:00Z,1700.83,850.42,-850.42,,152.274,1
2024-05-12T14:26:00Z,1697.67,848.83,-848.83,,151.803,1
2024-05-12T14:27:00Z,1694.50,847.25,-847.25,,151.332,1
2024-05-12T14:28:00Z,1691.33,845.67,-845.67,,150.861,1
2024-05-12T14:29:00Z,1688.17,844.08,-844.08,,150.392,1
2024-05-12T14:30:00Z,1685.00,842.50,-842.50,,149.923,1
2024-05-12T14:31:00Z,1681.83,840.92,-840.92,,149.455,1
2024-05-12T14:32:00Z,1678.67,839.33,-839.33,,148.987,1
2024-05-12T14:33:00Z,1675.50,837.75,-837.75,,148.521,1
2024-05-12T14:34:00Z,1672.33,836.17,-836.17,,148.054,1
2024-05-12T14:35:00Z,1669.17,834.58,-834.58,,147.589,1
2024-05-12T14:36:00Z,1666.00,833.00,-833.00,,147.124,1
2024-05-12T14:37:00Z,1662.83,831.42,-831.42,,146.661,1
2024-05-12T14:38:00Z,1659.67,829.83,-829.83,,146.197,1
2024-05-12T14:39:00Z,1656.50,828.25,-828.25,,145.735,1
2024-05-12T14:40:00Z,1653.33,826.67,-826.67,,145.273,1
2024-05-12T14:41:00Z,1650.17,825.08,-825.08,,144.812,1
2024-05-12T14:42:00Z,1647.00,823.50,-823.50,,144.351,1
2024-05-12T14:43:00Z,1643.83,821.92,-821.92,,143.892,1
2024-05-12T14:44:00Z,1640.67,820.33,-820.33,,143.433,1
2024-05-12T14:45:00Z,1637.50,818.75,-818.75,,142.974,1
2024-05-12T14:46:00Z,1634.33,817.17,-817.17,,142.517,1
2024-05-12T14:47:00Z,1631.17,815.58,-815.58,,142.060,1
2024-05-12T14:48:00Z,1628.00,814.00,-814.00,,141.603,1
2024-05-12T14:49:00Z,1624.83,812.42,-812.42,,141.148,1
2024-05-12T14:50:00Z,1621.67,810.83,-810.83,,140.693,1
2024-05-12T14:51:00Z,1618.50,809.25,-809.25,,140.239,1
2024-05-12T14:52:00Z,1615.33,807.67,-807.67,,139.786,1
2024-05-12T14:53:00Z,1612.17,806.08,-806.08,,139.333,1
2024-05-12T14:54:00Z,1609.00,804.50,-804.50,,138.881,1
2024-05-12T14:55:00Z,1605.83,802.92,-802.92,,138.430,1
2024-05-12T14:56:00Z,1602.67,801.33,-801.33,,137.979,1
2024-05-12T14:57:00Z,1599.50,799.75,-799.75,,137.529,1
2024-05-12T14:58:00Z,1596.33,798.17,-798.17,,137.080,1
2024-05-12T14:59:00Z,1593.17,796.58,-796.58,,136.631,1
2024-05-12T15:00:00Z,1590.00,795.00,-795.00,,136.183,1
2024-05-12T15:01:00Z,1587.50,793.75,-793.75,,135.830,1
2024-05-12T15:02:00Z,1585.00,792.50,-792.50,,135.478,1
2024-05-12T15:03:00Z,1582.50,791.25,-791.25,,135.126,1
2024-05-12T15:04:00Z,1580.00,790.00,-790.00,,134.774,1
2024-05-12T15:05:00Z,1577.50,788.75,-788.75,,134.423,1
2024-05-12T15:06:00Z,1575.00,787.50,-787.50,,134.072,1
2024-05-12T15:07:00Z,1572.50,786.25,-786.25,,133.721,1
2024-05-12T15:08:00Z,1570.00,785.00,-785.00,,133.371,1
2024-05-12T15:09:00Z,1567.50,783.75,-783.75,,133.022,1
2024-05-12T15:10:00Z,1565.00,782.50,-782.50,,132.673,1
2024-05-12T15:11:00Z,1562.50,781.25,-781.25,,132.324,1
2024-05-12T15:12:00Z,1560.00,780.00,-780.00,,131.976,1
2024-05-12T15:13:00Z,1557.50,778.75,-778.75,,131.628,1
2024-05-12T15:14:00Z,1555.00,777.50,-777.50,,131.281,1
2024-05-12T15:15:00Z,1552.50,776.25,-776.25,,130.934,1
2024-05-12T15:16:00Z,1550.00,775.00,-775.00,,130.587,1
2024-05-12T15:17:00Z,1547.50,773.75,-773.75,,130.241,1
2024-05-12T15:18:00Z,1545.00,772.50,-772.50,,129.896,1
2024-05-12T15:19:00Z,1542.50,771.25,-771.25,,129.551,1
2024-05-12T15:20:00Z,1540.00,770.00,-770.00,,129.206,1
2024-05-12T15:21:00Z,1537.50,768.75,-768.75,,128.862,1
2024-05-12T15:22:00Z,1535.00,767.50,-767.50,,128.518,1
2024-05-12T15:23:00Z,1532.50,766.25,-766.25,,128.174,1
2024-05-12T15:24:00Z,1530.00,765.00,-765.00,,127.831,1
2024-05-12T15:25:00Z,1527.50,763.75,-763.75,,127.489,1
2024-05-12T15:26:00Z,1525.00,762.50,-762.50,,127.147,1
2024-05-12T15:27:00Z,1522.50,761.25,-761.25,,126.805,1
2024-05-12T15:28:00Z,1520.00,760.00,-760.00,,126.464,1
2024-05-12T15:29:00Z,1517.50,758.75,-758.75,,126.123,1
2024-05-12T15:30:00Z,1515.00,757.50,-757.50,,125.783,1
2024-05-12T15:31:00Z,1512.50,756.25,-756.25,,125.443,1
2024-05-12T15:32:00Z,1510.00,755.00,-755.00,,125.103,1
2024-05-12T15:33:00Z,1507.50,753.75,-753.75,,124.764,1
2024-05-12T15:34:00Z,1505.00,752.50,-752.50,,124.426,1
2024-05-12T15:35:00Z,1502.50,751.25,-751.25,,124.088,1
2024-05-12T15:36:00Z,1500.00,750.00,-750.00,,123.750,1
2024-05-12T15:37:00Z,1497.50,748.75,-748.75,,123.413,1
2024-05-12T15:38:00Z,1495.00,747.50,-747.50,,123.076,1
2024-05-12T15:39:00Z,1492.50,746.25,-746.25,,122.739,1
2024-05-12T15:40:00Z,1490.00,745.00,-745.00,,122.403,1
2024-05-12T15:41:00Z,1487.50,743.75,-743.75,,122.068,1
2024-05-12T15:42:00Z,1485.00,742.50,-742.50,,121.733,1
2024-05-12T15:43:00Z,1482.50,741.25,-741.25,,121.398,1
2024-05-12T15:44:00Z,1480.00,740.00,-740.00,,121.064,1
2024-05-12T15:45:00Z,1477.50,738.75,-738.75,,120.730,1
2024-05-12T15:46:00Z,1475.00,737.50,-737.50,,120.397,1
2024-05-12T15:47:00Z,1472.50,736.25,-736.25,,120.064,1
2024-05-12T15:48:00Z,1470.00,735.00,-735.00,,119.731,1
2024-05-12T15:49:00Z,1467.50,733.75,-733.75,,119.399,1
2024-05-12T15:50:00Z,1465.00,732.50,-732.50,,119.068,1
2024-05-12T15:51:00Z,1462.50,731.25,-731.25,,118.737,1
2024-05-12T15:52:00Z,1460.00,730.00,-730.00,,118.406,1
2024-05-12T15:53:00Z,1457.50,728.75,-728.75,,118.076,1
2024-05-12T15:54:00Z,1455.00,727.50,-727.50,,117.746,1
2024-05-12T15:55:00Z,1452.50,726.25,-726.25,,117.416,1
2024-05-12T15:56:00Z,1450.00,725.00,-725.00,,117.087,1
2024-05-12T15:57:00Z,1447.50,723.75,-723.75,,116.759,1
2024-05-12T15:58:00Z,1445.00,722.50,-722.50,,116.431,1
2024-05-12T15:59:00Z,1442.50,721.25,-721.25,,116.103,1
2024-05-12T16:00:00Z,1440.00,720.00,-720.00,,115.776,1
2024-05-12T16:01:00Z,1437.50,718.75,-718.75,,115.449,1
2024-05-12T16:02:00Z,1435.00,717.50,-717.50,,115.123,1
2024-05-12T16:03:00Z,1432.50,716.25,-716.25,,114.797,1
2024-05-12T16:04:00Z,1430.00,715.00,-715.00,,114.471,1
2024-05-12T16:05:00Z,1427.50,713.75,-713.75,,114.146,1
2024-05-12T16:06:00Z,1425.00,712.50,-712.50,,113.822,1
2024-05-12T16:07:00Z,1422.50,711.25,-711.25,,113.498,1
2024-05-12T16:08:00Z,1420.00,710.00,-710.00,,113.174,1
2024-05-12T16:09:00Z,1417.50,708.75,-708.75,,112.851,1
2024-05-12T16:10:00Z,1415.00,707.50,-707.50,,112.528,1
2024-05-12T16:11:00Z,1412.50,706.25,-706.25,,112.205,1
2024-05-12T16:12:00Z,1410.00,705.00,-705.00,,111.883,1
2024-05-12T16:13:00Z,1407.50,703.75,-703.75,,111.562,1
2024-05-12T16:14:00Z,1405.00,702.50,-702.50,,111.241,1
2024-05-12T16:15:00Z,1402.50,701.25,-701.25,,110.920,1
2024-05-12T16:16:00Z,1400.00,700.00,-700.00,,110.600,1
2024-05-12T16:17:00Z,1397.50,698.75,-698.75,,110.280,1
2024-05-12T16:18:00Z,1395.00,697.50,-697.50,,109.961,1
2024-05-12T16:19:00Z,1392.50,696.25,-696.25,,109.642,1
2024-05-12T16:20:00Z,1390.00,695.00,-695.00,,109.323,1
2024-05-12T16:21:00Z,1387.50,693.75,-693.75,,109.005,1
2024-05-12T16:22:00Z,1385.00,692.50,-692.50,,108.688,1
2024-05-12T16:23:00Z,1382.50,691.25,-691.25,,108.371,1
2024-05-12T16:24:00Z,1380.00,690.00,-690.00,,108.054,1
2024-05-12T16:25:00Z,1377.50,688.75,-688.75,,107.738,1
2024-05-12T16:26:00Z,1375.00,687.50,-687.50,,107.422,1
2024-05-12T16:27:00Z,1372.50,686.25,-686.25,,107.106,1
2024-05-12T16:28:00Z,1370.00,685.00,-685.00,,106.791,1
2024-05-12T16:29:00Z,1367.50,683.75,-683.75,,106.477,1
2024-05-12T16:30:00Z,1365.00,682.50,-682.50,,106.163,1
2024-05-12T16:31:00Z,1362.50,681.25,-681.25,,105.849,1
2024-05-12T16:32:00Z,1360.00,680.00,-680.00,,105.536,1
2024-05-12T16:33:00Z,1357.50,678.75,-678.75,,105.223,1
2024-05-12T16:34:00Z,1355.00,677.50,-677.50,,104.911,1
2024-05-12T16:35:00Z,1352.50,676.25,-676.25,,104.599,1
2024-05-12T16:36:00Z,1350.00,675.00,-675.00,,104.287,1
2024-05-12T16:37:00Z,1347.50,673.75,-673.75,,103.976,1
2024-05-12T16:38:00Z,1345.00,672.50,-672.50,,103.666,1
2024-05-12T16:39:00Z,1342.50,671.25,-671.25,,103.356,1
2024-05-12T16:40:00Z,1340.00,670.00,-670.00,,103.046,1
2024-05-12T16:41:00Z,1337.50,668.75,-668.75,,102.737,1
2024-05-12T16:42:00Z,1335.00,667.50,-667.50,,102.428,1
2024-05-12T16:43:00Z,1332.50,666.25,-666.25,,102.119,1
2024-05-12T16:44:00Z,1330.00,665.00,-665.00,,101.811,1
2024-05-12T16:45:00Z,1327.50,663.75,-663.75,,101.504,1
2024-05-12T16:46:00Z,1325.00,662.50,-662.50,,101.197,1
2024-05-12T16:47:00Z,1322.50,661.25,-661.25,,100.890,1
2024-05-12T16:48:00Z,1320.00,660.00,-660.00,,100.584,1
2024-05-12T16:49:00Z,1317.50,658.75,-658.75,,100.278,1
2024-05-12T16:50:00Z,1315.00,657.50,-657.50,,99.973,1
2024-05-12T16:51:00Z,1312.50,656.25,-656.25,,99.668,1
2024-05-12T16:52:00Z,1310.00,655.00,-655.00,,99.363,1
2024-05-12T16:53:00Z,1307.50,653.75,-653.75,,99.059,1
2024-05-12T16:54:00Z,1305.00,652.50,-652.50,,98.756,1
2024-05-12T16:55:00Z,1302.50,651.25,-651.25,,98.453,1
2024-05-12T16:56:00Z,1300.00,650.00,-650.00,,98.150,1
2024-05-12T16:57:00Z,1297.50,648.75,-648.75,,97.848,1
2024-05-12T16:58:00Z,1295.00,647.50,-647.50,,97.546,1
2024-05-12T16:59:00Z,1292.50,646.25,-646.25,,97.244,1
2024-05-12T17:00:00Z,1290.00,645.00,-645.00,,96.944,1
2024-05-12T17:01:00Z,1287.50,643.75,-643.75,,96.643,1
2024-05-12T17:02:00Z,1285.00,642.50,-642.50,,96.343,1
2024-05-12T17:03:00Z,1282.50,641.25,-641.25,,96.043,1
2024-05-12T17:04:00Z,1280.00,640.00,-640.00,,95.744,1
2024-05-12T17:05:00Z,1277.50,638.75,-638.75,,95.445,1
2024-05-12T17:06:00Z,1275.00,637.50,-637.50,,95.147,1
2024-05-12T17:07:00Z,1272.50,636.25,-636.25,,94.849,1
2024-05-12T17:08:00Z,1270.00,635.00,-635.00,,94.552,1
2024-05-12T17:09:00Z,1267.50,633.75,-633.75,,94.254,1
2024-05-12T17:10:00Z,1265.00,632.50,-632.50,,93.958,1
2024-05-12T17:11:00Z,1262.50,631.25,-631.25,,93.662,1
2024-05-12T17:12:00Z,1260.00,630.00,-630.00,,93.366,1
2024-05-12T17:13:00Z,1257.50,628.75,-628.75,,93.071,1
2024-05-12T17:14:00Z,1255.00,627.50,-627.50,,92.776,1
2024-05-12T17:15:00Z,1252.50,626.25,-626.25,,92.481,1
2024-05-12T17:16:00Z,1250.00,625.00,-625.00,,92.188,1
2024-05-12T17:17:00Z,1247.50,623.75,-623.75,,91.894,1
2024-05-12T17:18:00Z,1245.00,622.50,-622.50,,91.601,1
2024-05-12T17:19:00Z,1242.50,621.25,-621.25,,91.308,1
2024-05-12T17:20:00Z,1240.00,620.00,-620.00,,91.016,1
2024-05-12T17:21:00Z,1237.50,618.75,-618.75,,90.724,1
2024-05-12T17:22:00Z,1235.00,617.50,-617.50,,90.433,1
2024-05-12T17:23:00Z,1232.50,616.25,-616.25,,90.142,1
2024-05-12T17:24:00Z,1230.00,615.00,-615.00,,89.851,1
2024-05-12T17:25:00Z,1227.50,613.75,-613.75,,89.561,1
2024-05-12T17:26:00Z,1225.00,612.50,-612.50,,89.272,1
2024-05-12T17:27:00Z,1222.50,611.25,-611.25,,88.983,1
2024-05-12T17:28:00Z,1220.00,610.00,-610.00,,88.694,1
2024-05-12T17:29:00Z,1217.50,608.75,-608.75,,88.406,1
2024-05-12T17:30:00Z,1215.00,607.50,-607.50,,88.118,1
2024-05-12T17:31:00Z,1212.50,606.25,-606.25,,87.830,1
2024-05-12T17:32:00Z,1210.00,605.00,-605.00,,87.543,1
2024-05-12T17:33:00Z,1207.50,603.75,-603.75,,87.257,1
2024-05-12T17:34:00Z,1205.00,602.50,-602.50,,86.971,1
2024-05-12T17:35:00Z,1202.50,601.25,-601.25,,86.685,1
2024-05-12T17:36:00Z,1200.00,600.00,-600.00,,86.400,1
2024-05-12T17:37:00Z,1197.50,598.75,-598.75,,86.115,1
2024-05-12T17:38:00Z,1195.00,597.50,-597.50,,85.831,1
2024-05-12T17:39:00Z,1192.50,596.25,-596.25,,85.547,1
2024-05-12T17:40:00Z,1190.00,595.00,-595.00,,85.263,1
2024-05-12T17:41:00Z,1187.50,593.75,-593.75,,84.980,1
2024-05-12T17:42:00Z,1185.00,592.50,-592.50,,84.698,1
2024-05-12T17:43:00Z,1182.50,591.25,-591.25,,84.416,1
2024-05-12T17:44:00Z,1180.00,590.00,-590.00,,84.134,1
2024-05-12T17:45:00Z,1177.50,588.75,-588.75,,83.853,1
2024-05-12T17:46:00Z,1175.00,587.50,-587.50,,83.572,1
2024-05-12T17:47:00Z,1172.50,586.25,-586.25,,83.291,1
2024-05-12T17:48:00Z,1170.00,585.00,-585.00,,83.011,1
2024-05-12T17:49:00Z,1167.50,583.75,-583.75,,82.732,1
2024-05-12T17:50:00Z,1165.00,582.50,-582.50,,82.453,1
2024-05-12T17:51:00Z,1162.50,581.25,-581.25,,82.174,1
2024-05-12T17:52:00Z,1160.00,580.00,-580.00,,81.896,1
2024-05-12T17:53:00Z,1157.50,578.75,-578.75,,81.618,1
2024-05-12T17:54:00Z,1155.00,577.50,-577.50,,81.341,1
2024-05-12T17:55:00Z,1152.50,576.25,-576.25,,81.064,1
2024-05-12T17:56:00Z,1150.00,575.00,-575.00,,80.787,1
2024-05-12T17:57:00Z,1147.50,573.75,-573.75,,80.511,1
2024-05-12T17:58:00Z,1145.00,572.50,-572.50,,80.236,1
2024-05-12T17:59:00Z,1142.50,571.25,-571.25,,79.961,1
2024-05-12T18:00:00Z,1140.00,570.00,-570.00,,79.686,1
2024-05-12T18:01:00Z,1138.00,569.00,-569.00,,79.467,1
2024-05-12T18:02:00Z,1136.00,568.00,-568.00,,79.247,1
2024-05-12T18:03:00Z,1134.00,567.00,-567.00,,79.028,1
2024-05-12T18:04:00Z,1132.00,566.00,-566.00,,78.810,1
2024-05-12T18:05:00Z,1130.00,565.00,-565.00,,78.591,1
2024-05-12T18:06:00Z,1128.00,564.00,-564.00,,78.373,1
2024-05-12T18:07:00Z,1126.00,563.00,-563.00,,78.156,1
2024-05-12T18:08:00Z,1124.00,562.00,-562.00,,77.938,1
2024-05-12T18:09:00Z,1122.00,561.00,-561.00,,77.721,1
2024-05-12T18:10:00Z,1120.00,560.00,-560.00,,77.504,1
2024-05-12T18:11:00Z,1118.00,559.00,-559.00,,77.287,1
2024-05-12T18:12:00Z,1116.00,558.00,-558.00,,77.071,1
2024-05-12T18:13:00Z,1114.00,557.00,-557.00,,76.855,1
2024-05-12T18:14:00Z,1112.00,556.00,-556.00,,76.639,1
2024-05-12T18:15:00Z,1110.00,555.00,-555.00,,76.423,1
2024-05-12T18:16:00Z,1108.00,554.00,-554.00,,76.208,1
2024-05-12T18:17:00Z,1106.00,553.00,-553.00,,75.993,1
2024-05-12T18:18:00Z,1104.00,552.00,-552.00,,75.779,1
2024-05-12T18:19:00Z,1102.00,551.00,-551.00,,75.564,1
2024-05-12T18:20:00Z,1100.00,550.00,-550.00,,75.350,1
2024-05-12T18:21:00Z,1098.00,549.00,-549.00,,75.136,1
2024-05-12T18:22:00Z,1096.00,548.00,-548.00,,74.923,1
2024-05-12T18:23:00Z,1094.00,547.00,-547.00,,74.709,1
2024-05-12T18:24:00Z,1092.00,546.00,-546.00,,74.496,1
2024-05-12T18:25:00Z,1090.00,545.00,-545.00,,74.283,1
2024-05-12T18:26:00Z,1088.00,544.00,-544.00,,74.071,1
2024-05-12T18:27:00Z,1086.00,543.00,-543.00,,73.859,1
2024-05-12T18:28:00Z,1084.00,542.00,-542.00,,73.647,1
2024-05-12T18:29:00Z,1082.00,541.00,-541.00,,73.435,1
2024-05-12T18:30:00Z,1080.00,540.00,-540.00,,73.224,1
2024-05-12T18:31:00Z,1078.00,539.00,-539.00,,73.013,1
2024-05-12T18:32:00Z,1076.00,538.00,-538.00,,72.802,1
2024-05-12T18:33:00Z,1074.00,537.00,-537.00,,72.592,1
2024-05-12T18:34:00Z,1072.00,536.00,-536.00,,72.381,1
2024-05-12T18:35:00Z,1070.00,535.00,-535.00,,72.172,1
2024-05-12T18:36:00Z,1068.00,534.00,-534.00,,71.962,1
2024-05-12T18:37:00Z,1066.00,533.00,-533.00,,71.752,1
2024-05-12T18:38:00Z,1064.00,532.00,-532.00,,71.543,1
2024-05-12T18:39:00Z,1062.00,531.00,-531.00,,71.335,1
2024-05-12T18:40:00Z,1060.00,530.00,-530.00,,71.126,1
2024-05-12T18:41:00Z,1058.00,529.00,-529.00,,70.918,1
2024-05-12T18:42:00Z,1056.00,528.00,-528.00,,70.710,1
2024-05-12T18:43:00Z,1054.00,527.00,-527.00,,70.502,1
2024-05-12T18:44:00Z,1052.00,526.00,-526.00,,70.295,1
2024-05-12T18:45:00Z,1050.00,525.00,-525.00,,70.088,1
2024-05-12T18:46:00Z,1048.00,524.00,-524.00,,69.881,1
2024-05-12T18:47:00Z,1046.00,523.00,-523.00,,69.674,1
2024-05-12T18:48:00Z,1044.00,522.00,-522.00,,69.468,1
2024-05-12T18:49:00Z,1042.00,521.00,-521.00,,69.262,1
2024-05-12T18:50:00Z,1040.00,520.00,-520.00,,69.056,1
2024-05-12T18:51:00Z,1038.00,519.00,-519.00,,68.851,1
2024-05-12T18:52:00Z,1036.00,518.00,-518.00,,68.645,1
2024-05-12T18:53:00Z,1034.00,517.00,-517.00,,68.440,1
2024-05-12T18:54:00Z,1032.00,516.00,-516.00,,68.236,1
2024-05-12T18:55:00Z,1030.00,515.00,-515.00,,68.031,1
2024-05-12T18:56:00Z,1028.00,514.00,-514.00,,67.827,1
2024-05-12T18:57:00Z,1026.00,513.00,-513.00,,67.624,1
2024-05-12T18:58:00Z,1024.00,512.00,-512.00,,67.420,1
2024-05-12T18:59:00Z,1022.00,511.00,-511.00,,67.217,1
2024-05-12T19:00:00Z,1020.00,510.00,-510.00,,67.014,1
2024-05-12T19:01:00Z,1018.00,509.00,-509.00,,66.811,1
2024-05-12T19:02:00Z,1016.00,508.00,-508.00,,66.609,1
2024-05-12T19:03:00Z,1014.00,507.00,-507.00,,66.407,1
2024-05-12T19:04:00Z,1012.00,506.00,-506.00,,66.205,1
2024-05-12T19:05:00Z,1010.00,505.00,-505.00,,66.004,1
2024-05-12T19:06:00Z,1008.00,504.00,-504.00,,65.802,1
2024-05-12T19:07:00Z,1006.00,503.00,-503.00,,65.601,1
2024-05-12T19:08:00Z,1004.00,502.00,-502.00,,65.401,1
2024-05-12T19:09:00Z,1002.00,501.00,-501.00,,65.200,1
2024-05-12T19:10:00Z,1000.00,500.00,-500.00,,65.000,1
2024-05-12T19:11:00Z,998.00,499.00,-499.00,,64.800,1
2024-05-12T19:12:00Z,996.00,498.00,-498.00,,64.601,1
2024-05-12T19:13:00Z,994.00,497.00,-497.00,,64.401,1
2024-05-12T19:14:00Z,992.00,496.00,-496.00,,64.202,1
2024-05-12T19:15:00Z,990.00,495.00,-495.00,,64.004,1
2024-05-12T19:16:00Z,988.00,494.00,-494.00,,63.805,1
2024-05-12T19:17:00Z,986.00,493.00,-493.00,,63.607,1
2024-05-12T19:18:00Z,984.00,492.00,-492.00,,63.409,1
2024-05-12T19:19:00Z,982.00,491.00,-491.00,,63.211,1
2024-05-12T19:20:00Z,980.00,490.00,-490.00,,63.014,1
2024-05-12T19:21:00Z,978.00,489.00,-489.00,,62.817,1
2024-05-12T19:22:00Z,976.00,488.00,-488.00,,62.620,1
2024-05-12T19:23:00Z,974.00,487.00,-487.00,,62.424,1
2024-05-12T19:24:00Z,972.00,486.00,-486.00,,62.227,1
2024-05-12T19:25:00Z,970.00,485.00,-485.00,,62.031,1
2024-05-12T19:26:00Z,968.00,484.00,-484.00,,61.836,1
2024-05-12T19:27:00Z,966.00,483.00,-483.00,,61.640,1
2024-05-12T19:28:00Z,964.00,482.00,-482.00,,61.445,1
2024-05-12T19:29:00Z,962.00,481.00,-481.00,,61.251,1
2024-05-12T19:30:00Z,960.00,480.00,-480.00,,61.056,1
2024-05-12T19:31:00Z,958.00,479.00,-479.00,,60.862,1
2024-05-12T19:32:00Z,956.00,478.00,-478.00,,60.668,1
2024-05-12T19:33:00Z,954.00,477.00,-477.00,,60.474,1
2024-05-12T19:34:00Z,952.00,476.00,-476.00,,60.281,1
2024-05-12T19:35:00Z,950.00,475.00,-475.00,,60.087,1
2024-05-12T19:36:00Z,948.00,474.00,-474.00,,59.895,1
2024-05-12T19:37:00Z,946.00,473.00,-473.00,,59.702,1
2024-05-12T19:38:00Z,944.00,472.00,-472.00,,59.510,1
2024-05-12T19:39:00Z,942.00,471.00,-471.00,,59.318,1
2024-05-12T19:40:00Z,940.00,470.00,-470.00,,59.126,1
2024-05-12T19:41:00Z,938.00,469.00,-469.00,,58.935,1
2024-05-12T19:42:00Z,936.00,468.00,-468.00,,58.743,1
2024-05-12T19:43:00Z,934.00,467.00,-467.00,,58.552,1
2024-05-12T19:44:00Z,932.00,466.00,-466.00,,58.362,1
2024-05-12T19:45:00Z,930.00,465.00,-465.00,,58.171,1
2024-05-12T19:46:00Z,928.00,464.00,-464.00,,57.981,1
2024-05-12T19:47:00Z,926.00,463.00,-463.00,,57.792,1
2024-05-12T19:48:00Z,924.00,462.00,-462.00,,57.602,1
2024-05-12T19:49:00Z,922.00,461.00,-461.00,,57.413,1
2024-05-12T19:50:00Z,920.00,460.00,-460.00,,57.224,1
2024-05-12T19:51:00Z,918.00,459.00,-459.00,,57.035,1
2024-05-12T19:52:00Z,916.00,458.00,-458.00,,56.847,1
2024-05-12T19:53:00Z,914.00,457.00,-457.00,,56.659,1
2024-05-12T19:54:00Z,912.00,456.00,-456.00,,56.471,1
2024-05-12T19:55:00Z,910.00,455.00,-455.00,,56.283,1
2024-05-12T19:56:00Z,908.00,454.00,-454.00,,56.096,1
2024-05-12T19:57:00Z,906.00,453.00,-453.00,,55.909,1
2024-05-12T19:58:00Z,904.00,452.00,-452.00,,55.723,1
2024-05-12T19:59:00Z,902.00,451.00,-451.00,,55.536,1
2024-05-12T20:00:00Z,900.00,450.00,-450.00,,55.350,1
2024-05-12T20:01:00Z,898.00,449.00,-449.00,,55.164,1
2024-05-12T20:02:00Z,896.00,448.00,-448.00,,54.979,1
2024-05-12T20:03:00Z,894.00,447.00,-447.00,,54.793,1
2024-05-12T20:04:00Z,892.00,446.00,-446.00,,54.608,1
2024-05-12T20:05:00Z,890.00,445.00,-445.00,,54.423,1
2024-05-12T20:06:00Z,888.00,444.00,-444.00,,54.239,1
2024-05-12T20:07:00Z,886.00,443.00,-443.00,,54.055,1
2024-05-12T20:08:00Z,884.00,442.00,-442.00,,53.871,1
2024-05-12T20:09:00Z,882.00,441.00,-441.00,,53.687,1
2024-05-12T20:10:00Z,880.00,440.00,-440.00,,53.504,1
2024-05-12T20:11:00Z,878.00,439.00,-439.00,,53.321,1
2024-05-12T20:12:00Z,876.00,438.00,-438.00,,53.138,1
2024-05-12T20:13:00Z,874.00,437.00,-437.00,,52.956,1
2024-05-12T20:14:00Z,872.00,436.00,-436.00,,52.773,1
2024-05-12T20:15:00Z,870.00,435.00,-435.00,,52.591,1
2024-05-12T20:16:00Z,868.00,434.00,-434.00,,52.410,1
2024-05-12T20:17:00Z,866.00,433.00,-433.00,,52.228,1
2024-05-12T20:18:00Z,864.00,432.00,-432.00,,52.047,1
2024-05-12T20:19:00Z,862.00,431.00,-431.00,,51.867,1
2024-05-12T20:20:00Z,860.00,430.00,-430.00,,51.686,1
2024-05-12T20:21:00Z,858.00,429.00,-429.00,,51.506,1
2024-05-12T20:22:00Z,856.00,428.00,-428.00,,51.326,1
2024-05-12T20:23:00Z,854.00,427.00,-427.00,,51.146,1
2024-05-12T20:24:00Z,852.00,426.00,-426.00,,50.967,1
2024-05-12T20:25:00Z,850.00,425.00,-425.00,,50.787,1
2024-05-12T20:26:00Z,848.00,424.00,-424.00,,50.609,1
2024-05-12T20:27:00Z,846.00,423.00,-423.00,,50.430,1
2024-05-12T20:28:00Z,844.00,422.00,-422.00,,50.252,1
2024-05-12T20:29:00Z,842.00,421.00,-421.00,,50.074,1
2024-05-12T20:30:00Z,840.00,420.00,-420.00,,49.896,1
2024-05-12T20:31:00Z,838.00,419.00,-419.00,,49.719,1
2024-05-12T20:32:00Z,836.00,418.00,-418.00,,49.541,1
2024-05-12T20:33:00Z,834.00,417.00,-417.00,,49.364,1
2024-05-12T20:34:00Z,832.00,416.00,-416.00,,49.188,1
2024-05-12T20:35:00Z,830.00,415.00,-415.00,,49.011,1
2024-05-12T20:36:00Z,828.00,414.00,-414.00,,48.835,1
2024-05-12T20:37:00Z,826.00,413.00,-413.00,,48.660,1
2024-05-12T20:38:00Z,824.00,412.00,-412.00,,48.484,1
2024-05-12T20:39:00Z,822.00,411.00,-411.00,,48.309,1
2024-05-12T20:40:00Z,820.00,410.00,-410.00,,48.134,1
2024-05-12T20:41:00Z,818.00,409.00,-409.00,,47.959,1
2024-05-12T20:42:00Z,816.00,408.00,-408.00,,47.785,1
2024-05-12T20:43:00Z,814.00,407.00,-407.00,,47.611,1
2024-05-12T20:44:00Z,812.00,406.00,-406.00,,47.437,1
2024-05-12T20:45:00Z,810.00,405.00,-405.00,,47.263,1
2024-05-12T20:46:00Z,808.00,404.00,-404.00,,47.090,1
2024-05-12T20:47:00Z,806.00,403.00,-403.00,,46.917,1
2024-05-12T20:48:00Z,804.00,402.00,-402.00,,46.745,1
2024-05-12T20:49:00Z,802.00,401.00,-401.00,,46.572,1
2024-05-12T20:50:00Z,800.00,400.00,-400.00,,46.400,1
2024-05-12T20:51:00Z,798.00,399.00,-399.00,,46.228,1
2024-05-12T20:52:00Z,796.00,398.00,-398.00,,46.057,1
2024-05-12T20:53:00Z,794.00,397.00,-397.00,,45.885,1
2024-05-12T20:54:00Z,792.00,396.00,-396.00,,45.714,1
2024-05-12T20:55:00Z,790.00,395.00,-395.00,,45.543,1
2024-05-12T20:56:00Z,788.00,394.00,-394.00,,45.373,1
2024-05-12T20:57:00Z,786.00,393.00,-393.00,,45.203,1
2024-05-12T20:58:00Z,784.00,392.00,-392.00,,45.033,1
2024-05-12T20:59:00Z,782.00,391.00,-391.00,,44.863,1
2024-05-12T21:00:00Z,780.00,390.00,-390.00,,44.694,1
2024-05-12T21:01:00Z,778.50,389.25,-389.25,,44.567,1
2024-05-12T21:02:00Z,777.00,388.50,-388.50,,44.441,1
2024-05-12T21:03:00Z,775.50,387.75,-387.75,,44.314,1
2024-05-12T21:04:00Z,774.00,387.00,-387.00,,44.188,1
2024-05-12T21:05:00Z,772.50,386.25,-386.25,,44.061,1
2024-05-12T21:06:00Z,771.00,385.50,-385.50,,43.935,1
2024-05-12T21:07:00Z,769.50,384.75,-384.75,,43.810,1
2024-05-12T21:08:00Z,768.00,384.00,-384.00,,43.684,1
2024-05-12T21:09:00Z,766.50,383.25,-383.25,,43.558,1
2024-05-12T21:10:00Z,765.00,382.50,-382.50,,43.433,1
2024-05-12T21:11:00Z,763.50,381.75,-381.75,,43.308,1
2024-05-12T21:12:00Z,762.00,381.00,-381.00,,43.183,1
2024-05-12T21:13:00Z,760.50,380.25,-380.25,,43.058,1
2024-05-12T21:14:00Z,759.00,379.50,-379.50,,42.933,1
2024-05-12T21:15:00Z,757.50,378.75,-378.75,,42.808,1
2024-05-12T21:16:00Z,756.00,378.00,-378.00,,42.684,1
2024-05-12T21:17:00Z,754.50,377.25,-377.25,,42.559,1
2024-05-12T21:18:00Z,753.00,376.50,-376.50,,42.435,1
2024-05-12T21:19:00Z,751.50,375.75,-375.75,,42.311,1
2024-05-12T21:20:00Z,750.00,375.00,-375.00,,42.188,1
2024-05-12T21:21:00Z,748.50,374.25,-374.25,,42.064,1
2024-05-12T21:22:00Z,747.00,373.50,-373.50,,41.940,1
2024-05-12T21:23:00Z,745.50,372.75,-372.75,,41.817,1
2024-05-12T21:24:00Z,744.00,372.00,-372.00,,41.694,1
2024-05-12T21:25:00Z,742.50,371.25,-371.25,,41.571,1
2024-05-12T21:26:00Z,741.00,370.50,-370.50,,41.448,1
2024-05-12T21:27:00Z,739.50,369.75,-369.75,,41.325,1
2024-05-12T21:28:00Z,738.00,369.00,-369.00,,41.203,1
2024-05-12T21:29:00Z,736.50,368.25,-368.25,,41.080,1
2024-05-12T21:30:00Z,735.00,367.50,-367.50,,40.958,1
2024-05-12T21:31:00Z,733.50,366.75,-366.75,,40.836,1
2024-05-12T21:32:00Z,732.00,366.00,-366.00,,40.714,1
2024-05-12T21:33:00Z,730.50,365.25,-365.25,,40.592,1
2024-05-12T21:34:00Z,729.00,364.50,-364.50,,40.470,1
2024-05-12T21:35:00Z,727.50,363.75,-363.75,,40.349,1
2024-05-12T21:36:00Z,726.00,363.00,-363.00,,40.228,1
2024-05-12T21:37:00Z,724.50,362.25,-362.25,,40.107,1
2024-05-12T21:38:00Z,723.00,361.50,-361.50,,39.986,1
2024-05-12T21:39:00Z,721.50,360.75,-360.75,,39.865,1
2024-05-12T21:40:00Z,720.00,360.00,-360.00,,39.744,1
2024-05-12T21:41:00Z,718.50,359.25,-359.25,,39.623,1
2024-05-12T21:42:00Z,717.00,358.50,-358.50,,39.503,1
2024-05-12T21:43:00Z,715.50,357.75,-357.75,,39.383,1
2024-05-12T21:44:00Z,714.00,357.00,-357.00,,39.263,1
2024-05-12T21:45:00Z,712.50,356.25,-356.25,,39.143,1
2024-05-12T21:46:00Z,711.00,355.50,-355.50,,39.023,1
2024-05-12T21:47:00Z,709.50,354.75,-354.75,,38.904,1
2024-05-12T21:48:00Z,708.00,354.00,-354.00,,38.784,1
2024-05-12T21:49:00Z,706.50,353.25,-353.25,,38.665,1
2024-05-12T21:50:00Z,705.00,352.50,-352.50,,38.546,1
2024-05-12T21:51:00Z,703.50,351.75,-351.75,,38.427,1
2024-05-12T21:52:00Z,702.00,351.00,-351.00,,38.308,1
2024-05-12T21:53:00Z,700.50,350.25,-350.25,,38.190,1
2024-05-12T21:54:00Z,699.00,349.50,-349.50,,38.071,1
2024-05-12T21:55:00Z,697.50,348.75,-348.75,,37.953,1
2024-05-12T21:56:00Z,696.00,348.00,-348.00,,37.835,1
2024-05-12T21:57:00Z,694.50,347.25,-347.25,,37.717,1
2024-05-12T21:58:00Z,693.00,346.50,-346.50,,37.599,1
2024-05-12T21:59:00Z,691.50,345.75,-345.75,,37.481,1
2024-05-12T22:00:00Z,690.00,345.00,-345.00,,37.364,1
2024-05-12T22:01:00Z,688.50,344.25,-344.25,,37.246,1
2024-05-12T22:02:00Z,687.00,343.50,-343.50,,37.129,1
2024-05-12T22:03:00Z,685.50,342.75,-342.75,,37.012,1
2024-05-12T22:04:00Z,684.00,342.00,-342.00,,36.895,1
2024-05-12T22:05:00Z,682.50,341.25,-341.25,,36.778,1
2024-05-12T22:06:00Z,681.00,340.50,-340.50,,36.662,1
2024-05-12T22:07:00Z,679.50,339.75,-339.75,,36.545,1
2024-05-12T22:08:00Z,678.00,339.00,-339.00,,36.429,1
2024-05-12T22:09:00Z,676.50,338.25,-338.25,,36.313,1
2024-05-12T22:10:00Z,675.00,337.50,-337.50,,36.197,1
2024-05-12T22:11:00Z,673.50,336.75,-336.75,,36.081,1
2024-05-12T22:12:00Z,672.00,336.00,-336.00,,35.965,1
2024-05-12T22:13:00Z,670.50,335.25,-335.25,,35.850,1
2024-05-12T22:14:00Z,669.00,334.50,-334.50,,35.735,1
2024-05-12T22:15:00Z,667.50,333.75,-333.75,,35.619,1
2024-05-12T22:16:00Z,666.00,333.00,-333.00,,35.504,1
2024-05-12T22:17:00Z,664.50,332.25,-332.25,,35.390,1
2024-05-12T22:18:00Z,663.00,331.50,-331.50,,35.275,1
2024-05-12T22:19:00Z,661.50,330.75,-330.75,,35.160,1
2024-05-12T22:20:00Z,660.00,330.00,-330.00,,35.046,1
2024-05-12T22:21:00Z,658.50,329.25,-329.25,,34.932,1
2024-05-12T22:22:00Z,657.00,328.50,-328.50,,34.818,1
2024-05-12T22:23:00Z,655.50,327.75,-327.75,,34.704,1
2024-05-12T22:24:00Z,654.00,327.00,-327.00,,34.590,1
2024-05-12T22:25:00Z,652.50,326.25,-326.25,,34.476,1
2024-05-12T22:26:00Z,651.00,325.50,-325.50,,34.363,1
2024-05-12T22:27:00Z,649.50,324.75,-324.75,,34.250,1
2024-05-12T22:28:00Z,648.00,324.00,-324.00,,34.137,1
2024-05-12T22:29:00Z,646.50,323.25,-323.25,,34.024,1
2024-05-12T22:30:00Z,645.00,322.50,-322.50,,33.911,1
2024-05-12T22:31:00Z,643.50,321.75,-321.75,,33.798,1
2024-05-12T22:32:00Z,642.00,321.00,-321.00,,33.686,1
2024-05-12T22:33:00Z,640.50,320.25,-320.25,,33.573,1
2024-05-12T22:34:00Z,639.00,319.50,-319.50,,33.461,1
2024-05-12T22:35:00Z,637.50,318.75,-318.75,,33.349,1
2024-05-12T22:36:00Z,636.00,318.00,-318.00,,33.237,1
2024-05-12T22:37:00Z,634.50,317.25,-317.25,,33.126,1
2024-05-12T22:38:00Z,633.00,316.50,-316.50,,33.014,1
2024-05-12T22:39:00Z,631.50,315.75,-315.75,,32.903,1
2024-05-12T22:40:00Z,630.00,315.00,-315.00,,32.791,1
2024-05-12T22:41:00Z,628.50,314.25,-314.25,,32.680,1
2024-05-12T22:42:00Z,627.00,313.50,-313.50,,32.570,1
2024-05-12T22:43:00Z,625.50,312.75,-312.75,,32.459,1
2024-05-12T22:44:00Z,624.00,312.00,-312.00,,32.348,1
2024-05-12T22:45:00Z,622.50,311.25,-311.25,,32.238,1
2024-05-12T22:46:00Z,621.00,310.50,-310.50,,32.127,1
2024-05-12T22:47:00Z,619.50,309.75,-309.75,,32.017,1
2024-05-12T22:48:00Z,618.00,309.00,-309.00,,31.907,1
2024-05-12T22:49:00Z,616.50,308.25,-308.25,,31.798,1
2024-05-12T22:50:00Z,615.00,307.50,-307.50,,31.688,1
2024-05-12T22:51:00Z,613.50,306.75,-306.75,,31.578,1
2024-05-12T22:52:00Z,612.00,306.00,-306.00,,31.469,1
2024-05-12T22:53:00Z,610.50,305.25,-305.25,,31.360,1
2024-05-12T22:54:00Z,609.00,304.50,-304.50,,31.251,1
2024-05-12T22:55:00Z,607.50,303.75,-303.75,,31.142,1
2024-05-12T22:56:00Z,606.00,303.00,-303.00,,31.033,1
2024-05-12T22:57:00Z,604.50,302.25,-302.25,,30.925,1
2024-05-12T22:58:00Z,603.00,301.50,-301.50,,30.816,1
2024-05-12T22:59:00Z,601.50,300.75,-300.75,,30.708,1
2024-05-12T23:00:00Z,600.00,300.00,-300.00,,30.600,1
2024-05-12T23:01:00Z,598.50,299.25,-299.25,,30.492,1
2024-05-12T23:02:00Z,597.00,298.50,-298.50,,30.384,1
2024-05-12T23:03:00Z,595.50,297.75,-297.75,,30.277,1
2024-05-12T23:04:00Z,594.00,297.00,-297.00,,30.169,1
2024-05-12T23:05:00Z,592.50,296.25,-296.25,,30.062,1
2024-05-12T23:06:00Z,591.00,295.50,-295.50,,29.955,1
2024-05-12T23:07:00Z,589.50,294.75,-294.75,,29.848,1
2024-05-12T23:08:00Z,588.00,294.00,-294.00,,29.741,1
2024-05-12T23:09:00Z,586.50,293.25,-293.25,,29.634,1
2024-05-12T23:10:00Z,585.00,292.50,-292.50,,29.528,1
2024-05-12T23:11:00Z,583.50,291.75,-291.75,,29.422,1
2024-05-12T23:12:00Z,582.00,291.00,-291.00,,29.315,1
2024-05-12T23:13:00Z,580.50,290.25,-290.25,,29.209,1
2024-05-12T23:14:00Z,579.00,289.50,-289.50,,29.103,1
2024-05-12T23:15:00Z,577.50,288.75,-288.75,,28.998,1
2024-05-12T23:16:00Z,576.00,288.00,-288.00,,28.892,1
2024-05-12T23:17:00Z,574.50,287.25,-287.25,,28.787,1
2024-05-12T23:18:00Z,573.00,286.50,-286.50,,28.682,1
2024-05-12T23:19:00Z,571.50,285.75,-285.75,,28.576,1
2024-05-12T23:20:00Z,570.00,285.00,-285.00,,28.471,1
2024-05-12T23:21:00Z,568.50,284.25,-284.25,,28.367,1
2024-05-12T23:22:00Z,567.00,283.50,-283.50,,28.262,1
2024-05-12T23:23:00Z,565.50,282.75,-282.75,,28.158,1
2024-05-12T23:24:00Z,564.00,282.00,-282.00,,28.053,1
2024-05-12T23:25:00Z,562.50,281.25,-281.25,,27.949,1
2024-05-12T23:26:00Z,561.00,280.50,-280.50,,27.845,1
2024-05-12T23:27:00Z,559.50,279.75,-279.75,,27.741,1
2024-05-12T23:28:00Z,558.00,279.00,-279.00,,27.638,1
2024-05-12T23:29:00Z,556.50,278.25,-278.25,,27.534,1
2024-05-12T23:30:00Z,555.00,277.50,-277.50,,27.431,1
2024-05-12T23:31:00Z,553.50,276.75,-276.75,,27.328,1
2024-05-12T23:32:00Z,552.00,276.00,-276.00,,27.225,1
2024-05-12T23:33:00Z,550.50,275.25,-275.25,,27.122,1
2024-05-12T23:34:00Z,549.00,274.50,-274.50,,27.019,1
2024-05-12T23:35:00Z,547.50,273.75,-273.75,,26.916,1
2024-05-12T23:36:00Z,546.00,273.00,-273.00,,26.814,1
2024-05-12T23:37:00Z,544.50,272.25,-272.25,,26.712,1
2024-05-12T23:38:00Z,543.00,271.50,-271.50,,26.610,1
2024-05-12T23:39:00Z,541.50,270.75,-270.75,,26.508,1
2024-05-12T23:40:00Z,540.00,270.00,-270.00,,26.406,1
2024-05-12T23:41:00Z,538.50,269.25,-269.25,,26.304,1
2024-05-12T23:42:00Z,537.00,268.50,-268.50,,26.203,1
2024-05-12T23:43:00Z,535.50,267.75,-267.75,,26.102,1
2024-05-12T23:44:00Z,534.00,267.00,-267.00,,26.000,1
2024-05-12T23:45:00Z,532.50,266.25,-266.25,,25.899,1
2024-05-12T23:46:00Z,531.00,265.50,-265.50,,25.799,1
2024-05-12T23:47:00Z,529.50,264.75,-264.75,,25.698,1
2024-05-12T23:48:00Z,528.00,264.00,-264.00,,25.597,1
2024-05-12T23:49:00Z,526.50,263.25,-263.25,,25.497,1
2024-05-12T23:50:00Z,525.00,262.50,-262.50,,25.397,1
2024-05-12T23:51:00Z,523.50,261.75,-261.75,,25.297,1
2024-05-12T23:52:00Z,522.00,261.00,-261.00,,25.197,1
2024-05-12T23:53:00Z,520.50,260.25,-260.25,,25.097,1
2024-05-12T23:54:00Z,519.00,259.50,-259.50,,24.998,1
2024-05-12T23:55:00Z,517.50,258.75,-258.75,,24.898,1
2024-05-12T23:56:00Z,516.00,258.00,-258.00,,24.799,1
2024-05-12T23:57:00Z,514.50,257.25,-257.25,,24.700,1
2024-05-12T23:58:00Z,513.00,256.50,-256.50,,24.601,1
2024-05-12T23:59:00Z,511.50,255.75,-255.75,,24.502,1
2024-05-13T00:00:00Z,510.00,255.00,-255.00,,24.403,1
2024-05-13T00:01:00Z,508.94,254.47,-254.47,,24.334,1
2024-05-13T00:02:00Z,507.89,253.94,-253.94,,24.265,1
2024-05-13T00:03:00Z,506.83,253.42,-253.42,,24.196,1
2024-05-13T00:04:00Z,505.78,252.89,-252.89,,24.127,1
2024-05-13T00:05:00Z,504.72,252.36,-252.36,,24.058,1
2024-05-13T00:06:00Z,503.67,251.83,-251.83,,23.989,1
2024-05-13T00:07:00Z,502.61,251.31,-251.31,,23.920,1
2024-05-13T00:08:00Z,501.56,250.78,-250.78,,23.851,1
2024-05-13T00:09:00Z,500.50,250.25,-250.25,,23.783,1
2024-05-13T00:10:00Z,499.44,249.72,-249.72,,23.714,1
2024-05-13T00:11:00Z,498.39,249.19,-249.19,,23.645,1
2024-05-13T00:12:00Z,497.33,248.67,-248.67,,23.577,1
2024-05-13T00:13:00Z,496.28,248.14,-248.14,,23.509,1
2024-05-13T00:14:00Z,495.22,247.61,-247.61,,23.440,1
2024-05-13T00:15:00Z,494.17,247.08,-247.08,,23.372,1
2024-05-13T00:16:00Z,493.11,246.56,-246.56,,23.304,1
2024-05-13T00:17:00Z,492.06,246.03,-246.03,,23.236,1
2024-05-13T00:18:00Z,491.00,245.50,-245.50,,23.168,1
2024-05-13T00:19:00Z,489.94,244.97,-244.97,,23.100,1
2024-05-13T00:20:00Z,488.89,244.44,-244.44,,23.032,1
2024-05-13T00:21:00Z,487.83,243.92,-243.92,,22.964,1
2024-05-13T00:22:00Z,486.78,243.39,-243.39,,22.897,1
2024-05-13T00:23:00Z,485.72,242.86,-242.86,,22.829,1
2024-05-13T00:24:00Z,484.67,242.33,-242.33,,22.762,1
2024-05-13T00:25:00Z,483.61,241.81,-241.81,,22.694,1
2024-05-13T00:26:00Z,482.56,241.28,-241.28,,22.627,1
2024-05-13T00:27:00Z,481.50,240.75,-240.75,,22.559,1
2024-05-13T00:28:00Z,480.44,240.22,-240.22,,22.492,1
2024-05-13T00:29:00Z,479.39,239.69,-239.69,,22.425,1
2024-05-13T00:30:00Z,478.33,239.17,-239.17,,22.358,1
2024-05-13T00:31:00Z,477.28,238.64,-238.64,,22.291,1
2024-05-13T00:32:00Z,476.22,238.11,-238.11,,22.224,1
2024-05-13T00:33:00Z,475.17,237.58,-237.58,,22.157,1
2024-05-13T00:34:00Z,474.11,237.06,-237.06,,22.091,1
2024-05-13T00:35:00Z,473.06,236.53,-236.53,,22.024,1
2024-05-13T00:36:00Z,472.00,236.00,-236.00,,21.957,1
2024-05-13T00:37:00Z,470.94,235.47,-235.47,,21.891,1
2024-05-13T00:38:00Z,469.89,234.94,-234.94,,21.825,1
2024-05-13T00:39:00Z,468.83,234.42,-234.42,,21.758,1
2024-05-13T00:40:00Z,467.78,233.89,-233.89,,21.692,1
2024-05-13T00:41:00Z,466.72,233.36,-233.36,,21.626,1
2024-05-13T00:42:00Z,465.67,232.83,-232.83,,21.560,1
2024-05-13T00:43:00Z,464.61,232.31,-232.31,,21.494,1
2024-05-13T00:44:00Z,463.56,231.78,-231.78,,21.428,1
2024-05-13T00:45:00Z,462.50,231.25,-231.25,,21.362,1
2024-05-13T00:46:00Z,461.44,230.72,-230.72,,21.296,1
2024-05-13T00:47:00Z,460.39,230.19,-230.19,,21.230,1
2024-05-13T00:48:00Z,459.33,229.67,-229.67,,21.165,1
2024-05-13T00:49:00Z,458.28,229.14,-229.14,,21.099,1
2024-05-13T00:50:00Z,457.22,228.61,-228.61,,21.033,1
2024-05-13T00:51:00Z,456.17,228.08,-228.08,,20.968,1
2024-05-13T00:52:00Z,455.11,227.56,-227.56,,20.903,1
2024-05-13T00:53:00Z,454.06,227.03,-227.03,,20.837,1
2024-05-13T00:54:00Z,453.00,226.50,-226.50,,20.772,1
2024-05-13T00:55:00Z,451.94,225.97,-225.97,,20.707,1
2024-05-13T00:56:00Z,450.89,225.44,-225.44,,20.642,1
2024-05-13T00:57:00Z,449.83,224.92,-224.92,,20.577,1
2024-05-13T00:58:00Z,448.78,224.39,-224.39,,20.512,1
2024-05-13T00:59:00Z,447.72,223.86,-223.86,,20.448,1
2024-05-13T01:00:00Z,446.67,223.33,-223.33,,20.383,1
2024-05-13T01:01:00Z,445.61,222.81,-222.81,,20.318,1
2024-05-13T01:02:00Z,444.56,222.28,-222.28,,20.254,1
2024-05-13T01:03:00Z,443.50,221.75,-221.75,,20.189,1
2024-05-13T01:04:00Z,442.44,221.22,-221.22,,20.125,1
2024-05-13T01:05:00Z,441.39,220.69,-220.69,,20.061,1
2024-05-13T01:06:00Z,440.33,220.17,-220.17,,19.996,1
2024-05-13T01:07:00Z,439.28,219.64,-219.64,,19.932,1
2024-05-13T01:08:00Z,438.22,219.11,-219.11,,19.868,1
2024-05-13T01:09:00Z,437.17,218.58,-218.58,,19.804,1
2024-05-13T01:10:00Z,436.11,218.06,-218.06,,19.740,1
2024-05-13T01:11:00Z,435.06,217.53,-217.53,,19.676,1
2024-05-13T01:12:00Z,434.00,217.00,-217.00,,19.612,1
2024-05-13T01:13:00Z,432.94,216.47,-216.47,,19.549,1
2024-05-13T01:14:00Z,431.89,215.94,-215.94,,19.485,1
2024-05-13T01:15:00Z,430.83,215.42,-215.42,,19.422,1
2024-05-13T01:16:00Z,429.78,214.89,-214.89,,19.358,1
2024-05-13T01:17:00Z,428.72,214.36,-214.36,,19.295,1
2024-05-13T01:18:00Z,427.67,213.83,-213.83,,19.231,1
2024-05-13T01:19:00Z,426.61,213.31,-213.31,,19.168,1
2024-05-13T01:20:00Z,425.56,212.78,-212.78,,19.105,1
2024-05-13T01:21:00Z,424.50,212.25,-212.25,,19.042,1
2024-05-13T01:22:00Z,423.44,211.72,-211.72,,18.979,1
2024-05-13T01:23:00Z,422.39,211.19,-211.19,,18.916,1
2024-05-13T01:24:00Z,421.33,210.67,-210.67,,18.853,1
2024-05-13T01:25:00Z,420.28,210.14,-210.14,,18.791,1
2024-05-13T01:26:00Z,419.22,209.61,-209.61,,18.728,1
2024-05-13T01:27:00Z,418.17,209.08,-209.08,,18.665,1
2024-05-13T01:28:00Z,417.11,208.56,-208.56,,18.603,1
2024-05-13T01:29:00Z,416.06,208.03,-208.03,,18.540,1
2024-05-13T01:30:00Z,415.00,207.50,-207.50,,18.478,1
2024-05-13T01:31:00Z,413.94,206.97,-206.97,,18.416,1
2024-05-13T01:32:00Z,412.89,206.44,-206.44,,18.353,1
2024-05-13T01:33:00Z,411.83,205.92,-205.92,,18.291,1
2024-05-13T01:34:00Z,410.78,205.39,-205.39,,18.229,1
2024-05-13T01:35:00Z,409.72,204.86,-204.86,,18.167,1
2024-05-13T01:36:00Z,408.67,204.33,-204.33,,18.105,1
2024-05-13T01:37:00Z,407.61,203.81,-203.81,,18.043,1
2024-05-13T01:38:00Z,406.56,203.28,-203.28,,17.982,1
2024-05-13T01:39:00Z,405.50,202.75,-202.75,,17.920,1
2024-05-13T01:40:00Z,404.44,202.22,-202.22,,17.858,1
2024-05-13T01:41:00Z,403.39,201.69,-201.69,,17.797,1
2024-05-13T01:42:00Z,402.33,201.17,-201.17,,17.736,1
2024-05-13T01:43:00Z,401.28,200.64,-200.64,,17.674,1
2024-05-13T01:44:00Z,400.22,200.11,-200.11,,17.613,1
2024-05-13T01:45:00Z,399.17,199.58,-199.58,,17.552,1
2024-05-13T01:46:00Z,398.11,199.06,-199.06,,17.491,1
2024-05-13T01:47:00Z,397.06,198.53,-198.53,,17.430,1
2024-05-13T01:48:00Z,396.00,198.00,-198.00,,17.369,1
2024-05-13T01:49:00Z,394.94,197.47,-197.47,,17.308,1
2024-05-13T01:50:00Z,393.89,196.94,-196.94,,17.247,1
2024-05-13T01:51:00Z,392.83,196.42,-196.42,,17.186,1
2024-05-13T01:52:00Z,391.78,195.89,-195.89,,17.125,1
2024-05-13T01:53:00Z,390.72,195.36,-195.36,,17.065,1
2024-05-13T01:54:00Z,389.67,194.83,-194.83,,17.004,1
2024-05-13T01:55:00Z,388.61,194.31,-194.31,,16.944,1
2024-05-13T01:56:00Z,387.56,193.78,-193.78,,16.884,1
2024-05-13T01:57:00Z,386.50,193.25,-193.25,,16.823,1
2024-05-13T01:58:00Z,385.44,192.72,-192.72,,16.763,1
2024-05-13T01:59:00Z,384.39,192.19,-192.19,,16.703,1
2024-05-13T02:00:00Z,383.33,191.67,-191.67,,16.643,1
2024-05-13T02:01:00Z,382.28,191.14,-191.14,,16.583,1
2024-05-13T02:02:00Z,381.22,190.61,-190.61,,16.523,1
2024-05-13T02:03:00Z,380.17,190.08,-190.08,,16.463,1
2024-05-13T02:04:00Z,379.11,189.56,-189.56,,16.404,1
2024-05-13T02:05:00Z,378.06,189.03,-189.03,,16.344,1
2024-05-13T02:06:00Z,377.00,188.50,-188.50,,16.285,1
2024-05-13T02:07:00Z,375.94,187.97,-187.97,,16.225,1
2024-05-13T02:08:00Z,374.89,187.44,-187.44,,16.166,1
2024-05-13T02:09:00Z,373.83,186.92,-186.92,,16.106,1
2024-05-13T02:10:00Z,372.78,186.39,-186.39,,16.047,1
2024-05-13T02:11:00Z,371.72,185.86,-185.86,,15.988,1
2024-05-13T02:12:00Z,370.67,185.33,-185.33,,15.929,1
2024-05-13T02:13:00Z,369.61,184.81,-184.81,,15.870,1
2024-05-13T02:14:00Z,368.56,184.28,-184.28,,15.811,1
2024-05-13T02:15:00Z,367.50,183.75,-183.75,,15.752,1
2024-05-13T02:16:00Z,366.44,183.22,-183.22,,15.693,1
2024-05-13T02:17:00Z,365.39,182.69,-182.69,,15.634,1
2024-05-13T02:18:00Z,364.33,182.17,-182.17,,15.576,1
2024-05-13T02:19:00Z,363.28,181.64,-181.64,,15.517,1
2024-05-13T02:20:00Z,362.22,181.11,-181.11,,15.459,1
2024-05-13T02:21:00Z,361.17,180.58,-180.58,,15.400,1
2024-05-13T02:22:00Z,360.11,180.06,-180.06,,15.342,1
2024-05-13T02:23:00Z,359.06,179.53,-179.53,,15.284,1
2024-05-13T02:24:00Z,358.00,179.00,-179.00,,15.226,1
2024-05-13T02:25:00Z,356.94,178.47,-178.47,,15.168,1
2024-05-13T02:26:00Z,355.89,177.94,-177.94,,15.110,1
2024-05-13T02:27:00Z,354.83,177.42,-177.42,,15.052,1
2024-05-13T02:28:00Z,353.78,176.89,-176.89,,14.994,1
2024-05-13T02:29:00Z,352.72,176.36,-176.36,,14.936,1
2024-05-13T02:30:00Z,351.67,175.83,-175.83,,14.878,1
2024-05-13T02:31:00Z,350.61,175.31,-175.31,,14.821,1
2024-05-13T02:32:00Z,349.56,174.78,-174.78,,14.763,1
2024-05-13T02:33:00Z,348.50,174.25,-174.25,,14.706,1
2024-05-13T02:34:00Z,347.44,173.72,-173.72,,14.648,1
2024-05-13T02:35:00Z,346.39,173.19,-173.19,,14.591,1
2024-05-13T02:36:00Z,345.33,172.67,-172.67,,14.534,1
2024-05-13T02:37:00Z,344.28,172.14,-172.14,,14.477,1
2024-05-13T02:38:00Z,343.22,171.61,-171.61,,14.420,1
2024-05-13T02:39:00Z,342.17,171.08,-171.08,,14.363,1
2024-05-13T02:40:00Z,341.11,170.56,-170.56,,14.306,1
2024-05-13T02:41:00Z,340.06,170.03,-170.03,,14.249,1
2024-05-13T02:42:00Z,339.00,169.50,-169.50,,14.192,1
2024-05-13T02:43:00Z,337.94,168.97,-168.97,,14.136,1
2024-05-13T02:44:00Z,336.89,168.44,-168.44,,14.079,1
2024-05-13T02:45:00Z,335.83,167.92,-167.92,,14.022,1
2024-05-13T02:46:00Z,334.78,167.39,-167.39,,13.966,1
2024-05-13T02:47:00Z,333.72,166.86,-166.86,,13.910,1
2024-05-13T02:48:00Z,332.67,166.33,-166.33,,13.853,1
2024-05-13T02:49:00Z,331.61,165.81,-165.81,,13.797,1
2024-05-13T02:50:00Z,330.56,165.28,-165.28,,13.741,1
2024-05-13T02:51:00Z,329.50,164.75,-164.75,,13.685,1
2024-05-13T02:52:00Z,328.44,164.22,-164.22,,13.629,1
2024-05-13T02:53:00Z,327.39,163.69,-163.69,,13.573,1
2024-05-13T02:54:00Z,326.33,163.17,-163.17,,13.517,1
2024-05-13T02:55:00Z,325.28,162.64,-162.64,,13.462,1
2024-05-13T02:56:00Z,324.22,162.11,-162.11,,13.406,1
2024-05-13T02:57:00Z,323.17,161.58,-161.58,,13.350,1
2024-05-13T02:58:00Z,322.11,161.06,-161.06,,13.295,1
2024-05-13T02:59:00Z,321.06,160.53,-160.53,,13.239,1
2024-05-13T03:00:00Z,320.00,160.00,-160.00,,13.184,1
2024-05-13T03:01:00Z,319.33,159.67,-159.67,,13.149,1
2024-05-13T03:02:00Z,318.67,159.33,-159.33,,13.114,1
2024-05-13T03:03:00Z,318.00,159.00,-159.00,,13.079,1
2024-05-13T03:04:00Z,317.33,158.67,-158.67,,13.045,1
2024-05-13T03:05:00Z,316.67,158.33,-158.33,,13.010,1
2024-05-13T03:06:00Z,316.00,158.00,-158.00,,12.975,1
2024-05-13T03:07:00Z,315.33,157.67,-157.67,,12.940,1
2024-05-13T03:08:00Z,314.67,157.33,-157.33,,12.906,1
2024-05-13T03:09:00Z,314.00,157.00,-157.00,,12.871,1
2024-05-13T03:10:00Z,313.33,156.67,-156.67,,12.836,1
2024-05-13T03:11:00Z,312.67,156.33,-156.33,,12.802,1
2024-05-13T03:12:00Z,312.00,156.00,-156.00,,12.767,1
2024-05-13T03:13:00Z,311.33,155.67,-155.67,,12.732,1
2024-05-13T03:14:00Z,310.67,155.33,-155.33,,12.698,1
2024-05-13T03:15:00Z,310.00,155.00,-155.00,,12.663,1
2024-05-13T03:16:00Z,309.33,154.67,-154.67,,12.629,1
2024-05-13T03:17:00Z,308.67,154.33,-154.33,,12.595,1
2024-05-13T03:18:00Z,308.00,154.00,-154.00,,12.560,1
2024-05-13T03:19:00Z,307.33,153.67,-153.67,,12.526,1
2024-05-13T03:20:00Z,306.67,153.33,-153.33,,12.492,1
2024-05-13T03:21:00Z,306.00,153.00,-153.00,,12.457,1
2024-05-13T03:22:00Z,305.33,152.67,-152.67,,12.423,1
2024-05-13T03:23:00Z,304.67,152.33,-152.33,,12.389,1
2024-05-13T03:24:00Z,304.00,152.00,-152.00,,12.355,1
2024-05-13T03:25:00Z,303.33,151.67,-151.67,,12.320,1
2024-05-13T03:26:00Z,302.67,151.33,-151.33,,12.286,1
2024-05-13T03:27:00Z,302.00,151.00,-151.00,,12.252,1
2024-05-13T03:28:00Z,301.33,150.67,-150.67,,12.218,1
2024-05-13T03:29:00Z,300.67,150.33,-150.33,,12.184,1
2024-05-13T03:30:00Z,300.00,150.00,-150.00,,12.150,1
2024-05-13T03:31:00Z,299.33,149.67,-149.67,,12.116,1
2024-05-13T03:32:00Z,298.67,149.33,-149.33,,12.082,1
2024-05-13T03:33:00Z,298.00,149.00,-149.00,,12.048,1
2024-05-13T03:34:00Z,297.33,148.67,-148.67,,12.014,1
2024-05-13T03:35:00Z,296.67,148.33,-148.33,,11.980,1
2024-05-13T03:36:00Z,296.00,148.00,-148.00,,11.947,1
2024-05-13T03:37:00Z,295.33,147.67,-147.67,,11.913,1
2024-05-13T03:38:00Z,294.67,147.33,-147.33,,11.879,1
2024-05-13T03:39:00Z,294.00,147.00,-147.00,,11.845,1
2024-05-13T03:40:00Z,293.33,146.67,-146.67,,11.812,1
2024-05-13T03:41:00Z,292.67,146.33,-146.33,,11.778,1
2024-05-13T03:42:00Z,292.00,146.00,-146.00,,11.744,1
2024-05-13T03:43:00Z,291.33,145.67,-145.67,,11.711,1
2024-05-13T03:44:00Z,290.67,145.33,-145.33,,11.677,1
2024-05-13T03:45:00Z,290.00,145.00,-145.00,,11.643,1
2024-05-13T03:46:00Z,289.33,144.67,-144.67,,11.610,1
2024-05-13T03:47:00Z,288.67,144.33,-144.33,,11.576,1
2024-05-13T03:48:00Z,288.00,144.00,-144.00,,11.543,1
2024-05-13T03:49:00Z,287.33,143.67,-143.67,,11.510,1
2024-05-13T03:50:00Z,286.67,143.33,-143.33,,11.476,1
2024-05-13T03:51:00Z,286.00,143.00,-143.00,,11.443,1
2024-05-13T03:52:00Z,285.33,142.67,-142.67,,11.410,1
2024-05-13T03:53:00Z,284.67,142.33,-142.33,,11.376,1
2024-05-13T03:54:00Z,284.00,142.00,-142.00,,11.343,1
2024-05-13T03:55:00Z,283.33,141.67,-141.67,,11.310,1
2024-05-13T03:56:00Z,282.67,141.33,-141.33,,11.277,1
2024-05-13T03:57:00Z,282.00,141.00,-141.00,,11.243,1
2024-05-13T03:58:00Z,281.33,140.67,-140.67,,11.210,1
2024-05-13T03:59:00Z,280.67,140.33,-140.33,,11.177,1
2024-05-13T04:00:00Z,280.00,140.00,-140.00,,11.144,1
2024-05-13T04:01:00Z,279.33,139.67,-139.67,,11.111,1
2024-05-13T04:02:00Z,278.67,139.33,-139.33,,11.078,1
2024-05-13T04:03:00Z,278.00,139.00,-139.00,,11.045,1
2024-05-13T04:04:00Z,277.33,138.67,-138.67,,11.012,1
2024-05-13T04:05:00Z,276.67,138.33,-138.33,,10.979,1
2024-05-13T04:06:00Z,276.00,138.00,-138.00,,10.946,1
2024-05-13T04:07:00Z,275.33,137.67,-137.67,,10.913,1
2024-05-13T04:08:00Z,274.67,137.33,-137.33,,10.880,1
2024-05-13T04:09:00Z,274.00,137.00,-137.00,,10.848,1
2024-05-13T04:10:00Z,273.33,136.67,-136.67,,10.815,1
2024-05-13T04:11:00Z,272.67,136.33,-136.33,,10.782,1
2024-05-13T04:12:00Z,272.00,136.00,-136.00,,10.749,1
2024-05-13T04:13:00Z,271.33,135.67,-135.67,,10.717,1
2024-05-13T04:14:00Z,270.67,135.33,-135.33,,10.684,1
2024-05-13T04:15:00Z,270.00,135.00,-135.00,,10.651,1
2024-05-13T04:16:00Z,269.33,134.67,-134.67,,10.619,1
2024-05-13T04:17:00Z,268.67,134.33,-134.33,,10.586,1
2024-05-13T04:18:00Z,268.00,134.00,-134.00,,10.554,1
2024-05-13T04:19:00Z,267.33,133.67,-133.67,,10.521,1
2024-05-13T04:20:00Z,266.67,133.33,-133.33,,10.489,1
2024-05-13T04:21:00Z,266.00,133.00,-133.00,,10.456,1
2024-05-13T04:22:00Z,265.33,132.67,-132.67,,10.424,1
2024-05-13T04:23:00Z,264.67,132.33,-132.33,,10.392,1
2024-05-13T04:24:00Z,264.00,132.00,-132.00,,10.359,1
2024-05-13T04:25:00Z,263.33,131.67,-131.67,,10.327,1
2024-05-13T04:26:00Z,262.67,131.33,-131.33,,10.295,1
2024-05-13T04:27:00Z,262.00,131.00,-131.00,,10.263,1
2024-05-13T04:28:00Z,261.33,130.67,-130.67,,10.230,1
2024-05-13T04:29:00Z,260.67,130.33,-130.33,,10.198,1
2024-05-13T04:30:00Z,260.00,130.00,-130.00,,10.166,1
2024-05-13T04:31:00Z,259.33,129.67,-129.67,,10.134,1
2024-05-13T04:32:00Z,258.67,129.33,-129.33,,10.102,1
2024-05-13T04:33:00Z,258.00,129.00,-129.00,,10.070,1
2024-05-13T04:34:00Z,257.33,128.67,-128.67,,10.038,1
2024-05-13T04:35:00Z,256.67,128.33,-128.33,,10.006,1
2024-05-13T04:36:00Z,256.00,128.00,-128.00,,9.974,1
2024-05-13T04:37:00Z,255.33,127.67,-127.67,,9.942,1
2024-05-13T04:38:00Z,254.67,127.33,-127.33,,9.910,1
2024-05-13T04:39:00Z,254.00,127.00,-127.00,,9.878,1
2024-05-13T04:40:00Z,253.33,126.67,-126.67,,9.846,1
2024-05-13T04:41:00Z,252.67,126.33,-126.33,,9.814,1
2024-05-13T04:42:00Z,252.00,126.00,-126.00,,9.783,1
2024-05-13T04:43:00Z,251.33,125.67,-125.67,,9.751,1
2024-05-13T04:44:00Z,250.67,125.33,-125.33,,9.719,1
2024-05-13T04:45:00Z,250.00,125.00,-125.00,,9.688,1
2024-05-13T04:46:00Z,249.33,124.67,-124.67,,9.656,1
2024-05-13T04:47:00Z,248.67,124.33,-124.33,,9.624,1
2024-05-13T04:48:00Z,248.00,124.00,-124.00,,9.593,1
2024-05-13T04:49:00Z,247.33,123.67,-123.67,,9.561,1
2024-05-13T04:50:00Z,246.67,123.33,-123.33,,9.530,1
2024-05-13T04:51:00Z,246.00,123.00,-123.00,,9.498,1
2024-05-13T04:52:00Z,245.33,122.67,-122.67,,9.467,1
2024-05-13T04:53:00Z,244.67,122.33,-122.33,,9.435,1
2024-05-13T04:54:00Z,244.00,122.00,-122.00,,9.404,1
2024-05-13T04:55:00Z,243.33,121.67,-121.67,,9.372,1
2024-05-13T04:56:00Z,242.67,121.33,-121.33,,9.341,1
2024-05-13T04:57:00Z,242.00,121.00,-121.00,,9.310,1
2024-05-13T04:58:00Z,241.33,120.67,-120.67,,9.278,1
2024-05-13T04:59:00Z,240.67,120.33,-120.33,,9.247,1
2024-05-13T05:00:00Z,240.00,120.00,-120.00,,9.216,1
2024-05-13T05:01:00Z,239.33,119.67,-119.67,,9.185,1
2024-05-13T05:02:00Z,238.67,119.33,-119.33,,9.154,1
2024-05-13T05:03:00Z,238.00,119.00,-119.00,,9.123,1
2024-05-13T05:04:00Z,237.33,118.67,-118.67,,9.091,1
2024-05-13T05:05:00Z,236.67,118.33,-118.33,,9.060,1
2024-05-13T05:06:00Z,236.00,118.00,-118.00,,9.029,1
2024-05-13T05:07:00Z,235.33,117.67,-117.67,,8.998,1
2024-05-13T05:08:00Z,234.67,117.33,-117.33,,8.967,1
2024-05-13T05:09:00Z,234.00,117.00,-117.00,,8.936,1
2024-05-13T05:10:00Z,233.33,116.67,-116.67,,8.906,1
2024-05-13T05:11:00Z,232.67,116.33,-116.33,,8.875,1
2024-05-13T05:12:00Z,232.00,116.00,-116.00,,8.844,1
2024-05-13T05:13:00Z,231.33,115.67,-115.67,,8.813,1
2024-05-13T05:14:00Z,230.67,115.33,-115.33,,8.782,1
2024-05-13T05:15:00Z,230.00,115.00,-115.00,,8.752,1
2024-05-13T05:16:00Z,229.33,114.67,-114.67,,8.721,1
2024-05-13T05:17:00Z,228.67,114.33,-114.33,,8.690,1
2024-05-13T05:18:00Z,228.00,114.00,-114.00,,8.659,1
2024-05-13T05:19:00Z,227.33,113.67,-113.67,,8.629,1
2024-05-13T05:20:00Z,226.67,113.33,-113.33,,8.598,1
2024-05-13T05:21:00Z,226.00,113.00,-113.00,,8.568,1
2024-05-13T05:22:00Z,225.33,112.67,-112.67,,8.537,1
2024-05-13T05:23:00Z,224.67,112.33,-112.33,,8.507,1
2024-05-13T05:24:00Z,224.00,112.00,-112.00,,8.476,1
2024-05-13T05:25:00Z,223.33,111.67,-111.67,,8.446,1
2024-05-13T05:26:00Z,222.67,111.33,-111.33,,8.415,1
2024-05-13T05:27:00Z,222.00,111.00,-111.00,,8.385,1
2024-05-13T05:28:00Z,221.33,110.67,-110.67,,8.355,1
2024-05-13T05:29:00Z,220.67,110.33,-110.33,,8.324,1
2024-05-13T05:30:00Z,220.00,110.00,-110.00,,8.294,1
2024-05-13T05:31:00Z,219.33,109.67,-109.67,,8.264,1
2024-05-13T05:32:00Z,218.67,109.33,-109.33,,8.234,1
2024-05-13T05:33:00Z,218.00,109.00,-109.00,,8.203,1
2024-05-13T05:34:00Z,217.33,108.67,-108.67,,8.173,1
2024-05-13T05:35:00Z,216.67,108.33,-108.33,,8.143,1
2024-05-13T05:36:00Z,216.00,108.00,-108.00,,8.113,1
2024-05-13T05:37:00Z,215.33,107.67,-107.67,,8.083,1
2024-05-13T05:38:00Z,214.67,107.33,-107.33,,8.053,1
2024-05-13T05:39:00Z,214.00,107.00,-107.00,,8.023,1
2024-05-13T05:40:00Z,213.33,106.67,-106.67,,7.993,1
2024-05-13T05:41:00Z,212.67,106.33,-106.33,,7.963,1
2024-05-13T05:42:00Z,212.00,106.00,-106.00,,7.933,1
2024-05-13T05:43:00Z,211.33,105.67,-105.67,,7.903,1
2024-05-13T05:44:00Z,210.67,105.33,-105.33,,7.873,1
2024-05-13T05:45:00Z,210.00,105.00,-105.00,,7.843,1
2024-05-13T05:46:00Z,209.33,104.67,-104.67,,7.814,1
2024-05-13T05:47:00Z,208.67,104.33,-104.33,,7.784,1
2024-05-13T05:48:00Z,208.00,104.00,-104.00,,7.754,1
2024-05-13T05:49:00Z,207.33,103.67,-103.67,,7.725,1
2024-05-13T05:50:00Z,206.67,103.33,-103.33,,7.695,1
2024-05-13T05:51:00Z,206.00,103.00,-103.00,,7.665,1
2024-05-13T05:52:00Z,205.33,102.67,-102.67,,7.636,1
2024-05-13T05:53:00Z,204.67,102.33,-102.33,,7.606,1
2024-05-13T05:54:00Z,204.00,102.00,-102.00,,7.577,1
2024-05-13T05:55:00Z,203.33,101.67,-101.67,,7.547,1
2024-05-13T05:56:00Z,202.67,101.33,-101.33,,7.518,1
2024-05-13T05:57:00Z,202.00,101.00,-101.00,,7.488,1
2024-05-13T05:58:00Z,201.33,100.67,-100.67,,7.459,1
2024-05-13T05:59:00Z,200.67,100.33,-100.33,,7.429,1
2024-05-13T06:00:00Z,200.00,100.00,-100.00,,7.400,1
2024-05-13T06:01:00Z,199.48,99.74,-99.74,,7.377,1
2024-05-13T06:02:00Z,198.97,99.49,-99.48,,7.355,1
2024-05-13T06:03:00Z,198.45,99.23,-99.22,,7.332,1
2024-05-13T06:04:00Z,197.93,98.98,-98.96,,7.309,1
2024-05-13T06:05:00Z,197.42,98.72,-98.69,,7.287,1
2024-05-13T06:06:00Z,196.90,98.47,-98.43,,7.264,1
2024-05-13T06:07:00Z,196.38,98.21,-98.17,,7.241,1
2024-05-13T06:08:00Z,195.87,97.96,-97.91,,7.219,1
2024-05-13T06:09:00Z,195.35,97.70,-97.65,,7.196,1
2024-05-13T06:10:00Z,194.83,97.44,-97.39,,7.174,1
2024-05-13T06:11:00Z,194.32,97.19,-97.13,,7.151,1
2024-05-13T06:12:00Z,193.80,96.93,-96.87,,7.129,1
2024-05-13T06:13:00Z,193.28,96.68,-96.61,,7.106,1
2024-05-13T06:14:00Z,192.77,96.42,-96.34,,7.084,1
2024-05-13T06:15:00Z,192.25,96.17,-96.08,,7.061,1
2024-05-13T06:16:00Z,191.73,95.91,-95.82,,7.039,1
2024-05-13T06:17:00Z,191.22,95.66,-95.56,,7.016,1
2024-05-13T06:18:00Z,190.70,95.40,-95.30,,6.994,1
2024-05-13T06:19:00Z,190.18,95.14,-95.04,,6.971,1
2024-05-13T06:20:00Z,189.67,94.89,-94.78,,6.949,1
2024-05-13T06:21:00Z,189.15,94.63,-94.52,,6.927,1
2024-05-13T06:22:00Z,188.63,94.38,-94.26,,6.904,1
2024-05-13T06:23:00Z,188.12,94.12,-93.99,,6.882,1
2024-05-13T06:24:00Z,187.60,93.87,-93.73,,6.860,1
2024-05-13T06:25:00Z,187.08,93.61,-93.47,,6.838,1
2024-05-13T06:26:00Z,186.57,93.36,-93.21,,6.815,1
2024-05-13T06:27:00Z,186.05,93.10,-92.95,,6.793,1
2024-05-13T06:28:00Z,185.53,92.84,-92.69,,6.771,1
2024-05-13T06:29:00Z,185.02,92.59,-92.43,,6.749,1
2024-05-13T06:30:00Z,184.50,92.33,-92.17,,6.726,1
2024-05-13T06:31:00Z,183.98,92.08,-91.91,,6.704,1
2024-05-13T06:32:00Z,183.47,91.82,-91.64,,6.682,1
2024-05-13T06:33:00Z,182.95,91.57,-91.38,,6.660,1
2024-05-13T06:34:00Z,182.43,91.31,-91.12,,6.638,1
2024-05-13T06:35:00Z,181.92,91.06,-90.86,,6.616,1
2024-05-13T06:36:00Z,181.40,90.80,-90.60,,6.594,1
2024-05-13T06:37:00Z,180.88,90.54,-90.34,,6.572,1
2024-05-13T06:38:00Z,180.37,90.29,-90.08,,6.550,1
2024-05-13T06:39:00Z,179.85,90.03,-89.82,,6.528,1
2024-05-13T06:40:00Z,179.33,89.78,-89.56,,6.506,1
2024-05-13T06:41:00Z,178.82,89.52,-89.29,,6.484,1
2024-05-13T06:42:00Z,178.30,89.27,-89.03,,6.462,1
2024-05-13T06:43:00Z,177.78,89.01,-88.77,,6.440,1
2024-05-13T06:44:00Z,177.27,88.76,-88.51,,6.418,1
2024-05-13T06:45:00Z,176.75,88.50,-88.25,,6.396,1
2024-05-13T06:46:00Z,176.23,88.24,-87.99,,6.374,1
2024-05-13T06:47:00Z,175.72,87.99,-87.73,,6.352,1
2024-05-13T06:48:00Z,175.20,87.73,-87.47,,6.330,1
2024-05-13T06:49:00Z,174.68,87.48,-87.21,,6.308,1
2024-05-13T06:50:00Z,174.17,87.22,-86.94,,6.287,1
2024-05-13T06:51:00Z,173.65,86.97,-86.68,,6.265,1
2024-05-13T06:52:00Z,173.13,86.71,-86.42,,6.243,1
2024-05-13T06:53:00Z,172.62,86.46,-86.16,,6.221,1
2024-05-13T06:54:00Z,172.10,86.20,-85.90,,6.200,1
2024-05-13T06:55:00Z,171.58,85.94,-85.64,,6.178,1
2024-05-13T06:56:00Z,171.07,85.69,-85.38,,6.156,1
2024-05-13T06:57:00Z,170.55,85.43,-85.12,,6.135,1
2024-05-13T06:58:00Z,170.03,85.18,-84.86,,6.113,1
2024-05-13T06:59:00Z,169.52,84.92,-84.59,,6.091,1
2024-05-13T07:00:00Z,169.00,84.67,-84.33,,6.070,1
2024-05-13T07:01:00Z,168.48,84.41,-84.07,,6.048,1
2024-05-13T07:02:00Z,167.97,84.16,-83.81,,6.026,1
2024-05-13T07:03:00Z,167.45,83.90,-83.55,,6.005,1
2024-05-13T07:04:00Z,166.93,83.64,-83.29,,5.983,1
2024-05-13T07:05:00Z,166.42,83.39,-83.03,,5.962,1
2024-05-13T07:06:00Z,165.90,83.13,-82.77,,5.940,1
2024-05-13T07:07:00Z,165.38,82.88,-82.51,,5.919,1
2024-05-13T07:08:00Z,164.87,82.62,-82.24,,5.897,1
2024-05-13T07:09:00Z,164.35,82.37,-81.98,,5.876,1
2024-05-13T07:10:00Z,163.83,82.11,-81.72,,5.854,1
2024-05-13T07:11:00Z,163.32,81.86,-81.46,,5.833,1
2024-05-13T07:12:00Z,162.80,81.60,-81.20,,5.812,1
2024-05-13T07:13:00Z,162.28,81.34,-80.94,,5.790,1
2024-05-13T07:14:00Z,161.77,81.09,-80.68,,5.769,1
2024-05-13T07:15:00Z,161.25,80.83,-80.42,,5.748,1
2024-05-13T07:16:00Z,160.73,80.58,-80.16,,5.726,1
2024-05-13T07:17:00Z,160.22,80.32,-79.89,,5.705,1
2024-05-13T07:18:00Z,159.70,80.07,-79.63,,5.684,1
2024-05-13T07:19:00Z,159.18,79.81,-79.37,,5.662,1
2024-05-13T07:20:00Z,158.67,79.56,-79.11,,5.641,1
2024-05-13T07:21:00Z,158.15,79.30,-78.85,,5.620,1
2024-05-13T07:22:00Z,157.63,79.04,-78.59,,5.599,1
2024-05-13T07:23:00Z,157.12,78.79,-78.33,,5.577,1
2024-05-13T07:24:00Z,156.60,78.53,-78.07,,5.556,1
2024-05-13T07:25:00Z,156.08,78.28,-77.81,,5.535,1
2024-05-13T07:26:00Z,155.57,78.02,-77.54,,5.514,1
2024-05-13T07:27:00Z,155.05,77.77,-77.28,,5.493,1
2024-05-13T07:28:00Z,154.53,77.51,-77.02,,5.472,1
2024-05-13T07:29:00Z,154.02,77.26,-76.76,,5.451,1
2024-05-13T07:30:00Z,153.50,77.00,-76.50,,5.430,1
2024-05-13T07:31:00Z,152.98,76.74,-76.24,,5.409,1
2024-05-13T07:32:00Z,152.47,76.49,-75.98,,5.388,1
2024-05-13T07:33:00Z,151.95,76.23,-75.72,,5.367,1
2024-05-13T07:34:00Z,151.43,75.98,-75.46,,5.346,1
2024-05-13T07:35:00Z,150.92,75.72,-75.19,,5.325,1
2024-05-13T07:36:00Z,150.40,75.47,-74.93,,5.304,1
2024-05-13T07:37:00Z,149.88,75.21,-74.67,,5.283,1
2024-05-13T07:38:00Z,149.37,74.96,-74.41,,5.262,1
2024-05-13T07:39:00Z,148.85,74.70,-74.15,,5.241,1
2024-05-13T07:40:00Z,148.33,74.44,-73.89,,5.220,1
2024-05-13T07:41:00Z,147.82,74.19,-73.63,,5.199,1
2024-05-13T07:42:00Z,147.30,73.93,-73.37,,5.178,1
2024-05-13T07:43:00Z,146.78,73.68,-73.11,,5.158,1
2024-05-13T07:44:00Z,146.27,73.42,-72.84,,5.137,1
2024-05-13T07:45:00Z,145.75,73.17,-72.58,,5.116,1
2024-05-13T07:46:00Z,145.23,72.91,-72.32,,5.095,1
2024-05-13T07:47:00Z,144.72,72.66,-72.06,,5.075,1
2024-05-13T07:48:00Z,144.20,72.40,-71.80,,5.054,1
2024-05-13T07:49:00Z,143.68,72.14,-71.54,,5.033,1
2024-05-13T07:50:00Z,143.17,71.89,-71.28,,5.012,1
2024-05-13T07:51:00Z,142.65,71.63,-71.02,,4.992,1
2024-05-13T07:52:00Z,142.13,71.38,-70.76,,4.971,1
2024-05-13T07:53:00Z,141.62,71.12,-70.49,,4.950,1
2024-05-13T07:54:00Z,141.10,70.87,-70.23,,4.930,1
2024-05-13T07:55:00Z,140.58,70.61,-69.97,,4.909,1
2024-05-13T07:56:00Z,140.07,70.36,-69.71,,4.889,1
2024-05-13T07:57:00Z,139.55,70.10,-69.45,,4.868,1
2024-05-13T07:58:00Z,139.03,69.84,-69.19,,4.848,1
2024-05-13T07:59:00Z,138.52,69.59,-68.93,,4.827,1
2024-05-13T08:00:00Z,138.00,69.33,-68.67,,4.807,1
2024-05-13T08:01:00Z,137.48,69.08,-68.41,,4.786,1
2024-05-13T08:02:00Z,136.97,68.82,-68.14,,4.766,1
2024-05-13T08:03:00Z,136.45,68.57,-67.88,,4.745,1
2024-05-13T08:04:00Z,135.93,68.31,-67.62,,4.725,1
2024-05-13T08:05:00Z,135.42,68.06,-67.36,,4.704,1
2024-05-13T08:06:00Z,134.90,67.80,-67.10,,4.684,1
2024-05-13T08:07:00Z,134.38,67.54,-66.84,,4.664,1
2024-05-13T08:08:00Z,133.87,67.29,-66.58,,4.643,1
2024-05-13T08:09:00Z,133.35,67.03,-66.32,,4.623,1
2024-05-13T08:10:00Z,132.83,66.78,-66.06,,4.603,1
2024-05-13T08:11:00Z,132.32,66.52,-65.79,,4.582,1
2024-05-13T08:12:00Z,131.80,66.27,-65.53,,4.562,1
2024-05-13T08:13:00Z,131.28,66.01,-65.27,,4.542,1
2024-05-13T08:14:00Z,130.77,65.76,-65.01,,4.521,1
2024-05-13T08:15:00Z,130.25,65.50,-64.75,,4.501,1
2024-05-13T08:16:00Z,129.73,65.24,-64.49,,4.481,1
2024-05-13T08:17:00Z,129.22,64.99,-64.23,,4.461,1
2024-05-13T08:18:00Z,128.70,64.73,-63.97,,4.441,1
2024-05-13T08:19:00Z,128.18,64.48,-63.71,,4.421,1
2024-05-13T08:20:00Z,127.67,64.22,-63.44,,4.400,1
2024-05-13T08:21:00Z,127.15,63.97,-63.18,,4.380,1
2024-05-13T08:22:00Z,126.63,63.71,-62.92,,4.360,1
2024-05-13T08:23:00Z,126.12,63.46,-62.66,,4.340,1
2024-05-13T08:24:00Z,125.60,63.20,-62.40,,4.320,1
2024-05-13T08:25:00Z,125.08,62.94,-62.14,,4.300,1
2024-05-13T08:26:00Z,124.57,62.69,-61.88,,4.280,1
2024-05-13T08:27:00Z,124.05,62.43,-61.62,,4.260,1
2024-05-13T08:28:00Z,123.53,62.18,-61.36,,4.240,1
2024-05-13T08:29:00Z,123.02,61.92,-61.09,,4.220,1
2024-05-13T08:30:00Z,122.50,61.67,-60.83,,4.200,1
2024-05-13T08:31:00Z,121.98,61.41,-60.57,,4.180,1
2024-05-13T08:32:00Z,121.47,61.16,-60.31,,4.160,1
2024-05-13T08:33:00Z,120.95,60.90,-60.05,,4.141,1
2024-05-13T08:34:00Z,120.43,60.64,-59.79,,4.121,1
2024-05-13T08:35:00Z,119.92,60.39,-59.53,,4.101,1
2024-05-13T08:36:00Z,119.40,60.13,-59.27,,4.081,1
2024-05-13T08:37:00Z,118.88,59.88,-59.01,,4.061,1
2024-05-13T08:38:00Z,118.37,59.62,-58.74,,4.041,1
2024-05-13T08:39:00Z,117.85,59.37,-58.48,,4.022,1
2024-05-13T08:40:00Z,117.33,59.11,-58.22,,4.002,1
2024-05-13T08:41:00Z,116.82,58.86,-57.96,,3.982,1
2024-05-13T08:42:00Z,116.30,58.60,-57.70,,3.962,1
2024-05-13T08:43:00Z,115.78,58.34,-57.44,,3.943,1
2024-05-13T08:44:00Z,115.27,58.09,-57.18,,3.923,1
2024-05-13T08:45:00Z,114.75,57.83,-56.92,,3.903,1
2024-05-13T08:46:00Z,114.23,57.58,-56.66,,3.884,1
2024-05-13T08:47:00Z,113.72,57.32,-56.39,,3.864,1
2024-05-13T08:48:00Z,113.20,57.07,-56.13,,3.844,1
2024-05-13T08:49:00Z,112.68,56.81,-55.87,,3.825,1
2024-05-13T08:50:00Z,112.17,56.56,-55.61,,3.805,1
2024-05-13T08:51:00Z,111.65,56.30,-55.35,,3.786,1
2024-05-13T08:52:00Z,111.13,56.04,-55.09,,3.766,1
2024-05-13T08:53:00Z,110.62,55.79,-54.83,,3.747,1
2024-05-13T08:54:00Z,110.10,55.53,-54.57,,3.727,1
2024-05-13T08:55:00Z,109.58,55.28,-54.31,,3.708,1
2024-05-13T08:56:00Z,109.07,55.02,-54.04,,3.688,1
2024-05-13T08:57:00Z,108.55,54.77,-53.78,,3.669,1
2024-05-13T08:58:00Z,108.03,54.51,-53.52,,3.649,1
2024-05-13T08:59:00Z,107.52,54.26,-53.26,,3.630,1
2024-05-13T09:00:00Z,107.00,54.00,-53.00,,3.611,1
2024-05-13T09:01:00Z,106.57,53.78,-52.79,,3.595,1
2024-05-13T09:02:00Z,106.14,53.57,-52.58,,3.579,1
2024-05-13T09:03:00Z,105.72,53.35,-52.37,,3.563,1
2024-05-13T09:04:00Z,105.29,53.13,-52.16,,3.547,1
2024-05-13T09:05:00Z,104.86,52.92,-51.94,,3.531,1
2024-05-13T09:06:00Z,104.43,52.70,-51.73,,3.515,1
2024-05-13T09:07:00Z,104.01,52.48,-51.52,,3.499,1
2024-05-13T09:08:00Z,103.58,52.27,-51.31,,3.483,1
2024-05-13T09:09:00Z,103.15,52.05,-51.10,,3.467,1
2024-05-13T09:10:00Z,102.72,51.83,-50.89,,3.451,1
2024-05-13T09:11:00Z,102.29,51.62,-50.68,,3.435,1
2024-05-13T09:12:00Z,101.87,51.40,-50.47,,3.419,1
2024-05-13T09:13:00Z,101.44,51.18,-50.26,,3.403,1
2024-05-13T09:14:00Z,101.01,50.97,-50.04,,3.387,1
2024-05-13T09:15:00Z,100.58,50.75,-49.83,,3.372,1
2024-05-13T09:16:00Z,100.16,50.53,-49.62,,3.356,1
2024-05-13T09:17:00Z,99.73,50.32,-49.41,,3.340,1
2024-05-13T09:18:00Z,99.30,50.10,-49.20,,3.324,1
2024-05-13T09:19:00Z,98.87,49.88,-48.99,,3.308,1
2024-05-13T09:20:00Z,98.44,49.67,-48.78,,3.293,1
2024-05-13T09:21:00Z,98.02,49.45,-48.57,,3.277,1
2024-05-13T09:22:00Z,97.59,49.23,-48.36,,3.261,1
2024-05-13T09:23:00Z,97.16,49.02,-48.14,,3.245,1
2024-05-13T09:24:00Z,96.73,48.80,-47.93,,3.230,1
2024-05-13T09:25:00Z,96.31,48.58,-47.72,,3.214,1
2024-05-13T09:26:00Z,95.88,48.37,-47.51,,3.198,1
2024-05-13T09:27:00Z,95.45,48.15,-47.30,,3.182,1
2024-05-13T09:28:00Z,95.02,47.93,-47.09,,3.167,1
2024-05-13T09:29:00Z,94.59,47.72,-46.88,,3.151,1
2024-05-13T09:30:00Z,94.17,47.50,-46.67,,3.135,1
2024-05-13T09:31:00Z,93.74,47.28,-46.46,,3.120,1
2024-05-13T09:32:00Z,93.31,47.07,-46.24,,3.104,1
2024-05-13T09:33:00Z,92.88,46.85,-46.03,,3.088,1
2024-05-13T09:34:00Z,92.46,46.63,-45.82,,3.073,1
2024-05-13T09:35:00Z,92.03,46.42,-45.61,,3.057,1
2024-05-13T09:36:00Z,91.60,46.20,-45.40,,3.042,1
2024-05-13T09:37:00Z,91.17,45.98,-45.19,,3.026,1
2024-05-13T09:38:00Z,90.74,45.77,-44.98,,3.011,1
2024-05-13T09:39:00Z,90.32,45.55,-44.77,,2.995,1
2024-05-13T09:40:00Z,89.89,45.33,-44.56,,2.979,1
2024-05-13T09:41:00Z,89.46,45.12,-44.34,,2.964,1
2024-05-13T09:42:00Z,89.03,44.90,-44.13,,2.948,1
2024-05-13T09:43:00Z,88.61,44.68,-43.92,,2.933,1
2024-05-13T09:44:00Z,88.18,44.47,-43.71,,2.917,1
2024-05-13T09:45:00Z,87.75,44.25,-43.50,,2.902,1
2024-05-13T09:46:00Z,87.32,44.03,-43.29,,2.887,1
2024-05-13T09:47:00Z,86.89,43.82,-43.08,,2.871,1
2024-05-13T09:48:00Z,86.47,43.60,-42.87,,2.856,1
2024-05-13T09:49:00Z,86.04,43.38,-42.66,,2.840,1
2024-05-13T09:50:00Z,85.61,43.17,-42.44,,2.825,1
2024-05-13T09:51:00Z,85.18,42.95,-42.23,,2.809,1
2024-05-13T09:52:00Z,84.76,42.73,-42.02,,2.794,1
2024-05-13T09:53:00Z,84.33,42.52,-41.81,,2.779,1
2024-05-13T09:54:00Z,83.90,42.30,-41.60,,2.763,1
2024-05-13T09:55:00Z,83.47,42.08,-41.39,,2.748,1
2024-05-13T09:56:00Z,83.04,41.87,-41.18,,2.733,1
2024-05-13T09:57:00Z,82.62,41.65,-40.97,,2.717,1
2024-05-13T09:58:00Z,82.19,41.43,-40.76,,2.702,1
2024-05-13T09:59:00Z,81.76,41.22,-40.54,,2.687,1
2024-05-13T10:00:00Z,81.33,41.00,-40.33,,2.672,1
2024-05-13T10:01:00Z,80.91,40.78,-40.12,,2.656,1
2024-05-13T10:02:00Z,80.48,40.57,-39.91,,2.641,1
2024-05-13T10:03:00Z,80.05,40.35,-39.70,,2.626,1
2024-05-13T10:04:00Z,79.62,40.13,-39.49,,2.611,1
2024-05-13T10:05:00Z,79.19,39.92,-39.28,,2.595,1
2024-05-13T10:06:00Z,78.77,39.70,-39.07,,2.580,1
2024-05-13T10:07:00Z,78.34,39.48,-38.86,,2.565,1
2024-05-13T10:08:00Z,77.91,39.27,-38.64,,2.550,1
2024-05-13T10:09:00Z,77.48,39.05,-38.43,,2.535,1
2024-05-13T10:10:00Z,77.06,38.83,-38.22,,2.519,1
2024-05-13T10:11:00Z,76.63,38.62,-38.01,,2.504,1
2024-05-13T10:12:00Z,76.20,38.40,-37.80,,2.489,1
2024-05-13T10:13:00Z,75.77,38.18,-37.59,,2.474,1
2024-05-13T10:14:00Z,75.34,37.97,-37.38,,2.459,1
2024-05-13T10:15:00Z,74.92,37.75,-37.17,,2.444,1
2024-05-13T10:16:00Z,74.49,37.53,-36.96,,2.429,1
2024-05-13T10:17:00Z,74.06,37.32,-36.74,,2.414,1
2024-05-13T10:18:00Z,73.63,37.10,-36.53,,2.399,1
2024-05-13T10:19:00Z,73.21,36.88,-36.32,,2.384,1
2024-05-13T10:20:00Z,72.78,36.67,-36.11,,2.369,1
2024-05-13T10:21:00Z,72.35,36.45,-35.90,,2.354,1
2024-05-13T10:22:00Z,71.92,36.23,-35.69,,2.339,1
2024-05-13T10:23:00Z,71.49,36.02,-35.48,,2.324,1
2024-05-13T10:24:00Z,71.07,35.80,-35.27,,2.309,1
2024-05-13T10:25:00Z,70.64,35.58,-35.06,,2.294,1
2024-05-13T10:26:00Z,70.21,35.37,-34.84,,2.279,1
2024-05-13T10:27:00Z,69.78,35.15,-34.63,,2.264,1
2024-05-13T10:28:00Z,69.36,34.93,-34.42,,2.249,1
2024-05-13T10:29:00Z,68.93,34.72,-34.21,,2.234,1
2024-05-13T10:30:00Z,68.50,34.50,-34.00,,2.219,1
2024-05-13T10:31:00Z,68.07,34.28,-33.79,,2.204,1
2024-05-13T10:32:00Z,67.64,34.07,-33.58,,2.189,1
2024-05-13T10:33:00Z,67.22,33.85,-33.37,,2.175,1
2024-05-13T10:34:00Z,66.79,33.63,-33.16,,2.160,1
2024-05-13T10:35:00Z,66.36,33.42,-32.94,,2.145,1
2024-05-13T10:36:00Z,65.93,33.20,-32.73,,2.130,1
2024-05-13T10:37:00Z,65.51,32.98,-32.52,,2.115,1
2024-05-13T10:38:00Z,65.08,32.77,-32.31,,2.101,1
2024-05-13T10:39:00Z,64.65,32.55,-32.10,,2.086,1
2024-05-13T10:40:00Z,64.22,32.33,-31.89,,2.071,1
2024-05-13T10:41:00Z,63.79,32.12,-31.68,,2.056,1
2024-05-13T10:42:00Z,63.37,31.90,-31.47,,2.042,1
2024-05-13T10:43:00Z,62.94,31.68,-31.26,,2.027,1
2024-05-13T10:44:00Z,62.51,31.47,-31.04,,2.012,1
2024-05-13T10:45:00Z,62.08,31.25,-30.83,,1.997,1
2024-05-13T10:46:00Z,61.66,31.03,-30.62,,1.983,1
2024-05-13T10:47:00Z,61.23,30.82,-30.41,,1.968,1
2024-05-13T10:48:00Z,60.80,30.60,-30.20,,1.953,1
2024-05-13T10:49:00Z,60.37,30.38,-29.99,,1.939,1
2024-05-13T10:50:00Z,59.94,30.17,-29.78,,1.924,1
2024-05-13T10:51:00Z,59.52,29.95,-29.57,,1.909,1
2024-05-13T10:52:00Z,59.09,29.73,-29.36,,1.895,1
2024-05-13T10:53:00Z,58.66,29.52,-29.14,,1.880,1
2024-05-13T10:54:00Z,58.23,29.30,-28.93,,1.866,1
2024-05-13T10:55:00Z,57.81,29.08,-28.72,,1.851,1
2024-05-13T10:56:00Z,57.38,28.87,-28.51,,1.837,1
2024-05-13T10:57:00Z,56.95,28.65,-28.30,,1.822,1
2024-05-13T10:58:00Z,56.52,28.43,-28.09,,1.807,1
2024-05-13T10:59:00Z,56.09,28.22,-27.88,,1.793,1
2024-05-13T11:00:00Z,55.67,28.00,-27.67,,1.778,1
2024-05-13T11:01:00Z,55.24,27.78,-27.46,,1.764,1
2024-05-13T11:02:00Z,54.81,27.57,-27.24,,1.749,1
2024-05-13T11:03:00Z,54.38,27.35,-27.03,,1.735,1
2024-05-13T11:04:00Z,53.96,27.13,-26.82,,1.721,1
2024-05-13T11:05:00Z,53.53,26.92,-26.61,,1.706,1
2024-05-13T11:06:00Z,53.10,26.70,-26.40,,1.692,1
2024-05-13T11:07:00Z,52.67,26.48,-26.19,,1.677,1
2024-05-13T11:08:00Z,52.24,26.27,-25.98,,1.663,1
2024-05-13T11:09:00Z,51.82,26.05,-25.77,,1.648,1
2024-05-13T11:10:00Z,51.39,25.83,-25.56,,1.634,1
2024-05-13T11:11:00Z,50.96,25.62,-25.34,,1.620,1
2024-05-13T11:12:00Z,50.53,25.40,-25.13,,1.605,1
2024-05-13T11:13:00Z,50.11,25.18,-24.92,,1.591,1
2024-05-13T11:14:00Z,49.68,24.97,-24.71,,1.577,1
2024-05-13T11:15:00Z,49.25,24.75,-24.50,,1.562,1
2024-05-13T11:16:00Z,48.82,24.53,-24.29,,1.548,1
2024-05-13T11:17:00Z,48.39,24.32,-24.08,,1.534,1
2024-05-13T11:18:00Z,47.97,24.10,-23.87,,1.520,1
2024-05-13T11:19:00Z,47.54,23.88,-23.66,,1.505,1
2024-05-13T11:20:00Z,47.11,23.67,-23.44,,1.491,1
2024-05-13T11:21:00Z,46.68,23.45,-23.23,,1.477,1
2024-05-13T11:22:00Z,46.26,23.23,-23.02,,1.463,1
2024-05-13T11:23:00Z,45.83,23.02,-22.81,,1.448,1
2024-05-13T11:24:00Z,45.40,22.80,-22.60,,1.434,1
2024-05-13T11:25:00Z,44.97,22.58,-22.39,,1.420,1
2024-05-13T11:26:00Z,44.54,22.37,-22.18,,1.406,1
2024-05-13T11:27:00Z,44.12,22.15,-21.97,,1.392,1
2024-05-13T11:28:00Z,43.69,21.93,-21.76,,1.377,1
2024-05-13T11:29:00Z,43.26,21.72,-21.54,,1.363,1
2024-05-13T11:30:00Z,42.83,21.50,-21.33,,1.349,1
2024-05-13T11:31:00Z,42.41,21.28,-21.12,,1.335,1
2024-05-13T11:32:00Z,41.98,21.07,-20.91,,1.321,1
2024-05-13T11:33:00Z,41.55,20.85,-20.70,,1.307,1
2024-05-13T11:34:00Z,41.12,20.63,-20.49,,1.293,1
2024-05-13T11:35:00Z,40.69,20.42,-20.28,,1.279,1
2024-05-13T11:36:00Z,40.27,20.20,-20.07,,1.265,1
2024-05-13T11:37:00Z,39.84,19.98,-19.86,,1.251,1
2024-05-13T11:38:00Z,39.41,19.77,-19.64,,1.237,1
2024-05-13T11:39:00Z,38.98,19.55,-19.43,,1.223,1
2024-05-13T11:40:00Z,38.56,19.33,-19.22,,1.209,1
2024-05-13T11:41:00Z,38.13,19.12,-19.01,,1.195,1
2024-05-13T11:42:00Z,37.70,18.90,-18.80,,1.181,1
2024-05-13T11:43:00Z,37.27,18.68,-18.59,,1.167,1
2024-05-13T11:44:00Z,36.84,18.47,-18.38,,1.153,1
2024-05-13T11:45:00Z,36.42,18.25,-18.17,,1.139,1
2024-05-13T11:46:00Z,35.99,18.03,-17.96,,1.125,1
2024-05-13T11:47:00Z,35.56,17.82,-17.74,,1.111,1
2024-05-13T11:48:00Z,35.13,17.60,-17.53,,1.097,1
2024-05-13T11:49:00Z,34.71,17.38,-17.32,,1.083,1
2024-05-13T11:50:00Z,34.28,17.17,-17.11,,1.069,1
2024-05-13T11:51:00Z,33.85,16.95,-16.90,,1.056,1
2024-05-13T11:52:00Z,33.42,16.73,-16.69,,1.042,1
2024-05-13T11:53:00Z,32.99,16.52,-16.48,,1.028,1
2024-05-13T11:54:00Z,32.57,16.30,-16.27,,1.014,1
2024-05-13T11:55:00Z,32.14,16.08,-16.06,,1.000,1
2024-05-13T11:56:00Z,31.71,15.87,-15.84,,0.987,1
2024-05-13T11:57:00Z,31.28,15.65,-15.63,,0.973,1
2024-05-13T11:58:00Z,30.86,15.43,-15.42,,0.959,1
2024-05-13T11:59:00Z,30.43,15.22,-15.21,,0.945,1
2024-05-13T12:00:00Z,30.00,15.00,-15.00,,0.931,1
