t,alt_km,lat_deg,lon_deg,density_kg_m3
2024-05-10T12:00:00Z,495.7,-62.41,111.56,1.085428e-12
2024-05-10T12:00:30Z,496.3,-64.3,111.87,1.072446e-12
2024-05-10T12:01:00Z,496.9,-66.19,112.24,1.056283e-12
2024-05-10T12:01:30Z,497.5,-68.08,112.7,1.037784e-12
2024-05-10T12:02:00Z,498.0,-69.96,113.26,1.016971e-12
2024-05-10T12:02:30Z,498.5,-71.84,113.95,9.938708e-13
2024-05-10T12:03:00Z,499.0,-73.72,114.83,9.686667e-13
2024-05-10T12:03:30Z,499.4,-75.58,115.96,9.413343e-13
2024-05-10T12:04:00Z,499.7,-77.44,117.45,9.122451e-13
2024-05-10T12:04:30Z,500.0,-79.29,119.49,8.826336e-13
2024-05-10T12:05:00Z,500.3,-81.12,122.42,8.526927e-13
2024-05-10T12:05:30Z,500.5,-82.9,126.89,8.223262e-13
2024-05-10T12:06:00Z,500.7,-84.62,134.33,7.924578e-13
2024-05-10T12:06:30Z,500.8,-86.15,148.24,7.630281e-13
2024-05-10T12:07:00Z,500.9,-87.21,175.95,7.356438e-13
2024-05-10T12:07:30Z,500.9,-87.17,-144.73,7.105245e-13
2024-05-10T12:08:00Z,500.8,-86.08,-117.92,6.877103e-13
2024-05-10T12:08:30Z,500.8,-84.53,-104.49,6.663325e-13
2024-05-10T12:09:00Z,500.6,-82.81,-97.26,6.485331e-13
2024-05-10T12:09:30Z,500.4,-81.02,-92.9,6.343755e-13
2024-05-10T12:10:00Z,500.2,-79.2,-90.03,6.233283e-13
2024-05-10T12:10:30Z,499.9,-77.35,-88.03,6.157862e-13
2024-05-10T12:11:00Z,499.6,-75.49,-86.56,6.117980e-13
2024-05-10T12:11:30Z,499.2,-73.62,-85.44,6.098185e-13
2024-05-10T12:12:00Z,498.8,-71.74,-84.58,6.089115e-13
2024-05-10T12:12:30Z,498.4,-69.86,-83.89,6.101682e-13
2024-05-10T12:13:00Z,497.9,-67.98,-83.34,6.129260e-13
2024-05-10T12:13:30Z,497.3,-66.09,-82.88,6.165526e-13
2024-05-10T12:14:00Z,496.8,-64.2,-82.51,6.218135e-13
2024-05-10T12:14:30Z,496.2,-62.31,-82.2,6.274024e-13
2024-05-10T12:15:00Z,495.5,-60.42,-81.95,6.335263e-13
2024-05-10T12:15:30Z,494.9,-58.52,-81.73,6.399891e-13
2024-05-10T12:16:00Z,494.2,-56.63,-81.55,6.465749e-13
2024-05-10T12:16:30Z,493.5,-54.73,-81.4,6.531021e-13
2024-05-10T12:17:00Z,492.7,-52.83,-81.27,6.596875e-13
2024-05-10T12:17:30Z,492.0,-50.93,-81.17,6.662701e-13
2024-05-10T12:18:00Z,491.2,-49.03,-81.08,6.729616e-13
2024-05-10T12:18:30Z,490.4,-47.12,-81.01,6.799549e-13
2024-05-10T12:19:00Z,489.6,-45.22,-80.95,6.870597e-13
2024-05-10T12:19:30Z,488.8,-43.31,-80.9,6.949167e-13
2024-05-10T12:20:00Z,488.0,-41.41,-80.87,7.037196e-13
2024-05-10T12:20:30Z,487.2,-39.5,-80.84,7.135850e-13
2024-05-10T12:21:00Z,486.3,-37.59,-80.82,7.252499e-13
2024-05-10T12:21:30Z,485.5,-35.68,-80.81,7.385456e-13
2024-05-10T12:22:00Z,484.7,-33.77,-80.81,7.534556e-13
2024-05-10T12:22:30Z,483.9,-31.85,-80.81,7.702898e-13
2024-05-10T12:23:00Z,483.1,-29.94,-80.81,7.890784e-13
2024-05-10T12:23:30Z,482.4,-28.02,-80.82,8.098088e-13
2024-05-10T12:24:00Z,481.6,-26.11,-80.83,8.325463e-13
2024-05-10T12:24:30Z,480.9,-24.19,-80.85,8.571926e-13
2024-05-10T12:25:00Z,480.2,-22.28,-80.87,8.836019e-13
2024-05-10T12:25:30Z,479.5,-20.36,-80.9,9.118104e-13
2024-05-10T12:26:00Z,478.8,-18.44,-80.92,9.414860e-13
2024-05-10T12:26:30Z,478.2,-16.52,-80.95,9.725207e-13
2024-05-10T12:27:00Z,477.6,-14.6,-80.98,1.004479e-12
2024-05-10T12:27:30Z,477.0,-12.68,-81.01,1.037153e-12
2024-05-10T12:28:00Z,476.5,-10.76,-81.04,1.070020e-12
2024-05-10T12:28:30Z,476.0,-8.84,-81.08,1.102845e-12
2024-05-10T12:29:00Z,475.5,-6.91,-81.11,1.135091e-12
2024-05-10T12:29:30Z,475.1,-4.99,-81.15,1.166658e-12
2024-05-10T12:30:00Z,474.7,-3.07,-81.18,1.197024e-12
2024-05-10T12:30:30Z,474.4,-1.14,-81.22,1.225865e-12
2024-05-10T12:31:00Z,474.1,0.78,-81.26,1.252966e-12
2024-05-10T12:31:30Z,473.8,2.7,-81.29,1.278027e-12
2024-05-10T12:32:00Z,473.6,4.63,-81.33,1.300821e-12
2024-05-10T12:32:30Z,473.4,6.55,-81.37,1.321075e-12
2024-05-10T12:33:00Z,473.2,8.47,-81.4,1.338602e-12
2024-05-10T12:33:30Z,473.1,10.4,-81.43,1.353532e-12
2024-05-10T12:34:00Z,473.1,12.32,-81.47,1.365805e-12
2024-05-10T12:34:30Z,473.0,14.24,-81.5,1.375306e-12
2024-05-10T12:35:00Z,473.0,16.17,-81.53,1.382396e-12
2024-05-10T12:35:30Z,473.1,18.09,-81.56,1.386751e-12
2024-05-10T12:36:00Z,473.2,20.01,-81.58,1.389038e-12
2024-05-10T12:36:30Z,473.3,21.93,-81.61,1.389300e-12
2024-05-10T12:37:00Z,473.4,23.86,-81.63,1.387393e-12
2024-05-10T12:37:30Z,473.6,25.78,-81.65,1.383676e-12
2024-05-10T12:38:00Z,473.8,27.7,-81.66,1.378503e-12
2024-05-10T12:38:30Z,474.0,29.62,-81.67,1.372022e-12
2024-05-10T12:39:00Z,474.3,31.54,-81.68,1.364728e-12
2024-05-10T12:39:30Z,474.6,33.45,-81.68,1.356889e-12
2024-05-10T12:40:00Z,474.9,35.37,-81.67,1.348718e-12
2024-05-10T12:40:30Z,475.2,37.29,-81.66,1.340461e-12
2024-05-10T12:41:00Z,475.6,39.2,-81.64,1.332041e-12
2024-05-10T12:41:30Z,475.9,41.12,-81.62,1.323851e-12
2024-05-10T12:42:00Z,476.3,43.03,-81.58,1.315972e-12
2024-05-10T12:42:30Z,476.6,44.95,-81.54,1.308537e-12
2024-05-10T12:43:00Z,477.0,46.86,-81.48,1.301783e-12
2024-05-10T12:43:30Z,477.4,48.77,-81.41,1.295653e-12
2024-05-10T12:44:00Z,477.8,50.68,-81.32,1.290134e-12
2024-05-10T12:44:30Z,478.2,52.59,-81.22,1.286362e-12
2024-05-10T12:45:00Z,478.6,54.5,-81.09,1.284953e-12
2024-05-10T12:45:30Z,479.0,56.4,-80.94,1.286515e-12
2024-05-10T12:46:00Z,479.3,58.31,-80.77,1.290802e-12
2024-05-10T12:46:30Z,479.7,60.21,-80.55,1.297962e-12
2024-05-10T12:47:00Z,480.0,62.11,-80.3,1.308152e-12
2024-05-10T12:47:30Z,480.4,64.02,-79.99,1.321455e-12
2024-05-10T12:48:00Z,480.7,65.91,-79.63,1.337880e-12
2024-05-10T12:48:30Z,481.0,67.81,-79.18,1.357540e-12
2024-05-10T12:49:00Z,481.3,69.7,-78.63,1.380422e-12
2024-05-10T12:49:30Z,481.5,71.59,-77.95,1.406999e-12
2024-05-10T12:50:00Z,481.8,73.48,-77.1,1.437348e-12
2024-05-10T12:50:30Z,482.0,75.36,-76.0,1.471094e-12
2024-05-10T12:51:00Z,482.2,77.23,-74.55,1.508131e-12
2024-05-10T12:51:30Z,482.3,79.09,-72.57,1.547170e-12
2024-05-10T12:52:00Z,482.5,80.92,-69.75,1.588674e-12
2024-05-10T12:52:30Z,482.6,82.72,-65.47,1.631884e-12
2024-05-10T12:53:00Z,482.7,84.46,-58.38,1.676074e-12
2024-05-10T12:53:30Z,482.7,86.03,-45.25,1.720602e-12
2024-05-10T12:54:00Z,482.7,87.15,-18.92,1.765047e-12
2024-05-10T12:54:30Z,482.7,87.22,20.54,1.808134e-12
2024-05-10T12:55:00Z,482.7,86.18,48.84,1.844872e-12
2024-05-10T12:55:30Z,482.6,84.64,63.03,1.877688e-12
2024-05-10T12:56:00Z,482.5,82.92,70.58,1.907085e-12
2024-05-10T12:56:30Z,482.4,81.13,75.09,1.932647e-12
2024-05-10T12:57:00Z,482.2,79.29,78.03,1.954495e-12
2024-05-10T12:57:30Z,482.0,77.44,80.09,1.972923e-12
2024-05-10T12:58:00Z,481.8,75.57,81.59,1.988285e-12
2024-05-10T12:58:30Z,481.5,73.69,82.72,2.002510e-12
2024-05-10T12:59:00Z,481.3,71.81,83.6,2.015590e-12
2024-05-10T12:59:30Z,481.0,69.92,84.29,2.027179e-12
2024-05-10T13:00:00Z,480.7,68.02,84.85,2.037187e-12
2024-05-10T13:00:30Z,480.3,66.13,85.31,2.045361e-12
2024-05-10T13:01:00Z,480.0,64.23,85.69,2.051235e-12
2024-05-10T13:01:30Z,479.6,62.33,86.0,2.054226e-12
2024-05-10T13:02:00Z,479.2,60.43,86.26,2.054440e-12
2024-05-10T13:02:30Z,478.9,58.52,86.47,2.050576e-12
2024-05-10T13:03:00Z,478.5,56.62,86.66,2.044072e-12
2024-05-10T13:03:30Z,478.1,54.71,86.81,2.035999e-12
2024-05-10T13:04:00Z,477.6,52.8,86.93,2.027012e-12
2024-05-10T13:04:30Z,477.2,50.89,87.04,2.017301e-12
2024-05-10T13:05:00Z,476.8,48.98,87.13,2.006961e-12
2024-05-10T13:05:30Z,476.4,47.07,87.2,1.996060e-12
2024-05-10T13:06:00Z,476.0,45.16,87.26,1.984394e-12
2024-05-10T13:06:30Z,475.6,43.24,87.31,1.971884e-12
2024-05-10T13:07:00Z,475.2,41.33,87.34,1.958478e-12
2024-05-10T13:07:30Z,474.8,39.41,87.37,1.944043e-12
2024-05-10T13:08:00Z,474.5,37.5,87.39,1.928336e-12
2024-05-10T13:08:30Z,474.1,35.58,87.4,1.911490e-12
2024-05-10T13:09:00Z,473.8,33.66,87.41,1.893437e-12
2024-05-10T13:09:30Z,473.5,31.74,87.41,1.874285e-12
2024-05-10T13:10:00Z,473.2,29.82,87.4,1.853960e-12
2024-05-10T13:10:30Z,473.0,27.9,87.39,1.832502e-12
2024-05-10T13:11:00Z,472.7,25.98,87.38,1.809966e-12
2024-05-10T13:11:30Z,472.5,24.06,87.36,1.786455e-12
2024-05-10T13:12:00Z,472.4,22.14,87.34,1.762142e-12
2024-05-10T13:12:30Z,472.3,20.22,87.32,1.737318e-12
2024-05-10T13:13:00Z,472.2,18.3,87.29,1.712086e-12
2024-05-10T13:13:30Z,472.1,16.37,87.26,1.686727e-12
2024-05-10T13:14:00Z,472.1,14.45,87.23,1.661608e-12
2024-05-10T13:14:30Z,472.1,12.53,87.2,1.636936e-12
2024-05-10T13:15:00Z,472.2,10.6,87.17,1.612991e-12
2024-05-10T13:15:30Z,472.3,8.68,87.14,1.590188e-12
2024-05-10T13:16:00Z,472.4,6.75,87.1,1.568994e-12
2024-05-10T13:16:30Z,472.6,4.83,87.06,1.549700e-12
2024-05-10T13:17:00Z,472.8,2.9,87.03,1.532603e-12
2024-05-10T13:17:30Z,473.1,0.98,86.99,1.517860e-12
2024-05-10T13:18:00Z,473.4,-0.94,86.96,1.505898e-12
2024-05-10T13:18:30Z,473.7,-2.87,86.92,1.496471e-12
2024-05-10T13:19:00Z,474.1,-4.79,86.88,1.489662e-12
2024-05-10T13:19:30Z,474.5,-6.71,86.85,1.485226e-12
2024-05-10T13:20:00Z,475.0,-8.64,86.81,1.482835e-12
2024-05-10T13:20:30Z,475.5,-10.56,86.78,1.482349e-12
2024-05-10T13:21:00Z,476.0,-12.48,86.75,1.483312e-12
2024-05-10T13:21:30Z,476.6,-14.4,86.71,1.484498e-12
2024-05-10T13:22:00Z,477.2,-16.32,86.68,1.485990e-12
2024-05-10T13:22:30Z,477.9,-18.24,86.66,1.487305e-12
2024-05-10T13:23:00Z,478.5,-20.16,86.63,1.488170e-12
2024-05-10T13:23:30Z,479.2,-22.08,86.61,1.488390e-12
2024-05-10T13:24:00Z,480.0,-24.0,86.59,1.487574e-12
2024-05-10T13:24:30Z,480.7,-25.92,86.57,1.485311e-12
2024-05-10T13:25:00Z,481.5,-27.83,86.55,1.481715e-12
2024-05-10T13:25:30Z,482.3,-29.75,86.54,1.476629e-12
2024-05-10T13:26:00Z,483.1,-31.66,86.54,1.469881e-12
2024-05-10T13:26:30Z,483.9,-33.57,86.54,1.461577e-12
2024-05-10T13:27:00Z,484.7,-35.49,86.54,1.451348e-12
2024-05-10T13:27:30Z,485.6,-37.4,86.55,1.439342e-12
2024-05-10T13:28:00Z,486.4,-39.31,86.57,1.425657e-12
2024-05-10T13:28:30Z,487.2,-41.22,86.6,1.410360e-12
2024-05-10T13:29:00Z,488.1,-43.12,86.63,1.393426e-12
2024-05-10T13:29:30Z,488.9,-45.03,86.68,1.375038e-12
2024-05-10T13:30:00Z,489.7,-46.94,86.74,1.355585e-12
2024-05-10T13:30:30Z,490.6,-48.84,86.81,1.335138e-12
2024-05-10T13:31:00Z,491.4,-50.74,86.89,1.313831e-12
2024-05-10T13:31:30Z,492.2,-52.64,87.0,1.291888e-12
2024-05-10T13:32:00Z,492.9,-54.54,87.12,1.268901e-12
2024-05-10T13:32:30Z,493.7,-56.44,87.27,1.243719e-12
2024-05-10T13:33:00Z,494.4,-58.34,87.45,1.216888e-12
2024-05-10T13:33:30Z,495.1,-60.23,87.66,1.188599e-12
2024-05-10T13:34:00Z,495.8,-62.13,87.91,1.159109e-12
2024-05-10T13:34:30Z,496.4,-64.02,88.21,1.128786e-12
2024-05-10T13:35:00Z,497.0,-65.91,88.58,1.097812e-12
2024-05-10T13:35:30Z,497.6,-67.8,89.02,1.066596e-12
2024-05-10T13:36:00Z,498.1,-69.68,89.57,1.035433e-12
2024-05-10T13:36:30Z,498.6,-71.56,90.24,1.004553e-12
2024-05-10T13:37:00Z,499.0,-73.44,91.08,9.752447e-13
2024-05-10T13:37:30Z,499.5,-75.31,92.17,9.465184e-13
2024-05-10T13:38:00Z,499.8,-77.17,93.6,9.181981e-13
2024-05-10T13:38:30Z,500.1,-79.02,95.54,8.902587e-13
2024-05-10T13:39:00Z,500.4,-80.85,98.31,8.628782e-13
2024-05-10T13:39:30Z,500.6,-82.64,102.48,8.360563e-13
2024-05-10T13:40:00Z,500.8,-84.37,109.34,8.098004e-13
2024-05-10T13:40:30Z,500.9,-85.94,121.92,7.841495e-13
2024-05-10T13:41:00Z,501.0,-87.1,147.07,7.582987e-13
2024-05-10T13:41:30Z,501.0,-87.26,-173.86,7.337293e-13
2024-05-10T13:42:00Z,501.0,-86.28,-144.46,7.097360e-13
2024-05-10T13:42:30Z,500.9,-84.78,-129.59,6.867064e-13
2024-05-10T13:43:00Z,500.7,-83.07,-121.72,6.648984e-13
2024-05-10T13:43:30Z,500.6,-81.29,-117.05,6.449994e-13
2024-05-10T13:44:00Z,500.3,-79.47,-114.01,6.272652e-13
2024-05-10T13:44:30Z,500.1,-77.62,-111.9,6.117668e-13
2024-05-10T13:45:00Z,499.7,-75.77,-110.36,5.984079e-13
2024-05-10T13:45:30Z,499.4,-73.9,-109.2,5.871298e-13
2024-05-10T13:46:00Z,499.0,-72.02,-108.3,5.776534e-13
2024-05-10T13:46:30Z,498.5,-70.14,-107.59,5.699906e-13
2024-05-10T13:47:00Z,498.0,-68.26,-107.02,5.642982e-13
2024-05-10T13:47:30Z,497.5,-66.38,-106.55,5.604725e-13
2024-05-10T13:48:00Z,496.9,-64.49,-106.17,5.590400e-13
2024-05-10T13:48:30Z,496.3,-62.6,-105.85,5.603158e-13
2024-05-10T13:49:00Z,495.7,-60.7,-105.59,5.640579e-13
2024-05-10T13:49:30Z,495.0,-58.81,-105.37,5.708152e-13
2024-05-10T13:50:00Z,494.3,-56.91,-105.18,5.798412e-13
2024-05-10T13:50:30Z,493.6,-55.01,-105.03,5.918024e-13
2024-05-10T13:51:00Z,492.9,-53.11,-104.9,6.063668e-13
2024-05-10T13:51:30Z,492.1,-51.21,-104.79,6.232794e-13
2024-05-10T13:52:00Z,491.3,-49.31,-104.7,6.427306e-13
2024-05-10T13:52:30Z,490.5,-47.41,-104.63,6.638155e-13
2024-05-10T13:53:00Z,489.7,-45.5,-104.56,6.869951e-13
2024-05-10T13:53:30Z,488.9,-43.6,-104.52,7.120378e-13
2024-05-10T13:54:00Z,488.1,-41.69,-104.48,7.388398e-13
2024-05-10T13:54:30Z,487.3,-39.78,-104.45,7.670536e-13
2024-05-10T13:55:00Z,486.4,-37.87,-104.43,7.966651e-13
2024-05-10T13:55:30Z,485.6,-35.96,-104.42,8.271388e-13
2024-05-10T13:56:00Z,484.8,-34.05,-104.41,8.583422e-13
2024-05-10T13:56:30Z,484.0,-32.14,-104.41,8.899148e-13
2024-05-10T13:57:00Z,483.2,-30.23,-104.42,9.215781e-13
2024-05-10T13:57:30Z,482.4,-28.31,-104.42,9.528911e-13
2024-05-10T13:58:00Z,481.7,-26.4,-104.44,9.836597e-13
2024-05-10T13:58:30Z,480.9,-24.48,-104.45,1.013680e-12
2024-05-10T13:59:00Z,480.2,-22.56,-104.47,1.042795e-12
2024-05-10T13:59:30Z,479.5,-20.64,-104.5,1.070679e-12
2024-05-10T14:00:00Z,478.9,-18.73,-104.52,1.097025e-12
2024-05-10T14:00:30Z,478.2,-16.81,-104.55,1.121667e-12
2024-05-10T14:01:00Z,477.6,-14.89,-104.58,1.144503e-12
2024-05-10T14:01:30Z,477.0,-12.96,-104.61,1.165350e-12
2024-05-10T14:02:00Z,476.5,-11.04,-104.64,1.184334e-12
2024-05-10T14:02:30Z,476.0,-9.12,-104.68,1.201304e-12
2024-05-10T14:03:00Z,475.5,-7.2,-104.71,1.216324e-12
2024-05-10T14:03:30Z,475.1,-5.28,-104.75,1.229645e-12
2024-05-10T14:04:00Z,474.7,-3.35,-104.78,1.241037e-12
2024-05-10T14:04:30Z,474.3,-1.43,-104.82,1.250863e-12
2024-05-10T14:05:00Z,474.0,0.49,-104.86,1.259613e-12
2024-05-10T14:05:30Z,473.7,2.42,-104.89,1.267349e-12
2024-05-10T14:06:00Z,473.5,4.34,-104.93,1.274298e-12
2024-05-10T14:06:30Z,473.3,6.26,-104.97,1.280971e-12
2024-05-10T14:07:00Z,473.1,8.19,-105.0,1.287473e-12
2024-05-10T14:07:30Z,473.0,10.11,-105.04,1.293890e-12
2024-05-10T14:08:00Z,473.0,12.04,-105.07,1.300232e-12
2024-05-10T14:08:30Z,472.9,13.96,-105.1,1.306748e-12
2024-05-10T14:09:00Z,472.9,15.88,-105.13,1.313339e-12
2024-05-10T14:09:30Z,473.0,17.8,-105.16,1.320062e-12
2024-05-10T14:10:00Z,473.0,19.73,-105.19,1.327032e-12
2024-05-10T14:10:30Z,473.1,21.65,-105.21,1.334181e-12
2024-05-10T14:11:00Z,473.3,23.57,-105.23,1.341351e-12
2024-05-10T14:11:30Z,473.5,25.49,-105.25,1.348723e-12
2024-05-10T14:12:00Z,473.7,27.41,-105.26,1.355938e-12
2024-05-10T14:12:30Z,473.9,29.33,-105.27,1.362965e-12
2024-05-10T14:13:00Z,474.1,31.25,-105.28,1.369573e-12
2024-05-10T14:13:30Z,474.4,33.17,-105.28,1.375762e-12
2024-05-10T14:14:00Z,474.7,35.09,-105.28,1.381376e-12
2024-05-10T14:14:30Z,475.0,37.0,-105.27,1.386357e-12
2024-05-10T14:15:00Z,475.4,38.92,-105.25,1.390679e-12
2024-05-10T14:15:30Z,475.7,40.84,-105.23,1.394104e-12
2024-05-10T14:16:00Z,476.1,42.75,-105.19,1.396715e-12
2024-05-10T14:16:30Z,476.5,44.66,-105.15,1.397528e-12
2024-05-10T14:17:00Z,476.8,46.58,-105.09,1.397647e-12
2024-05-10T14:17:30Z,477.2,48.49,-105.02,1.397070e-12
2024-05-10T14:18:00Z,477.6,50.4,-104.94,1.395865e-12
2024-05-10T14:18:30Z,478.0,52.31,-104.84,1.394688e-12
2024-05-10T14:19:00Z,478.4,54.21,-104.72,1.393943e-12
2024-05-10T14:19:30Z,478.8,56.12,-104.57,1.394196e-12
2024-05-10T14:20:00Z,479.1,58.03,-104.4,1.395776e-12
2024-05-10T14:20:30Z,479.5,59.93,-104.19,1.398804e-12
2024-05-10T14:21:00Z,479.9,61.83,-103.94,1.403106e-12
2024-05-10T14:21:30Z,480.2,63.73,-103.65,1.408575e-12
2024-05-10T14:22:00Z,480.5,65.63,-103.29,1.414976e-12
2024-05-10T14:22:30Z,480.8,67.53,-102.86,1.422151e-12
2024-05-10T14:23:00Z,481.1,69.42,-102.33,1.429844e-12
2024-05-10T14:23:30Z,481.4,71.31,-101.67,1.438464e-12
2024-05-10T14:24:00Z,481.6,73.2,-100.84,1.448292e-12
2024-05-10T14:24:30Z,481.9,75.08,-99.78,1.459366e-12
2024-05-10T14:25:00Z,482.0,76.95,-98.4,1.471664e-12
2024-05-10T14:25:30Z,482.2,78.81,-96.51,1.483756e-12
2024-05-10T14:26:00Z,482.4,80.65,-93.84,1.495505e-12
2024-05-10T14:26:30Z,482.5,82.46,-89.83,1.508422e-12
2024-05-10T14:27:00Z,482.6,84.21,-83.29,1.522120e-12
2024-05-10T14:27:30Z,482.6,85.81,-71.39,1.536653e-12
2024-05-10T14:28:00Z,482.6,87.03,-47.55,1.552679e-12
2024-05-10T14:28:30Z,482.6,87.29,-8.73,1.570557e-12
2024-05-10T14:29:00Z,482.6,86.38,22.16,1.588812e-12
2024-05-10T14:29:30Z,482.5,84.89,37.88,1.606666e-12
2024-05-10T14:30:00Z,482.4,83.18,46.1,1.624585e-12
2024-05-10T14:30:30Z,482.3,81.4,50.94,1.642896e-12
2024-05-10T14:31:00Z,482.1,79.57,54.06,1.661385e-12
2024-05-10T14:31:30Z,482.0,77.71,56.22,1.680075e-12
2024-05-10T14:32:00Z,481.7,75.84,57.79,1.696897e-12
2024-05-10T14:32:30Z,481.5,73.97,58.96,1.714394e-12
2024-05-10T14:33:00Z,481.3,72.08,59.87,1.732723e-12
2024-05-10T14:33:30Z,481.0,70.19,60.59,1.752071e-12
2024-05-10T14:34:00Z,480.7,68.3,61.17,1.772374e-12
2024-05-10T14:34:30Z,480.3,66.41,61.64,1.793078e-12
2024-05-10T14:35:00Z,480.0,64.51,62.03,1.813618e-12
2024-05-10T14:35:30Z,479.6,62.61,62.35,1.832361e-12
2024-05-10T14:36:00Z,479.3,60.7,62.62,1.848950e-12
2024-05-10T14:36:30Z,478.9,58.8,62.84,1.863908e-12
2024-05-10T14:37:00Z,478.5,56.9,63.02,1.877147e-12
2024-05-10T14:37:30Z,478.1,54.99,63.18,1.888789e-12
2024-05-10T14:38:00Z,477.7,53.08,63.31,1.899044e-12
2024-05-10T14:38:30Z,477.3,51.17,63.42,1.907985e-12
2024-05-10T14:39:00Z,476.9,49.26,63.51,1.915458e-12
2024-05-10T14:39:30Z,476.5,47.35,63.59,1.921469e-12
2024-05-10T14:40:00Z,476.1,45.44,63.65,1.925878e-12
2024-05-10T14:40:30Z,475.7,43.52,63.7,1.928752e-12
2024-05-10T14:41:00Z,475.3,41.61,63.73,1.929392e-12
2024-05-10T14:41:30Z,474.9,39.7,63.76,1.928354e-12
2024-05-10T14:42:00Z,474.5,37.78,63.78,1.925719e-12
2024-05-10T14:42:30Z,474.2,35.86,63.79,1.921480e-12
2024-05-10T14:43:00Z,473.9,33.94,63.8,1.915692e-12
2024-05-10T14:43:30Z,473.6,32.03,63.8,1.908435e-12
2024-05-10T14:44:00Z,473.3,30.11,63.8,1.899861e-12
2024-05-10T14:44:30Z,473.0,28.19,63.79,1.890138e-12
2024-05-10T14:45:00Z,472.8,26.27,63.77,1.879579e-12
2024-05-10T14:45:30Z,472.6,24.35,63.76,1.868268e-12
2024-05-10T14:46:00Z,472.4,22.42,63.74,1.856466e-12
2024-05-10T14:46:30Z,472.3,20.5,63.72,1.844185e-12
2024-05-10T14:47:00Z,472.2,18.58,63.69,1.832066e-12
2024-05-10T14:47:30Z,472.2,16.66,63.66,1.820193e-12
2024-05-10T14:48:00Z,472.1,14.73,63.63,1.808642e-12
2024-05-10T14:48:30Z,472.1,12.81,63.6,1.797333e-12
2024-05-10T14:49:00Z,472.2,10.88,63.57,1.786249e-12
2024-05-10T14:49:30Z,472.3,8.96,63.53,1.775444e-12
2024-05-10T14:50:00Z,472.4,7.04,63.5,1.764547e-12
2024-05-10T14:50:30Z,472.6,5.11,63.46,1.753343e-12
2024-05-10T14:51:00Z,472.8,3.19,63.43,1.741629e-12
2024-05-10T14:51:30Z,473.1,1.26,63.39,1.728962e-12
2024-05-10T14:52:00Z,473.4,-0.66,63.36,1.715035e-12
2024-05-10T14:52:30Z,473.7,-2.58,63.32,1.699324e-12
2024-05-10T14:53:00Z,474.1,-4.51,63.28,1.681516e-12
2024-05-10T14:53:30Z,474.5,-6.43,63.25,1.661536e-12
2024-05-10T14:54:00Z,475.0,-8.35,63.21,1.638902e-12
2024-05-10T14:54:30Z,475.5,-10.28,63.18,1.613616e-12
2024-05-10T14:55:00Z,476.0,-12.2,63.14,1.585376e-12
2024-05-10T14:55:30Z,476.6,-14.12,63.11,1.554264e-12
2024-05-10T14:56:00Z,477.2,-16.04,63.08,1.520496e-12
2024-05-10T14:56:30Z,477.8,-17.96,63.05,1.484304e-12
2024-05-10T14:57:00Z,478.5,-19.88,63.03,1.446038e-12
2024-05-10T14:57:30Z,479.2,-21.8,63.0,1.406022e-12
2024-05-10T14:58:00Z,479.9,-23.72,62.98,1.364931e-12
2024-05-10T14:58:30Z,480.7,-25.63,62.96,1.323368e-12
2024-05-10T14:59:00Z,481.4,-27.55,62.95,1.281777e-12
2024-05-10T14:59:30Z,482.2,-29.46,62.94,1.240999e-12
2024-05-10T15:00:00Z,483.0,-31.38,62.93,1.213148e-12
2024-05-10T15:00:30Z,483.8,-33.29,62.93,1.172566e-12
2024-05-10T15:01:00Z,484.7,-35.2,62.93,1.131757e-12
2024-05-10T15:01:30Z,485.5,-37.12,62.94,1.092584e-12
2024-05-10T15:02:00Z,486.3,-39.03,62.96,1.057163e-12
2024-05-10T15:02:30Z,487.2,-40.93,62.99,1.027168e-12
2024-05-10T15:03:00Z,488.0,-42.84,63.02,1.003734e-12
2024-05-10T15:03:30Z,488.8,-44.75,63.06,9.868729e-13
2024-05-10T15:04:00Z,489.7,-46.65,63.12,9.762016e-13
2024-05-10T15:04:30Z,490.5,-48.56,63.19,9.701797e-13
2024-05-10T15:05:00Z,491.3,-50.46,63.27,9.673168e-13
2024-05-10T15:05:30Z,492.1,-52.36,63.37,9.674293e-13
2024-05-10T15:06:00Z,492.9,-54.26,63.49,9.689488e-13
2024-05-10T15:06:30Z,493.6,-56.16,63.64,9.707535e-13
2024-05-10T15:07:00Z,494.3,-58.06,63.81,9.721781e-13
2024-05-10T15:07:30Z,495.0,-59.96,64.02,9.724978e-13
2024-05-10T15:08:00Z,495.7,-61.85,64.26,9.717085e-13
2024-05-10T15:08:30Z,496.3,-63.74,64.56,9.693656e-13
2024-05-10T15:09:00Z,496.9,-65.63,64.91,9.645364e-13
2024-05-10T15:09:30Z,497.5,-67.52,65.34,9.572050e-13
2024-05-10T15:10:00Z,498.0,-69.4,65.87,9.473391e-13
2024-05-10T15:10:30Z,498.5,-71.28,66.52,9.354006e-13
2024-05-10T15:11:00Z,499.0,-73.16,67.34,9.210278e-13
2024-05-10T15:11:30Z,499.4,-75.03,68.38,9.037652e-13
2024-05-10T15:12:00Z,499.8,-76.89,69.75,8.848897e-13
2024-05-10T15:12:30Z,500.1,-78.75,71.6,8.650776e-13
2024-05-10T15:13:00Z,500.3,-80.58,74.22,8.444270e-13
2024-05-10T15:13:30Z,500.6,-82.38,78.13,8.232096e-13
2024-05-10T15:14:00Z,500.7,-84.12,84.46,8.014221e-13
2024-05-10T15:14:30Z,500.9,-85.73,95.87,7.790612e-13
2024-05-10T15:15:00Z,500.9,-86.98,118.62,7.574448e-13
2024-05-10T15:15:30Z,501.0,-87.32,156.77,7.371318e-13
2024-05-10T15:16:00Z,500.9,-86.48,-171.28,7.176841e-13
2024-05-10T15:16:30Z,500.9,-85.01,-154.8,6.989384e-13
2024-05-10T15:17:00Z,500.7,-83.33,-146.22,6.817575e-13
2024-05-10T15:17:30Z,500.6,-81.56,-141.21,6.666164e-13
2024-05-10T15:18:00Z,500.3,-79.74,-137.98,6.540829e-13
2024-05-10T15:18:30Z,500.1,-77.9,-135.77,6.445693e-13
2024-05-10T15:19:00Z,499.7,-76.04,-134.16,6.383039e-13
2024-05-10T15:19:30Z,499.4,-74.17,-132.95,6.354775e-13
2024-05-10T15:20:00Z,499.0,-72.3,-132.02,6.359800e-13
2024-05-10T15:20:30Z,498.5,-70.42,-131.29,6.392042e-13
2024-05-10T15:21:00Z,498.0,-68.54,-130.7,6.447505e-13
2024-05-10T15:21:30Z,497.5,-66.65,-130.22,6.519315e-13
2024-05-10T15:22:00Z,496.9,-64.77,-129.83,6.602945e-13
2024-05-10T15:22:30Z,496.3,-62.87,-129.5,6.695627e-13
2024-05-10T15:23:00Z,495.7,-60.98,-129.23,6.796465e-13
2024-05-10T15:23:30Z,495.0,-59.09,-129.0,6.903364e-13
2024-05-10T15:24:00Z,494.3,-57.19,-128.81,7.018693e-13
2024-05-10T15:24:30Z,493.6,-55.29,-128.65,7.141012e-13
2024-05-10T15:25:00Z,492.9,-53.39,-128.52,7.275691e-13
2024-05-10T15:25:30Z,492.1,-51.49,-128.41,7.416553e-13
2024-05-10T15:26:00Z,491.3,-49.59,-128.32,7.559592e-13
2024-05-10T15:26:30Z,490.5,-47.69,-128.24,7.708455e-13
2024-05-10T15:27:00Z,489.7,-45.78,-128.18,7.861275e-13
2024-05-10T15:27:30Z,488.9,-43.88,-128.13,8.016042e-13
2024-05-10T15:28:00Z,488.1,-41.97,-128.09,8.172604e-13
2024-05-10T15:28:30Z,487.3,-40.06,-128.06,8.329753e-13
2024-05-10T15:29:00Z,486.4,-38.15,-128.04,8.488377e-13
2024-05-10T15:29:30Z,485.6,-36.24,-128.02,8.647370e-13
2024-05-10T15:30:00Z,484.8,-34.33,-128.02,8.806355e-13
2024-05-10T15:30:30Z,484.0,-32.42,-128.02,8.967329e-13
2024-05-10T15:31:00Z,483.2,-30.51,-128.02,9.127439e-13
2024-05-10T15:31:30Z,482.4,-28.59,-128.03,9.290251e-13
2024-05-10T15:32:00Z,481.7,-26.68,-128.04,9.454443e-13
2024-05-10T15:32:30Z,480.9,-24.76,-128.06,9.621204e-13
2024-05-10T15:33:00Z,480.2,-22.84,-128.08,9.790540e-13
2024-05-10T15:33:30Z,479.5,-20.93,-128.1,9.965401e-13
2024-05-10T15:34:00Z,478.8,-19.01,-128.13,1.014631e-12
2024-05-10T15:34:30Z,478.2,-17.09,-128.15,1.033536e-12
2024-05-10T15:35:00Z,477.6,-15.17,-128.18,1.053513e-12
2024-05-10T15:35:30Z,477.0,-13.25,-128.21,1.074490e-12
2024-05-10T15:36:00Z,476.4,-11.33,-128.25,1.096465e-12
2024-05-10T15:36:30Z,475.9,-9.4,-128.28,1.119183e-12
2024-05-10T15:37:00Z,475.4,-7.48,-128.31,1.142443e-12
2024-05-10T15:37:30Z,475.0,-5.56,-128.35,1.166184e-12
2024-05-10T15:38:00Z,474.6,-3.64,-128.39,1.190052e-12
2024-05-10T15:38:30Z,474.2,-1.71,-128.42,1.213872e-12
2024-05-10T15:39:00Z,473.9,0.21,-128.46,1.237297e-12
2024-05-10T15:39:30Z,473.6,2.14,-128.49,1.260056e-12
2024-05-10T15:40:00Z,473.4,4.06,-128.53,1.281937e-12
2024-05-10T15:40:30Z,473.2,5.98,-128.57,1.302261e-12
2024-05-10T15:41:00Z,473.0,7.91,-128.6,1.321132e-12
2024-05-10T15:41:30Z,472.9,9.83,-128.64,1.338008e-12
2024-05-10T15:42:00Z,472.8,11.75,-128.67,1.352853e-12
2024-05-10T15:42:30Z,472.8,13.68,-128.7,1.365654e-12
2024-05-10T15:43:00Z,472.8,15.6,-128.73,1.376034e-12
2024-05-10T15:43:30Z,472.8,17.52,-128.76,1.384124e-12
2024-05-10T15:44:00Z,472.9,19.45,-128.79,1.389848e-12
2024-05-10T15:44:30Z,473.0,21.37,-128.81,1.393628e-12
2024-05-10T15:45:00Z,473.1,23.29,-128.83,1.395550e-12
2024-05-10T15:45:30Z,473.3,25.21,-128.85,1.395737e-12
2024-05-10T15:46:00Z,473.5,27.13,-128.87,1.394414e-12
2024-05-10T15:46:30Z,473.7,29.05,-128.88,1.391971e-12
2024-05-10T15:47:00Z,474.0,30.97,-128.89,1.388713e-12
2024-05-10T15:47:30Z,474.3,32.89,-128.89,1.384973e-12
2024-05-10T15:48:00Z,474.6,34.81,-128.89,1.380989e-12
2024-05-10T15:48:30Z,474.9,36.72,-128.88,1.376570e-12
2024-05-10T15:49:00Z,475.2,38.64,-128.86,1.370942e-12
2024-05-10T15:49:30Z,475.6,40.56,-128.84,1.365128e-12
2024-05-10T15:50:00Z,476.0,42.47,-128.81,1.358700e-12
2024-05-10T15:50:30Z,476.3,44.38,-128.76,1.351104e-12
2024-05-10T15:51:00Z,476.7,46.3,-128.71,1.341065e-12
2024-05-10T15:51:30Z,477.1,48.21,-128.64,1.328278e-12
2024-05-10T15:52:00Z,477.5,50.12,-128.56,1.315151e-12
2024-05-10T15:52:30Z,477.9,52.03,-128.46,1.304492e-12
2024-05-10T15:53:00Z,478.3,53.94,-128.34,1.299174e-12
2024-05-10T15:53:30Z,478.7,55.84,-128.2,1.301051e-12
2024-05-10T15:54:00Z,479.1,57.75,-128.03,1.310195e-12
2024-05-10T15:54:30Z,479.4,59.65,-127.83,1.325007e-12
2024-05-10T15:55:00Z,479.8,61.56,-127.59,1.343270e-12
2024-05-10T15:55:30Z,480.1,63.46,-127.3,1.361658e-12
2024-05-10T15:56:00Z,480.5,65.36,-126.96,1.379636e-12
2024-05-10T15:56:30Z,480.8,67.25,-126.53,1.397263e-12
2024-05-10T15:57:00Z,481.1,69.15,-126.02,1.414417e-12
2024-05-10T15:57:30Z,481.3,71.04,-125.38,1.431485e-12
2024-05-10T15:58:00Z,481.6,72.93,-124.59,1.446326e-12
2024-05-10T15:58:30Z,481.8,74.81,-123.57,1.462641e-12
2024-05-10T15:59:00Z,482.0,76.68,-122.24,1.481117e-12
2024-05-10T15:59:30Z,482.2,78.54,-120.44,1.502396e-12
2024-05-10T16:00:00Z,482.3,80.39,-117.91,1.528724e-12
2024-05-10T16:00:30Z,482.5,82.2,-114.15,1.558965e-12
2024-05-10T16:01:00Z,482.6,83.96,-108.1,1.591635e-12
2024-05-10T16:01:30Z,482.6,85.59,-97.28,1.626482e-12
2024-05-10T16:02:00Z,482.6,86.9,-75.73,1.661929e-12
2024-05-10T16:02:30Z,482.6,87.34,-38.16,1.695208e-12
2024-05-10T16:03:00Z,482.6,86.56,-4.79,1.725632e-12
2024-05-10T16:03:30Z,482.6,85.12,12.61,1.752184e-12
2024-05-10T16:04:00Z,482.5,83.44,21.58,1.774714e-12
2024-05-10T16:04:30Z,482.3,81.66,26.77,1.792362e-12
2024-05-10T16:05:00Z,482.2,79.83,30.08,1.805019e-12
2024-05-10T16:05:30Z,482.0,77.98,32.35,1.813190e-12
2024-05-10T16:06:00Z,481.8,76.12,33.99,1.817760e-12
2024-05-10T16:06:30Z,481.6,74.24,35.21,1.819436e-12
2024-05-10T16:07:00Z,481.3,72.36,36.16,1.818431e-12
2024-05-10T16:07:30Z,481.1,70.47,36.9,1.816400e-12
2024-05-10T16:08:00Z,480.8,68.58,37.49,1.814734e-12
2024-05-10T16:08:30Z,480.4,66.68,37.98,1.814133e-12
2024-05-10T16:09:00Z,480.1,64.78,38.38,1.814920e-12
2024-05-10T16:09:30Z,479.7,62.88,38.7,1.817350e-12
2024-05-10T16:10:00Z,479.4,60.98,38.98,1.820999e-12
2024-05-10T16:10:30Z,479.0,59.08,39.21,1.825170e-12
2024-05-10T16:11:00Z,478.6,57.17,39.4,1.830353e-12
2024-05-10T16:11:30Z,478.2,55.27,39.56,1.836874e-12
2024-05-10T16:12:00Z,477.8,53.36,39.69,1.845099e-12
2024-05-10T16:12:30Z,477.4,51.45,39.8,1.854037e-12
2024-05-10T16:13:00Z,477.0,49.54,39.9,1.863362e-12
2024-05-10T16:13:30Z,476.6,47.63,39.97,1.872390e-12
2024-05-10T16:14:00Z,476.2,45.72,40.03,1.880527e-12
2024-05-10T16:14:30Z,475.8,43.8,40.08,1.886997e-12
2024-05-10T16:15:00Z,475.4,41.89,40.12,1.891863e-12
2024-05-10T16:15:30Z,475.0,39.97,40.15,1.895306e-12
2024-05-10T16:16:00Z,474.6,38.06,40.17,1.897636e-12
2024-05-10T16:16:30Z,474.3,36.14,40.19,1.899255e-12
2024-05-10T16:17:00Z,474.0,34.22,40.2,1.900164e-12
2024-05-10T16:17:30Z,473.7,32.31,40.2,1.900478e-12
2024-05-10T16:18:00Z,473.4,30.39,40.19,1.900053e-12
2024-05-10T16:18:30Z,473.1,28.47,40.18,1.898917e-12
2024-05-10T16:19:00Z,472.9,26.55,40.17,1.896750e-12
2024-05-10T16:19:30Z,472.7,24.63,40.16,1.893275e-12
2024-05-10T16:20:00Z,472.5,22.7,40.14,1.888689e-12
2024-05-10T16:20:30Z,472.4,20.78,40.11,1.883085e-12
2024-05-10T16:21:00Z,472.3,18.86,40.09,1.876427e-12
2024-05-10T16:21:30Z,472.2,16.94,40.06,1.868776e-12
2024-05-10T16:22:00Z,472.2,15.01,40.03,1.860132e-12
2024-05-10T16:22:30Z,472.2,13.09,40.0,1.850464e-12
2024-05-10T16:23:00Z,472.2,11.17,39.97,1.839916e-12
2024-05-10T16:23:30Z,472.3,9.24,39.93,1.828404e-12
2024-05-10T16:24:00Z,472.4,7.32,39.9,1.815902e-12
2024-05-10T16:24:30Z,472.6,5.39,39.86,1.802433e-12
2024-05-10T16:25:00Z,472.8,3.47,39.83,1.787985e-12
2024-05-10T16:25:30Z,473.1,1.54,39.79,1.772373e-12
2024-05-10T16:26:00Z,473.4,-0.38,39.75,1.755395e-12
2024-05-10T16:26:30Z,473.7,-2.3,39.72,1.737433e-12
2024-05-10T16:27:00Z,474.1,-4.23,39.68,1.718154e-12
2024-05-10T16:27:30Z,474.5,-6.15,39.65,1.697327e-12
2024-05-10T16:28:00Z,474.9,-8.07,39.61,1.674507e-12
2024-05-10T16:28:30Z,475.4,-10.0,39.58,1.649919e-12
2024-05-10T16:29:00Z,475.9,-11.92,39.54,1.623711e-12
2024-05-10T16:29:30Z,476.5,-13.84,39.51,1.595821e-12
2024-05-10T16:30:00Z,477.1,-15.76,39.48,1.566421e-12
2024-05-10T16:30:30Z,477.7,-17.68,39.45,1.534706e-12
2024-05-10T16:31:00Z,478.4,-19.6,39.42,1.501915e-12
2024-05-10T16:31:30Z,479.1,-21.52,39.4,1.468279e-12
2024-05-10T16:32:00Z,479.8,-23.44,39.38,1.433791e-12
2024-05-10T16:32:30Z,480.5,-25.35,39.36,1.398524e-12
2024-05-10T16:33:00Z,481.3,-27.27,39.34,1.362104e-12
2024-05-10T16:33:30Z,482.0,-29.19,39.33,1.324190e-12
2024-05-10T16:34:00Z,482.8,-31.1,39.33,1.284405e-12
2024-05-10T16:34:30Z,483.7,-33.01,39.32,1.242461e-12
2024-05-10T16:35:00Z,484.5,-34.93,39.33,1.198543e-12
2024-05-10T16:35:30Z,485.3,-36.84,39.34,1.153373e-12
2024-05-10T16:36:00Z,486.1,-38.75,39.35,1.108506e-12
2024-05-10T16:36:30Z,487.0,-40.66,39.37,1.065051e-12
2024-05-10T16:37:00Z,487.8,-42.56,39.41,1.023964e-12
2024-05-10T16:37:30Z,488.6,-44.47,39.45,9.867233e-13
2024-05-10T16:38:00Z,489.5,-46.38,39.5,9.533443e-13
2024-05-10T16:38:30Z,490.3,-48.28,39.57,9.241329e-13
2024-05-10T16:39:00Z,491.1,-50.18,39.65,8.987339e-13
2024-05-10T16:39:30Z,491.9,-52.09,39.75,8.747644e-13
2024-05-10T16:40:00Z,492.6,-53.99,39.87,8.539304e-13
2024-05-10T16:40:30Z,493.4,-55.89,40.01,8.358431e-13
2024-05-10T16:41:00Z,494.1,-57.78,40.18,8.201827e-13
2024-05-10T16:41:30Z,494.8,-59.68,40.38,8.069162e-13
2024-05-10T16:42:00Z,495.5,-61.57,40.62,7.964551e-13
2024-05-10T16:42:30Z,496.1,-63.47,40.9,7.869860e-13
2024-05-10T16:43:00Z,496.7,-65.36,41.25,7.783223e-13
2024-05-10T16:43:30Z,497.3,-67.24,41.67,7.704360e-13
2024-05-10T16:44:00Z,497.8,-69.13,42.18,7.618553e-13
2024-05-10T16:44:30Z,498.3,-71.01,42.81,7.529923e-13
2024-05-10T16:45:00Z,498.8,-72.89,43.59,7.444813e-13
2024-05-10T16:45:30Z,499.2,-74.76,44.6,7.366510e-13
2024-05-10T16:46:00Z,499.6,-76.62,45.92,7.294699e-13
2024-05-10T16:46:30Z,499.9,-78.48,47.68,7.226320e-13
2024-05-10T16:47:00Z,500.2,-80.31,50.16,7.165237e-13
2024-05-10T16:47:30Z,500.4,-82.12,53.83,7.109979e-13
2024-05-10T16:48:00Z,500.6,-83.87,59.69,7.061081e-13
2024-05-10T16:48:30Z,500.7,-85.51,70.09,7.015329e-13
2024-05-10T16:49:00Z,500.8,-86.84,90.65,6.973144e-13
2024-05-10T16:49:30Z,500.8,-87.35,127.31,6.936619e-13
2024-05-10T16:50:00Z,500.8,-86.65,161.61,6.897713e-13
2024-05-10T16:50:30Z,500.7,-85.25,179.86,6.845914e-13
2024-05-10T16:51:00Z,500.6,-83.58,-170.78,6.776507e-13
2024-05-10T16:51:30Z,500.4,-81.82,-165.39,6.697580e-13
2024-05-10T16:52:00Z,500.2,-80.01,-161.98,6.608252e-13
2024-05-10T16:52:30Z,500.0,-78.17,-159.64,6.508814e-13
2024-05-10T16:53:00Z,499.6,-76.31,-157.96,6.405165e-13
2024-05-10T16:53:30Z,499.3,-74.45,-156.71,6.314923e-13
2024-05-10T16:54:00Z,498.9,-72.57,-155.75,6.229876e-13
2024-05-10T16:54:30Z,498.4,-70.69,-154.99,6.153190e-13
2024-05-10T16:55:00Z,498.0,-68.81,-154.38,6.088849e-13
2024-05-10T16:55:30Z,497.4,-66.93,-153.89,6.039540e-13
2024-05-10T16:56:00Z,496.9,-65.04,-153.48,6.002685e-13
2024-05-10T16:56:30Z,496.3,-63.15,-153.15,5.980263e-13
2024-05-10T16:57:00Z,495.6,-61.26,-152.87,5.971284e-13
2024-05-10T16:57:30Z,495.0,-59.36,-152.64,5.972732e-13
2024-05-10T16:58:00Z,494.3,-57.46,-152.44,5.988714e-13
2024-05-10T16:58:30Z,493.6,-55.57,-152.28,6.019547e-13
2024-05-10T16:59:00Z,492.8,-53.67,-152.14,6.068101e-13
2024-05-10T16:59:30Z,492.1,-51.77,-152.03,6.137204e-13
2024-05-10T17:00:00Z,491.3,-49.87,-151.93,6.229248e-13
2024-05-10T17:00:30Z,490.5,-47.96,-151.86,6.345006e-13
2024-05-10T17:01:00Z,489.7,-46.06,-151.79,6.482109e-13
2024-05-10T17:01:30Z,488.9,-44.15,-151.74,6.639560e-13
2024-05-10T17:02:00Z,488.1,-42.25,-151.7,6.816114e-13
2024-05-10T17:02:30Z,487.3,-40.34,-151.67,7.013262e-13
2024-05-10T17:03:00Z,486.5,-38.43,-151.65,7.229873e-13
2024-05-10T17:03:30Z,485.6,-36.52,-151.63,7.464163e-13
2024-05-10T17:04:00Z,484.8,-34.61,-151.62,7.715456e-13
2024-05-10T17:04:30Z,484.0,-32.7,-151.62,7.982149e-13
2024-05-10T17:05:00Z,483.2,-30.78,-151.62,8.263003e-13
2024-05-10T17:05:30Z,482.4,-28.87,-151.63,8.557299e-13
2024-05-10T17:06:00Z,481.7,-26.95,-151.65,8.862432e-13
2024-05-10T17:06:30Z,480.9,-25.04,-151.66,9.176862e-13
2024-05-10T17:07:00Z,480.2,-23.12,-151.68,9.499488e-13
2024-05-10T17:07:30Z,479.5,-21.2,-151.7,9.825301e-13
2024-05-10T17:08:00Z,478.8,-19.28,-151.73,1.015127e-12
2024-05-10T17:08:30Z,478.2,-17.36,-151.75,1.047528e-12
2024-05-10T17:09:00Z,477.6,-15.44,-151.78,1.079290e-12
2024-05-10T17:09:30Z,477.0,-13.52,-151.81,1.109970e-12
2024-05-10T17:10:00Z,476.5,-11.6,-151.85,1.139322e-12
2024-05-10T17:10:30Z,475.9,-9.68,-151.88,1.166305e-12
2024-05-10T17:11:00Z,475.5,-7.76,-151.91,1.191204e-12
2024-05-10T17:11:30Z,475.0,-5.83,-151.95,1.213524e-12
2024-05-10T17:12:00Z,474.6,-3.91,-151.99,1.233623e-12
2024-05-10T17:12:30Z,474.2,-1.99,-152.02,1.251175e-12
2024-05-10T17:13:00Z,473.9,-0.06,-152.06,1.266429e-12
2024-05-10T17:13:30Z,473.6,1.86,-152.1,1.279312e-12
2024-05-10T17:14:00Z,473.4,3.78,-152.13,1.289952e-12
2024-05-10T17:14:30Z,473.2,5.71,-152.17,1.298582e-12
2024-05-10T17:15:00Z,473.0,7.63,-152.2,1.305434e-12
2024-05-10T17:15:30Z,472.9,9.55,-152.24,1.310468e-12
2024-05-10T17:16:00Z,472.8,11.48,-152.27,1.314075e-12
2024-05-10T17:16:30Z,472.8,13.4,-152.3,1.316546e-12
2024-05-10T17:17:00Z,472.8,15.32,-152.34,1.317912e-12
2024-05-10T17:17:30Z,472.8,17.25,-152.36,1.318285e-12
2024-05-10T17:18:00Z,472.9,19.17,-152.39,1.318115e-12
2024-05-10T17:18:30Z,473.0,21.09,-152.42,1.317942e-12
2024-05-10T17:19:00Z,473.1,23.01,-152.44,1.317906e-12
2024-05-10T17:19:30Z,473.3,24.94,-152.46,1.318622e-12
2024-05-10T17:20:00Z,473.5,26.86,-152.47,1.320394e-12
2024-05-10T17:20:30Z,473.7,28.78,-152.49,1.323699e-12
2024-05-10T17:21:00Z,474.0,30.7,-152.49,1.328953e-12
2024-05-10T17:21:30Z,474.2,32.61,-152.5,1.336867e-12
2024-05-10T17:22:00Z,474.5,34.53,-152.49,1.347788e-12
2024-05-10T17:22:30Z,474.9,36.45,-152.49,1.362294e-12
2024-05-10T17:23:00Z,475.2,38.37,-152.47,1.379974e-12
2024-05-10T17:23:30Z,475.6,40.28,-152.45,1.401580e-12
2024-05-10T17:24:00Z,475.9,42.2,-152.42,1.427612e-12
2024-05-10T17:24:30Z,476.3,44.11,-152.38,1.458126e-12
2024-05-10T17:25:00Z,476.7,46.02,-152.33,1.492579e-12
2024-05-10T17:25:30Z,477.1,47.93,-152.26,1.530287e-12
2024-05-10T17:26:00Z,477.5,49.84,-152.18,1.569925e-12
2024-05-10T17:26:30Z,477.9,51.75,-152.09,1.610540e-12
2024-05-10T17:27:00Z,478.3,53.66,-151.97,1.651512e-12
2024-05-10T17:27:30Z,478.6,55.57,-151.83,1.693857e-12
2024-05-10T17:28:00Z,479.0,57.48,-151.67,1.738965e-12
2024-05-10T17:28:30Z,479.4,59.38,-151.47,1.791807e-12
2024-05-10T17:29:00Z,479.8,61.28,-151.24,1.853925e-12
2024-05-10T17:29:30Z,480.1,63.19,-150.96,1.924554e-12
2024-05-10T17:30:00Z,480.4,65.09,-150.62,2.000425e-12
2024-05-10T17:30:30Z,480.8,66.98,-150.21,2.076688e-12
2024-05-10T17:31:00Z,481.1,68.88,-149.71,2.150823e-12
2024-05-10T17:31:30Z,481.3,70.77,-149.1,2.219653e-12
2024-05-10T17:32:00Z,481.6,72.66,-148.32,2.281464e-12
2024-05-10T17:32:30Z,481.8,74.54,-147.34,2.336234e-12
2024-05-10T17:33:00Z,482.0,76.41,-146.06,2.384658e-12
2024-05-10T17:33:30Z,482.2,78.28,-144.35,2.426746e-12
2024-05-10T17:34:00Z,482.4,80.12,-141.95,2.463903e-12
2024-05-10T17:34:30Z,482.5,81.95,-138.42,2.497336e-12
2024-05-10T17:35:00Z,482.6,83.71,-132.8,2.528125e-12
2024-05-10T17:35:30Z,482.6,85.37,-122.93,2.556883e-12
2024-05-10T17:36:00Z,482.7,86.75,-103.46,2.584509e-12
2024-05-10T17:36:30Z,482.7,87.36,-67.66,2.610106e-12
2024-05-10T17:37:00Z,482.6,86.73,-32.07,2.630543e-12
2024-05-10T17:37:30Z,482.6,85.35,-12.79,2.644045e-12
2024-05-10T17:38:00Z,482.5,83.69,-3.0,2.651415e-12
2024-05-10T17:38:30Z,482.4,81.92,2.57,2.651574e-12
2024-05-10T17:39:00Z,482.2,80.1,6.09,2.643492e-12
2024-05-10T17:39:30Z,482.1,78.25,8.47,2.628671e-12
2024-05-10T17:40:00Z,481.9,76.39,10.18,2.607638e-12
2024-05-10T17:40:30Z,481.6,74.51,11.45,2.581699e-12
2024-05-10T17:41:00Z,481.4,72.63,12.43,2.552017e-12
2024-05-10T17:41:30Z,481.1,70.74,13.2,2.520150e-12
2024-05-10T17:42:00Z,480.8,68.85,13.81,2.487212e-12
2024-05-10T17:42:30Z,480.5,66.95,14.31,2.453330e-12
2024-05-10T17:43:00Z,480.2,65.06,14.72,2.420010e-12
2024-05-10T17:43:30Z,479.8,63.16,15.06,2.387641e-12
2024-05-10T17:44:00Z,479.4,61.26,15.34,2.356073e-12
2024-05-10T17:44:30Z,479.1,59.35,15.57,2.324868e-12
2024-05-10T17:45:00Z,478.7,57.45,15.77,2.293489e-12
2024-05-10T17:45:30Z,478.3,55.54,15.93,2.261662e-12
2024-05-10T17:46:00Z,477.9,53.63,16.07,2.229012e-12
2024-05-10T17:46:30Z,477.4,51.73,16.18,2.195550e-12
2024-05-10T17:47:00Z,477.0,49.82,16.28,2.160936e-12
2024-05-10T17:47:30Z,476.6,47.9,16.36,2.124916e-12
2024-05-10T17:48:00Z,476.2,45.99,16.42,2.086891e-12
2024-05-10T17:48:30Z,475.8,44.08,16.47,2.047384e-12
2024-05-10T17:49:00Z,475.4,42.17,16.51,2.006643e-12
2024-05-10T17:49:30Z,475.0,40.25,16.54,1.966060e-12
2024-05-10T17:50:00Z,474.7,38.33,16.57,1.926006e-12
2024-05-10T17:50:30Z,474.3,36.42,16.58,1.887311e-12
2024-05-10T17:51:00Z,474.0,34.5,16.59,1.850233e-12
2024-05-10T17:51:30Z,473.7,32.58,16.59,1.814848e-12
2024-05-10T17:52:00Z,473.4,30.66,16.59,1.781130e-12
2024-05-10T17:52:30Z,473.1,28.74,16.58,1.749057e-12
2024-05-10T17:53:00Z,472.9,26.82,16.57,1.718359e-12
2024-05-10T17:53:30Z,472.7,24.9,16.55,1.689200e-12
2024-05-10T17:54:00Z,472.5,22.98,16.53,1.661272e-12
2024-05-10T17:54:30Z,472.3,21.06,16.51,1.634671e-12
2024-05-10T17:55:00Z,472.2,19.14,16.49,1.609349e-12
2024-05-10T17:55:30Z,472.2,17.21,16.46,1.585036e-12
2024-05-10T17:56:00Z,472.1,15.29,16.43,1.561902e-12
2024-05-10T17:56:30Z,472.1,13.37,16.4,1.539918e-12
2024-05-10T17:57:00Z,472.2,11.44,16.37,1.518876e-12
2024-05-10T17:57:30Z,472.2,9.52,16.33,1.498863e-12
2024-05-10T17:58:00Z,472.3,7.59,16.3,1.479744e-12
2024-05-10T17:58:30Z,472.5,5.67,16.26,1.461458e-12
2024-05-10T17:59:00Z,472.7,3.75,16.23,1.444285e-12
2024-05-10T17:59:30Z,473.0,1.82,16.19,1.427921e-12
2024-05-10T18:00:00Z,473.2,-0.1,16.15,1.404473e-12
2024-05-10T18:00:30Z,473.6,-2.03,16.12,1.389483e-12
2024-05-10T18:01:00Z,473.9,-3.95,16.08,1.374772e-12
2024-05-10T18:01:30Z,474.3,-5.87,16.04,1.360773e-12
2024-05-10T18:02:00Z,474.8,-7.8,16.01,1.347475e-12
2024-05-10T18:02:30Z,475.3,-9.72,15.97,1.335390e-12
2024-05-10T18:03:00Z,475.8,-11.64,15.94,1.323937e-12
2024-05-10T18:03:30Z,476.3,-13.56,15.91,1.313812e-12
2024-05-10T18:04:00Z,476.9,-15.48,15.88,1.305137e-12
2024-05-10T18:04:30Z,477.5,-17.41,15.85,1.298045e-12
2024-05-10T18:05:00Z,478.2,-19.32,15.82,1.292669e-12
2024-05-10T18:05:30Z,478.9,-21.24,15.8,1.288880e-12
2024-05-10T18:06:00Z,479.6,-23.16,15.77,1.286497e-12
2024-05-10T18:06:30Z,480.3,-25.08,15.76,1.284917e-12
2024-05-10T18:07:00Z,481.1,-27.0,15.74,1.283787e-12
2024-05-10T18:07:30Z,481.8,-28.91,15.73,1.282319e-12
2024-05-10T18:08:00Z,482.6,-30.83,15.72,1.279869e-12
2024-05-10T18:08:30Z,483.4,-32.74,15.72,1.276148e-12
2024-05-10T18:09:00Z,484.3,-34.65,15.72,1.271348e-12
2024-05-10T18:09:30Z,485.1,-36.56,15.73,1.265851e-12
2024-05-10T18:10:00Z,485.9,-38.47,15.74,1.260148e-12
2024-05-10T18:10:30Z,486.7,-40.38,15.76,1.255084e-12
2024-05-10T18:11:00Z,487.6,-42.29,15.79,1.251749e-12
2024-05-10T18:11:30Z,488.4,-44.2,15.84,1.251265e-12
2024-05-10T18:12:00Z,489.2,-46.11,15.89,1.254335e-12
2024-05-10T18:12:30Z,490.0,-48.01,15.95,1.261623e-12
2024-05-10T18:13:00Z,490.9,-49.91,16.03,1.273804e-12
2024-05-10T18:13:30Z,491.6,-51.82,16.13,1.291075e-12
2024-05-10T18:14:00Z,492.4,-53.72,16.24,1.313051e-12
2024-05-10T18:14:30Z,493.2,-55.62,16.38,1.339695e-12
2024-05-10T18:15:00Z,493.9,-57.51,16.54,1.370363e-12
2024-05-10T18:15:30Z,494.6,-59.41,16.74,1.404572e-12
2024-05-10T18:16:00Z,495.3,-61.3,16.97,1.442064e-12
2024-05-10T18:16:30Z,495.9,-63.2,17.25,1.482312e-12
2024-05-10T18:17:00Z,496.5,-65.09,17.59,1.524691e-12
2024-05-10T18:17:30Z,497.1,-66.98,17.99,1.568246e-12
2024-05-10T18:18:00Z,497.7,-68.86,18.49,1.612201e-12
2024-05-10T18:18:30Z,498.2,-70.74,19.1,1.655775e-12
2024-05-10T18:19:00Z,498.6,-72.62,19.86,1.697409e-12
2024-05-10T18:19:30Z,499.1,-74.49,20.83,1.736361e-12
2024-05-10T18:20:00Z,499.4,-76.36,22.09,1.773022e-12
2024-05-10T18:20:30Z,499.8,-78.22,23.78,1.805931e-12
2024-05-10T18:21:00Z,500.0,-80.05,26.14,1.836405e-12
2024-05-10T18:21:30Z,500.3,-81.87,29.59,1.864797e-12
2024-05-10T18:22:00Z,500.5,-83.63,35.05,1.891603e-12
2024-05-10T18:22:30Z,500.6,-85.29,44.56,1.917359e-12
2024-05-10T18:23:00Z,500.7,-86.68,63.16,1.943592e-12
2024-05-10T18:23:30Z,500.7,-87.36,97.88,1.971428e-12
2024-05-10T18:24:00Z,500.7,-86.81,134.21,2.000265e-12
2024-05-10T18:24:30Z,500.7,-85.47,154.39,2.028361e-12
2024-05-10T18:25:00Z,500.5,-83.83,164.61,2.055976e-12
2024-05-10T18:25:30Z,500.4,-82.07,170.39,2.082993e-12
2024-05-10T18:26:00Z,500.2,-80.27,174.02,2.108813e-12
2024-05-10T18:26:30Z,499.9,-78.43,176.47,2.132299e-12
2024-05-10T18:27:00Z,499.6,-76.58,178.23,2.152141e-12
2024-05-10T18:27:30Z,499.3,-74.71,179.53,2.167646e-12
2024-05-10T18:28:00Z,498.9,-72.84,-179.47,2.177973e-12
2024-05-10T18:28:30Z,498.4,-70.96,-178.69,2.183476e-12
2024-05-10T18:29:00Z,498.0,-69.08,-178.06,2.184225e-12
2024-05-10T18:29:30Z,497.4,-67.19,-177.55,2.180876e-12
2024-05-10T18:30:00Z,496.9,-65.31,-177.14,2.173385e-12
2024-05-10T18:30:30Z,496.3,-63.42,-176.8,2.162616e-12
2024-05-10T18:31:00Z,495.7,-61.52,-176.51,2.148892e-12
2024-05-10T18:31:30Z,495.0,-59.63,-176.27,2.132243e-12
2024-05-10T18:32:00Z,494.4,-57.73,-176.07,2.111011e-12
2024-05-10T18:32:30Z,493.6,-55.84,-175.91,2.084326e-12
2024-05-10T18:33:00Z,492.9,-53.94,-175.77,2.051253e-12
2024-05-10T18:33:30Z,492.2,-52.04,-175.65,2.011893e-12
2024-05-10T18:34:00Z,491.4,-50.14,-175.55,1.967203e-12
2024-05-10T18:34:30Z,490.6,-48.23,-175.47,1.918196e-12
2024-05-10T18:35:00Z,489.8,-46.33,-175.4,1.865458e-12
2024-05-10T18:35:30Z,489.0,-44.42,-175.35,1.811368e-12
2024-05-10T18:36:00Z,488.2,-42.52,-175.31,1.756505e-12
2024-05-10T18:36:30Z,487.4,-40.61,-175.28,1.701255e-12
2024-05-10T18:37:00Z,486.6,-38.7,-175.25,1.645946e-12
2024-05-10T18:37:30Z,485.7,-36.79,-175.24,1.590954e-12
2024-05-10T18:38:00Z,484.9,-34.88,-175.23,1.536624e-12
2024-05-10T18:38:30Z,484.1,-32.97,-175.23,1.483169e-12
2024-05-10T18:39:00Z,483.3,-31.05,-175.23,1.431166e-12
2024-05-10T18:39:30Z,482.6,-29.14,-175.24,1.381026e-12
2024-05-10T18:40:00Z,481.8,-27.22,-175.25,1.333427e-12
2024-05-10T18:40:30Z,481.1,-25.31,-175.26,1.288716e-12
2024-05-10T18:41:00Z,480.3,-23.39,-175.28,1.247693e-12
2024-05-10T18:41:30Z,479.6,-21.47,-175.31,1.210317e-12
2024-05-10T18:42:00Z,479.0,-19.55,-175.33,1.177117e-12
2024-05-10T18:42:30Z,478.3,-17.64,-175.36,1.148629e-12
2024-05-10T18:43:00Z,477.7,-15.72,-175.39,1.124857e-12
2024-05-10T18:43:30Z,477.1,-13.79,-175.42,1.106018e-12
2024-05-10T18:44:00Z,476.6,-11.87,-175.45,1.092809e-12
2024-05-10T18:44:30Z,476.0,-9.95,-175.48,1.085273e-12
2024-05-10T18:45:00Z,475.5,-8.03,-175.52,1.083683e-12
2024-05-10T18:45:30Z,475.1,-6.11,-175.55,1.087950e-12
2024-05-10T18:46:00Z,474.7,-4.18,-175.59,1.098352e-12
2024-05-10T18:46:30Z,474.3,-2.26,-175.62,1.114798e-12
2024-05-10T18:47:00Z,474.0,-0.34,-175.66,1.137340e-12
2024-05-10T18:47:30Z,473.7,1.59,-175.7,1.165836e-12
2024-05-10T18:48:00Z,473.5,3.51,-175.73,1.200207e-12
2024-05-10T18:48:30Z,473.3,5.43,-175.77,1.240173e-12
2024-05-10T18:49:00Z,473.1,7.36,-175.81,1.285514e-12
2024-05-10T18:49:30Z,473.0,9.28,-175.84,1.335892e-12
2024-05-10T18:50:00Z,472.9,11.21,-175.87,1.390817e-12
2024-05-10T18:50:30Z,472.8,13.13,-175.91,1.449966e-12
2024-05-10T18:51:00Z,472.8,15.05,-175.94,1.512603e-12
2024-05-10T18:51:30Z,472.9,16.97,-175.97,1.577716e-12
2024-05-10T18:52:00Z,472.9,18.9,-176.0,1.644332e-12
2024-05-10T18:52:30Z,473.0,20.82,-176.02,1.711590e-12
2024-05-10T18:53:00Z,473.1,22.74,-176.04,1.778695e-12
2024-05-10T18:53:30Z,473.3,24.66,-176.06,1.844373e-12
2024-05-10T18:54:00Z,473.5,26.58,-176.08,1.907550e-12
2024-05-10T18:54:30Z,473.7,28.5,-176.09,1.967327e-12
2024-05-10T18:55:00Z,474.0,30.42,-176.1,2.022572e-12
2024-05-10T18:55:30Z,474.3,32.34,-176.1,2.071321e-12
2024-05-10T18:56:00Z,474.6,34.26,-176.1,2.114180e-12
2024-05-10T18:56:30Z,474.9,36.18,-176.1,2.150784e-12
2024-05-10T18:57:00Z,475.2,38.09,-176.08,2.181150e-12
2024-05-10T18:57:30Z,475.6,40.01,-176.06,2.205363e-12
2024-05-10T18:58:00Z,475.9,41.92,-176.03,2.223760e-12
2024-05-10T18:58:30Z,476.3,43.84,-175.99,2.237125e-12
2024-05-10T18:59:00Z,476.7,45.75,-175.94,2.245931e-12
2024-05-10T18:59:30Z,477.1,47.66,-175.88,2.251241e-12
2024-05-10T19:00:00Z,477.5,49.57,-175.8,2.252380e-12
2024-05-10T19:00:30Z,477.9,51.48,-175.71,2.250697e-12
2024-05-10T19:01:00Z,478.3,53.39,-175.6,2.246910e-12
2024-05-10T19:01:30Z,478.6,55.3,-175.46,2.240555e-12
2024-05-10T19:02:00Z,479.0,57.21,-175.3,2.232927e-12
2024-05-10T19:02:30Z,479.4,59.11,-175.11,2.226797e-12
2024-05-10T19:03:00Z,479.8,61.01,-174.88,2.226556e-12
2024-05-10T19:03:30Z,480.1,62.92,-174.61,2.235886e-12
2024-05-10T19:04:00Z,480.5,64.81,-174.28,2.258415e-12
2024-05-10T19:04:30Z,480.8,66.71,-173.88,2.293564e-12
2024-05-10T19:05:00Z,481.1,68.61,-173.4,2.337927e-12
2024-05-10T19:05:30Z,481.4,70.5,-172.8,2.388422e-12
2024-05-10T19:06:00Z,481.6,72.39,-172.06,2.441758e-12
2024-05-10T19:06:30Z,481.8,74.27,-171.11,2.495649e-12
2024-05-10T19:07:00Z,482.0,76.15,-169.88,2.548841e-12
2024-05-10T19:07:30Z,482.2,78.01,-168.24,2.600496e-12
2024-05-10T19:08:00Z,482.4,79.86,-165.96,2.650659e-12
2024-05-10T19:08:30Z,482.5,81.69,-162.63,2.701623e-12
2024-05-10T19:09:00Z,482.6,83.47,-157.41,2.754249e-12
2024-05-10T19:09:30Z,482.7,85.15,-148.36,2.809008e-12
2024-05-10T19:10:00Z,482.7,86.59,-130.77,2.866082e-12
2024-05-10T19:10:30Z,482.7,87.35,-97.13,2.925297e-12
2024-05-10T19:11:00Z,482.7,86.89,-59.7,2.982545e-12
2024-05-10T19:11:30Z,482.6,85.57,-38.37,3.034703e-12
2024-05-10T19:12:00Z,482.6,83.94,-27.66,3.081992e-12
2024-05-10T19:12:30Z,482.4,82.18,-21.66,3.123479e-12
2024-05-10T19:13:00Z,482.3,80.36,-17.93,3.156140e-12
2024-05-10T19:13:30Z,482.1,78.52,-15.42,3.178862e-12
2024-05-10T19:14:00Z,481.9,76.65,-13.63,3.190385e-12
2024-05-10T19:14:30Z,481.7,74.78,-12.31,3.192939e-12
2024-05-10T19:15:00Z,481.5,72.9,-11.3,3.187271e-12
2024-05-10T19:15:30Z,481.2,71.01,-10.5,3.174884e-12
2024-05-10T19:16:00Z,480.9,69.12,-9.87,3.157413e-12
2024-05-10T19:16:30Z,480.6,67.23,-9.36,3.136208e-12
2024-05-10T19:17:00Z,480.2,65.33,-8.94,3.112792e-12
2024-05-10T19:17:30Z,479.9,63.43,-8.59,3.087862e-12
2024-05-10T19:18:00Z,479.5,61.53,-8.3,3.060968e-12
2024-05-10T19:18:30Z,479.1,59.62,-8.06,3.031322e-12
2024-05-10T19:19:00Z,478.7,57.72,-7.86,2.999317e-12
2024-05-10T19:19:30Z,478.3,55.81,-7.7,2.963673e-12
2024-05-10T19:20:00Z,477.9,53.91,-7.55,2.923220e-12
2024-05-10T19:20:30Z,477.5,52.0,-7.44,2.877302e-12
2024-05-10T19:21:00Z,477.1,50.09,-7.34,2.824939e-12
2024-05-10T19:21:30Z,476.7,48.18,-7.26,2.765959e-12
2024-05-10T19:22:00Z,476.3,46.27,-7.19,2.700503e-12
2024-05-10T19:22:30Z,475.9,44.35,-7.14,2.628835e-12
2024-05-10T19:23:00Z,475.5,42.44,-7.1,2.551691e-12
2024-05-10T19:23:30Z,475.1,40.52,-7.06,2.469949e-12
2024-05-10T19:24:00Z,474.7,38.61,-7.04,2.384769e-12
2024-05-10T19:24:30Z,474.3,36.69,-7.03,2.296602e-12
2024-05-10T19:25:00Z,474.0,34.77,-7.02,2.207251e-12
2024-05-10T19:25:30Z,473.7,32.86,-7.01,2.117500e-12
2024-05-10T19:26:00Z,473.4,30.94,-7.02,2.028002e-12
2024-05-10T19:26:30Z,473.1,29.02,-7.02,1.939348e-12
2024-05-10T19:27:00Z,472.9,27.1,-7.04,1.851936e-12
2024-05-10T19:27:30Z,472.7,25.18,-7.05,1.766490e-12
2024-05-10T19:28:00Z,472.5,23.25,-7.07,1.683579e-12
2024-05-10T19:28:30Z,472.3,21.33,-7.09,1.603630e-12
2024-05-10T19:29:00Z,472.2,19.41,-7.12,1.527112e-12
2024-05-10T19:29:30Z,472.1,17.49,-7.14,1.454576e-12
2024-05-10T19:30:00Z,472.1,15.56,-7.17,1.386621e-12
2024-05-10T19:30:30Z,472.1,13.64,-7.2,1.323663e-12
2024-05-10T19:31:00Z,472.1,11.72,-7.23,1.266076e-12
2024-05-10T19:31:30Z,472.1,9.79,-7.27,1.214434e-12
2024-05-10T19:32:00Z,472.3,7.87,-7.3,1.169485e-12
2024-05-10T19:32:30Z,472.4,5.94,-7.34,1.131555e-12
2024-05-10T19:33:00Z,472.6,4.02,-7.37,1.101288e-12
2024-05-10T19:33:30Z,472.8,2.09,-7.41,1.078654e-12
2024-05-10T19:34:00Z,473.1,0.17,-7.45,1.063954e-12
2024-05-10T19:34:30Z,473.4,-1.75,-7.48,1.057575e-12
2024-05-10T19:35:00Z,473.8,-3.68,-7.52,1.059561e-12
2024-05-10T19:35:30Z,474.2,-5.6,-7.56,1.069612e-12
2024-05-10T19:36:00Z,474.6,-7.52,-7.59,1.087530e-12
2024-05-10T19:36:30Z,475.1,-9.45,-7.63,1.112959e-12
2024-05-10T19:37:00Z,475.6,-11.37,-7.66,1.145776e-12
2024-05-10T19:37:30Z,476.1,-13.29,-7.69,1.185574e-12
2024-05-10T19:38:00Z,476.7,-15.21,-7.72,1.232063e-12
2024-05-10T19:38:30Z,477.3,-17.13,-7.75,1.284891e-12
2024-05-10T19:39:00Z,478.0,-19.05,-7.78,1.343764e-12
2024-05-10T19:39:30Z,478.7,-20.97,-7.81,1.408145e-12
2024-05-10T19:40:00Z,479.4,-22.89,-7.83,1.477694e-12
2024-05-10T19:40:30Z,480.1,-24.81,-7.85,1.551657e-12
2024-05-10T19:41:00Z,480.8,-26.72,-7.87,1.629743e-12
2024-05-10T19:41:30Z,481.6,-28.64,-7.88,1.710867e-12
2024-05-10T19:42:00Z,482.4,-30.55,-7.89,1.794138e-12
2024-05-10T19:42:30Z,483.2,-32.47,-7.89,1.878456e-12
2024-05-10T19:43:00Z,484.0,-34.38,-7.89,1.962822e-12
2024-05-10T19:43:30Z,484.8,-36.29,-7.88,2.045645e-12
2024-05-10T19:44:00Z,485.7,-38.2,-7.87,2.124153e-12
2024-05-10T19:44:30Z,486.5,-40.11,-7.85,2.198700e-12
2024-05-10T19:45:00Z,487.3,-42.02,-7.82,2.268754e-12
2024-05-10T19:45:30Z,488.2,-43.93,-7.78,2.333707e-12
2024-05-10T19:46:00Z,489.0,-45.84,-7.73,2.393738e-12
2024-05-10T19:46:30Z,489.8,-47.74,-7.67,2.449246e-12
2024-05-10T19:47:00Z,490.6,-49.64,-7.59,2.501134e-12
2024-05-10T19:47:30Z,491.4,-51.55,-7.5,2.550133e-12
2024-05-10T19:48:00Z,492.2,-53.45,-7.38,2.597047e-12
2024-05-10T19:48:30Z,492.9,-55.35,-7.25,2.642868e-12
2024-05-10T19:49:00Z,493.7,-57.24,-7.09,2.687920e-12
2024-05-10T19:49:30Z,494.4,-59.14,-6.9,2.732556e-12
2024-05-10T19:50:00Z,495.1,-61.04,-6.67,2.776732e-12
2024-05-10T19:50:30Z,495.7,-62.93,-6.4,2.822577e-12
2024-05-10T19:51:00Z,496.3,-64.82,-6.07,2.866403e-12
2024-05-10T19:51:30Z,496.9,-66.71,-5.68,2.906862e-12
2024-05-10T19:52:00Z,497.5,-68.6,-5.2,2.943873e-12
2024-05-10T19:52:30Z,498.0,-70.48,-4.6,2.976553e-12
2024-05-10T19:53:00Z,498.5,-72.36,-3.87,3.003843e-12
2024-05-10T19:53:30Z,498.9,-74.23,-2.93,3.024482e-12
2024-05-10T19:54:00Z,499.3,-76.1,-1.72,3.037449e-12
2024-05-10T19:54:30Z,499.6,-77.95,-0.1,3.042081e-12
2024-05-10T19:55:00Z,499.9,-79.8,2.14,3.036904e-12
2024-05-10T19:55:30Z,500.1,-81.61,5.4,3.022192e-12
2024-05-10T19:56:00Z,500.3,-83.39,10.49,2.998751e-12
2024-05-10T19:56:30Z,500.5,-85.07,19.22,2.967824e-12
2024-05-10T19:57:00Z,500.6,-86.52,36.06,2.932879e-12
2024-05-10T19:57:30Z,500.6,-87.33,68.55,2.896827e-12
2024-05-10T19:58:00Z,500.6,-86.95,106.46,2.860323e-12
2024-05-10T19:58:30Z,500.6,-85.68,128.74,2.822233e-12
2024-05-10T19:59:00Z,500.5,-84.07,139.92,2.784573e-12
2024-05-10T19:59:30Z,500.3,-82.32,146.14,2.748727e-12
2024-05-10T20:00:00Z,500.1,-80.52,149.99,2.715531e-12
2024-05-10T20:00:30Z,499.9,-78.69,152.57,2.685056e-12
2024-05-10T20:01:00Z,499.6,-76.84,154.41,2.656473e-12
2024-05-10T20:01:30Z,499.3,-74.97,155.76,2.628595e-12
2024-05-10T20:02:00Z,498.9,-73.1,156.8,2.599912e-12
2024-05-10T20:02:30Z,498.4,-71.23,157.61,2.569979e-12
2024-05-10T20:03:00Z,498.0,-69.34,158.25,2.537705e-12
2024-05-10T20:03:30Z,497.5,-67.46,158.78,2.503070e-12
2024-05-10T20:04:00Z,496.9,-65.57,159.2,2.466549e-12
2024-05-10T20:04:30Z,496.3,-63.68,159.55,2.427942e-12
2024-05-10T20:05:00Z,495.7,-61.79,159.85,2.388460e-12
2024-05-10T20:05:30Z,495.1,-59.9,160.09,2.350680e-12
2024-05-10T20:06:00Z,494.4,-58.0,160.3,2.315302e-12
2024-05-10T20:06:30Z,493.7,-56.1,160.47,2.283702e-12
2024-05-10T20:07:00Z,493.0,-54.2,160.61,2.253955e-12
2024-05-10T20:07:30Z,492.2,-52.3,160.73,2.225458e-12
2024-05-10T20:08:00Z,491.5,-50.4,160.83,2.196457e-12
2024-05-10T20:08:30Z,490.7,-48.5,160.91,2.165984e-12
2024-05-10T20:09:00Z,489.9,-46.6,160.98,2.134064e-12
2024-05-10T20:09:30Z,489.1,-44.69,161.04,2.101629e-12
2024-05-10T20:10:00Z,488.3,-42.78,161.08,2.070064e-12
2024-05-10T20:10:30Z,487.5,-40.88,161.11,2.042378e-12
2024-05-10T20:11:00Z,486.7,-38.97,161.14,2.019724e-12
2024-05-10T20:11:30Z,485.9,-37.06,161.15,2.002859e-12
2024-05-10T20:12:00Z,485.1,-35.15,161.16,1.992151e-12
2024-05-10T20:12:30Z,484.3,-33.23,161.17,1.987976e-12
2024-05-10T20:13:00Z,483.5,-31.32,161.16,1.990661e-12
2024-05-10T20:13:30Z,482.7,-29.41,161.16,1.999836e-12
2024-05-10T20:14:00Z,481.9,-27.49,161.15,2.016197e-12
2024-05-10T20:14:30Z,481.2,-25.58,161.13,2.039849e-12
2024-05-10T20:15:00Z,480.5,-23.66,161.11,2.071195e-12
2024-05-10T20:15:30Z,479.8,-21.74,161.09,2.109879e-12
2024-05-10T20:16:00Z,479.1,-19.82,161.07,2.155579e-12
2024-05-10T20:16:30Z,478.4,-17.91,161.04,2.207939e-12
2024-05-10T20:17:00Z,477.8,-15.99,161.01,2.266319e-12
2024-05-10T20:17:30Z,477.2,-14.06,160.98,2.329930e-12
2024-05-10T20:18:00Z,476.7,-12.14,160.95,2.397686e-12
2024-05-10T20:18:30Z,476.2,-10.22,160.92,2.468728e-12
2024-05-10T20:19:00Z,475.7,-8.3,160.88,2.541672e-12
2024-05-10T20:19:30Z,475.2,-6.38,160.85,2.615297e-12
2024-05-10T20:20:00Z,474.8,-4.45,160.81,2.688376e-12
2024-05-10T20:20:30Z,474.4,-2.53,160.77,2.759562e-12
2024-05-10T20:21:00Z,474.1,-0.61,160.74,2.827418e-12
2024-05-10T20:21:30Z,473.8,1.32,160.7,2.890885e-12
2024-05-10T20:22:00Z,473.6,3.24,160.66,2.948747e-12
2024-05-10T20:22:30Z,473.4,5.16,160.63,3.000060e-12
2024-05-10T20:23:00Z,473.2,7.09,160.59,3.044078e-12
2024-05-10T20:23:30Z,473.1,9.01,160.56,3.080233e-12
2024-05-10T20:24:00Z,473.0,10.93,160.52,3.108117e-12
2024-05-10T20:24:30Z,472.9,12.86,160.49,3.127859e-12
2024-05-10T20:25:00Z,472.9,14.78,160.46,3.139853e-12
2024-05-10T20:25:30Z,472.9,16.7,160.43,3.144534e-12
2024-05-10T20:26:00Z,473.0,18.63,160.4,3.142084e-12
2024-05-10T20:26:30Z,473.1,20.55,160.38,3.133347e-12
2024-05-10T20:27:00Z,473.2,22.47,160.35,3.118581e-12
2024-05-10T20:27:30Z,473.4,24.39,160.33,3.098094e-12
2024-05-10T20:28:00Z,473.6,26.31,160.32,3.072348e-12
2024-05-10T20:28:30Z,473.8,28.23,160.3,3.041634e-12
2024-05-10T20:29:00Z,474.0,30.15,160.29,3.005128e-12
2024-05-10T20:29:30Z,474.3,32.07,160.29,2.964040e-12
2024-05-10T20:30:00Z,474.6,33.99,160.29,2.917837e-12
2024-05-10T20:30:30Z,474.9,35.91,160.3,2.867753e-12
2024-05-10T20:31:00Z,475.3,37.82,160.31,2.814980e-12
2024-05-10T20:31:30Z,475.6,39.74,160.33,2.760322e-12
2024-05-10T20:32:00Z,476.0,41.65,160.36,2.705058e-12
2024-05-10T20:32:30Z,476.3,43.57,160.4,2.650313e-12
2024-05-10T20:33:00Z,476.7,45.48,160.44,2.596996e-12
2024-05-10T20:33:30Z,477.1,47.39,160.5,2.545725e-12
2024-05-10T20:34:00Z,477.5,49.3,160.58,2.497495e-12
2024-05-10T20:34:30Z,477.9,51.21,160.67,2.452820e-12
2024-05-10T20:35:00Z,478.3,53.12,160.78,2.411137e-12
2024-05-10T20:35:30Z,478.7,55.03,160.91,2.373711e-12
2024-05-10T20:36:00Z,479.1,56.94,161.07,2.341222e-12
2024-05-10T20:36:30Z,479.4,58.84,161.25,2.314127e-12
2024-05-10T20:37:00Z,479.8,60.74,161.47,2.294058e-12
2024-05-10T20:37:30Z,480.2,62.65,161.74,2.283667e-12
2024-05-10T20:38:00Z,480.5,64.55,162.06,2.285495e-12
2024-05-10T20:38:30Z,480.8,66.44,162.45,2.300353e-12
2024-05-10T20:39:00Z,481.1,68.34,162.92,2.327461e-12
2024-05-10T20:39:30Z,481.4,70.23,163.5,2.363899e-12
2024-05-10T20:40:00Z,481.6,72.12,164.22,2.406997e-12
2024-05-10T20:40:30Z,481.9,74.0,165.13,2.453804e-12
2024-05-10T20:41:00Z,482.1,75.88,166.31,2.502443e-12
2024-05-10T20:41:30Z,482.3,77.75,167.89,2.551852e-12
2024-05-10T20:42:00Z,482.4,79.6,170.06,2.601757e-12
2024-05-10T20:42:30Z,482.6,81.43,173.2,2.650788e-12
2024-05-10T20:43:00Z,482.7,83.22,178.07,2.700752e-12
2024-05-10T20:43:30Z,482.7,84.92,-173.62,2.753484e-12
2024-05-10T20:44:00Z,482.8,86.41,-157.71,2.809575e-12
2024-05-10T20:44:30Z,482.8,87.31,-126.46,2.870178e-12
2024-05-10T20:45:00Z,482.7,87.02,-87.7,2.932791e-12
2024-05-10T20:45:30Z,482.7,85.79,-64.15,2.994787e-12
2024-05-10T20:46:00Z,482.6,84.18,-52.41,3.056961e-12
2024-05-10T20:46:30Z,482.5,82.43,-45.94,3.119049e-12
2024-05-10T20:47:00Z,482.4,80.62,-41.97,3.180482e-12
2024-05-10T20:47:30Z,482.2,78.78,-39.33,3.237596e-12
2024-05-10T20:48:00Z,482.0,76.92,-37.46,3.288651e-12
2024-05-10T20:48:30Z,481.8,75.05,-36.08,3.332074e-12
2024-05-10T20:49:00Z,481.5,73.17,-35.03,3.366954e-12
2024-05-10T20:49:30Z,481.2,71.28,-34.21,3.393103e-12
2024-05-10T20:50:00Z,480.9,69.39,-33.56,3.410597e-12
2024-05-10T20:50:30Z,480.6,67.49,-33.03,3.420571e-12
2024-05-10T20:51:00Z,480.3,65.6,-32.6,3.424590e-12
2024-05-10T20:51:30Z,479.9,63.7,-32.24,3.422633e-12
2024-05-10T20:52:00Z,479.6,61.8,-31.95,3.415261e-12
2024-05-10T20:52:30Z,479.2,59.89,-31.7,3.404826e-12
2024-05-10T20:53:00Z,478.8,57.99,-31.49,3.391035e-12
2024-05-10T20:53:30Z,478.4,56.08,-31.32,3.373987e-12
2024-05-10T20:54:00Z,478.0,54.18,-31.18,3.352423e-12
2024-05-10T20:54:30Z,477.5,52.27,-31.06,3.324980e-12
2024-05-10T20:55:00Z,477.1,50.36,-30.96,3.290517e-12
2024-05-10T20:55:30Z,476.7,48.45,-30.87,3.247703e-12
2024-05-10T20:56:00Z,476.3,46.54,-30.81,3.195983e-12
2024-05-10T20:56:30Z,475.9,44.62,-30.75,3.136227e-12
2024-05-10T20:57:00Z,475.5,42.71,-30.71,3.070472e-12
2024-05-10T20:57:30Z,475.1,40.8,-30.67,3.001953e-12
2024-05-10T20:58:00Z,474.7,38.88,-30.65,2.933232e-12
2024-05-10T20:58:30Z,474.3,36.96,-30.63,2.865855e-12
2024-05-10T20:59:00Z,474.0,35.05,-30.62,2.800292e-12
2024-05-10T20:59:30Z,473.7,33.13,-30.62,2.735652e-12
2024-05-10T21:00:00Z,473.4,31.21,-30.62,2.653941e-12
2024-05-10T21:00:30Z,473.1,29.29,-30.63,2.597999e-12
2024-05-10T21:01:00Z,472.8,27.37,-30.64,2.544493e-12
2024-05-10T21:01:30Z,472.6,25.45,-30.65,2.495042e-12
2024-05-10T21:02:00Z,472.4,23.53,-30.67,2.450076e-12
2024-05-10T21:02:30Z,472.2,21.6,-30.69,2.409698e-12
2024-05-10T21:03:00Z,472.1,19.68,-30.72,2.373979e-12
2024-05-10T21:03:30Z,472.0,17.76,-30.74,2.342958e-12
2024-05-10T21:04:00Z,472.0,15.84,-30.77,2.316593e-12
2024-05-10T21:04:30Z,471.9,13.91,-30.8,2.294747e-12
2024-05-10T21:05:00Z,472.0,11.99,-30.84,2.277711e-12
2024-05-10T21:05:30Z,472.0,10.06,-30.87,2.265492e-12
2024-05-10T21:06:00Z,472.1,8.14,-30.9,2.257994e-12
2024-05-10T21:06:30Z,472.3,6.22,-30.94,2.255322e-12
2024-05-10T21:07:00Z,472.5,4.29,-30.97,2.257495e-12
2024-05-10T21:07:30Z,472.7,2.37,-31.01,2.264692e-12
2024-05-10T21:08:00Z,472.9,0.44,-31.05,2.276967e-12
2024-05-10T21:08:30Z,473.2,-1.48,-31.08,2.294809e-12
2024-05-10T21:09:00Z,473.6,-3.41,-31.12,2.317738e-12
2024-05-10T21:09:30Z,474.0,-5.33,-31.16,2.345807e-12
2024-05-10T21:10:00Z,474.4,-7.25,-31.19,2.378578e-12
2024-05-10T21:10:30Z,474.9,-9.17,-31.23,2.415670e-12
2024-05-10T21:11:00Z,475.4,-11.1,-31.26,2.456261e-12
2024-05-10T21:11:30Z,475.9,-13.02,-31.29,2.499871e-12
2024-05-10T21:12:00Z,476.5,-14.94,-31.33,2.546039e-12
2024-05-10T21:12:30Z,477.1,-16.86,-31.35,2.593584e-12
2024-05-10T21:13:00Z,477.8,-18.78,-31.38,2.641543e-12
2024-05-10T21:13:30Z,478.4,-20.7,-31.41,2.689135e-12
2024-05-10T21:14:00Z,479.1,-22.62,-31.43,2.735324e-12
2024-05-10T21:14:30Z,479.8,-24.54,-31.45,2.779001e-12
2024-05-10T21:15:00Z,480.6,-26.45,-31.47,2.819462e-12
2024-05-10T21:15:30Z,481.4,-28.37,-31.48,2.855979e-12
2024-05-10T21:16:00Z,482.1,-30.28,-31.49,2.888083e-12
2024-05-10T21:16:30Z,482.9,-32.2,-31.49,2.915511e-12
2024-05-10T21:17:00Z,483.8,-34.11,-31.49,2.937878e-12
2024-05-10T21:17:30Z,484.6,-36.02,-31.49,2.955064e-12
2024-05-10T21:18:00Z,485.4,-37.93,-31.48,2.966731e-12
2024-05-10T21:18:30Z,486.2,-39.84,-31.45,2.972323e-12
2024-05-10T21:19:00Z,487.1,-41.75,-31.43,2.970596e-12
2024-05-10T21:19:30Z,487.9,-43.66,-31.39,2.964331e-12
2024-05-10T21:20:00Z,488.7,-45.57,-31.34,2.953091e-12
2024-05-10T21:20:30Z,489.6,-47.47,-31.28,2.936374e-12
2024-05-10T21:21:00Z,490.4,-49.38,-31.21,2.913545e-12
2024-05-10T21:21:30Z,491.2,-51.28,-31.12,2.884683e-12
2024-05-10T21:22:00Z,492.0,-53.18,-31.01,2.849689e-12
2024-05-10T21:22:30Z,492.7,-55.08,-30.88,2.809723e-12
2024-05-10T21:23:00Z,493.5,-56.98,-30.72,2.769688e-12
2024-05-10T21:23:30Z,494.2,-58.88,-30.53,2.729014e-12
2024-05-10T21:24:00Z,494.9,-60.77,-30.31,2.690024e-12
2024-05-10T21:24:30Z,495.5,-62.66,-30.05,2.654461e-12
2024-05-10T21:25:00Z,496.2,-64.56,-29.73,2.623820e-12
2024-05-10T21:25:30Z,496.8,-66.44,-29.34,2.599192e-12
2024-05-10T21:26:00Z,497.3,-68.33,-28.87,2.580121e-12
2024-05-10T21:26:30Z,497.8,-70.21,-28.3,2.566938e-12
2024-05-10T21:27:00Z,498.3,-72.09,-27.58,2.555177e-12
2024-05-10T21:27:30Z,498.8,-73.97,-26.68,2.545451e-12
2024-05-10T21:28:00Z,499.1,-75.84,-25.51,2.537115e-12
2024-05-10T21:28:30Z,499.5,-77.7,-23.96,2.530253e-12
2024-05-10T21:29:00Z,499.8,-79.54,-21.82,2.523675e-12
2024-05-10T21:29:30Z,500.1,-81.36,-18.74,2.516225e-12
2024-05-10T21:30:00Z,500.3,-83.14,-13.99,2.507221e-12
2024-05-10T21:30:30Z,500.4,-84.84,-5.95,2.497404e-12
2024-05-10T21:31:00Z,500.5,-86.34,9.32,2.486332e-12
2024-05-10T21:31:30Z,500.6,-87.28,39.41,2.476067e-12
2024-05-10T21:32:00Z,500.6,-87.08,78.36,2.467575e-12
2024-05-10T21:32:30Z,500.6,-85.89,102.88,2.459170e-12
2024-05-10T21:33:00Z,500.5,-84.31,115.14,2.452624e-12
2024-05-10T21:33:30Z,500.3,-82.57,121.84,2.449913e-12
2024-05-10T21:34:00Z,500.2,-80.78,125.94,2.452314e-12
2024-05-10T21:34:30Z,499.9,-78.95,128.66,2.460560e-12
2024-05-10T21:35:00Z,499.6,-77.1,130.58,2.474822e-12
2024-05-10T21:35:30Z,499.3,-75.24,131.99,2.494690e-12
2024-05-10T21:36:00Z,498.9,-73.36,133.06,2.519524e-12
2024-05-10T21:36:30Z,498.5,-71.49,133.9,2.548183e-12
2024-05-10T21:37:00Z,498.1,-69.61,134.56,2.579542e-12
2024-05-10T21:37:30Z,497.6,-67.72,135.1,2.611968e-12
2024-05-10T21:38:00Z,497.0,-65.84,135.54,2.644858e-12
2024-05-10T21:38:30Z,496.5,-63.95,135.9,2.678140e-12
2024-05-10T21:39:00Z,495.9,-62.05,136.2,2.712279e-12
2024-05-10T21:39:30Z,495.2,-60.16,136.45,2.748232e-12
2024-05-10T21:40:00Z,494.6,-58.27,136.66,2.787704e-12
2024-05-10T21:40:30Z,493.9,-56.37,136.84,2.832068e-12
2024-05-10T21:41:00Z,493.1,-54.47,136.99,2.882406e-12
2024-05-10T21:41:30Z,492.4,-52.57,137.11,2.939561e-12
2024-05-10T21:42:00Z,491.7,-50.67,137.21,3.002905e-12
2024-05-10T21:42:30Z,490.9,-48.77,137.3,3.069636e-12
2024-05-10T21:43:00Z,490.1,-46.86,137.37,3.135944e-12
2024-05-10T21:43:30Z,489.3,-44.96,137.42,3.200161e-12
2024-05-10T21:44:00Z,488.5,-43.05,137.47,3.261644e-12
2024-05-10T21:44:30Z,487.7,-41.14,137.5,3.321918e-12
2024-05-10T21:45:00Z,486.9,-39.24,137.53,3.383355e-12
2024-05-10T21:45:30Z,486.1,-37.33,137.55,3.447484e-12
2024-05-10T21:46:00Z,485.3,-35.42,137.56,3.514468e-12
2024-05-10T21:46:30Z,484.5,-33.5,137.56,3.582062e-12
2024-05-10T21:47:00Z,483.7,-31.59,137.56,3.650248e-12
2024-05-10T21:47:30Z,482.9,-29.68,137.55,3.718673e-12
2024-05-10T21:48:00Z,482.1,-27.76,137.54,3.786758e-12
2024-05-10T21:48:30Z,481.4,-25.85,137.53,3.852923e-12
2024-05-10T21:49:00Z,480.7,-23.93,137.51,3.916414e-12
2024-05-10T21:49:30Z,480.0,-22.01,137.49,3.976456e-12
2024-05-10T21:50:00Z,479.3,-20.09,137.47,4.032086e-12
2024-05-10T21:50:30Z,478.7,-18.17,137.44,4.082505e-12
2024-05-10T21:51:00Z,478.0,-16.26,137.41,4.127015e-12
2024-05-10T21:51:30Z,477.4,-14.33,137.38,4.165593e-12
2024-05-10T21:52:00Z,476.9,-12.41,137.35,4.197482e-12
2024-05-10T21:52:30Z,476.4,-10.49,137.32,4.222703e-12
2024-05-10T21:53:00Z,475.9,-8.57,137.28,4.241307e-12
2024-05-10T21:53:30Z,475.4,-6.65,137.25,4.253393e-12
2024-05-10T21:54:00Z,475.0,-4.73,137.21,4.259408e-12
2024-05-10T21:54:30Z,474.6,-2.8,137.17,4.259689e-12
2024-05-10T21:55:00Z,474.3,-0.88,137.14,4.255094e-12
2024-05-10T21:55:30Z,474.0,1.04,137.1,4.246232e-12
2024-05-10T21:56:00Z,473.8,2.97,137.06,4.233975e-12
2024-05-10T21:56:30Z,473.5,4.89,137.03,4.218801e-12
2024-05-10T21:57:00Z,473.4,6.82,136.99,4.201247e-12
2024-05-10T21:57:30Z,473.2,8.74,136.96,4.182267e-12
2024-05-10T21:58:00Z,473.1,10.66,136.92,4.162533e-12
2024-05-10T21:58:30Z,473.1,12.59,136.89,4.140933e-12
2024-05-10T21:59:00Z,473.1,14.51,136.86,4.118861e-12
2024-05-10T21:59:30Z,473.1,16.43,136.83,4.097299e-12
2024-05-10T22:00:00Z,473.1,18.35,136.8,4.076286e-12
2024-05-10T22:00:30Z,473.2,20.28,136.78,4.055892e-12
2024-05-10T22:01:00Z,473.3,22.2,136.75,4.035860e-12
2024-05-10T22:01:30Z,473.5,24.12,136.73,4.016246e-12
2024-05-10T22:02:00Z,473.7,26.04,136.71,3.996361e-12
2024-05-10T22:02:30Z,473.9,27.96,136.7,3.976206e-12
2024-05-10T22:03:00Z,474.1,29.88,136.69,3.954260e-12
2024-05-10T22:03:30Z,474.4,31.8,136.69,3.929028e-12
2024-05-10T22:04:00Z,474.7,33.72,136.69,3.901856e-12
2024-05-10T22:04:30Z,475.0,35.63,136.69,3.872559e-12
2024-05-10T22:05:00Z,475.3,37.55,136.7,3.840664e-12
2024-05-10T22:05:30Z,475.7,39.47,136.72,3.806504e-12
2024-05-10T22:06:00Z,476.0,41.38,136.75,3.769704e-12
2024-05-10T22:06:30Z,476.4,43.3,136.79,3.730683e-12
2024-05-10T22:07:00Z,476.8,45.21,136.83,3.688885e-12
2024-05-10T22:07:30Z,477.2,47.12,136.89,3.642208e-12
2024-05-10T22:08:00Z,477.6,49.03,136.96,3.593667e-12
2024-05-10T22:08:30Z,477.9,50.94,137.05,3.543145e-12
2024-05-10T22:09:00Z,478.3,52.85,137.16,3.490590e-12
2024-05-10T22:09:30Z,478.7,54.76,137.29,3.435466e-12
2024-05-10T22:10:00Z,479.1,56.67,137.44,3.377647e-12
2024-05-10T22:10:30Z,479.5,58.57,137.62,3.318209e-12
2024-05-10T22:11:00Z,479.8,60.47,137.84,3.258641e-12
2024-05-10T22:11:30Z,480.2,62.38,138.1,3.201914e-12
2024-05-10T22:12:00Z,480.5,64.28,138.41,3.150340e-12
2024-05-10T22:12:30Z,480.8,66.17,138.79,3.104103e-12
2024-05-10T22:13:00Z,481.1,68.07,139.24,3.062408e-12
2024-05-10T22:13:30Z,481.4,69.96,139.81,3.023085e-12
2024-05-10T22:14:00Z,481.7,71.85,140.51,2.982365e-12
2024-05-10T22:14:30Z,481.9,73.74,141.39,2.937070e-12
2024-05-10T22:15:00Z,482.1,75.61,142.53,2.887455e-12
2024-05-10T22:15:30Z,482.3,77.48,144.03,2.834426e-12
2024-05-10T22:16:00Z,482.4,79.34,146.1,2.778675e-12
2024-05-10T22:16:30Z,482.5,81.17,149.07,2.721580e-12
2024-05-10T22:17:00Z,482.6,82.97,153.63,2.664616e-12
2024-05-10T22:17:30Z,482.7,84.69,161.28,2.609335e-12
2024-05-10T22:18:00Z,482.8,86.22,175.7,2.557084e-12
2024-05-10T22:18:30Z,482.8,87.24,-155.56,2.509317e-12
2024-05-10T22:19:00Z,482.7,87.14,-116.12,2.466292e-12
2024-05-10T22:19:30Z,482.7,85.99,-90.19,2.426232e-12
2024-05-10T22:20:00Z,482.6,84.42,-77.27,2.389727e-12
2024-05-10T22:20:30Z,482.5,82.68,-70.29,2.357168e-12
2024-05-10T22:21:00Z,482.3,80.88,-66.06,2.328159e-12
2024-05-10T22:21:30Z,482.2,79.04,-63.26,2.302081e-12
2024-05-10T22:22:00Z,482.0,77.18,-61.3,2.278341e-12
2024-05-10T22:22:30Z,481.7,75.31,-59.86,2.256461e-12
2024-05-10T22:23:00Z,481.5,73.43,-58.77,2.236181e-12
2024-05-10T22:23:30Z,481.2,71.55,-57.92,2.217434e-12
2024-05-10T22:24:00Z,480.9,69.66,-57.25,2.200460e-12
2024-05-10T22:24:30Z,480.6,67.76,-56.71,2.185757e-12
2024-05-10T22:25:00Z,480.3,65.87,-56.26,2.174367e-12
2024-05-10T22:25:30Z,479.9,63.97,-55.9,2.165642e-12
2024-05-10T22:26:00Z,479.5,62.07,-55.59,2.161609e-12
2024-05-10T22:26:30Z,479.1,60.16,-55.34,2.163724e-12
2024-05-10T22:27:00Z,478.7,58.26,-55.13,2.172874e-12
2024-05-10T22:27:30Z,478.3,56.36,-54.95,2.189419e-12
2024-05-10T22:28:00Z,477.9,54.45,-54.8,2.212602e-12
2024-05-10T22:28:30Z,477.5,52.54,-54.68,2.243244e-12
2024-05-10T22:29:00Z,477.1,50.63,-54.58,2.279989e-12
2024-05-10T22:29:30Z,476.7,48.72,-54.49,2.321287e-12
2024-05-10T22:30:00Z,476.2,46.81,-54.42,2.366149e-12
2024-05-10T22:30:30Z,475.8,44.9,-54.36,2.412620e-12
2024-05-10T22:31:00Z,475.4,42.98,-54.32,2.459171e-12
2024-05-10T22:31:30Z,475.0,41.07,-54.28,2.504325e-12
2024-05-10T22:32:00Z,474.6,39.15,-54.26,2.547093e-12
2024-05-10T22:32:30Z,474.3,37.23,-54.24,2.587440e-12
2024-05-10T22:33:00Z,473.9,35.32,-54.23,2.625930e-12
2024-05-10T22:33:30Z,473.6,33.4,-54.23,2.664200e-12
2024-05-10T22:34:00Z,473.3,31.48,-54.23,2.702963e-12
2024-05-10T22:34:30Z,473.0,29.56,-54.23,2.741947e-12
2024-05-10T22:35:00Z,472.8,27.64,-54.24,2.781010e-12
2024-05-10T22:35:30Z,472.5,25.72,-54.26,2.819728e-12
2024-05-10T22:36:00Z,472.3,23.8,-54.28,2.855744e-12
2024-05-10T22:36:30Z,472.2,21.88,-54.3,2.890176e-12
2024-05-10T22:37:00Z,472.0,19.95,-54.32,2.922203e-12
2024-05-10T22:37:30Z,471.9,18.03,-54.35,2.952842e-12
2024-05-10T22:38:00Z,471.9,16.11,-54.37,2.981117e-12
2024-05-10T22:38:30Z,471.9,14.18,-54.4,3.006855e-12
2024-05-10T22:39:00Z,471.9,12.26,-54.44,3.029629e-12
2024-05-10T22:39:30Z,471.9,10.34,-54.47,3.049068e-12
2024-05-10T22:40:00Z,472.0,8.41,-54.5,3.064830e-12
2024-05-10T22:40:30Z,472.2,6.49,-54.54,3.076733e-12
2024-05-10T22:41:00Z,472.4,4.56,-54.57,3.084873e-12
2024-05-10T22:41:30Z,472.6,2.64,-54.61,3.089022e-12
2024-05-10T22:42:00Z,472.9,0.71,-54.65,3.089497e-12
2024-05-10T22:42:30Z,473.2,-1.21,-54.68,3.086722e-12
2024-05-10T22:43:00Z,473.5,-3.13,-54.72,3.081159e-12
2024-05-10T22:43:30Z,473.9,-5.06,-54.76,3.073218e-12
2024-05-10T22:44:00Z,474.3,-6.98,-54.79,3.063774e-12
2024-05-10T22:44:30Z,474.8,-8.9,-54.83,3.053230e-12
2024-05-10T22:45:00Z,475.3,-10.83,-54.86,3.042556e-12
2024-05-10T22:45:30Z,475.8,-12.75,-54.89,3.032770e-12
2024-05-10T22:46:00Z,476.4,-14.67,-54.93,3.024425e-12
2024-05-10T22:46:30Z,477.0,-16.59,-54.96,3.018593e-12
2024-05-10T22:47:00Z,477.7,-18.51,-54.98,3.016303e-12
2024-05-10T22:47:30Z,478.3,-20.43,-55.01,3.017908e-12
2024-05-10T22:48:00Z,479.0,-22.35,-55.03,3.023675e-12
2024-05-10T22:48:30Z,479.8,-24.27,-55.05,3.034400e-12
2024-05-10T22:49:00Z,480.5,-26.18,-55.07,3.050090e-12
2024-05-10T22:49:30Z,481.3,-28.1,-55.08,3.070979e-12
2024-05-10T22:50:00Z,482.1,-30.01,-55.09,3.097159e-12
2024-05-10T22:50:30Z,482.9,-31.93,-55.1,3.126397e-12
2024-05-10T22:51:00Z,483.7,-33.84,-55.1,3.159004e-12
2024-05-10T22:51:30Z,484.5,-35.75,-55.09,3.195082e-12
2024-05-10T22:52:00Z,485.4,-37.67,-55.08,3.231557e-12
2024-05-10T22:52:30Z,486.2,-39.58,-55.06,3.269258e-12
2024-05-10T22:53:00Z,487.0,-41.48,-55.03,3.308979e-12
2024-05-10T22:53:30Z,487.9,-43.39,-55.0,3.350298e-12
2024-05-10T22:54:00Z,488.7,-45.3,-54.95,3.393062e-12
2024-05-10T22:54:30Z,489.5,-47.2,-54.89,3.437937e-12
2024-05-10T22:55:00Z,490.4,-49.11,-54.82,3.483960e-12
2024-05-10T22:55:30Z,491.2,-51.01,-54.73,3.529252e-12
2024-05-10T22:56:00Z,492.0,-52.91,-54.63,3.570476e-12
2024-05-10T22:56:30Z,492.7,-54.81,-54.5,3.603404e-12
2024-05-10T22:57:00Z,493.5,-56.71,-54.35,3.624063e-12
2024-05-10T22:57:30Z,494.2,-58.61,-54.17,3.631275e-12
2024-05-10T22:58:00Z,494.9,-60.5,-53.95,3.628948e-12
2024-05-10T22:58:30Z,495.6,-62.4,-53.69,3.622684e-12
2024-05-10T22:59:00Z,496.2,-64.29,-53.38,3.615708e-12
2024-05-10T22:59:30Z,496.8,-66.18,-53.0,3.612697e-12
2024-05-10T23:00:00Z,497.4,-68.06,-52.55,3.616361e-12
2024-05-10T23:00:30Z,497.9,-69.95,-51.99,3.627543e-12
2024-05-10T23:01:00Z,498.4,-71.83,-51.3,3.645666e-12
2024-05-10T23:01:30Z,498.8,-73.7,-50.42,3.669094e-12
2024-05-10T23:02:00Z,499.2,-75.57,-49.3,3.695854e-12
2024-05-10T23:02:30Z,499.6,-77.43,-47.81,3.720340e-12
2024-05-10T23:03:00Z,499.9,-79.28,-45.77,3.741887e-12
2024-05-10T23:03:30Z,500.2,-81.1,-42.86,3.760563e-12
2024-05-10T23:04:00Z,500.4,-82.89,-38.41,3.774327e-12
2024-05-10T23:04:30Z,500.6,-84.61,-30.99,3.782326e-12
2024-05-10T23:05:00Z,500.7,-86.14,-17.15,3.782894e-12
2024-05-10T23:05:30Z,500.8,-87.2,10.45,3.780240e-12
2024-05-10T23:06:00Z,500.8,-87.18,49.8,3.776029e-12
2024-05-10T23:06:30Z,500.7,-86.09,76.73,3.767005e-12
2024-05-10T23:07:00Z,500.7,-84.54,90.22,3.753871e-12
2024-05-10T23:07:30Z,500.5,-82.82,97.48,3.739533e-12
2024-05-10T23:08:00Z,500.4,-81.03,101.85,3.726320e-12
2024-05-10T23:08:30Z,500.1,-79.21,104.72,3.715313e-12
2024-05-10T23:09:00Z,499.9,-77.36,106.73,3.707032e-12
2024-05-10T23:09:30Z,499.5,-75.5,108.2,3.701445e-12
2024-05-10T23:10:00Z,499.2,-73.63,109.32,3.698085e-12
2024-05-10T23:10:30Z,498.8,-71.76,110.18,3.696085e-12
2024-05-10T23:11:00Z,498.3,-69.88,110.87,3.694460e-12
2024-05-10T23:11:30Z,497.8,-67.99,111.42,3.690875e-12
2024-05-10T23:12:00Z,497.3,-66.11,111.88,3.685705e-12
2024-05-10T23:12:30Z,496.7,-64.22,112.25,3.678609e-12
2024-05-10T23:13:00Z,496.1,-62.33,112.56,3.669112e-12
2024-05-10T23:13:30Z,495.5,-60.43,112.81,3.658234e-12
2024-05-10T23:14:00Z,494.8,-58.54,113.03,3.647001e-12
2024-05-10T23:14:30Z,494.1,-56.64,113.21,3.636670e-12
2024-05-10T23:15:00Z,493.4,-54.74,113.36,3.627942e-12
2024-05-10T23:15:30Z,492.7,-52.84,113.49,3.621525e-12
2024-05-10T23:16:00Z,491.9,-50.94,113.59,3.616956e-12
2024-05-10T23:16:30Z,491.1,-49.04,113.68,3.613023e-12
2024-05-10T23:17:00Z,490.4,-47.14,113.75,3.605811e-12
2024-05-10T23:17:30Z,489.6,-45.23,113.81,3.593421e-12
2024-05-10T23:18:00Z,488.7,-43.32,113.86,3.575943e-12
2024-05-10T23:18:30Z,487.9,-41.42,113.89,3.555076e-12
2024-05-10T23:19:00Z,487.1,-39.51,113.92,3.533622e-12
2024-05-10T23:19:30Z,486.3,-37.6,113.94,3.515135e-12
2024-05-10T23:20:00Z,485.5,-35.69,113.95,3.501160e-12
2024-05-10T23:20:30Z,484.7,-33.78,113.95,3.491841e-12
2024-05-10T23:21:00Z,483.9,-31.87,113.95,3.485500e-12
2024-05-10T23:21:30Z,483.1,-29.95,113.95,3.483648e-12
2024-05-10T23:22:00Z,482.4,-28.04,113.94,3.486787e-12
2024-05-10T23:22:30Z,481.6,-26.12,113.93,3.495331e-12
2024-05-10T23:23:00Z,480.9,-24.21,113.91,3.509257e-12
2024-05-10T23:23:30Z,480.2,-22.29,113.89,3.528832e-12
2024-05-10T23:24:00Z,479.5,-20.37,113.86,3.554125e-12
2024-05-10T23:24:30Z,478.8,-18.45,113.84,3.584702e-12
2024-05-10T23:25:00Z,478.2,-16.53,113.81,3.620953e-12
2024-05-10T23:25:30Z,477.6,-14.61,113.78,3.662379e-12
2024-05-10T23:26:00Z,477.0,-12.69,113.75,3.708597e-12
2024-05-10T23:26:30Z,476.5,-10.77,113.72,3.759434e-12
2024-05-10T23:27:00Z,476.0,-8.85,113.68,3.814275e-12
2024-05-10T23:27:30Z,475.6,-6.93,113.65,3.872531e-12
2024-05-10T23:28:00Z,475.1,-5.0,113.61,3.933316e-12
2024-05-10T23:28:30Z,474.8,-3.08,113.57,3.995783e-12
2024-05-10T23:29:00Z,474.4,-1.16,113.54,4.059166e-12
2024-05-10T23:29:30Z,474.1,0.77,113.5,4.122699e-12
2024-05-10T23:30:00Z,473.8,2.69,113.46,4.185479e-12
2024-05-10T23:30:30Z,473.6,4.61,113.43,4.246404e-12
2024-05-10T23:31:00Z,473.4,6.54,113.39,4.304732e-12
2024-05-10T23:31:30Z,473.3,8.46,113.36,4.359468e-12
2024-05-10T23:32:00Z,473.2,10.39,113.32,4.409780e-12
2024-05-10T23:32:30Z,473.1,12.31,113.29,4.455005e-12
2024-05-10T23:33:00Z,473.1,14.23,113.26,4.494487e-12
2024-05-10T23:33:30Z,473.1,16.16,113.23,4.527349e-12
2024-05-10T23:34:00Z,473.1,18.08,113.2,4.553348e-12
2024-05-10T23:34:30Z,473.2,20.0,113.17,4.572424e-12
2024-05-10T23:35:00Z,473.3,21.92,113.15,4.584496e-12
2024-05-10T23:35:30Z,473.5,23.84,113.13,4.588931e-12
2024-05-10T23:36:00Z,473.7,25.76,113.11,4.585986e-12
2024-05-10T23:36:30Z,473.9,27.68,113.1,4.575983e-12
2024-05-10T23:37:00Z,474.1,29.6,113.09,4.559184e-12
2024-05-10T23:37:30Z,474.4,31.52,113.08,4.535745e-12
2024-05-10T23:38:00Z,474.6,33.44,113.08,4.503877e-12
2024-05-10T23:38:30Z,474.9,35.36,113.09,4.467002e-12
2024-05-10T23:39:00Z,475.3,37.28,113.1,4.426711e-12
2024-05-10T23:39:30Z,475.6,39.19,113.11,4.384013e-12
2024-05-10T23:40:00Z,476.0,41.11,113.14,4.340528e-12
2024-05-10T23:40:30Z,476.3,43.02,113.18,4.297296e-12
2024-05-10T23:41:00Z,476.7,44.93,113.22,4.255357e-12
2024-05-10T23:41:30Z,477.1,46.85,113.28,4.215272e-12
2024-05-10T23:42:00Z,477.5,48.76,113.35,4.175238e-12
2024-05-10T23:42:30Z,477.8,50.67,113.43,4.137567e-12
2024-05-10T23:43:00Z,478.2,52.58,113.54,4.102763e-12
2024-05-10T23:43:30Z,478.6,54.48,113.66,4.070648e-12
2024-05-10T23:44:00Z,479.0,56.39,113.81,4.040969e-12
2024-05-10T23:44:30Z,479.4,58.3,113.99,4.014056e-12
2024-05-10T23:45:00Z,479.7,60.2,114.2,3.990705e-12
2024-05-10T23:45:30Z,480.1,62.1,114.46,3.972327e-12
2024-05-10T23:46:00Z,480.4,64.0,114.76,3.959838e-12
2024-05-10T23:46:30Z,480.7,65.9,115.13,3.954066e-12
2024-05-10T23:47:00Z,481.0,67.8,115.57,3.951478e-12
2024-05-10T23:47:30Z,481.3,69.69,116.12,3.949879e-12
2024-05-10T23:48:00Z,481.6,71.58,116.8,3.946871e-12
2024-05-10T23:48:30Z,481.8,73.47,117.65,3.940017e-12
2024-05-10T23:49:00Z,482.0,75.34,118.75,3.928089e-12
2024-05-10T23:49:30Z,482.2,77.22,120.19,3.911380e-12
2024-05-10T23:50:00Z,482.4,79.07,122.16,3.891493e-12
2024-05-10T23:50:30Z,482.5,80.91,124.98,3.869992e-12
2024-05-10T23:51:00Z,482.6,82.71,129.25,3.849029e-12
2024-05-10T23:51:30Z,482.7,84.45,136.3,3.830439e-12
2024-05-10T23:52:00Z,482.7,86.02,149.37,3.814660e-12
2024-05-10T23:52:30Z,482.7,87.15,175.58,3.804839e-12
2024-05-10T23:53:00Z,482.7,87.23,-144.96,3.801096e-12
2024-05-10T23:53:30Z,482.7,86.19,-116.53,3.800302e-12
2024-05-10T23:54:00Z,482.6,84.66,-102.28,3.804286e-12
2024-05-10T23:54:30Z,482.5,82.94,-94.7,3.813982e-12
2024-05-10T23:55:00Z,482.3,81.14,-90.17,3.828829e-12
2024-05-10T23:55:30Z,482.2,79.31,-87.22,3.847549e-12
2024-05-10T23:56:00Z,482.0,77.45,-85.16,3.868637e-12
2024-05-10T23:56:30Z,481.8,75.58,-83.66,3.890587e-12
2024-05-10T23:57:00Z,481.5,73.7,-82.53,3.911837e-12
2024-05-10T23:57:30Z,481.2,71.82,-81.65,3.931287e-12
2024-05-10T23:58:00Z,481.0,69.93,-80.95,3.948160e-12
2024-05-10T23:58:30Z,480.6,68.04,-80.39,3.962029e-12
2024-05-10T23:59:00Z,480.3,66.14,-79.93,3.973545e-12
2024-05-10T23:59:30Z,480.0,64.24,-79.56,3.983233e-12
2024-05-11T00:00:00Z,479.6,62.34,-79.24,4.059251e-12
2024-05-11T00:00:30Z,479.2,60.44,-78.98,4.129209e-12
2024-05-11T00:01:00Z,478.8,58.53,-78.77,4.136471e-12
2024-05-11T00:01:30Z,478.4,56.63,-78.59,4.149047e-12
2024-05-11T00:02:00Z,478.0,54.72,-78.43,4.167433e-12
2024-05-11T00:02:30Z,477.6,52.81,-78.31,4.192910e-12
2024-05-11T00:03:00Z,477.2,50.9,-78.2,4.225782e-12
2024-05-11T00:03:30Z,476.7,48.99,-78.11,4.265885e-12
2024-05-11T00:04:00Z,476.3,47.08,-78.04,4.311380e-12
2024-05-11T00:04:30Z,475.9,45.17,-77.98,4.359853e-12
2024-05-11T00:05:00Z,475.5,43.26,-77.93,4.410876e-12
2024-05-11T00:05:30Z,475.1,41.34,-77.9,4.462609e-12
2024-05-11T00:06:00Z,474.7,39.43,-77.87,4.513427e-12
2024-05-11T00:06:30Z,474.4,37.51,-77.85,4.561452e-12
2024-05-11T00:07:00Z,474.0,35.59,-77.84,4.605581e-12
2024-05-11T00:07:30Z,473.7,33.67,-77.83,4.644100e-12
2024-05-11T00:08:00Z,473.4,31.76,-77.83,4.675816e-12
2024-05-11T00:08:30Z,473.1,29.84,-77.84,4.699223e-12
2024-05-11T00:09:00Z,472.9,27.92,-77.85,4.713773e-12
2024-05-11T00:09:30Z,472.6,26.0,-77.86,4.719330e-12
2024-05-11T00:10:00Z,472.4,24.07,-77.88,4.716741e-12
2024-05-11T00:10:30Z,472.3,22.15,-77.9,4.707787e-12
2024-05-11T00:11:00Z,472.1,20.23,-77.92,4.691872e-12
2024-05-11T00:11:30Z,472.0,18.31,-77.95,4.671420e-12
2024-05-11T00:12:00Z,472.0,16.38,-77.98,4.648587e-12
2024-05-11T00:12:30Z,472.0,14.46,-78.01,4.624491e-12
2024-05-11T00:13:00Z,472.0,12.54,-78.04,4.600107e-12
2024-05-11T00:13:30Z,472.0,10.61,-78.07,4.575777e-12
2024-05-11T00:14:00Z,472.1,8.69,-78.11,4.552125e-12
2024-05-11T00:14:30Z,472.3,6.76,-78.14,4.530018e-12
2024-05-11T00:15:00Z,472.4,4.84,-78.18,4.509805e-12
2024-05-11T00:15:30Z,472.7,2.92,-78.21,4.491905e-12
2024-05-11T00:16:00Z,472.9,0.99,-78.25,4.477047e-12
2024-05-11T00:16:30Z,473.2,-0.93,-78.29,4.465344e-12
2024-05-11T00:17:00Z,473.6,-2.86,-78.32,4.457138e-12
2024-05-11T00:17:30Z,474.0,-4.78,-78.36,4.452436e-12
2024-05-11T00:18:00Z,474.4,-6.7,-78.39,4.451416e-12
2024-05-11T00:18:30Z,474.8,-8.63,-78.43,4.454153e-12
2024-05-11T00:19:00Z,475.3,-10.55,-78.46,4.460530e-12
2024-05-11T00:19:30Z,475.9,-12.47,-78.5,4.470609e-12
2024-05-11T00:20:00Z,476.4,-14.39,-78.53,4.484204e-12
2024-05-11T00:20:30Z,477.1,-16.31,-78.56,4.501082e-12
2024-05-11T00:21:00Z,477.7,-18.23,-78.59,4.521031e-12
2024-05-11T00:21:30Z,478.4,-20.15,-78.61,4.544324e-12
2024-05-11T00:22:00Z,479.0,-22.07,-78.64,4.570207e-12
2024-05-11T00:22:30Z,479.8,-23.99,-78.66,4.598207e-12
2024-05-11T00:23:00Z,480.5,-25.91,-78.67,4.627737e-12
2024-05-11T00:23:30Z,481.3,-27.82,-78.69,4.657818e-12
2024-05-11T00:24:00Z,482.1,-29.74,-78.7,4.688026e-12
2024-05-11T00:24:30Z,482.9,-31.65,-78.7,4.715939e-12
2024-05-11T00:25:00Z,483.7,-33.57,-78.7,4.741379e-12
2024-05-11T00:25:30Z,484.5,-35.48,-78.7,4.764222e-12
2024-05-11T00:26:00Z,485.3,-37.39,-78.69,4.784468e-12
2024-05-11T00:26:30Z,486.2,-39.3,-78.67,4.801885e-12
2024-05-11T00:27:00Z,487.0,-41.21,-78.64,4.816636e-12
2024-05-11T00:27:30Z,487.8,-43.12,-78.61,4.829011e-12
2024-05-11T00:28:00Z,488.7,-45.02,-78.56,4.839103e-12
2024-05-11T00:28:30Z,489.5,-46.93,-78.51,4.846683e-12
2024-05-11T00:29:00Z,490.3,-48.83,-78.44,4.849810e-12
2024-05-11T00:29:30Z,491.1,-50.73,-78.35,4.844321e-12
2024-05-11T00:30:00Z,491.9,-52.64,-78.25,4.823284e-12
2024-05-11T00:30:30Z,492.7,-54.54,-78.12,4.779004e-12
2024-05-11T00:31:00Z,493.4,-56.44,-77.97,4.707463e-12
2024-05-11T00:31:30Z,494.2,-58.33,-77.8,4.611701e-12
2024-05-11T00:32:00Z,494.9,-60.23,-77.59,4.500901e-12
2024-05-11T00:32:30Z,495.5,-62.12,-77.33,4.386615e-12
2024-05-11T00:33:00Z,496.2,-64.01,-77.03,4.279706e-12
2024-05-11T00:33:30Z,496.8,-65.9,-76.67,4.185247e-12
2024-05-11T00:34:00Z,497.3,-67.79,-76.22,4.105302e-12
2024-05-11T00:34:30Z,497.9,-69.67,-75.68,4.039363e-12
2024-05-11T00:35:00Z,498.4,-71.56,-75.01,3.985014e-12
2024-05-11T00:35:30Z,498.8,-73.43,-74.16,3.938428e-12
2024-05-11T00:36:00Z,499.2,-75.3,-73.08,3.892990e-12
2024-05-11T00:36:30Z,499.6,-77.16,-71.65,3.851016e-12
2024-05-11T00:37:00Z,499.9,-79.01,-69.71,3.810414e-12
2024-05-11T00:37:30Z,500.2,-80.84,-66.95,3.768812e-12
2024-05-11T00:38:00Z,500.4,-82.64,-62.78,3.725734e-12
2024-05-11T00:38:30Z,500.6,-84.36,-55.94,3.679496e-12
2024-05-11T00:39:00Z,500.7,-85.94,-43.38,3.632603e-12
2024-05-11T00:39:30Z,500.8,-87.1,-18.27,3.587853e-12
2024-05-11T00:40:00Z,500.8,-87.26,20.8,3.547333e-12
2024-05-11T00:40:30Z,500.8,-86.29,50.25,3.508243e-12
2024-05-11T00:41:00Z,500.7,-84.78,65.15,3.470333e-12
2024-05-11T00:41:30Z,500.5,-83.08,73.03,3.436267e-12
2024-05-11T00:42:00Z,500.4,-81.3,77.71,3.407557e-12
2024-05-11T00:42:30Z,500.2,-79.47,80.75,3.385016e-12
2024-05-11T00:43:00Z,499.9,-77.63,82.86,3.368931e-12
2024-05-11T00:43:30Z,499.6,-75.77,84.4,3.359301e-12
2024-05-11T00:44:00Z,499.2,-73.9,85.56,3.356128e-12
2024-05-11T00:44:30Z,498.8,-72.03,86.46,3.358923e-12
2024-05-11T00:45:00Z,498.3,-70.15,87.17,3.367764e-12
2024-05-11T00:45:30Z,497.9,-68.27,87.74,3.382115e-12
2024-05-11T00:46:00Z,497.3,-66.38,88.2,3.401706e-12
2024-05-11T00:46:30Z,496.8,-64.49,88.59,3.426550e-12
2024-05-11T00:47:00Z,496.2,-62.6,88.9,3.456664e-12
2024-05-11T00:47:30Z,495.5,-60.71,89.17,3.491918e-12
2024-05-11T00:48:00Z,494.9,-58.81,89.39,3.531968e-12
2024-05-11T00:48:30Z,494.2,-56.91,89.57,3.574640e-12
2024-05-11T00:49:00Z,493.5,-55.02,89.73,3.621023e-12
2024-05-11T00:49:30Z,492.7,-53.12,89.86,3.670099e-12
2024-05-11T00:50:00Z,492.0,-51.22,89.97,3.719808e-12
2024-05-11T00:50:30Z,491.2,-49.31,90.06,3.768666e-12
2024-05-11T00:51:00Z,490.4,-47.41,90.13,3.814624e-12
2024-05-11T00:51:30Z,489.6,-45.51,90.19,3.856231e-12
2024-05-11T00:52:00Z,488.8,-43.6,90.24,3.893143e-12
2024-05-11T00:52:30Z,488.0,-41.69,90.28,3.924048e-12
2024-05-11T00:53:00Z,487.2,-39.78,90.31,3.954738e-12
2024-05-11T00:53:30Z,486.3,-37.88,90.33,3.987131e-12
2024-05-11T00:54:00Z,485.5,-35.97,90.34,4.021188e-12
2024-05-11T00:54:30Z,484.7,-34.05,90.35,4.056096e-12
2024-05-11T00:55:00Z,483.9,-32.14,90.35,4.090943e-12
2024-05-11T00:55:30Z,483.1,-30.23,90.34,4.124765e-12
2024-05-11T00:56:00Z,482.4,-28.31,90.33,4.156688e-12
2024-05-11T00:56:30Z,481.6,-26.4,90.32,4.185935e-12
2024-05-11T00:57:00Z,480.9,-24.48,90.3,4.214205e-12
2024-05-11T00:57:30Z,480.2,-22.56,90.28,4.241640e-12
2024-05-11T00:58:00Z,479.5,-20.65,90.26,4.268293e-12
2024-05-11T00:58:30Z,478.8,-18.73,90.23,4.294304e-12
2024-05-11T00:59:00Z,478.2,-16.81,90.21,4.319572e-12
2024-05-11T00:59:30Z,477.6,-14.89,90.18,4.344218e-12
2024-05-11T01:00:00Z,477.0,-12.97,90.14,4.368165e-12
2024-05-11T01:00:30Z,476.5,-11.05,90.11,4.391312e-12
2024-05-11T01:01:00Z,476.0,-9.12,90.08,4.413248e-12
2024-05-11T01:01:30Z,475.5,-7.2,90.04,4.433951e-12
2024-05-11T01:02:00Z,475.1,-5.28,90.01,4.454019e-12
2024-05-11T01:02:30Z,474.7,-3.36,89.97,4.473468e-12
2024-05-11T01:03:00Z,474.3,-1.43,89.94,4.491637e-12
2024-05-11T01:03:30Z,474.0,0.49,89.9,4.508610e-12
2024-05-11T01:04:00Z,473.7,2.41,89.86,4.524597e-12
2024-05-11T01:04:30Z,473.5,4.34,89.83,4.539236e-12
2024-05-11T01:05:00Z,473.3,6.26,89.79,4.552849e-12
2024-05-11T01:05:30Z,473.2,8.19,89.76,4.565157e-12
2024-05-11T01:06:00Z,473.1,10.11,89.72,4.576574e-12
2024-05-11T01:06:30Z,473.0,12.03,89.69,4.587103e-12
2024-05-11T01:07:00Z,473.0,13.96,89.66,4.596769e-12
2024-05-11T01:07:30Z,473.0,15.88,89.63,4.605703e-12
2024-05-11T01:08:00Z,473.0,17.8,89.6,4.614499e-12
2024-05-11T01:08:30Z,473.1,19.72,89.57,4.623014e-12
2024-05-11T01:09:00Z,473.2,21.65,89.55,4.631983e-12
2024-05-11T01:09:30Z,473.3,23.57,89.53,4.641725e-12
2024-05-11T01:10:00Z,473.5,25.49,89.51,4.651853e-12
2024-05-11T01:10:30Z,473.7,27.41,89.49,4.662410e-12
2024-05-11T01:11:00Z,474.0,29.33,89.48,4.673153e-12
2024-05-11T01:11:30Z,474.2,31.25,89.48,4.682370e-12
2024-05-11T01:12:00Z,474.5,33.17,89.47,4.688807e-12
2024-05-11T01:12:30Z,474.8,35.08,89.48,4.694067e-12
2024-05-11T01:13:00Z,475.1,37.0,89.49,4.698242e-12
2024-05-11T01:13:30Z,475.5,38.92,89.5,4.700862e-12
2024-05-11T01:14:00Z,475.8,40.83,89.53,4.702946e-12
2024-05-11T01:14:30Z,476.2,42.75,89.56,4.704248e-12
2024-05-11T01:15:00Z,476.6,44.66,89.61,4.702842e-12
2024-05-11T01:15:30Z,477.0,46.57,89.66,4.694984e-12
2024-05-11T01:16:00Z,477.4,48.48,89.73,4.685552e-12
2024-05-11T01:16:30Z,477.8,50.39,89.82,4.673967e-12
2024-05-11T01:17:00Z,478.2,52.3,89.92,4.659442e-12
2024-05-11T01:17:30Z,478.5,54.21,90.04,4.641087e-12
2024-05-11T01:18:00Z,478.9,56.12,90.18,4.617907e-12
2024-05-11T01:18:30Z,479.3,58.02,90.36,4.590813e-12
2024-05-11T01:19:00Z,479.7,59.93,90.56,4.561284e-12
2024-05-11T01:19:30Z,480.0,61.83,90.81,4.531561e-12
2024-05-11T01:20:00Z,480.4,63.73,91.11,4.502170e-12
2024-05-11T01:20:30Z,480.7,65.63,91.46,4.474875e-12
2024-05-11T01:21:00Z,481.0,67.53,91.9,4.447596e-12
2024-05-11T01:21:30Z,481.3,69.42,92.43,4.416761e-12
2024-05-11T01:22:00Z,481.6,71.31,93.08,4.379167e-12
2024-05-11T01:22:30Z,481.8,73.2,93.91,4.332135e-12
2024-05-11T01:23:00Z,482.0,75.08,94.97,4.276362e-12
2024-05-11T01:23:30Z,482.2,76.95,96.35,4.212998e-12
2024-05-11T01:24:00Z,482.4,78.81,98.24,4.144222e-12
2024-05-11T01:24:30Z,482.5,80.65,100.9,4.072456e-12
2024-05-11T01:25:00Z,482.7,82.46,104.91,4.000197e-12
2024-05-11T01:25:30Z,482.7,84.2,111.43,3.929635e-12
2024-05-11T01:26:00Z,482.8,85.81,123.31,3.862616e-12
2024-05-11T01:26:30Z,482.8,87.03,147.1,3.801922e-12
2024-05-11T01:27:00Z,482.8,87.3,-174.09,3.747656e-12
2024-05-11T01:27:30Z,482.8,86.38,-143.15,3.696571e-12
2024-05-11T01:28:00Z,482.7,84.89,-127.4,3.650030e-12
2024-05-11T01:28:30Z,482.6,83.19,-119.16,3.609570e-12
2024-05-11T01:29:00Z,482.5,81.4,-114.32,3.574717e-12
2024-05-11T01:29:30Z,482.3,79.57,-111.19,3.544918e-12
2024-05-11T01:30:00Z,482.1,77.72,-109.03,3.519162e-12
2024-05-11T01:30:30Z,481.9,75.85,-107.46,3.496787e-12
2024-05-11T01:31:00Z,481.7,73.97,-106.28,3.477322e-12
2024-05-11T01:31:30Z,481.4,72.09,-105.37,3.460571e-12
2024-05-11T01:32:00Z,481.1,70.2,-104.65,3.446870e-12
2024-05-11T01:32:30Z,480.8,68.31,-104.07,3.437298e-12
2024-05-11T01:33:00Z,480.5,66.41,-103.6,3.438349e-12
2024-05-11T01:33:30Z,480.2,64.51,-103.21,3.447736e-12
2024-05-11T01:34:00Z,479.8,62.61,-102.89,3.464033e-12
2024-05-11T01:34:30Z,479.4,60.71,-102.63,3.488678e-12
2024-05-11T01:35:00Z,479.0,58.81,-102.41,3.524095e-12
2024-05-11T01:35:30Z,478.6,56.9,-102.22,3.572240e-12
2024-05-11T01:36:00Z,478.2,55.0,-102.06,3.629275e-12
2024-05-11T01:36:30Z,477.8,53.09,-101.93,3.697227e-12
2024-05-11T01:37:00Z,477.4,51.18,-101.82,3.778054e-12
2024-05-11T01:37:30Z,477.0,49.27,-101.73,3.873079e-12
2024-05-11T01:38:00Z,476.6,47.36,-101.66,3.986644e-12
2024-05-11T01:38:30Z,476.2,45.45,-101.6,4.114971e-12
2024-05-11T01:39:00Z,475.8,43.53,-101.55,4.254640e-12
2024-05-11T01:39:30Z,475.4,41.62,-101.51,4.404086e-12
2024-05-11T01:40:00Z,475.0,39.7,-101.48,4.553834e-12
2024-05-11T01:40:30Z,474.6,37.79,-101.46,4.706342e-12
2024-05-11T01:41:00Z,474.3,35.87,-101.45,4.861003e-12
2024-05-11T01:41:30Z,473.9,33.95,-101.44,5.013658e-12
2024-05-11T01:42:00Z,473.6,32.03,-101.44,5.158255e-12
2024-05-11T01:42:30Z,473.3,30.12,-101.45,5.290586e-12
2024-05-11T01:43:00Z,473.1,28.2,-101.46,5.408943e-12
2024-05-11T01:43:30Z,472.9,26.28,-101.47,5.512527e-12
2024-05-11T01:44:00Z,472.6,24.35,-101.49,5.601691e-12
2024-05-11T01:44:30Z,472.5,22.43,-101.51,5.677006e-12
2024-05-11T01:45:00Z,472.3,20.51,-101.53,5.738199e-12
2024-05-11T01:45:30Z,472.2,18.59,-101.55,5.786079e-12
2024-05-11T01:46:00Z,472.2,16.66,-101.58,5.821720e-12
2024-05-11T01:46:30Z,472.1,14.74,-101.61,5.845157e-12
2024-05-11T01:47:00Z,472.1,12.82,-101.64,5.851593e-12
2024-05-11T01:47:30Z,472.2,10.89,-101.67,5.846089e-12
2024-05-11T01:48:00Z,472.3,8.97,-101.71,5.828748e-12
2024-05-11T01:48:30Z,472.4,7.05,-101.74,5.799853e-12
2024-05-11T01:49:00Z,472.6,5.12,-101.78,5.759817e-12
2024-05-11T01:49:30Z,472.8,3.2,-101.81,5.709822e-12
2024-05-11T01:50:00Z,473.0,1.27,-101.85,5.650660e-12
2024-05-11T01:50:30Z,473.3,-0.65,-101.89,5.583064e-12
2024-05-11T01:51:00Z,473.7,-2.58,-101.92,5.509286e-12
2024-05-11T01:51:30Z,474.0,-4.5,-101.96,5.430651e-12
2024-05-11T01:52:00Z,474.4,-6.42,-102.0,5.348447e-12
2024-05-11T01:52:30Z,474.9,-8.35,-102.03,5.264139e-12
2024-05-11T01:53:00Z,475.4,-10.27,-102.07,5.178714e-12
2024-05-11T01:53:30Z,475.9,-12.19,-102.1,5.093115e-12
2024-05-11T01:54:00Z,476.5,-14.11,-102.13,5.008490e-12
2024-05-11T01:54:30Z,477.1,-16.03,-102.16,4.925499e-12
2024-05-11T01:55:00Z,477.7,-17.95,-102.19,4.844324e-12
2024-05-11T01:55:30Z,478.4,-19.87,-102.22,4.765568e-12
2024-05-11T01:56:00Z,479.0,-21.79,-102.24,4.690022e-12
2024-05-11T01:56:30Z,479.8,-23.71,-102.26,4.617890e-12
2024-05-11T01:57:00Z,480.5,-25.63,-102.28,4.549343e-12
2024-05-11T01:57:30Z,481.2,-27.54,-102.29,4.484961e-12
2024-05-11T01:58:00Z,482.0,-29.46,-102.3,4.425276e-12
2024-05-11T01:58:30Z,482.8,-31.37,-102.31,4.368873e-12
2024-05-11T01:59:00Z,483.6,-33.28,-102.31,4.317634e-12
2024-05-11T01:59:30Z,484.4,-35.2,-102.31,4.272209e-12
2024-05-11T02:00:00Z,485.3,-37.11,-102.3,4.233306e-12
2024-05-11T02:00:30Z,486.1,-39.02,-102.28,4.201801e-12
2024-05-11T02:01:00Z,486.9,-40.93,-102.26,4.178051e-12
2024-05-11T02:01:30Z,487.8,-42.84,-102.22,4.161520e-12
2024-05-11T02:02:00Z,488.6,-44.74,-102.18,4.150313e-12
2024-05-11T02:02:30Z,489.4,-46.65,-102.12,4.140043e-12
2024-05-11T02:03:00Z,490.2,-48.55,-102.05,4.124437e-12
2024-05-11T02:03:30Z,491.0,-50.46,-101.97,4.096949e-12
2024-05-11T02:04:00Z,491.8,-52.36,-101.87,4.054110e-12
2024-05-11T02:04:30Z,492.6,-54.26,-101.75,3.995895e-12
2024-05-11T02:05:00Z,493.3,-56.16,-101.6,3.933767e-12
2024-05-11T02:05:30Z,494.0,-58.05,-101.43,3.877237e-12
2024-05-11T02:06:00Z,494.7,-59.95,-101.23,3.834098e-12
2024-05-11T02:06:30Z,495.4,-61.84,-100.98,3.808008e-12
2024-05-11T02:07:00Z,496.1,-63.74,-100.68,3.798932e-12
2024-05-11T02:07:30Z,496.7,-65.63,-100.33,3.806872e-12
2024-05-11T02:08:00Z,497.2,-67.51,-99.9,3.830833e-12
2024-05-11T02:08:30Z,497.8,-69.4,-99.37,3.866924e-12
2024-05-11T02:09:00Z,498.2,-71.28,-98.72,3.912062e-12
2024-05-11T02:09:30Z,498.7,-73.16,-97.91,3.956749e-12
2024-05-11T02:10:00Z,499.1,-75.03,-96.86,4.003911e-12
2024-05-11T02:10:30Z,499.5,-76.89,-95.49,4.050540e-12
2024-05-11T02:11:00Z,499.8,-78.74,-93.64,4.094041e-12
2024-05-11T02:11:30Z,500.1,-80.57,-91.02,4.132462e-12
2024-05-11T02:12:00Z,500.3,-82.38,-87.12,4.162976e-12
2024-05-11T02:12:30Z,500.5,-84.12,-80.79,4.186924e-12
2024-05-11T02:13:00Z,500.6,-85.72,-69.39,4.205472e-12
2024-05-11T02:13:30Z,500.7,-86.98,-46.67,4.219822e-12
2024-05-11T02:14:00Z,500.7,-87.32,-8.54,4.231104e-12
2024-05-11T02:14:30Z,500.7,-86.48,23.43,4.234569e-12
2024-05-11T02:15:00Z,500.6,-85.02,39.93,4.223900e-12
2024-05-11T02:15:30Z,500.5,-83.33,48.52,4.205731e-12
2024-05-11T02:16:00Z,500.3,-81.56,53.54,4.180702e-12
2024-05-11T02:16:30Z,500.1,-79.74,56.76,4.149973e-12
2024-05-11T02:17:00Z,499.8,-77.9,58.98,4.113868e-12
2024-05-11T02:17:30Z,499.5,-76.04,60.59,4.073629e-12
2024-05-11T02:18:00Z,499.1,-74.18,61.8,4.032757e-12
2024-05-11T02:18:30Z,498.7,-72.3,62.73,3.987776e-12
2024-05-11T02:19:00Z,498.3,-70.42,63.46,3.939489e-12
2024-05-11T02:19:30Z,497.8,-68.54,64.05,3.888842e-12
2024-05-11T02:20:00Z,497.3,-66.66,64.53,3.836550e-12
2024-05-11T02:20:30Z,496.7,-64.77,64.93,3.782635e-12
2024-05-11T02:21:00Z,496.1,-62.88,65.25,3.725114e-12
2024-05-11T02:21:30Z,495.5,-60.98,65.52,3.669648e-12
2024-05-11T02:22:00Z,494.8,-59.09,65.75,3.617240e-12
2024-05-11T02:22:30Z,494.1,-57.19,65.94,3.566492e-12
2024-05-11T02:23:00Z,493.4,-55.29,66.1,3.518761e-12
2024-05-11T02:23:30Z,492.7,-53.39,66.23,3.475154e-12
2024-05-11T02:24:00Z,491.9,-51.49,66.35,3.435065e-12
2024-05-11T02:24:30Z,491.2,-49.59,66.44,3.400532e-12
2024-05-11T02:25:00Z,490.4,-47.69,66.51,3.373337e-12
2024-05-11T02:25:30Z,489.6,-45.78,66.58,3.355533e-12
2024-05-11T02:26:00Z,488.8,-43.88,66.63,3.346090e-12
2024-05-11T02:26:30Z,487.9,-41.97,66.67,3.350909e-12
2024-05-11T02:27:00Z,487.1,-40.06,66.7,3.371190e-12
2024-05-11T02:27:30Z,486.3,-38.15,66.72,3.407015e-12
2024-05-11T02:28:00Z,485.5,-36.24,66.73,3.457916e-12
2024-05-11T02:28:30Z,484.7,-34.33,66.74,3.523315e-12
2024-05-11T02:29:00Z,483.9,-32.42,66.74,3.602006e-12
2024-05-11T02:29:30Z,483.1,-30.51,66.73,3.693084e-12
2024-05-11T02:30:00Z,482.3,-28.59,66.73,3.796264e-12
2024-05-11T02:30:30Z,481.6,-26.68,66.71,3.912404e-12
2024-05-11T02:31:00Z,480.8,-24.76,66.7,4.040872e-12
2024-05-11T02:31:30Z,480.1,-22.84,66.68,4.181644e-12
2024-05-11T02:32:00Z,479.4,-20.92,66.66,4.333783e-12
2024-05-11T02:32:30Z,478.7,-19.01,66.63,4.495573e-12
2024-05-11T02:33:00Z,478.1,-17.09,66.6,4.664615e-12
2024-05-11T02:33:30Z,477.5,-15.17,66.57,4.840757e-12
2024-05-11T02:34:00Z,476.9,-13.25,66.54,5.021650e-12
2024-05-11T02:34:30Z,476.4,-11.32,66.51,5.204865e-12
2024-05-11T02:35:00Z,475.9,-9.4,66.48,5.387662e-12
2024-05-11T02:35:30Z,475.4,-7.48,66.44,5.567359e-12
2024-05-11T02:36:00Z,475.0,-5.56,66.41,5.740673e-12
2024-05-11T02:36:30Z,474.6,-3.63,66.37,5.904656e-12
2024-05-11T02:37:00Z,474.2,-1.71,66.33,6.056180e-12
2024-05-11T02:37:30Z,473.9,0.21,66.3,6.192491e-12
2024-05-11T02:38:00Z,473.6,2.14,66.26,6.311079e-12
2024-05-11T02:38:30Z,473.4,4.06,66.22,6.409449e-12
2024-05-11T02:39:00Z,473.2,5.98,66.19,6.485463e-12
2024-05-11T02:39:30Z,473.0,7.91,66.15,6.537694e-12
2024-05-11T02:40:00Z,472.9,9.83,66.12,6.565966e-12
2024-05-11T02:40:30Z,472.8,11.75,66.09,6.569273e-12
2024-05-11T02:41:00Z,472.8,13.68,66.05,6.547911e-12
2024-05-11T02:41:30Z,472.8,15.6,66.02,6.502068e-12
2024-05-11T02:42:00Z,472.9,17.52,65.99,6.432640e-12
2024-05-11T02:42:30Z,472.9,19.45,65.97,6.340622e-12
2024-05-11T02:43:00Z,473.1,21.37,65.94,6.227836e-12
2024-05-11T02:43:30Z,473.2,23.29,65.92,6.096147e-12
2024-05-11T02:44:00Z,473.4,25.21,65.9,5.948029e-12
2024-05-11T02:44:30Z,473.6,27.13,65.89,5.785840e-12
2024-05-11T02:45:00Z,473.8,29.05,65.88,5.611990e-12
2024-05-11T02:45:30Z,474.1,30.97,65.87,5.427209e-12
2024-05-11T02:46:00Z,474.4,32.89,65.87,5.234679e-12
2024-05-11T02:46:30Z,474.7,34.81,65.87,5.040335e-12
2024-05-11T02:47:00Z,475.0,36.72,65.88,4.847520e-12
2024-05-11T02:47:30Z,475.3,38.64,65.89,4.658961e-12
2024-05-11T02:48:00Z,475.7,40.56,65.92,4.477826e-12
2024-05-11T02:48:30Z,476.1,42.47,65.95,4.306498e-12
2024-05-11T02:49:00Z,476.4,44.38,65.99,4.147104e-12
2024-05-11T02:49:30Z,476.8,46.3,66.05,3.998289e-12
2024-05-11T02:50:00Z,477.2,48.21,66.11,3.865594e-12
2024-05-11T02:50:30Z,477.6,50.12,66.19,3.750078e-12
2024-05-11T02:51:00Z,478.0,52.03,66.29,3.653239e-12
2024-05-11T02:51:30Z,478.4,53.94,66.41,3.575939e-12
2024-05-11T02:52:00Z,478.8,55.84,66.55,3.518503e-12
2024-05-11T02:52:30Z,479.2,57.75,66.72,3.482689e-12
2024-05-11T02:53:00Z,479.6,59.65,66.92,3.470233e-12
2024-05-11T02:53:30Z,479.9,61.56,67.16,3.483294e-12
2024-05-11T02:54:00Z,480.3,63.46,67.45,3.522096e-12
2024-05-11T02:54:30Z,480.6,65.36,67.8,3.587583e-12
2024-05-11T02:55:00Z,480.9,67.25,68.22,3.676546e-12
2024-05-11T02:55:30Z,481.2,69.15,68.74,3.786463e-12
2024-05-11T02:56:00Z,481.5,71.04,69.37,3.913217e-12
2024-05-11T02:56:30Z,481.7,72.93,70.17,4.053327e-12
2024-05-11T02:57:00Z,482.0,74.81,71.19,4.204700e-12
2024-05-11T02:57:30Z,482.2,76.68,72.52,4.366640e-12
2024-05-11T02:58:00Z,482.3,78.54,74.32,4.538759e-12
2024-05-11T02:58:30Z,482.5,80.39,76.84,4.719584e-12
2024-05-11T02:59:00Z,482.6,82.2,80.6,4.908265e-12
2024-05-11T02:59:30Z,482.7,83.96,86.65,5.108419e-12
2024-05-11T03:00:00Z,482.8,85.59,97.46,5.343360e-12
2024-05-11T03:00:30Z,482.8,86.9,118.99,5.568137e-12
2024-05-11T03:01:00Z,482.8,87.34,156.55,5.803241e-12
2024-05-11T03:01:30Z,482.8,86.57,-170.07,6.039164e-12
2024-05-11T03:02:00Z,482.7,85.12,-152.64,6.271462e-12
2024-05-11T03:02:30Z,482.6,83.44,-143.67,6.498187e-12
2024-05-11T03:03:00Z,482.5,81.66,-138.48,6.716903e-12
2024-05-11T03:03:30Z,482.3,79.84,-135.17,6.915965e-12
2024-05-11T03:04:00Z,482.2,77.99,-132.9,7.087874e-12
2024-05-11T03:04:30Z,482.0,76.12,-131.26,7.226738e-12
2024-05-11T03:05:00Z,481.7,74.24,-130.03,7.328904e-12
2024-05-11T03:05:30Z,481.5,72.36,-129.09,7.392869e-12
2024-05-11T03:06:00Z,481.2,70.47,-128.35,7.419611e-12
2024-05-11T03:06:30Z,480.9,68.58,-127.75,7.412785e-12
2024-05-11T03:07:00Z,480.6,66.69,-127.27,7.377520e-12
2024-05-11T03:07:30Z,480.2,64.79,-126.87,7.319983e-12
2024-05-11T03:08:00Z,479.9,62.89,-126.54,7.243935e-12
2024-05-11T03:08:30Z,479.5,60.99,-126.27,7.154059e-12
2024-05-11T03:09:00Z,479.1,59.08,-126.04,7.057995e-12
2024-05-11T03:09:30Z,478.7,57.18,-125.85,6.959719e-12
2024-05-11T03:10:00Z,478.3,55.27,-125.69,6.859774e-12
2024-05-11T03:10:30Z,477.9,53.36,-125.55,6.757826e-12
2024-05-11T03:11:00Z,477.5,51.45,-125.44,6.653820e-12
2024-05-11T03:11:30Z,477.1,49.54,-125.35,6.546417e-12
2024-05-11T03:12:00Z,476.7,47.63,-125.27,6.435128e-12
2024-05-11T03:12:30Z,476.3,45.72,-125.21,6.320055e-12
2024-05-11T03:13:00Z,475.9,43.81,-125.16,6.202200e-12
2024-05-11T03:13:30Z,475.5,41.89,-125.12,6.082849e-12
2024-05-11T03:14:00Z,475.1,39.98,-125.09,5.962672e-12
2024-05-11T03:14:30Z,474.7,38.06,-125.07,5.841232e-12
2024-05-11T03:15:00Z,474.4,36.15,-125.06,5.717819e-12
2024-05-11T03:15:30Z,474.0,34.23,-125.05,5.592843e-12
2024-05-11T03:16:00Z,473.7,32.31,-125.05,5.467781e-12
2024-05-11T03:16:30Z,473.4,30.39,-125.05,5.345026e-12
2024-05-11T03:17:00Z,473.2,28.47,-125.06,5.227469e-12
2024-05-11T03:17:30Z,472.9,26.55,-125.07,5.117526e-12
2024-05-11T03:18:00Z,472.7,24.63,-125.09,5.017433e-12
2024-05-11T03:18:30Z,472.6,22.71,-125.11,4.927275e-12
2024-05-11T03:19:00Z,472.4,20.79,-125.13,4.847520e-12
2024-05-11T03:19:30Z,472.3,18.86,-125.16,4.780104e-12
2024-05-11T03:20:00Z,472.2,16.94,-125.18,4.724978e-12
2024-05-11T03:20:30Z,472.2,15.02,-125.21,4.682048e-12
2024-05-11T03:21:00Z,472.2,13.09,-125.24,4.651000e-12
2024-05-11T03:21:30Z,472.2,11.17,-125.28,4.631167e-12
2024-05-11T03:22:00Z,472.3,9.25,-125.31,4.622041e-12
2024-05-11T03:22:30Z,472.4,7.32,-125.34,4.623035e-12
2024-05-11T03:23:00Z,472.6,5.4,-125.38,4.633397e-12
2024-05-11T03:23:30Z,472.8,3.47,-125.42,4.652566e-12
2024-05-11T03:24:00Z,473.1,1.55,-125.45,4.679739e-12
2024-05-11T03:24:30Z,473.3,-0.37,-125.49,4.713998e-12
2024-05-11T03:25:00Z,473.7,-2.3,-125.53,4.754792e-12
2024-05-11T03:25:30Z,474.0,-4.22,-125.56,4.801201e-12
2024-05-11T03:26:00Z,474.4,-6.14,-125.6,4.852388e-12
2024-05-11T03:26:30Z,474.9,-8.07,-125.63,4.907488e-12
2024-05-11T03:27:00Z,475.4,-9.99,-125.67,4.966158e-12
2024-05-11T03:27:30Z,475.9,-11.91,-125.7,5.027491e-12
2024-05-11T03:28:00Z,476.5,-13.83,-125.73,5.090913e-12
2024-05-11T03:28:30Z,477.0,-15.75,-125.76,5.155236e-12
2024-05-11T03:29:00Z,477.7,-17.68,-125.79,5.218045e-12
2024-05-11T03:29:30Z,478.3,-19.59,-125.82,5.281278e-12
2024-05-11T03:30:00Z,479.0,-21.51,-125.84,5.344568e-12
2024-05-11T03:30:30Z,479.7,-23.43,-125.86,5.408097e-12
2024-05-11T03:31:00Z,480.4,-25.35,-125.88,5.471150e-12
2024-05-11T03:31:30Z,481.2,-27.27,-125.9,5.534299e-12
2024-05-11T03:32:00Z,482.0,-29.18,-125.91,5.597172e-12
2024-05-11T03:32:30Z,482.8,-31.1,-125.92,5.659637e-12
2024-05-11T03:33:00Z,483.6,-33.01,-125.92,5.721987e-12
2024-05-11T03:33:30Z,484.4,-34.92,-125.92,5.785494e-12
2024-05-11T03:34:00Z,485.2,-36.83,-125.91,5.849332e-12
2024-05-11T03:34:30Z,486.0,-38.74,-125.89,5.911553e-12
2024-05-11T03:35:00Z,486.9,-40.65,-125.87,5.965977e-12
2024-05-11T03:35:30Z,487.7,-42.56,-125.84,6.002746e-12
2024-05-11T03:36:00Z,488.5,-44.47,-125.79,6.009151e-12
2024-05-11T03:36:30Z,489.3,-46.37,-125.74,5.974751e-12
2024-05-11T03:37:00Z,490.1,-48.28,-125.67,5.898851e-12
2024-05-11T03:37:30Z,490.9,-50.18,-125.59,5.791459e-12
2024-05-11T03:38:00Z,491.7,-52.08,-125.49,5.669830e-12
2024-05-11T03:38:30Z,492.5,-53.98,-125.38,5.549718e-12
2024-05-11T03:39:00Z,493.2,-55.88,-125.24,5.441773e-12
2024-05-11T03:39:30Z,494.0,-57.78,-125.07,5.350582e-12
2024-05-11T03:40:00Z,494.7,-59.68,-124.87,5.276328e-12
2024-05-11T03:40:30Z,495.3,-61.57,-124.63,5.212347e-12
2024-05-11T03:41:00Z,496.0,-63.46,-124.34,5.159614e-12
2024-05-11T03:41:30Z,496.6,-65.35,-124.0,5.115793e-12
2024-05-11T03:42:00Z,497.2,-67.24,-123.58,5.077949e-12
2024-05-11T03:42:30Z,497.7,-69.13,-123.07,5.043404e-12
2024-05-11T03:43:00Z,498.2,-71.01,-122.44,5.003709e-12
2024-05-11T03:43:30Z,498.6,-72.88,-121.65,4.965793e-12
2024-05-11T03:44:00Z,499.1,-74.76,-120.64,4.929182e-12
2024-05-11T03:44:30Z,499.4,-76.62,-119.33,4.893439e-12
2024-05-11T03:45:00Z,499.7,-78.47,-117.56,4.859193e-12
2024-05-11T03:45:30Z,500.0,-80.31,-115.08,4.827158e-12
2024-05-11T03:46:00Z,500.3,-82.12,-111.41,4.796068e-12
2024-05-11T03:46:30Z,500.4,-83.87,-105.55,4.770740e-12
2024-05-11T03:47:00Z,500.6,-85.51,-95.17,4.751751e-12
2024-05-11T03:47:30Z,500.6,-86.84,-74.63,4.740432e-12
2024-05-11T03:48:00Z,500.7,-87.35,-38.0,4.738088e-12
2024-05-11T03:48:30Z,500.7,-86.65,-3.68,4.740890e-12
2024-05-11T03:49:00Z,500.6,-85.25,14.59,4.744585e-12
2024-05-11T03:49:30Z,500.5,-83.59,23.96,4.749236e-12
2024-05-11T03:50:00Z,500.3,-81.82,29.35,4.755076e-12
2024-05-11T03:50:30Z,500.1,-80.01,32.77,4.761501e-12
2024-05-11T03:51:00Z,499.8,-78.17,35.11,4.767247e-12
2024-05-11T03:51:30Z,499.5,-76.31,36.79,4.772099e-12
2024-05-11T03:52:00Z,499.2,-74.45,38.04,4.775806e-12
2024-05-11T03:52:30Z,498.8,-72.57,39.01,4.778163e-12
2024-05-11T03:53:00Z,498.3,-70.7,39.76,4.778897e-12
2024-05-11T03:53:30Z,497.8,-68.81,40.37,4.778015e-12
2024-05-11T03:54:00Z,497.3,-66.93,40.87,4.776113e-12
2024-05-11T03:54:30Z,496.7,-65.04,41.27,4.774154e-12
2024-05-11T03:55:00Z,496.1,-63.15,41.61,4.772793e-12
2024-05-11T03:55:30Z,495.5,-61.26,41.88,4.771365e-12
2024-05-11T03:56:00Z,494.9,-59.36,42.12,4.768897e-12
2024-05-11T03:56:30Z,494.2,-57.47,42.31,4.768015e-12
2024-05-11T03:57:00Z,493.5,-55.57,42.48,4.768869e-12
2024-05-11T03:57:30Z,492.7,-53.67,42.61,4.773075e-12
2024-05-11T03:58:00Z,492.0,-51.77,42.73,4.782104e-12
2024-05-11T03:58:30Z,491.2,-49.87,42.82,4.797344e-12
2024-05-11T03:59:00Z,490.4,-47.96,42.9,4.813917e-12
2024-05-11T03:59:30Z,489.6,-46.06,42.96,4.838923e-12
2024-05-11T04:00:00Z,488.8,-44.15,43.02,4.873436e-12
2024-05-11T04:00:30Z,488.0,-42.25,43.06,4.916217e-12
2024-05-11T04:01:00Z,487.2,-40.34,43.09,4.965626e-12
2024-05-11T04:01:30Z,486.3,-38.43,43.11,5.019972e-12
2024-05-11T04:02:00Z,485.5,-36.52,43.12,5.074645e-12
2024-05-11T04:02:30Z,484.7,-34.61,43.13,5.127320e-12
2024-05-11T04:03:00Z,483.9,-32.7,43.13,5.180445e-12
2024-05-11T04:03:30Z,483.1,-30.78,43.13,5.232653e-12
2024-05-11T04:04:00Z,482.3,-28.87,43.12,5.282906e-12
2024-05-11T04:04:30Z,481.6,-26.95,43.11,5.330536e-12
2024-05-11T04:05:00Z,480.8,-25.04,43.09,5.374606e-12
2024-05-11T04:05:30Z,480.1,-23.12,43.08,5.414326e-12
2024-05-11T04:06:00Z,479.4,-21.2,43.05,5.449064e-12
2024-05-11T04:06:30Z,478.7,-19.28,43.03,5.478243e-12
2024-05-11T04:07:00Z,478.1,-17.36,43.0,5.501583e-12
2024-05-11T04:07:30Z,477.5,-15.44,42.97,5.518584e-12
2024-05-11T04:08:00Z,476.9,-13.52,42.94,5.531033e-12
2024-05-11T04:08:30Z,476.3,-11.6,42.91,5.539898e-12
2024-05-11T04:09:00Z,475.8,-9.68,42.88,5.542450e-12
2024-05-11T04:09:30Z,475.3,-7.76,42.84,5.538882e-12
2024-05-11T04:10:00Z,474.9,-5.83,42.81,5.529265e-12
2024-05-11T04:10:30Z,474.5,-3.91,42.77,5.514310e-12
2024-05-11T04:11:00Z,474.1,-1.99,42.73,5.494660e-12
2024-05-11T04:11:30Z,473.8,-0.06,42.7,5.470802e-12
2024-05-11T04:12:00Z,473.5,1.86,42.66,5.443983e-12
2024-05-11T04:12:30Z,473.3,3.78,42.62,5.414937e-12
2024-05-11T04:13:00Z,473.1,5.71,42.59,5.384567e-12
2024-05-11T04:13:30Z,472.9,7.63,42.55,5.352564e-12
2024-05-11T04:14:00Z,472.8,9.55,42.52,5.320257e-12
2024-05-11T04:14:30Z,472.7,11.48,42.48,5.285316e-12
2024-05-11T04:15:00Z,472.7,13.4,42.45,5.250779e-12
2024-05-11T04:15:30Z,472.7,15.33,42.42,5.218128e-12
2024-05-11T04:16:00Z,472.7,17.25,42.39,5.187472e-12
2024-05-11T04:16:30Z,472.8,19.17,42.36,5.158942e-12
2024-05-11T04:17:00Z,472.9,21.09,42.34,5.132479e-12
2024-05-11T04:17:30Z,473.1,23.01,42.32,5.107688e-12
2024-05-11T04:18:00Z,473.2,24.94,42.3,5.084235e-12
2024-05-11T04:18:30Z,473.4,26.86,42.28,5.062149e-12
2024-05-11T04:19:00Z,473.7,28.78,42.27,5.040831e-12
2024-05-11T04:19:30Z,473.9,30.7,42.26,5.019574e-12
2024-05-11T04:20:00Z,474.2,32.62,42.26,4.995447e-12
2024-05-11T04:20:30Z,474.5,34.53,42.26,4.970799e-12
2024-05-11T04:21:00Z,474.8,36.45,42.27,4.945892e-12
2024-05-11T04:21:30Z,475.2,38.37,42.29,4.920655e-12
2024-05-11T04:22:00Z,475.5,40.28,42.31,4.895430e-12
2024-05-11T04:22:30Z,475.9,42.2,42.34,4.869728e-12
2024-05-11T04:23:00Z,476.3,44.11,42.38,4.843476e-12
2024-05-11T04:23:30Z,476.6,46.02,42.43,4.813351e-12
2024-05-11T04:24:00Z,477.0,47.94,42.5,4.779593e-12
2024-05-11T04:24:30Z,477.4,49.85,42.57,4.743592e-12
2024-05-11T04:25:00Z,477.8,51.76,42.67,4.704441e-12
2024-05-11T04:25:30Z,478.2,53.66,42.79,4.661669e-12
2024-05-11T04:26:00Z,478.6,55.57,42.92,4.615299e-12
2024-05-11T04:26:30Z,479.0,57.48,43.09,4.566338e-12
2024-05-11T04:27:00Z,479.4,59.38,43.28,4.517226e-12
2024-05-11T04:27:30Z,479.7,61.29,43.52,4.471628e-12
2024-05-11T04:28:00Z,480.1,63.19,43.8,4.431363e-12
2024-05-11T04:28:30Z,480.4,65.09,44.14,4.395686e-12
2024-05-11T04:29:00Z,480.7,66.98,44.55,4.360932e-12
2024-05-11T04:29:30Z,481.0,68.88,45.05,4.324888e-12
2024-05-11T04:30:00Z,481.3,70.77,45.66,4.285572e-12
2024-05-11T04:30:30Z,481.6,72.66,46.43,4.242489e-12
2024-05-11T04:31:00Z,481.8,74.54,47.42,4.197553e-12
2024-05-11T04:31:30Z,482.0,76.41,48.69,4.153843e-12
2024-05-11T04:32:00Z,482.2,78.28,50.41,4.114849e-12
2024-05-11T04:32:30Z,482.3,80.13,52.81,4.083788e-12
2024-05-11T04:33:00Z,482.5,81.95,56.35,4.063274e-12
2024-05-11T04:33:30Z,482.6,83.71,61.96,4.055034e-12
2024-05-11T04:34:00Z,482.6,85.37,71.84,4.059835e-12
2024-05-11T04:34:30Z,482.7,86.75,91.32,4.078060e-12
2024-05-11T04:35:00Z,482.7,87.36,127.12,4.108788e-12
2024-05-11T04:35:30Z,482.7,86.73,162.7,4.145535e-12
2024-05-11T04:36:00Z,482.6,85.35,-178.03,4.184755e-12
2024-05-11T04:36:30Z,482.5,83.69,-168.24,4.225511e-12
2024-05-11T04:37:00Z,482.4,81.92,-162.67,4.265004e-12
2024-05-11T04:37:30Z,482.3,80.1,-159.16,4.300974e-12
2024-05-11T04:38:00Z,482.1,78.25,-156.77,4.331714e-12
2024-05-11T04:38:30Z,481.9,76.39,-155.06,4.356370e-12
2024-05-11T04:39:00Z,481.7,74.51,-153.79,4.376497e-12
2024-05-11T04:39:30Z,481.4,72.63,-152.81,4.394887e-12
2024-05-11T04:40:00Z,481.1,70.74,-152.04,4.414665e-12
2024-05-11T04:40:30Z,480.8,68.85,-151.43,4.439909e-12
2024-05-11T04:41:00Z,480.5,66.95,-150.93,4.478497e-12
2024-05-11T04:41:30Z,480.2,65.06,-150.52,4.532555e-12
2024-05-11T04:42:00Z,479.8,63.16,-150.19,4.598786e-12
2024-05-11T04:42:30Z,479.5,61.26,-149.91,4.675320e-12
2024-05-11T04:43:00Z,479.1,59.35,-149.67,4.763290e-12
2024-05-11T04:43:30Z,478.7,57.45,-149.48,4.860708e-12
2024-05-11T04:44:00Z,478.3,55.54,-149.31,4.964614e-12
2024-05-11T04:44:30Z,477.9,53.63,-149.17,5.062867e-12
2024-05-11T04:45:00Z,477.5,51.72,-149.06,5.159251e-12
2024-05-11T04:45:30Z,477.1,49.81,-148.96,5.254538e-12
2024-05-11T04:46:00Z,476.7,47.9,-148.89,5.347655e-12
2024-05-11T04:46:30Z,476.2,45.99,-148.82,5.443060e-12
2024-05-11T04:47:00Z,475.8,44.08,-148.77,5.540298e-12
2024-05-11T04:47:30Z,475.5,42.16,-148.73,5.633303e-12
2024-05-11T04:48:00Z,475.1,40.25,-148.7,5.719919e-12
2024-05-11T04:48:30Z,474.7,38.33,-148.68,5.796953e-12
2024-05-11T04:49:00Z,474.4,36.42,-148.66,5.853297e-12
2024-05-11T04:49:30Z,474.0,34.5,-148.65,5.898928e-12
2024-05-11T04:50:00Z,473.7,32.58,-148.65,5.934060e-12
2024-05-11T04:50:30Z,473.4,30.66,-148.65,5.958921e-12
2024-05-11T04:51:00Z,473.1,28.74,-148.66,5.973470e-12
2024-05-11T04:51:30Z,472.9,26.82,-148.67,5.977629e-12
2024-05-11T04:52:00Z,472.7,24.9,-148.69,5.972717e-12
2024-05-11T04:52:30Z,472.5,22.98,-148.71,5.956879e-12
2024-05-11T04:53:00Z,472.4,21.06,-148.73,5.932049e-12
2024-05-11T04:53:30Z,472.3,19.14,-148.76,5.899189e-12
2024-05-11T04:54:00Z,472.2,17.21,-148.78,5.858353e-12
2024-05-11T04:54:30Z,472.1,15.29,-148.81,5.810329e-12
2024-05-11T04:55:00Z,472.1,13.37,-148.84,5.755718e-12
2024-05-11T04:55:30Z,472.2,11.44,-148.88,5.695115e-12
2024-05-11T04:56:00Z,472.3,9.52,-148.91,5.629267e-12
2024-05-11T04:56:30Z,472.4,7.59,-148.94,5.558876e-12
2024-05-11T04:57:00Z,472.5,5.67,-148.98,5.484906e-12
2024-05-11T04:57:30Z,472.7,3.75,-149.02,5.406938e-12
2024-05-11T04:58:00Z,473.0,1.82,-149.05,5.326187e-12
2024-05-11T04:58:30Z,473.3,-0.1,-149.09,5.245078e-12
2024-05-11T04:59:00Z,473.6,-2.03,-149.13,5.164780e-12
2024-05-11T04:59:30Z,473.9,-3.95,-149.16,5.085748e-12
2024-05-11T05:00:00Z,474.4,-5.87,-149.2,5.008871e-12
2024-05-11T05:00:30Z,474.8,-7.8,-149.23,4.935166e-12
2024-05-11T05:01:00Z,475.3,-9.72,-149.27,4.865243e-12
2024-05-11T05:01:30Z,475.8,-11.64,-149.3,4.799618e-12
2024-05-11T05:02:00Z,476.3,-13.56,-149.33,4.738940e-12
2024-05-11T05:02:30Z,476.9,-15.48,-149.36,4.683457e-12
2024-05-11T05:03:00Z,477.6,-17.4,-149.39,4.633761e-12
2024-05-11T05:03:30Z,478.2,-19.32,-149.42,4.589806e-12
2024-05-11T05:04:00Z,478.9,-21.24,-149.45,4.551682e-12
2024-05-11T05:04:30Z,479.6,-23.16,-149.47,4.519948e-12
2024-05-11T05:05:00Z,480.3,-25.08,-149.49,4.494868e-12
2024-05-11T05:05:30Z,481.1,-27.0,-149.5,4.476905e-12
2024-05-11T05:06:00Z,481.8,-28.91,-149.51,4.466889e-12
2024-05-11T05:06:30Z,482.6,-30.83,-149.52,4.465244e-12
2024-05-11T05:07:00Z,483.4,-32.74,-149.53,4.472319e-12
2024-05-11T05:07:30Z,484.2,-34.65,-149.52,4.486286e-12
2024-05-11T05:08:00Z,485.1,-36.56,-149.52,4.502474e-12
2024-05-11T05:08:30Z,485.9,-38.47,-149.5,4.510575e-12
2024-05-11T05:09:00Z,486.7,-40.38,-149.48,4.500048e-12
2024-05-11T05:09:30Z,487.6,-42.29,-149.45,4.461535e-12
2024-05-11T05:10:00Z,488.4,-44.2,-149.41,4.394811e-12
2024-05-11T05:10:30Z,489.2,-46.1,-149.36,4.310281e-12
2024-05-11T05:11:00Z,490.0,-48.01,-149.29,4.222274e-12
2024-05-11T05:11:30Z,490.8,-49.91,-149.21,4.147137e-12
2024-05-11T05:12:00Z,491.6,-51.81,-149.12,4.092310e-12
2024-05-11T05:12:30Z,492.4,-53.72,-149.0,4.059959e-12
2024-05-11T05:13:00Z,493.1,-55.61,-148.87,4.047157e-12
2024-05-11T05:13:30Z,493.9,-57.51,-148.7,4.050515e-12
2024-05-11T05:14:00Z,494.6,-59.41,-148.51,4.068112e-12
2024-05-11T05:14:30Z,495.2,-61.3,-148.27,4.096216e-12
2024-05-11T05:15:00Z,495.9,-63.2,-147.99,4.132038e-12
2024-05-11T05:15:30Z,496.5,-65.09,-147.66,4.170837e-12
2024-05-11T05:16:00Z,497.1,-66.97,-147.25,4.208203e-12
2024-05-11T05:16:30Z,497.6,-68.86,-146.75,4.247326e-12
2024-05-11T05:17:00Z,498.1,-70.74,-146.14,4.287364e-12
2024-05-11T05:17:30Z,498.6,-72.62,-145.38,4.327454e-12
2024-05-11T05:18:00Z,499.0,-74.49,-144.41,4.367910e-12
2024-05-11T05:18:30Z,499.4,-76.36,-143.15,4.407838e-12
2024-05-11T05:19:00Z,499.7,-78.21,-141.46,4.446855e-12
2024-05-11T05:19:30Z,500.0,-80.05,-139.1,4.487009e-12
2024-05-11T05:20:00Z,500.2,-81.87,-135.65,4.528141e-12
2024-05-11T05:20:30Z,500.4,-83.63,-130.2,4.568774e-12
2024-05-11T05:21:00Z,500.5,-85.29,-120.69,4.608460e-12
2024-05-11T05:21:30Z,500.6,-86.68,-102.09,4.647469e-12
2024-05-11T05:22:00Z,500.7,-87.36,-67.38,4.686382e-12
2024-05-11T05:22:30Z,500.7,-86.81,-31.04,4.721920e-12
2024-05-11T05:23:00Z,500.6,-85.47,-10.86,4.743933e-12
2024-05-11T05:23:30Z,500.5,-83.83,-0.64,4.753479e-12
2024-05-11T05:24:00Z,500.3,-82.07,5.15,4.753001e-12
2024-05-11T05:24:30Z,500.1,-80.27,8.77,4.742522e-12
2024-05-11T05:25:00Z,499.9,-78.43,11.23,4.721815e-12
2024-05-11T05:25:30Z,499.6,-76.58,12.98,4.691117e-12
2024-05-11T05:26:00Z,499.2,-74.71,14.29,4.650978e-12
2024-05-11T05:26:30Z,498.8,-72.84,15.28,4.602931e-12
2024-05-11T05:27:00Z,498.4,-70.96,16.07,4.550866e-12
2024-05-11T05:27:30Z,497.9,-69.08,16.69,4.491931e-12
2024-05-11T05:28:00Z,497.4,-67.19,17.2,4.426341e-12
2024-05-11T05:28:30Z,496.8,-65.31,17.62,4.356875e-12
2024-05-11T05:29:00Z,496.2,-63.42,17.96,4.285589e-12
2024-05-11T05:29:30Z,495.6,-61.52,18.25,4.211112e-12
2024-05-11T05:30:00Z,495.0,-59.63,18.48,4.137181e-12
2024-05-11T05:30:30Z,494.3,-57.73,18.68,4.061314e-12
2024-05-11T05:31:00Z,493.6,-55.84,18.85,3.991763e-12
2024-05-11T05:31:30Z,492.8,-53.94,18.99,3.930397e-12
2024-05-11T05:32:00Z,492.1,-52.04,19.11,3.878301e-12
2024-05-11T05:32:30Z,491.3,-50.14,19.21,3.832567e-12
2024-05-11T05:33:00Z,490.5,-48.23,19.29,3.799199e-12
2024-05-11T05:33:30Z,489.7,-46.33,19.35,3.778210e-12
2024-05-11T05:34:00Z,488.9,-44.42,19.41,3.769202e-12
2024-05-11T05:34:30Z,488.1,-42.52,19.45,3.771089e-12
2024-05-11T05:35:00Z,487.3,-40.61,19.48,3.782164e-12
2024-05-11T05:35:30Z,486.4,-38.7,19.5,3.801489e-12
2024-05-11T05:36:00Z,485.6,-36.79,19.52,3.830638e-12
2024-05-11T05:36:30Z,484.8,-34.88,19.53,3.869031e-12
2024-05-11T05:37:00Z,484.0,-32.97,19.53,3.915871e-12
2024-05-11T05:37:30Z,483.2,-31.05,19.53,3.970790e-12
2024-05-11T05:38:00Z,482.4,-29.14,19.52,4.033574e-12
2024-05-11T05:38:30Z,481.7,-27.22,19.51,4.103596e-12
2024-05-11T05:39:00Z,480.9,-25.31,19.49,4.180516e-12
2024-05-11T05:39:30Z,480.2,-23.39,19.47,4.263652e-12
2024-05-11T05:40:00Z,479.5,-21.47,19.45,4.352411e-12
2024-05-11T05:40:30Z,478.8,-19.55,19.43,4.445953e-12
2024-05-11T05:41:00Z,478.2,-17.63,19.4,4.543185e-12
2024-05-11T05:41:30Z,477.6,-15.71,19.37,4.642974e-12
2024-05-11T05:42:00Z,477.0,-13.79,19.34,4.744414e-12
2024-05-11T05:42:30Z,476.4,-11.87,19.31,4.846404e-12
2024-05-11T05:43:00Z,475.9,-9.95,19.28,4.947689e-12
2024-05-11T05:43:30Z,475.4,-8.03,19.24,5.047172e-12
2024-05-11T05:44:00Z,475.0,-6.11,19.21,5.143789e-12
2024-05-11T05:44:30Z,474.6,-4.18,19.17,5.236392e-12
2024-05-11T05:45:00Z,474.2,-2.26,19.13,5.323938e-12
2024-05-11T05:45:30Z,473.9,-0.34,19.1,5.405670e-12
2024-05-11T05:46:00Z,473.6,1.59,19.06,5.480622e-12
2024-05-11T05:46:30Z,473.3,3.51,19.02,5.548445e-12
2024-05-11T05:47:00Z,473.1,5.44,18.99,5.608331e-12
2024-05-11T05:47:30Z,472.9,7.36,18.95,5.660069e-12
2024-05-11T05:48:00Z,472.8,9.28,18.92,5.703169e-12
2024-05-11T05:48:30Z,472.7,11.21,18.88,5.737749e-12
2024-05-11T05:49:00Z,472.7,13.13,18.85,5.763457e-12
2024-05-11T05:49:30Z,472.7,15.05,18.82,5.780441e-12
2024-05-11T05:50:00Z,472.7,16.98,18.79,5.789139e-12
2024-05-11T05:50:30Z,472.8,18.9,18.76,5.790044e-12
2024-05-11T05:51:00Z,472.9,20.82,18.74,5.783648e-12
2024-05-11T05:51:30Z,473.0,22.74,18.72,5.771029e-12
2024-05-11T05:52:00Z,473.2,24.67,18.7,5.753084e-12
2024-05-11T05:52:30Z,473.4,26.59,18.68,5.730869e-12
2024-05-11T05:53:00Z,473.6,28.51,18.67,5.704361e-12
2024-05-11T05:53:30Z,473.8,30.43,18.66,5.673632e-12
2024-05-11T05:54:00Z,474.1,32.34,18.65,5.641935e-12
2024-05-11T05:54:30Z,474.4,34.26,18.66,5.610550e-12
2024-05-11T05:55:00Z,474.7,36.18,18.66,5.580224e-12
2024-05-11T05:55:30Z,475.1,38.1,18.68,5.551515e-12
2024-05-11T05:56:00Z,475.4,40.01,18.7,5.524728e-12
2024-05-11T05:56:30Z,475.8,41.93,18.73,5.500187e-12
2024-05-11T05:57:00Z,476.2,43.84,18.77,5.475789e-12
2024-05-11T05:57:30Z,476.6,45.75,18.82,5.449775e-12
2024-05-11T05:58:00Z,476.9,47.67,18.88,5.424578e-12
2024-05-11T05:58:30Z,477.3,49.58,18.96,5.398688e-12
2024-05-11T05:59:00Z,477.7,51.49,19.05,5.371012e-12
2024-05-11T05:59:30Z,478.1,53.4,19.16,5.340557e-12
2024-05-11T06:00:00Z,478.5,55.3,19.3,5.312686e-12
2024-05-11T06:00:30Z,478.9,57.21,19.46,5.278695e-12
2024-05-11T06:01:00Z,479.3,59.11,19.65,5.246326e-12
2024-05-11T06:01:30Z,479.6,61.02,19.88,5.217841e-12
2024-05-11T06:02:00Z,480.0,62.92,20.15,5.192834e-12
2024-05-11T06:02:30Z,480.3,64.82,20.48,5.167731e-12
2024-05-11T06:03:00Z,480.6,66.72,20.88,5.136732e-12
2024-05-11T06:03:30Z,480.9,68.61,21.36,5.097852e-12
2024-05-11T06:04:00Z,481.2,70.5,21.96,5.048578e-12
2024-05-11T06:04:30Z,481.5,72.39,22.7,4.993834e-12
2024-05-11T06:05:00Z,481.7,74.28,23.65,4.938790e-12
2024-05-11T06:05:30Z,481.9,76.15,24.88,4.888691e-12
2024-05-11T06:06:00Z,482.1,78.02,26.52,4.848772e-12
2024-05-11T06:06:30Z,482.3,79.87,28.81,4.824184e-12
2024-05-11T06:07:00Z,482.4,81.69,32.14,4.817722e-12
2024-05-11T06:07:30Z,482.5,83.47,37.37,4.831073e-12
2024-05-11T06:08:00Z,482.6,85.15,46.43,4.863888e-12
2024-05-11T06:08:30Z,482.6,86.59,64.05,4.913129e-12
2024-05-11T06:09:00Z,482.6,87.35,97.74,4.976712e-12
2024-05-11T06:09:30Z,482.6,86.88,135.14,5.048608e-12
2024-05-11T06:10:00Z,482.5,85.57,156.43,5.123030e-12
2024-05-11T06:10:30Z,482.5,83.93,167.12,5.198187e-12
2024-05-11T06:11:00Z,482.3,82.17,173.11,5.271558e-12
2024-05-11T06:11:30Z,482.2,80.36,176.83,5.340293e-12
2024-05-11T06:12:00Z,482.0,78.51,179.34,5.403557e-12
2024-05-11T06:12:30Z,481.8,76.65,-178.87,5.461415e-12
2024-05-11T06:13:00Z,481.6,74.77,-177.55,5.515943e-12
2024-05-11T06:13:30Z,481.4,72.89,-176.53,5.570413e-12
2024-05-11T06:14:00Z,481.1,71.01,-175.74,5.628386e-12
2024-05-11T06:14:30Z,480.8,69.11,-175.11,5.688843e-12
2024-05-11T06:15:00Z,480.5,67.22,-174.6,5.751521e-12
2024-05-11T06:15:30Z,480.1,65.32,-174.18,5.815314e-12
2024-05-11T06:16:00Z,479.8,63.42,-173.83,5.877553e-12
2024-05-11T06:16:30Z,479.4,61.52,-173.54,5.934645e-12
2024-05-11T06:17:00Z,479.1,59.62,-173.31,5.982935e-12
2024-05-11T06:17:30Z,478.7,57.71,-173.1,6.019059e-12
2024-05-11T06:18:00Z,478.3,55.81,-172.94,6.040765e-12
2024-05-11T06:18:30Z,477.9,53.9,-172.8,6.047981e-12
2024-05-11T06:19:00Z,477.4,51.99,-172.68,6.041311e-12
2024-05-11T06:19:30Z,477.0,50.08,-172.58,6.023588e-12
2024-05-11T06:20:00Z,476.6,48.17,-172.5,5.995705e-12
2024-05-11T06:20:30Z,476.2,46.26,-172.43,5.954261e-12
2024-05-11T06:21:00Z,475.8,44.35,-172.38,5.903248e-12
2024-05-11T06:21:30Z,475.4,42.43,-172.34,5.843001e-12
2024-05-11T06:22:00Z,475.0,40.52,-172.31,5.774515e-12
2024-05-11T06:22:30Z,474.7,38.6,-172.28,5.699769e-12
2024-05-11T06:23:00Z,474.3,36.69,-172.27,5.621019e-12
2024-05-11T06:23:30Z,474.0,34.77,-172.26,5.540377e-12
2024-05-11T06:24:00Z,473.7,32.85,-172.25,5.459526e-12
2024-05-11T06:24:30Z,473.4,30.93,-172.26,5.379956e-12
2024-05-11T06:25:00Z,473.1,29.01,-172.26,5.302922e-12
2024-05-11T06:25:30Z,472.9,27.09,-172.28,5.229424e-12
2024-05-11T06:26:00Z,472.7,25.17,-172.29,5.158872e-12
2024-05-11T06:26:30Z,472.5,23.25,-172.31,5.091952e-12
2024-05-11T06:27:00Z,472.3,21.33,-172.33,5.030197e-12
2024-05-11T06:27:30Z,472.2,19.4,-172.36,4.973901e-12
2024-05-11T06:28:00Z,472.1,17.48,-172.38,4.923387e-12
2024-05-11T06:28:30Z,472.1,15.56,-172.41,4.878951e-12
2024-05-11T06:29:00Z,472.1,13.63,-172.44,4.840593e-12
2024-05-11T06:29:30Z,472.1,11.71,-172.48,4.808814e-12
2024-05-11T06:30:00Z,472.2,9.79,-172.51,4.783616e-12
2024-05-11T06:30:30Z,472.3,7.86,-172.54,4.765457e-12
2024-05-11T06:31:00Z,472.4,5.94,-172.58,4.754345e-12
2024-05-11T06:31:30Z,472.6,4.01,-172.62,4.750083e-12
2024-05-11T06:32:00Z,472.9,2.09,-172.65,4.752804e-12
2024-05-11T06:32:30Z,473.2,0.17,-172.69,4.762305e-12
2024-05-11T06:33:00Z,473.5,-1.76,-172.72,4.778513e-12
2024-05-11T06:33:30Z,473.8,-3.68,-172.76,4.801211e-12
2024-05-11T06:34:00Z,474.2,-5.61,-172.8,4.829987e-12
2024-05-11T06:34:30Z,474.7,-7.53,-172.83,4.864188e-12
2024-05-11T06:35:00Z,475.2,-9.45,-172.87,4.903284e-12
2024-05-11T06:35:30Z,475.7,-11.37,-172.9,4.946079e-12
2024-05-11T06:36:00Z,476.2,-13.3,-172.93,4.992265e-12
2024-05-11T06:36:30Z,476.8,-15.22,-172.97,5.040928e-12
2024-05-11T06:37:00Z,477.4,-17.14,-172.99,5.091636e-12
2024-05-11T06:37:30Z,478.1,-19.06,-173.02,5.143460e-12
2024-05-11T06:38:00Z,478.7,-20.98,-173.05,5.196357e-12
2024-05-11T06:38:30Z,479.4,-22.89,-173.07,5.250659e-12
2024-05-11T06:39:00Z,480.2,-24.81,-173.09,5.307154e-12
2024-05-11T06:39:30Z,480.9,-26.73,-173.11,5.366640e-12
2024-05-11T06:40:00Z,481.7,-28.64,-173.12,5.429321e-12
2024-05-11T06:40:30Z,482.5,-30.56,-173.13,5.494289e-12
2024-05-11T06:41:00Z,483.3,-32.47,-173.13,5.555001e-12
2024-05-11T06:41:30Z,484.1,-34.39,-173.13,5.598570e-12
2024-05-11T06:42:00Z,484.9,-36.3,-173.12,5.606467e-12
2024-05-11T06:42:30Z,485.8,-38.21,-173.11,5.564602e-12
2024-05-11T06:43:00Z,486.6,-40.12,-173.09,5.474501e-12
2024-05-11T06:43:30Z,487.4,-42.03,-173.06,5.354456e-12
2024-05-11T06:44:00Z,488.2,-43.93,-173.02,5.228052e-12
2024-05-11T06:44:30Z,489.1,-45.84,-172.97,5.111437e-12
2024-05-11T06:45:00Z,489.9,-47.74,-172.91,5.014691e-12
2024-05-11T06:45:30Z,490.7,-49.65,-172.83,4.938424e-12
2024-05-11T06:46:00Z,491.5,-51.55,-172.74,4.876384e-12
2024-05-11T06:46:30Z,492.3,-53.45,-172.63,4.824194e-12
2024-05-11T06:47:00Z,493.0,-55.35,-172.49,4.776459e-12
2024-05-11T06:47:30Z,493.8,-57.25,-172.33,4.728573e-12
2024-05-11T06:48:00Z,494.5,-59.14,-172.14,4.675846e-12
2024-05-11T06:48:30Z,495.1,-61.04,-171.91,4.611898e-12
2024-05-11T06:49:00Z,495.8,-62.93,-171.64,4.538540e-12
2024-05-11T06:49:30Z,496.4,-64.82,-171.31,4.459053e-12
2024-05-11T06:50:00Z,497.0,-66.71,-170.92,4.374780e-12
2024-05-11T06:50:30Z,497.5,-68.6,-170.44,4.286995e-12
2024-05-11T06:51:00Z,498.0,-70.48,-169.85,4.198747e-12
2024-05-11T06:51:30Z,498.5,-72.36,-169.11,4.110119e-12
2024-05-11T06:52:00Z,498.9,-74.23,-168.17,4.024859e-12
2024-05-11T06:52:30Z,499.3,-76.1,-166.96,3.944796e-12
2024-05-11T06:53:00Z,499.7,-77.96,-165.34,3.870116e-12
2024-05-11T06:53:30Z,500.0,-79.8,-163.1,3.800012e-12
2024-05-11T06:54:00Z,500.2,-81.62,-159.83,3.735599e-12
2024-05-11T06:54:30Z,500.4,-83.39,-154.75,3.676609e-12
2024-05-11T06:55:00Z,500.5,-85.07,-146.01,3.622817e-12
2024-05-11T06:55:30Z,500.6,-86.52,-129.16,3.574374e-12
2024-05-11T06:56:00Z,500.7,-87.33,-96.64,3.532518e-12
2024-05-11T06:56:30Z,500.7,-86.95,-58.73,3.496269e-12
2024-05-11T06:57:00Z,500.6,-85.68,-36.48,3.461057e-12
2024-05-11T06:57:30Z,500.5,-84.07,-25.31,3.427131e-12
2024-05-11T06:58:00Z,500.4,-82.32,-19.09,3.395651e-12
2024-05-11T06:58:30Z,500.2,-80.52,-15.24,3.366886e-12
2024-05-11T06:59:00Z,499.9,-78.69,-12.66,3.340803e-12
2024-05-11T06:59:30Z,499.6,-76.83,-10.83,3.317896e-12
2024-05-11T07:00:00Z,499.3,-74.97,-9.48,3.298156e-12
2024-05-11T07:00:30Z,498.9,-73.1,-8.44,3.280554e-12
2024-05-11T07:01:00Z,498.5,-71.22,-7.63,3.265329e-12
2024-05-11T07:01:30Z,498.0,-69.34,-6.99,3.253263e-12
2024-05-11T07:02:00Z,497.5,-67.46,-6.46,3.243445e-12
2024-05-11T07:02:30Z,496.9,-65.57,-6.04,3.237467e-12
2024-05-11T07:03:00Z,496.3,-63.68,-5.68,3.236134e-12
2024-05-11T07:03:30Z,495.7,-61.79,-5.39,3.237918e-12
2024-05-11T07:04:00Z,495.1,-59.89,-5.15,3.246357e-12
2024-05-11T07:04:30Z,494.4,-58.0,-4.94,3.262960e-12
2024-05-11T07:05:00Z,493.7,-56.1,-4.77,3.288290e-12
2024-05-11T07:05:30Z,493.0,-54.2,-4.63,3.321305e-12
2024-05-11T07:06:00Z,492.2,-52.3,-4.51,3.359011e-12
2024-05-11T07:06:30Z,491.4,-50.4,-4.41,3.404731e-12
2024-05-11T07:07:00Z,490.7,-48.5,-4.33,3.456787e-12
2024-05-11T07:07:30Z,489.9,-46.59,-4.26,3.514220e-12
2024-05-11T07:08:00Z,489.0,-44.69,-4.2,3.574645e-12
2024-05-11T07:08:30Z,488.2,-42.78,-4.16,3.634510e-12
2024-05-11T07:09:00Z,487.4,-40.87,-4.13,3.696059e-12
2024-05-11T07:09:30Z,486.6,-38.97,-4.1,3.758146e-12
2024-05-11T07:10:00Z,485.8,-37.06,-4.09,3.819925e-12
2024-05-11T07:10:30Z,485.0,-35.14,-4.08,3.880691e-12
2024-05-11T07:11:00Z,484.2,-33.23,-4.07,3.940016e-12
2024-05-11T07:11:30Z,483.4,-31.32,-4.08,3.998464e-12
2024-05-11T07:12:00Z,482.6,-29.41,-4.08,4.056347e-12
2024-05-11T07:12:30Z,481.8,-27.49,-4.09,4.112016e-12
2024-05-11T07:13:00Z,481.1,-25.57,-4.11,4.165634e-12
2024-05-11T07:13:30Z,480.3,-23.66,-4.13,4.216997e-12
2024-05-11T07:14:00Z,479.6,-21.74,-4.15,4.266168e-12
2024-05-11T07:14:30Z,478.9,-19.82,-4.17,4.313663e-12
2024-05-11T07:15:00Z,478.3,-17.9,-4.2,4.359487e-12
2024-05-11T07:15:30Z,477.7,-15.98,-4.23,4.404056e-12
2024-05-11T07:16:00Z,477.1,-14.06,-4.26,4.447370e-12
2024-05-11T07:16:30Z,476.5,-12.14,-4.29,4.489926e-12
2024-05-11T07:17:00Z,476.0,-10.22,-4.32,4.531792e-12
2024-05-11T07:17:30Z,475.5,-8.3,-4.36,4.573256e-12
2024-05-11T07:18:00Z,475.0,-6.37,-4.39,4.614439e-12
2024-05-11T07:18:30Z,474.6,-4.45,-4.43,4.655646e-12
2024-05-11T07:19:00Z,474.3,-2.53,-4.47,4.696916e-12
2024-05-11T07:19:30Z,473.9,-0.6,-4.5,4.738277e-12
2024-05-11T07:20:00Z,473.6,1.32,-4.54,4.780027e-12
2024-05-11T07:20:30Z,473.4,3.24,-4.58,4.821770e-12
2024-05-11T07:21:00Z,473.2,5.17,-4.61,4.861434e-12
2024-05-11T07:21:30Z,473.0,7.09,-4.65,4.899906e-12
2024-05-11T07:22:00Z,472.9,9.01,-4.68,4.937753e-12
2024-05-11T07:22:30Z,472.8,10.94,-4.72,4.974687e-12
2024-05-11T07:23:00Z,472.7,12.86,-4.75,5.010420e-12
2024-05-11T07:23:30Z,472.7,14.79,-4.78,5.044842e-12
2024-05-11T07:24:00Z,472.7,16.71,-4.81,5.077663e-12
2024-05-11T07:24:30Z,472.8,18.63,-4.84,5.109183e-12
2024-05-11T07:25:00Z,472.9,20.55,-4.86,5.139473e-12
2024-05-11T07:25:30Z,473.0,22.48,-4.89,5.168747e-12
2024-05-11T07:26:00Z,473.1,24.4,-4.91,5.196801e-12
2024-05-11T07:26:30Z,473.3,26.32,-4.92,5.221540e-12
2024-05-11T07:27:00Z,473.6,28.24,-4.94,5.244275e-12
2024-05-11T07:27:30Z,473.8,30.16,-4.95,5.266129e-12
2024-05-11T07:28:00Z,474.1,32.08,-4.95,5.288059e-12
2024-05-11T07:28:30Z,474.4,33.99,-4.95,5.310123e-12
2024-05-11T07:29:00Z,474.7,35.91,-4.94,5.332580e-12
2024-05-11T07:29:30Z,475.0,37.83,-4.93,5.355600e-12
2024-05-11T07:30:00Z,475.4,39.74,-4.91,5.379230e-12
2024-05-11T07:30:30Z,475.7,41.66,-4.88,5.401918e-12
2024-05-11T07:31:00Z,476.1,43.57,-4.84,5.422042e-12
2024-05-11T07:31:30Z,476.5,45.49,-4.8,5.442269e-12
2024-05-11T07:32:00Z,476.9,47.4,-4.74,5.461713e-12
2024-05-11T07:32:30Z,477.3,49.31,-4.66,5.479764e-12
2024-05-11T07:33:00Z,477.6,51.22,-4.57,5.495883e-12
2024-05-11T07:33:30Z,478.0,53.13,-4.46,5.510637e-12
2024-05-11T07:34:00Z,478.4,55.04,-4.33,5.524760e-12
2024-05-11T07:34:30Z,478.8,56.94,-4.17,5.540467e-12
2024-05-11T07:35:00Z,479.2,58.85,-3.99,5.558977e-12
2024-05-11T07:35:30Z,479.5,60.75,-3.76,5.578197e-12
2024-05-11T07:36:00Z,479.9,62.65,-3.5,5.593414e-12
2024-05-11T07:36:30Z,480.2,64.55,-3.18,5.597159e-12
2024-05-11T07:37:00Z,480.6,66.45,-2.79,5.586476e-12
2024-05-11T07:37:30Z,480.9,68.35,-2.32,5.560972e-12
2024-05-11T07:38:00Z,481.1,70.24,-1.74,5.523873e-12
2024-05-11T07:38:30Z,481.4,72.13,-1.02,5.479718e-12
2024-05-11T07:39:00Z,481.6,74.01,-0.1,5.433591e-12
2024-05-11T07:39:30Z,481.8,75.89,1.08,5.390836e-12
2024-05-11T07:40:00Z,482.0,77.76,2.66,5.354839e-12
2024-05-11T07:40:30Z,482.2,79.61,4.83,5.327673e-12
2024-05-11T07:41:00Z,482.3,81.44,7.98,5.309592e-12
2024-05-11T07:41:30Z,482.4,83.23,12.86,5.299683e-12
2024-05-11T07:42:00Z,482.5,84.93,21.2,5.296268e-12
2024-05-11T07:42:30Z,482.5,86.41,37.17,5.297185e-12
2024-05-11T07:43:00Z,482.5,87.31,68.51,5.300647e-12
2024-05-11T07:43:30Z,482.5,87.02,107.23,5.299937e-12
2024-05-11T07:44:00Z,482.4,85.78,130.69,5.289584e-12
2024-05-11T07:44:30Z,482.4,84.17,142.4,5.271363e-12
2024-05-11T07:45:00Z,482.3,82.42,148.84,5.246670e-12
2024-05-11T07:45:30Z,482.1,80.61,152.8,5.217317e-12
2024-05-11T07:46:00Z,481.9,78.77,155.44,5.185878e-12
2024-05-11T07:46:30Z,481.8,76.91,157.31,5.155221e-12
2024-05-11T07:47:00Z,481.5,75.04,158.69,5.128472e-12
2024-05-11T07:47:30Z,481.3,73.16,159.74,5.108423e-12
2024-05-11T07:48:00Z,481.0,71.27,160.56,5.096349e-12
2024-05-11T07:48:30Z,480.7,69.38,161.21,5.093039e-12
2024-05-11T07:49:00Z,480.4,67.48,161.73,5.097687e-12
2024-05-11T07:49:30Z,480.1,65.59,162.17,5.108797e-12
2024-05-11T07:50:00Z,479.7,63.69,162.52,5.130240e-12
2024-05-11T07:50:30Z,479.4,61.79,162.81,5.154323e-12
2024-05-11T07:51:00Z,479.0,59.88,163.06,5.175142e-12
2024-05-11T07:51:30Z,478.6,57.98,163.27,5.193408e-12
2024-05-11T07:52:00Z,478.2,56.07,163.44,5.209684e-12
2024-05-11T07:52:30Z,477.8,54.17,163.58,5.225444e-12
2024-05-11T07:53:00Z,477.4,52.26,163.7,5.239040e-12
2024-05-11T07:53:30Z,477.0,50.35,163.8,5.245843e-12
2024-05-11T07:54:00Z,476.5,48.44,163.89,5.252846e-12
2024-05-11T07:54:30Z,476.1,46.52,163.95,5.258872e-12
2024-05-11T07:55:00Z,475.7,44.61,164.01,5.263249e-12
2024-05-11T07:55:30Z,475.3,42.7,164.05,5.271749e-12
2024-05-11T07:56:00Z,475.0,40.78,164.09,5.283607e-12
2024-05-11T07:56:30Z,474.6,38.87,164.11,5.296783e-12
2024-05-11T07:57:00Z,474.2,36.95,164.13,5.312262e-12
2024-05-11T07:57:30Z,473.9,35.03,164.14,5.330866e-12
2024-05-11T07:58:00Z,473.6,33.12,164.14,5.342544e-12
2024-05-11T07:58:30Z,473.3,31.2,164.14,5.356803e-12
2024-05-11T07:59:00Z,473.0,29.28,164.13,5.374004e-12
2024-05-11T07:59:30Z,472.8,27.36,164.12,5.392678e-12
2024-05-11T08:00:00Z,472.5,25.44,164.11,5.412086e-12
2024-05-11T08:00:30Z,472.4,23.51,164.09,5.431216e-12
2024-05-11T08:01:00Z,472.2,21.59,164.07,5.450450e-12
2024-05-11T08:01:30Z,472.1,19.67,164.04,5.469314e-12
2024-05-11T08:02:00Z,472.0,17.75,164.02,5.487194e-12
2024-05-11T08:02:30Z,472.0,15.82,163.99,5.503364e-12
2024-05-11T08:03:00Z,472.0,13.9,163.96,5.517603e-12
2024-05-11T08:03:30Z,472.0,11.98,163.92,5.528785e-12
2024-05-11T08:04:00Z,472.0,10.05,163.89,5.537610e-12
2024-05-11T08:04:30Z,472.2,8.13,163.86,5.543877e-12
2024-05-11T08:05:00Z,472.3,6.2,163.82,5.547639e-12
2024-05-11T08:05:30Z,472.5,4.28,163.79,5.549404e-12
2024-05-11T08:06:00Z,472.7,2.35,163.75,5.549325e-12
2024-05-11T08:06:30Z,473.0,0.43,163.71,5.547413e-12
2024-05-11T08:07:00Z,473.3,-1.49,163.68,5.543616e-12
2024-05-11T08:07:30Z,473.7,-3.42,163.64,5.537983e-12
2024-05-11T08:08:00Z,474.1,-5.34,163.6,5.530181e-12
2024-05-11T08:08:30Z,474.5,-7.26,163.57,5.519355e-12
2024-05-11T08:09:00Z,475.0,-9.19,163.53,5.506746e-12
2024-05-11T08:09:30Z,475.5,-11.11,163.5,5.492062e-12
2024-05-11T08:10:00Z,476.1,-13.03,163.47,5.476521e-12
2024-05-11T08:10:30Z,476.6,-14.95,163.43,5.460441e-12
2024-05-11T08:11:00Z,477.2,-16.87,163.4,5.445105e-12
2024-05-11T08:11:30Z,477.9,-18.79,163.38,5.431776e-12
2024-05-11T08:12:00Z,478.6,-20.71,163.35,5.422860e-12
2024-05-11T08:12:30Z,479.3,-22.63,163.33,5.420696e-12
2024-05-11T08:13:00Z,480.0,-24.55,163.31,5.427254e-12
2024-05-11T08:13:30Z,480.8,-26.47,163.29,5.442258e-12
2024-05-11T08:14:00Z,481.5,-28.38,163.28,5.461241e-12
2024-05-11T08:14:30Z,482.3,-30.3,163.27,5.472374e-12
2024-05-11T08:15:00Z,483.1,-32.21,163.26,5.457170e-12
2024-05-11T08:15:30Z,483.9,-34.12,163.26,5.401403e-12
2024-05-11T08:16:00Z,484.8,-36.04,163.27,5.306728e-12
2024-05-11T08:16:30Z,485.6,-37.95,163.28,5.192301e-12
2024-05-11T08:17:00Z,486.4,-39.86,163.3,5.083766e-12
2024-05-11T08:17:30Z,487.3,-41.76,163.33,4.998963e-12
2024-05-11T08:18:00Z,488.1,-43.67,163.37,4.945635e-12
2024-05-11T08:18:30Z,488.9,-45.58,163.42,4.923478e-12
2024-05-11T08:19:00Z,489.7,-47.48,163.48,4.927390e-12
2024-05-11T08:19:30Z,490.6,-49.39,163.55,4.950449e-12
2024-05-11T08:20:00Z,491.3,-51.29,163.64,4.986195e-12
2024-05-11T08:20:30Z,492.1,-53.19,163.75,5.027489e-12
2024-05-11T08:21:00Z,492.9,-55.09,163.88,5.068039e-12
2024-05-11T08:21:30Z,493.6,-56.99,164.04,5.097298e-12
2024-05-11T08:22:00Z,494.3,-58.88,164.22,5.118692e-12
2024-05-11T08:22:30Z,495.0,-60.78,164.45,5.132486e-12
2024-05-11T08:23:00Z,495.7,-62.67,164.71,5.138339e-12
2024-05-11T08:23:30Z,496.3,-64.56,165.03,5.138220e-12
2024-05-11T08:24:00Z,496.9,-66.45,165.42,5.134195e-12
2024-05-11T08:24:30Z,497.5,-68.34,165.88,5.125539e-12
2024-05-11T08:25:00Z,498.0,-70.22,166.46,5.114771e-12
2024-05-11T08:25:30Z,498.5,-72.1,167.18,5.102957e-12
2024-05-11T08:26:00Z,498.9,-73.98,168.08,5.088207e-12
2024-05-11T08:26:30Z,499.3,-75.85,169.25,5.068207e-12
2024-05-11T08:27:00Z,499.6,-77.7,170.8,5.041745e-12
2024-05-11T08:27:30Z,499.9,-79.55,172.94,5.006435e-12
2024-05-11T08:28:00Z,500.2,-81.37,176.03,4.961548e-12
2024-05-11T08:28:30Z,500.4,-83.15,-179.21,4.905860e-12
2024-05-11T08:29:00Z,500.5,-84.85,-171.16,4.840677e-12
2024-05-11T08:29:30Z,500.6,-86.34,-155.85,4.767026e-12
2024-05-11T08:30:00Z,500.7,-87.28,-125.67,4.688653e-12
2024-05-11T08:30:30Z,500.7,-87.07,-86.74,4.602885e-12
2024-05-11T08:31:00Z,500.7,-85.88,-62.28,4.507947e-12
2024-05-11T08:31:30Z,500.6,-84.3,-50.06,4.408406e-12
2024-05-11T08:32:00Z,500.4,-82.57,-43.37,4.306969e-12
2024-05-11T08:32:30Z,500.2,-80.77,-39.28,4.205509e-12
2024-05-11T08:33:00Z,500.0,-78.94,-36.56,4.104085e-12
2024-05-11T08:33:30Z,499.7,-77.09,-34.65,4.008697e-12
2024-05-11T08:34:00Z,499.4,-75.23,-33.24,3.915245e-12
2024-05-11T08:34:30Z,499.0,-73.36,-32.17,3.824224e-12
2024-05-11T08:35:00Z,498.6,-71.48,-31.33,3.737078e-12
2024-05-11T08:35:30Z,498.1,-69.6,-30.67,3.655647e-12
2024-05-11T08:36:00Z,497.6,-67.72,-30.13,3.579270e-12
2024-05-11T08:36:30Z,497.1,-65.83,-29.69,3.512128e-12
2024-05-11T08:37:00Z,496.5,-63.94,-29.33,3.455746e-12
2024-05-11T08:37:30Z,495.9,-62.05,-29.03,3.415385e-12
2024-05-11T08:38:00Z,495.2,-60.15,-28.78,3.391781e-12
2024-05-11T08:38:30Z,494.5,-58.26,-28.57,3.384905e-12
2024-05-11T08:39:00Z,493.8,-56.36,-28.4,3.391262e-12
2024-05-11T08:39:30Z,493.1,-54.46,-28.25,3.407057e-12
2024-05-11T08:40:00Z,492.4,-52.56,-28.13,3.435164e-12
2024-05-11T08:40:30Z,491.6,-50.66,-28.03,3.474790e-12
2024-05-11T08:41:00Z,490.8,-48.76,-27.94,3.524254e-12
2024-05-11T08:41:30Z,490.0,-46.86,-27.87,3.579786e-12
2024-05-11T08:42:00Z,489.2,-44.95,-27.81,3.640877e-12
2024-05-11T08:42:30Z,488.4,-43.04,-27.77,3.708520e-12
2024-05-11T08:43:00Z,487.6,-41.14,-27.74,3.781545e-12
2024-05-11T08:43:30Z,486.8,-39.23,-27.71,3.858731e-12
2024-05-11T08:44:00Z,486.0,-37.32,-27.69,3.939145e-12
2024-05-11T08:44:30Z,485.1,-35.41,-27.68,4.020949e-12
2024-05-11T08:45:00Z,484.3,-33.5,-27.68,4.101256e-12
2024-05-11T08:45:30Z,483.5,-31.58,-27.68,4.180575e-12
2024-05-11T08:46:00Z,482.8,-29.67,-27.69,4.260259e-12
2024-05-11T08:46:30Z,482.0,-27.75,-27.7,4.339986e-12
2024-05-11T08:47:00Z,481.2,-25.84,-27.71,4.419400e-12
2024-05-11T08:47:30Z,480.5,-23.92,-27.73,4.498515e-12
2024-05-11T08:48:00Z,479.8,-22.0,-27.75,4.577178e-12
2024-05-11T08:48:30Z,479.1,-20.09,-27.77,4.655343e-12
2024-05-11T08:49:00Z,478.4,-18.17,-27.8,4.733305e-12
2024-05-11T08:49:30Z,477.8,-16.25,-27.83,4.810519e-12
2024-05-11T08:50:00Z,477.2,-14.33,-27.86,4.886926e-12
2024-05-11T08:50:30Z,476.7,-12.41,-27.89,4.962556e-12
2024-05-11T08:51:00Z,476.1,-10.48,-27.92,5.036650e-12
2024-05-11T08:51:30Z,475.6,-8.56,-27.96,5.108777e-12
2024-05-11T08:52:00Z,475.2,-6.64,-27.99,5.179150e-12
2024-05-11T08:52:30Z,474.7,-4.72,-28.03,5.247349e-12
2024-05-11T08:53:00Z,474.4,-2.79,-28.06,5.312490e-12
2024-05-11T08:53:30Z,474.0,-0.87,-28.1,5.373925e-12
2024-05-11T08:54:00Z,473.7,1.05,-28.14,5.430884e-12
2024-05-11T08:54:30Z,473.5,2.98,-28.17,5.482336e-12
2024-05-11T08:55:00Z,473.2,4.9,-28.21,5.527539e-12
2024-05-11T08:55:30Z,473.1,6.83,-28.25,5.565923e-12
2024-05-11T08:56:00Z,472.9,8.75,-28.28,5.596724e-12
2024-05-11T08:56:30Z,472.8,10.67,-28.32,5.619538e-12
2024-05-11T08:57:00Z,472.8,12.6,-28.35,5.634065e-12
2024-05-11T08:57:30Z,472.7,14.52,-28.38,5.640633e-12
2024-05-11T08:58:00Z,472.8,16.44,-28.41,5.638917e-12
2024-05-11T08:58:30Z,472.8,18.37,-28.44,5.628826e-12
2024-05-11T08:59:00Z,472.9,20.29,-28.46,5.611072e-12
2024-05-11T08:59:30Z,473.0,22.21,-28.49,5.585253e-12
2024-05-11T09:00:00Z,473.2,24.13,-28.51,5.531382e-12
2024-05-11T09:00:30Z,473.3,26.05,-28.53,5.488231e-12
2024-05-11T09:01:00Z,473.6,27.97,-28.54,5.439434e-12
2024-05-11T09:01:30Z,473.8,29.89,-28.55,5.385548e-12
2024-05-11T09:02:00Z,474.1,31.81,-28.55,5.327606e-12
2024-05-11T09:02:30Z,474.4,33.73,-28.55,5.266243e-12
2024-05-11T09:03:00Z,474.7,35.65,-28.55,5.202074e-12
2024-05-11T09:03:30Z,475.0,37.56,-28.54,5.133812e-12
2024-05-11T09:04:00Z,475.3,39.48,-28.52,5.060637e-12
2024-05-11T09:04:30Z,475.7,41.39,-28.49,4.986035e-12
2024-05-11T09:05:00Z,476.1,43.31,-28.45,4.908147e-12
2024-05-11T09:05:30Z,476.4,45.22,-28.41,4.826988e-12
2024-05-11T09:06:00Z,476.8,47.13,-28.35,4.744407e-12
2024-05-11T09:06:30Z,477.2,49.05,-28.28,4.660967e-12
2024-05-11T09:07:00Z,477.6,50.96,-28.19,4.577271e-12
2024-05-11T09:07:30Z,478.0,52.86,-28.08,4.495288e-12
2024-05-11T09:08:00Z,478.4,54.77,-27.95,4.414991e-12
2024-05-11T09:08:30Z,478.8,56.68,-27.8,4.333778e-12
2024-05-11T09:09:00Z,479.1,58.58,-27.62,4.247651e-12
2024-05-11T09:09:30Z,479.5,60.49,-27.4,4.153110e-12
2024-05-11T09:10:00Z,479.8,62.39,-27.14,4.047932e-12
2024-05-11T09:10:30Z,480.2,64.29,-26.83,3.933381e-12
2024-05-11T09:11:00Z,480.5,66.19,-26.45,3.813009e-12
2024-05-11T09:11:30Z,480.8,68.09,-25.99,3.691394e-12
2024-05-11T09:12:00Z,481.1,69.98,-25.43,3.572816e-12
2024-05-11T09:12:30Z,481.3,71.87,-24.73,3.460682e-12
2024-05-11T09:13:00Z,481.6,73.75,-23.85,3.356684e-12
2024-05-11T09:13:30Z,481.8,75.63,-22.71,3.262320e-12
2024-05-11T09:14:00Z,482.0,77.5,-21.19,3.178779e-12
2024-05-11T09:14:30Z,482.1,79.36,-19.12,3.106518e-12
2024-05-11T09:15:00Z,482.2,81.19,-16.14,3.045414e-12
2024-05-11T09:15:30Z,482.3,82.98,-11.56,2.994933e-12
2024-05-11T09:16:00Z,482.4,84.7,-3.88,2.955063e-12
2024-05-11T09:16:30Z,482.4,86.23,10.63,2.925405e-12
2024-05-11T09:17:00Z,482.5,87.25,39.53,2.904658e-12
2024-05-11T09:17:30Z,482.4,87.13,78.97,2.893059e-12
2024-05-11T09:18:00Z,482.4,85.98,104.74,2.889120e-12
2024-05-11T09:18:30Z,482.3,84.4,117.58,2.895155e-12
2024-05-11T09:19:00Z,482.2,82.67,124.53,2.912185e-12
2024-05-11T09:19:30Z,482.1,80.86,128.74,2.941011e-12
2024-05-11T09:20:00Z,481.9,79.02,131.53,2.982460e-12
2024-05-11T09:20:30Z,481.7,77.17,133.48,3.037197e-12
2024-05-11T09:21:00Z,481.5,75.29,134.91,3.106482e-12
2024-05-11T09:21:30Z,481.2,73.42,136.0,3.191191e-12
2024-05-11T09:22:00Z,481.0,71.53,136.85,3.289084e-12
2024-05-11T09:22:30Z,480.7,69.64,137.52,3.399136e-12
2024-05-11T09:23:00Z,480.4,67.75,138.06,3.519725e-12
2024-05-11T09:23:30Z,480.0,65.85,138.5,3.648855e-12
2024-05-11T09:24:00Z,479.7,63.95,138.87,3.783898e-12
2024-05-11T09:24:30Z,479.3,62.05,139.17,3.921642e-12
2024-05-11T09:25:00Z,478.9,60.15,139.42,4.059825e-12
2024-05-11T09:25:30Z,478.5,58.24,139.63,4.194777e-12
2024-05-11T09:26:00Z,478.1,56.34,139.81,4.324816e-12
2024-05-11T09:26:30Z,477.7,54.43,139.96,4.452185e-12
2024-05-11T09:27:00Z,477.3,52.52,140.08,4.578273e-12
2024-05-11T09:27:30Z,476.9,50.61,140.19,4.702503e-12
2024-05-11T09:28:00Z,476.5,48.7,140.27,4.823378e-12
2024-05-11T09:28:30Z,476.1,46.79,140.34,4.939052e-12
2024-05-11T09:29:00Z,475.7,44.88,140.4,5.047951e-12
2024-05-11T09:29:30Z,475.3,42.96,140.44,5.149579e-12
2024-05-11T09:30:00Z,474.9,41.05,140.48,5.244350e-12
2024-05-11T09:30:30Z,474.5,39.13,140.5,5.333649e-12
2024-05-11T09:31:00Z,474.2,37.21,140.52,5.417864e-12
2024-05-11T09:31:30Z,473.8,35.3,140.53,5.498478e-12
2024-05-11T09:32:00Z,473.5,33.38,140.54,5.576210e-12
2024-05-11T09:32:30Z,473.2,31.46,140.53,5.651200e-12
2024-05-11T09:33:00Z,472.9,29.54,140.53,5.723474e-12
2024-05-11T09:33:30Z,472.7,27.62,140.52,5.793163e-12
2024-05-11T09:34:00Z,472.4,25.7,140.5,5.858327e-12
2024-05-11T09:34:30Z,472.2,23.78,140.49,5.919825e-12
2024-05-11T09:35:00Z,472.1,21.86,140.46,5.977886e-12
2024-05-11T09:35:30Z,472.0,19.93,140.44,6.032477e-12
2024-05-11T09:36:00Z,471.9,18.01,140.41,6.083365e-12
2024-05-11T09:36:30Z,471.8,16.09,140.39,6.130314e-12
2024-05-11T09:37:00Z,471.8,14.16,140.36,6.173124e-12
2024-05-11T09:37:30Z,471.8,12.24,140.32,6.212038e-12
2024-05-11T09:38:00Z,471.9,10.32,140.29,6.246957e-12
2024-05-11T09:38:30Z,472.0,8.39,140.26,6.278174e-12
2024-05-11T09:39:00Z,472.1,6.47,140.22,6.305793e-12
2024-05-11T09:39:30Z,472.3,4.54,140.19,6.330258e-12
2024-05-11T09:40:00Z,472.6,2.62,140.15,6.351870e-12
2024-05-11T09:40:30Z,472.8,0.69,140.11,6.371057e-12
2024-05-11T09:41:00Z,473.1,-1.23,140.08,6.387642e-12
2024-05-11T09:41:30Z,473.5,-3.15,140.04,6.403515e-12
2024-05-11T09:42:00Z,473.9,-5.08,140.0,6.417810e-12
2024-05-11T09:42:30Z,474.3,-7.0,139.97,6.430672e-12
2024-05-11T09:43:00Z,474.8,-8.92,139.93,6.441751e-12
2024-05-11T09:43:30Z,475.3,-10.85,139.9,6.450737e-12
2024-05-11T09:44:00Z,475.8,-12.77,139.87,6.457218e-12
2024-05-11T09:44:30Z,476.4,-14.69,139.83,6.461367e-12
2024-05-11T09:45:00Z,477.0,-16.61,139.8,6.463488e-12
2024-05-11T09:45:30Z,477.6,-18.53,139.78,6.465215e-12
2024-05-11T09:46:00Z,478.3,-20.45,139.75,6.467717e-12
2024-05-11T09:46:30Z,479.0,-22.37,139.73,6.471457e-12
2024-05-11T09:47:00Z,479.7,-24.29,139.71,6.474813e-12
2024-05-11T09:47:30Z,480.5,-26.2,139.69,6.470858e-12
2024-05-11T09:48:00Z,481.3,-28.12,139.68,6.444606e-12
2024-05-11T09:48:30Z,482.1,-30.04,139.67,6.375336e-12
2024-05-11T09:49:00Z,482.9,-31.95,139.66,6.247542e-12
2024-05-11T09:49:30Z,483.7,-33.86,139.66,6.065603e-12
2024-05-11T09:50:00Z,484.5,-35.78,139.67,5.854833e-12
2024-05-11T09:50:30Z,485.3,-37.69,139.68,5.645436e-12
2024-05-11T09:51:00Z,486.2,-39.6,139.7,5.457820e-12
2024-05-11T09:51:30Z,487.0,-41.51,139.72,5.298711e-12
2024-05-11T09:52:00Z,487.8,-43.41,139.76,5.165568e-12
2024-05-11T09:52:30Z,488.7,-45.32,139.81,5.051196e-12
2024-05-11T09:53:00Z,489.5,-47.22,139.87,4.947287e-12
2024-05-11T09:53:30Z,490.3,-49.13,139.94,4.846065e-12
2024-05-11T09:54:00Z,491.1,-51.03,140.03,4.735900e-12
2024-05-11T09:54:30Z,491.9,-52.93,140.13,4.617592e-12
2024-05-11T09:55:00Z,492.7,-54.83,140.26,4.491601e-12
2024-05-11T09:55:30Z,493.4,-56.73,140.41,4.358949e-12
2024-05-11T09:56:00Z,494.1,-58.63,140.59,4.221892e-12
2024-05-11T09:56:30Z,494.8,-60.52,140.81,4.083927e-12
2024-05-11T09:57:00Z,495.5,-62.42,141.07,3.947713e-12
2024-05-11T09:57:30Z,496.1,-64.31,141.38,3.819958e-12
2024-05-11T09:58:00Z,496.7,-66.2,141.76,3.704284e-12
2024-05-11T09:58:30Z,497.3,-68.08,142.21,3.601050e-12
2024-05-11T09:59:00Z,497.8,-69.97,142.77,3.510359e-12
2024-05-11T09:59:30Z,498.3,-71.85,143.47,3.432007e-12
2024-05-11T10:00:00Z,498.8,-73.72,144.34,3.364519e-12
2024-05-11T10:00:30Z,499.2,-75.59,145.47,3.306053e-12
2024-05-11T10:01:00Z,499.5,-77.45,146.97,3.253354e-12
2024-05-11T10:01:30Z,499.8,-79.3,149.01,3.206286e-12
2024-05-11T10:02:00Z,500.1,-81.12,151.94,3.164282e-12
2024-05-11T10:02:30Z,500.3,-82.91,156.41,3.125833e-12
2024-05-11T10:03:00Z,500.5,-84.62,163.87,3.091156e-12
2024-05-11T10:03:30Z,500.6,-86.16,177.82,3.060595e-12
2024-05-11T10:04:00Z,500.7,-87.21,-154.38,3.036042e-12
2024-05-11T10:04:30Z,500.7,-87.17,-115.03,3.018633e-12
2024-05-11T10:05:00Z,500.7,-86.08,-88.28,3.005315e-12
2024-05-11T10:05:30Z,500.6,-84.52,-74.9,2.995878e-12
2024-05-11T10:06:00Z,500.4,-82.81,-67.69,2.991126e-12
2024-05-11T10:06:30Z,500.3,-81.01,-63.35,2.988134e-12
2024-05-11T10:07:00Z,500.0,-79.19,-60.49,2.988809e-12
2024-05-11T10:07:30Z,499.8,-77.34,-58.49,2.990465e-12
2024-05-11T10:08:00Z,499.4,-75.48,-57.02,2.992254e-12
2024-05-11T10:08:30Z,499.1,-73.61,-55.91,2.992022e-12
2024-05-11T10:09:00Z,498.7,-71.74,-55.04,2.991103e-12
2024-05-11T10:09:30Z,498.2,-69.86,-54.36,2.991106e-12
2024-05-11T10:10:00Z,497.7,-67.97,-53.81,2.993939e-12
2024-05-11T10:10:30Z,497.2,-66.08,-53.36,3.001644e-12
2024-05-11T10:11:00Z,496.6,-64.2,-52.99,3.015081e-12
2024-05-11T10:11:30Z,496.0,-62.3,-52.68,3.032990e-12
2024-05-11T10:12:00Z,495.4,-60.41,-52.42,3.057432e-12
2024-05-11T10:12:30Z,494.7,-58.52,-52.21,3.088150e-12
2024-05-11T10:13:00Z,494.0,-56.62,-52.03,3.124763e-12
2024-05-11T10:13:30Z,493.3,-54.72,-51.88,3.162253e-12
2024-05-11T10:14:00Z,492.6,-52.82,-51.75,3.202980e-12
2024-05-11T10:14:30Z,491.8,-50.92,-51.64,3.248107e-12
2024-05-11T10:15:00Z,491.0,-49.02,-51.56,3.297466e-12
2024-05-11T10:15:30Z,490.2,-47.11,-51.49,3.347502e-12
2024-05-11T10:16:00Z,489.4,-45.21,-51.43,3.400333e-12
2024-05-11T10:16:30Z,488.6,-43.3,-51.38,3.457778e-12
2024-05-11T10:17:00Z,487.8,-41.4,-51.35,3.519962e-12
2024-05-11T10:17:30Z,487.0,-39.49,-51.32,3.586934e-12
2024-05-11T10:18:00Z,486.2,-37.58,-51.3,3.658126e-12
2024-05-11T10:18:30Z,485.4,-35.67,-51.29,3.733695e-12
2024-05-11T10:19:00Z,484.6,-33.75,-51.28,3.815325e-12
2024-05-11T10:19:30Z,483.8,-31.84,-51.28,3.903025e-12
2024-05-11T10:20:00Z,483.0,-29.93,-51.29,3.997156e-12
2024-05-11T10:20:30Z,482.2,-28.01,-51.3,4.097783e-12
2024-05-11T10:21:00Z,481.5,-26.1,-51.31,4.204877e-12
2024-05-11T10:21:30Z,480.7,-24.18,-51.33,4.318664e-12
2024-05-11T10:22:00Z,480.0,-22.26,-51.35,4.438750e-12
2024-05-11T10:22:30Z,479.3,-20.35,-51.38,4.565300e-12
2024-05-11T10:23:00Z,478.7,-18.43,-51.4,4.697976e-12
2024-05-11T10:23:30Z,478.1,-16.51,-51.43,4.835800e-12
2024-05-11T10:24:00Z,477.5,-14.59,-51.46,4.977808e-12
2024-05-11T10:24:30Z,476.9,-12.67,-51.49,5.122266e-12
2024-05-11T10:25:00Z,476.4,-10.75,-51.52,5.266772e-12
2024-05-11T10:25:30Z,475.9,-8.82,-51.56,5.410831e-12
2024-05-11T10:26:00Z,475.4,-6.9,-51.59,5.552857e-12
2024-05-11T10:26:30Z,475.0,-4.98,-51.63,5.691268e-12
2024-05-11T10:27:00Z,474.6,-3.06,-51.67,5.823780e-12
2024-05-11T10:27:30Z,474.2,-1.13,-51.7,5.949236e-12
2024-05-11T10:28:00Z,473.9,0.79,-51.74,6.065311e-12
2024-05-11T10:28:30Z,473.7,2.71,-51.77,6.170092e-12
2024-05-11T10:29:00Z,473.4,4.64,-51.81,6.261808e-12
2024-05-11T10:29:30Z,473.3,6.56,-51.85,6.338687e-12
2024-05-11T10:30:00Z,473.1,8.49,-51.88,6.399133e-12
2024-05-11T10:30:30Z,473.0,10.41,-51.92,6.442187e-12
2024-05-11T10:31:00Z,472.9,12.33,-51.95,6.466953e-12
2024-05-11T10:31:30Z,472.9,14.26,-51.98,6.473159e-12
2024-05-11T10:32:00Z,472.9,16.18,-52.01,6.460685e-12
2024-05-11T10:32:30Z,473.0,18.1,-52.04,6.429478e-12
2024-05-11T10:33:00Z,473.0,20.02,-52.07,6.379474e-12
2024-05-11T10:33:30Z,473.2,21.95,-52.09,6.309453e-12
2024-05-11T10:34:00Z,473.3,23.87,-52.11,6.223775e-12
2024-05-11T10:34:30Z,473.5,25.79,-52.13,6.124326e-12
2024-05-11T10:35:00Z,473.7,27.71,-52.14,6.012889e-12
2024-05-11T10:35:30Z,473.9,29.63,-52.15,5.891494e-12
2024-05-11T10:36:00Z,474.2,31.55,-52.16,5.761969e-12
2024-05-11T10:36:30Z,474.5,33.47,-52.16,5.625885e-12
2024-05-11T10:37:00Z,474.8,35.38,-52.16,5.485908e-12
2024-05-11T10:37:30Z,475.1,37.3,-52.14,5.340229e-12
2024-05-11T10:38:00Z,475.5,39.22,-52.13,5.194271e-12
2024-05-11T10:38:30Z,475.8,41.13,-52.1,5.050524e-12
2024-05-11T10:39:00Z,476.2,43.05,-52.07,4.911197e-12
2024-05-11T10:39:30Z,476.6,44.96,-52.02,4.778860e-12
2024-05-11T10:40:00Z,476.9,46.87,-51.96,4.655480e-12
2024-05-11T10:40:30Z,477.3,48.78,-51.89,4.542691e-12
2024-05-11T10:41:00Z,477.7,50.69,-51.81,4.441523e-12
2024-05-11T10:41:30Z,478.1,52.6,-51.7,4.350626e-12
2024-05-11T10:42:00Z,478.5,54.51,-51.58,4.265743e-12
2024-05-11T10:42:30Z,478.9,56.42,-51.43,4.186033e-12
2024-05-11T10:43:00Z,479.2,58.32,-51.25,4.110382e-12
2024-05-11T10:43:30Z,479.6,60.23,-51.04,4.039284e-12
2024-05-11T10:44:00Z,480.0,62.13,-50.78,3.974538e-12
2024-05-11T10:44:30Z,480.3,64.03,-50.48,3.918691e-12
2024-05-11T10:45:00Z,480.6,65.93,-50.11,3.874374e-12
2024-05-11T10:45:30Z,480.9,67.82,-49.67,3.843407e-12
2024-05-11T10:46:00Z,481.2,69.72,-49.12,3.826710e-12
2024-05-11T10:46:30Z,481.4,71.61,-48.44,3.824419e-12
2024-05-11T10:47:00Z,481.7,73.49,-47.58,3.836660e-12
2024-05-11T10:47:30Z,481.9,75.37,-46.48,3.862156e-12
2024-05-11T10:48:00Z,482.1,77.24,-45.03,3.899050e-12
2024-05-11T10:48:30Z,482.2,79.1,-43.05,3.945211e-12
2024-05-11T10:49:00Z,482.4,80.94,-40.23,3.997963e-12
2024-05-11T10:49:30Z,482.5,82.74,-35.93,4.054595e-12
2024-05-11T10:50:00Z,482.5,84.47,-28.83,4.112124e-12
2024-05-11T10:50:30Z,482.6,86.04,-15.64,4.168390e-12
2024-05-11T10:51:00Z,482.6,87.16,10.83,4.221320e-12
2024-05-11T10:51:30Z,482.6,87.22,50.34,4.268439e-12
2024-05-11T10:52:00Z,482.5,86.18,78.53,4.304470e-12
2024-05-11T10:52:30Z,482.4,84.63,92.64,4.331402e-12
2024-05-11T10:53:00Z,482.3,82.91,100.16,4.351395e-12
2024-05-11T10:53:30Z,482.2,81.12,104.65,4.365545e-12
2024-05-11T10:54:00Z,482.0,79.28,107.59,4.375807e-12
2024-05-11T10:54:30Z,481.8,77.43,109.63,4.384084e-12
2024-05-11T10:55:00Z,481.6,75.56,111.13,4.392615e-12
2024-05-11T10:55:30Z,481.4,73.68,112.26,4.403105e-12
2024-05-11T10:56:00Z,481.1,71.79,113.13,4.417118e-12
2024-05-11T10:56:30Z,480.8,69.9,113.83,4.435128e-12
2024-05-11T10:57:00Z,480.5,68.01,114.38,4.457516e-12
2024-05-11T10:57:30Z,480.2,66.11,114.84,4.483799e-12
2024-05-11T10:58:00Z,479.8,64.21,115.21,4.513036e-12
2024-05-11T10:58:30Z,479.4,62.31,115.52,4.544374e-12
2024-05-11T10:59:00Z,479.1,60.41,115.78,4.576495e-12
2024-05-11T10:59:30Z,478.7,58.51,116.0,4.608937e-12
2024-05-11T11:00:00Z,478.3,56.6,116.18,4.641764e-12
2024-05-11T11:00:30Z,477.8,54.69,116.33,4.676101e-12
2024-05-11T11:01:00Z,477.4,52.79,116.46,4.712322e-12
2024-05-11T11:01:30Z,477.0,50.88,116.56,4.751296e-12
2024-05-11T11:02:00Z,476.6,48.97,116.65,4.794452e-12
2024-05-11T11:02:30Z,476.2,47.05,116.72,4.840119e-12
2024-05-11T11:03:00Z,475.8,45.14,116.78,4.886196e-12
2024-05-11T11:03:30Z,475.4,43.23,116.83,4.931305e-12
2024-05-11T11:04:00Z,475.0,41.31,116.87,4.975231e-12
2024-05-11T11:04:30Z,474.6,39.4,116.89,5.017989e-12
2024-05-11T11:05:00Z,474.2,37.48,116.91,5.060585e-12
2024-05-11T11:05:30Z,473.9,35.56,116.92,5.103209e-12
2024-05-11T11:06:00Z,473.5,33.65,116.93,5.146062e-12
2024-05-11T11:06:30Z,473.2,31.73,116.93,5.188573e-12
2024-05-11T11:07:00Z,473.0,29.81,116.92,5.230283e-12
2024-05-11T11:07:30Z,472.7,27.89,116.91,5.269871e-12
2024-05-11T11:08:00Z,472.5,25.97,116.9,5.305555e-12
2024-05-11T11:08:30Z,472.3,24.05,116.88,5.338048e-12
2024-05-11T11:09:00Z,472.1,22.12,116.86,5.368705e-12
2024-05-11T11:09:30Z,472.0,20.2,116.84,5.395321e-12
2024-05-11T11:10:00Z,471.9,18.28,116.81,5.416895e-12
2024-05-11T11:10:30Z,471.8,16.36,116.78,5.433105e-12
2024-05-11T11:11:00Z,471.8,14.43,116.75,5.443678e-12
2024-05-11T11:11:30Z,471.8,12.51,116.72,5.448577e-12
2024-05-11T11:12:00Z,471.9,10.58,116.69,5.448108e-12
2024-05-11T11:12:30Z,472.0,8.66,116.66,5.442058e-12
2024-05-11T11:13:00Z,472.1,6.74,116.62,5.430899e-12
2024-05-11T11:13:30Z,472.3,4.81,116.58,5.414869e-12
2024-05-11T11:14:00Z,472.5,2.89,116.55,5.394244e-12
2024-05-11T11:14:30Z,472.7,0.96,116.51,5.369933e-12
2024-05-11T11:15:00Z,473.0,-0.96,116.48,5.342153e-12
2024-05-11T11:15:30Z,473.4,-2.89,116.44,5.311647e-12
2024-05-11T11:16:00Z,473.8,-4.81,116.4,5.278836e-12
2024-05-11T11:16:30Z,474.2,-6.73,116.37,5.244195e-12
2024-05-11T11:17:00Z,474.7,-8.66,116.33,5.207972e-12
2024-05-11T11:17:30Z,475.2,-10.58,116.3,5.170613e-12
2024-05-11T11:18:00Z,475.7,-12.5,116.26,5.132276e-12
2024-05-11T11:18:30Z,476.3,-14.42,116.23,5.093606e-12
2024-05-11T11:19:00Z,476.9,-16.34,116.2,5.054805e-12
2024-05-11T11:19:30Z,477.5,-18.26,116.17,5.016977e-12
2024-05-11T11:20:00Z,478.2,-20.18,116.15,4.980549e-12
2024-05-11T11:20:30Z,478.9,-22.1,116.13,4.945700e-12
2024-05-11T11:21:00Z,479.6,-24.02,116.1,4.909169e-12
2024-05-11T11:21:30Z,480.3,-25.94,116.09,4.865072e-12
2024-05-11T11:22:00Z,481.1,-27.85,116.07,4.801632e-12
2024-05-11T11:22:30Z,481.9,-29.77,116.06,4.705073e-12
2024-05-11T11:23:00Z,482.7,-31.68,116.06,4.568294e-12
2024-05-11T11:23:30Z,483.5,-33.6,116.06,4.399597e-12
2024-05-11T11:24:00Z,484.3,-35.51,116.06,4.218749e-12
2024-05-11T11:24:30Z,485.1,-37.42,116.07,4.045802e-12
2024-05-11T11:25:00Z,486.0,-39.33,116.09,3.891168e-12
2024-05-11T11:25:30Z,486.8,-41.24,116.12,3.756135e-12
2024-05-11T11:26:00Z,487.7,-43.15,116.15,3.636430e-12
2024-05-11T11:26:30Z,488.5,-45.05,116.2,3.525447e-12
2024-05-11T11:27:00Z,489.3,-46.96,116.25,3.414483e-12
2024-05-11T11:27:30Z,490.1,-48.86,116.32,3.297178e-12
2024-05-11T11:28:00Z,491.0,-50.77,116.41,3.174032e-12
2024-05-11T11:28:30Z,491.7,-52.67,116.51,3.043551e-12
2024-05-11T11:29:00Z,492.5,-54.57,116.64,2.906477e-12
2024-05-11T11:29:30Z,493.3,-56.47,116.79,2.765357e-12
2024-05-11T11:30:00Z,494.0,-58.36,116.97,2.623947e-12
2024-05-11T11:30:30Z,494.7,-60.26,117.18,2.484519e-12
2024-05-11T11:31:00Z,495.4,-62.15,117.43,2.351979e-12
2024-05-11T11:31:30Z,496.0,-64.05,117.74,2.229069e-12
2024-05-11T11:32:00Z,496.6,-65.94,118.1,2.117151e-12
2024-05-11T11:32:30Z,497.2,-67.82,118.55,2.016489e-12
2024-05-11T11:33:00Z,497.7,-69.71,119.09,1.928147e-12
2024-05-11T11:33:30Z,498.2,-71.59,119.76,1.852048e-12
2024-05-11T11:34:00Z,498.7,-73.46,120.61,1.787591e-12
2024-05-11T11:34:30Z,499.1,-75.33,121.7,1.733613e-12
2024-05-11T11:35:00Z,499.4,-77.19,123.14,1.689852e-12
2024-05-11T11:35:30Z,499.8,-79.04,125.09,1.655020e-12
2024-05-11T11:36:00Z,500.0,-80.87,127.87,1.629515e-12
2024-05-11T11:36:30Z,500.3,-82.67,132.07,1.613734e-12
2024-05-11T11:37:00Z,500.4,-84.39,138.97,1.607606e-12
2024-05-11T11:37:30Z,500.6,-85.96,151.67,1.611704e-12
2024-05-11T11:38:00Z,500.6,-87.12,177.08,1.626849e-12
2024-05-11T11:38:30Z,500.7,-87.25,-143.77,1.654257e-12
2024-05-11T11:39:00Z,500.7,-86.26,-114.62,1.692449e-12
2024-05-11T11:39:30Z,500.6,-84.75,-99.9,1.741039e-12
2024-05-11T11:40:00Z,500.5,-83.05,-92.1,1.801137e-12
2024-05-11T11:40:30Z,500.3,-81.27,-87.46,1.872839e-12
2024-05-11T11:41:00Z,500.1,-79.44,-84.44,1.955739e-12
2024-05-11T11:41:30Z,499.8,-77.6,-82.34,2.048214e-12
2024-05-11T11:42:00Z,499.5,-75.74,-80.81,2.148904e-12
2024-05-11T11:42:30Z,499.1,-73.87,-79.66,2.255763e-12
2024-05-11T11:43:00Z,498.7,-72.0,-78.76,2.367822e-12
2024-05-11T11:43:30Z,498.3,-70.12,-78.06,2.484731e-12
2024-05-11T11:44:00Z,497.8,-68.23,-77.49,2.606709e-12
2024-05-11T11:44:30Z,497.3,-66.35,-77.02,2.735555e-12
2024-05-11T11:45:00Z,496.7,-64.46,-76.64,2.870318e-12
2024-05-11T11:45:30Z,496.1,-62.57,-76.33,3.009717e-12
2024-05-11T11:46:00Z,495.5,-60.67,-76.06,3.154732e-12
2024-05-11T11:46:30Z,494.8,-58.78,-75.84,3.305016e-12
2024-05-11T11:47:00Z,494.1,-56.88,-75.66,3.460084e-12
2024-05-11T11:47:30Z,493.4,-54.98,-75.5,3.612290e-12
2024-05-11T11:48:00Z,492.7,-53.08,-75.37,3.765663e-12
2024-05-11T11:48:30Z,491.9,-51.18,-75.27,3.918782e-12
2024-05-11T11:49:00Z,491.2,-49.28,-75.18,4.070517e-12
2024-05-11T11:49:30Z,490.4,-47.38,-75.1,4.213080e-12
2024-05-11T11:50:00Z,489.6,-45.47,-75.04,4.346948e-12
2024-05-11T11:50:30Z,488.8,-43.57,-74.99,4.473511e-12
2024-05-11T11:51:00Z,488.0,-41.66,-74.96,4.592203e-12
2024-05-11T11:51:30Z,487.2,-39.75,-74.93,4.701646e-12
2024-05-11T11:52:00Z,486.3,-37.84,-74.91,4.798475e-12
2024-05-11T11:52:30Z,485.5,-35.93,-74.9,4.884587e-12
2024-05-11T11:53:00Z,484.7,-34.02,-74.89,4.959885e-12
2024-05-11T11:53:30Z,483.9,-32.11,-74.89,5.024138e-12
2024-05-11T11:54:00Z,483.2,-30.19,-74.89,5.077309e-12
2024-05-11T11:54:30Z,482.4,-28.28,-74.9,5.119585e-12
2024-05-11T11:55:00Z,481.6,-26.36,-74.92,5.150976e-12
2024-05-11T11:55:30Z,480.9,-24.45,-74.93,5.170837e-12
2024-05-11T11:56:00Z,480.2,-22.53,-74.95,5.180556e-12
2024-05-11T11:56:30Z,479.5,-20.61,-74.98,5.181283e-12
2024-05-11T11:57:00Z,478.8,-18.69,-75.0,5.173728e-12
2024-05-11T11:57:30Z,478.2,-16.77,-75.03,5.157706e-12
2024-05-11T11:58:00Z,477.6,-14.85,-75.06,5.133949e-12
2024-05-11T11:58:30Z,477.0,-12.93,-75.09,5.103032e-12
2024-05-11T11:59:00Z,476.5,-11.01,-75.12,5.064302e-12
2024-05-11T11:59:30Z,476.0,-9.09,-75.16,5.020091e-12
2024-05-11T12:00:00Z,475.5,-7.17,-75.19,4.977491e-12
2024-05-11T12:00:30Z,475.1,-5.25,-75.23,4.924558e-12
2024-05-11T12:01:00Z,474.7,-3.32,-75.26,4.868282e-12
2024-05-11T12:01:30Z,474.4,-1.4,-75.3,4.809642e-12
2024-05-11T12:02:00Z,474.0,0.52,-75.34,4.749225e-12
2024-05-11T12:02:30Z,473.8,2.45,-75.37,4.687779e-12
2024-05-11T12:03:00Z,473.5,4.37,-75.41,4.626158e-12
2024-05-11T12:03:30Z,473.3,6.29,-75.45,4.564829e-12
2024-05-11T12:04:00Z,473.2,8.22,-75.48,4.504258e-12
2024-05-11T12:04:30Z,473.1,10.14,-75.52,4.444950e-12
2024-05-11T12:05:00Z,473.0,12.07,-75.55,4.387533e-12
2024-05-11T12:05:30Z,473.0,13.99,-75.58,4.332261e-12
2024-05-11T12:06:00Z,473.0,15.91,-75.61,4.279569e-12
2024-05-11T12:06:30Z,473.0,17.83,-75.64,4.229917e-12
2024-05-11T12:07:00Z,473.1,19.76,-75.67,4.183334e-12
2024-05-11T12:07:30Z,473.2,21.68,-75.69,4.137404e-12
2024-05-11T12:08:00Z,473.3,23.6,-75.71,4.094475e-12
2024-05-11T12:08:30Z,473.5,25.52,-75.73,4.054686e-12
2024-05-11T12:09:00Z,473.7,27.44,-75.74,4.017537e-12
2024-05-11T12:09:30Z,473.9,29.36,-75.75,3.982673e-12
2024-05-11T12:10:00Z,474.2,31.28,-75.76,3.949438e-12
2024-05-11T12:10:30Z,474.5,33.2,-75.76,3.917135e-12
2024-05-11T12:11:00Z,474.8,35.12,-75.76,3.884604e-12
2024-05-11T12:11:30Z,475.1,37.03,-75.75,3.848143e-12
2024-05-11T12:12:00Z,475.4,38.95,-75.73,3.810459e-12
2024-05-11T12:12:30Z,475.8,40.86,-75.71,3.771957e-12
2024-05-11T12:13:00Z,476.1,42.78,-75.67,3.733727e-12
2024-05-11T12:13:30Z,476.5,44.69,-75.63,3.698057e-12
2024-05-11T12:14:00Z,476.9,46.6,-75.57,3.666791e-12
2024-05-11T12:14:30Z,477.3,48.52,-75.5,3.640160e-12
2024-05-11T12:15:00Z,477.7,50.43,-75.42,3.617153e-12
2024-05-11T12:15:30Z,478.1,52.34,-75.32,3.594410e-12
2024-05-11T12:16:00Z,478.4,54.24,-75.2,3.567746e-12
2024-05-11T12:16:30Z,478.8,56.15,-75.05,3.536450e-12
2024-05-11T12:17:00Z,479.2,58.06,-74.88,3.500986e-12
2024-05-11T12:17:30Z,479.6,59.96,-74.67,3.461867e-12
2024-05-11T12:18:00Z,479.9,61.86,-74.42,3.421486e-12
2024-05-11T12:18:30Z,480.2,63.76,-74.12,3.382488e-12
2024-05-11T12:19:00Z,480.6,65.66,-73.77,3.347902e-12
2024-05-11T12:19:30Z,480.9,67.56,-73.33,3.320398e-12
2024-05-11T12:20:00Z,481.1,69.45,-72.8,3.302065e-12
2024-05-11T12:20:30Z,481.4,71.34,-72.14,3.294386e-12
2024-05-11T12:21:00Z,481.6,73.23,-71.31,3.298410e-12
2024-05-11T12:21:30Z,481.9,75.11,-70.25,3.314189e-12
2024-05-11T12:22:00Z,482.0,76.98,-68.86,3.341449e-12
2024-05-11T12:22:30Z,482.2,78.84,-66.96,3.379522e-12
2024-05-11T12:23:00Z,482.3,80.68,-64.28,3.427000e-12
2024-05-11T12:23:30Z,482.5,82.49,-60.25,3.482551e-12
2024-05-11T12:24:00Z,482.5,84.23,-53.66,3.544599e-12
2024-05-11T12:24:30Z,482.6,85.83,-41.64,3.611494e-12
2024-05-11T12:25:00Z,482.6,87.05,-17.55,3.682506e-12
2024-05-11T12:25:30Z,482.6,87.29,21.38,3.755904e-12
2024-05-11T12:26:00Z,482.5,86.36,52.02,3.826186e-12
2024-05-11T12:26:30Z,482.5,84.86,67.57,3.892390e-12
2024-05-11T12:27:00Z,482.4,83.16,75.72,3.957056e-12
2024-05-11T12:27:30Z,482.2,81.37,80.52,4.021154e-12
2024-05-11T12:28:00Z,482.1,79.54,83.62,4.084635e-12
2024-05-11T12:28:30Z,481.9,77.68,85.77,4.148136e-12
2024-05-11T12:29:00Z,481.7,75.82,87.33,4.212912e-12
2024-05-11T12:29:30Z,481.4,73.94,88.5,4.279903e-12
2024-05-11T12:30:00Z,481.1,72.05,89.41,4.349547e-12
2024-05-11T12:30:30Z,480.9,70.17,90.13,4.422153e-12
2024-05-11T12:31:00Z,480.5,68.27,90.7,4.497893e-12
2024-05-11T12:31:30Z,480.2,66.38,91.17,4.576017e-12
2024-05-11T12:32:00Z,479.9,64.48,91.56,4.655583e-12
2024-05-11T12:32:30Z,479.5,62.58,91.88,4.738247e-12
2024-05-11T12:33:00Z,479.1,60.68,92.14,4.819115e-12
2024-05-11T12:33:30Z,478.7,58.77,92.36,4.894778e-12
2024-05-11T12:34:00Z,478.3,56.87,92.55,4.965289e-12
2024-05-11T12:34:30Z,477.9,54.96,92.7,5.029716e-12
2024-05-11T12:35:00Z,477.5,53.05,92.84,5.088879e-12
2024-05-11T12:35:30Z,477.1,51.14,92.94,5.143180e-12
2024-05-11T12:36:00Z,476.7,49.23,93.03,5.188707e-12
2024-05-11T12:36:30Z,476.3,47.32,93.11,5.221904e-12
2024-05-11T12:37:00Z,475.8,45.41,93.17,5.246014e-12
2024-05-11T12:37:30Z,475.4,43.5,93.22,5.259129e-12
2024-05-11T12:38:00Z,475.1,41.58,93.25,5.260694e-12
2024-05-11T12:38:30Z,474.7,39.67,93.28,5.251528e-12
2024-05-11T12:39:00Z,474.3,37.75,93.3,5.239161e-12
2024-05-11T12:39:30Z,474.0,35.83,93.32,5.220756e-12
2024-05-11T12:40:00Z,473.6,33.91,93.32,5.196281e-12
2024-05-11T12:40:30Z,473.3,32.0,93.32,5.166537e-12
2024-05-11T12:41:00Z,473.0,30.08,93.32,5.131232e-12
2024-05-11T12:41:30Z,472.8,28.16,93.31,5.091245e-12
2024-05-11T12:42:00Z,472.5,26.24,93.3,5.040527e-12
2024-05-11T12:42:30Z,472.3,24.31,93.28,4.986052e-12
2024-05-11T12:43:00Z,472.2,22.39,93.26,4.929388e-12
2024-05-11T12:43:30Z,472.0,20.47,93.24,4.871108e-12
2024-05-11T12:44:00Z,471.9,18.55,93.21,4.811967e-12
2024-05-11T12:44:30Z,471.9,16.62,93.18,4.752407e-12
2024-05-11T12:45:00Z,471.8,14.7,93.15,4.693207e-12
2024-05-11T12:45:30Z,471.9,12.78,93.12,4.633963e-12
2024-05-11T12:46:00Z,471.9,10.85,93.09,4.576269e-12
2024-05-11T12:46:30Z,472.0,8.93,93.05,4.520794e-12
2024-05-11T12:47:00Z,472.1,7.0,93.02,4.467894e-12
2024-05-11T12:47:30Z,472.3,5.08,92.98,4.417923e-12
2024-05-11T12:48:00Z,472.5,3.16,92.95,4.371620e-12
2024-05-11T12:48:30Z,472.8,1.23,92.91,4.329093e-12
2024-05-11T12:49:00Z,473.1,-0.69,92.88,4.290668e-12
2024-05-11T12:49:30Z,473.4,-2.62,92.84,4.255974e-12
2024-05-11T12:50:00Z,473.8,-4.54,92.8,4.224873e-12
2024-05-11T12:50:30Z,474.2,-6.46,92.77,4.197006e-12
2024-05-11T12:51:00Z,474.7,-8.39,92.73,4.171714e-12
2024-05-11T12:51:30Z,475.2,-10.31,92.7,4.148503e-12
2024-05-11T12:52:00Z,475.7,-12.23,92.66,4.127284e-12
2024-05-11T12:52:30Z,476.3,-14.15,92.63,4.107915e-12
2024-05-11T12:53:00Z,476.9,-16.07,92.6,4.090791e-12
2024-05-11T12:53:30Z,477.5,-17.99,92.57,4.075273e-12
2024-05-11T12:54:00Z,478.2,-19.91,92.55,4.061778e-12
2024-05-11T12:54:30Z,478.9,-21.83,92.52,4.050387e-12
2024-05-11T12:55:00Z,479.6,-23.75,92.5,4.039453e-12
2024-05-11T12:55:30Z,480.4,-25.67,92.48,4.024822e-12
2024-05-11T12:56:00Z,481.1,-27.58,92.47,3.999910e-12
2024-05-11T12:56:30Z,481.9,-29.5,92.46,3.956646e-12
2024-05-11T12:57:00Z,482.7,-31.41,92.45,3.890568e-12
2024-05-11T12:57:30Z,483.5,-33.33,92.45,3.804384e-12
2024-05-11T12:58:00Z,484.4,-35.24,92.46,3.709231e-12
2024-05-11T12:58:30Z,485.2,-37.15,92.47,3.617962e-12
2024-05-11T12:59:00Z,486.0,-39.06,92.48,3.540189e-12
2024-05-11T12:59:30Z,486.9,-40.97,92.51,3.479731e-12
2024-05-11T13:00:00Z,487.7,-42.88,92.54,3.435636e-12
2024-05-11T13:00:30Z,488.6,-44.78,92.59,3.404115e-12
2024-05-11T13:01:00Z,489.4,-46.69,92.64,3.377357e-12
2024-05-11T13:01:30Z,490.2,-48.59,92.71,3.353158e-12
2024-05-11T13:02:00Z,491.0,-50.5,92.79,3.328591e-12
2024-05-11T13:02:30Z,491.8,-52.4,92.9,3.301670e-12
2024-05-11T13:03:00Z,492.6,-54.3,93.02,3.270938e-12
2024-05-11T13:03:30Z,493.3,-56.2,93.16,3.236975e-12
2024-05-11T13:04:00Z,494.1,-58.1,93.34,3.200905e-12
2024-05-11T13:04:30Z,494.8,-59.99,93.54,3.163844e-12
2024-05-11T13:05:00Z,495.5,-61.89,93.79,3.130206e-12
2024-05-11T13:05:30Z,496.1,-63.78,94.09,3.102281e-12
2024-05-11T13:06:00Z,496.7,-65.67,94.44,3.081844e-12
2024-05-11T13:06:30Z,497.3,-67.56,94.87,3.069721e-12
2024-05-11T13:07:00Z,497.8,-69.44,95.4,3.067657e-12
2024-05-11T13:07:30Z,498.3,-71.32,96.06,3.075760e-12
2024-05-11T13:08:00Z,498.8,-73.2,96.88,3.094018e-12
2024-05-11T13:08:30Z,499.2,-75.07,97.93,3.121631e-12
2024-05-11T13:09:00Z,499.6,-76.93,99.31,3.156788e-12
2024-05-11T13:09:30Z,499.9,-78.78,101.17,3.197586e-12
2024-05-11T13:10:00Z,500.2,-80.61,103.81,3.242754e-12
2024-05-11T13:10:30Z,500.4,-82.41,107.75,3.286869e-12
2024-05-11T13:11:00Z,500.6,-84.15,114.15,3.332430e-12
2024-05-11T13:11:30Z,500.7,-85.76,125.71,3.378310e-12
2024-05-11T13:12:00Z,500.8,-87.0,148.78,3.424283e-12
2024-05-11T13:12:30Z,500.8,-87.31,-172.91,3.471272e-12
2024-05-11T13:13:00Z,500.8,-86.45,-141.31,3.515835e-12
2024-05-11T13:13:30Z,500.7,-84.98,-125.05,3.556064e-12
2024-05-11T13:14:00Z,500.6,-83.3,-116.58,3.596179e-12
2024-05-11T13:14:30Z,500.4,-81.52,-111.61,3.636206e-12
2024-05-11T13:15:00Z,500.2,-79.7,-108.41,3.674360e-12
2024-05-11T13:15:30Z,499.9,-77.86,-106.21,3.711272e-12
2024-05-11T13:16:00Z,499.6,-76.0,-104.61,3.744975e-12
2024-05-11T13:16:30Z,499.3,-74.14,-103.41,3.774612e-12
2024-05-11T13:17:00Z,498.9,-72.26,-102.49,3.797987e-12
2024-05-11T13:17:30Z,498.4,-70.38,-101.76,3.808895e-12
2024-05-11T13:18:00Z,497.9,-68.5,-101.17,3.810296e-12
2024-05-11T13:18:30Z,497.4,-66.62,-100.69,3.805146e-12
2024-05-11T13:19:00Z,496.9,-64.73,-100.3,3.793462e-12
2024-05-11T13:19:30Z,496.3,-62.84,-99.97,3.777007e-12
2024-05-11T13:20:00Z,495.6,-60.94,-99.7,3.758517e-12
2024-05-11T13:20:30Z,495.0,-59.05,-99.48,3.739125e-12
2024-05-11T13:21:00Z,494.3,-57.15,-99.29,3.717715e-12
2024-05-11T13:21:30Z,493.6,-55.25,-99.13,3.688895e-12
2024-05-11T13:22:00Z,492.8,-53.36,-99.0,3.658125e-12
2024-05-11T13:22:30Z,492.1,-51.45,-98.89,3.625032e-12
2024-05-11T13:23:00Z,491.3,-49.55,-98.79,3.588799e-12
2024-05-11T13:23:30Z,490.5,-47.65,-98.72,3.545756e-12
2024-05-11T13:24:00Z,489.7,-45.74,-98.66,3.499520e-12
2024-05-11T13:24:30Z,488.9,-43.84,-98.61,3.451192e-12
2024-05-11T13:25:00Z,488.1,-41.93,-98.57,3.401325e-12
2024-05-11T13:25:30Z,487.3,-40.02,-98.54,3.351233e-12
2024-05-11T13:26:00Z,486.5,-38.12,-98.52,3.301252e-12
2024-05-11T13:26:30Z,485.6,-36.2,-98.5,3.251689e-12
2024-05-11T13:27:00Z,484.8,-34.29,-98.5,3.205460e-12
2024-05-11T13:27:30Z,484.0,-32.38,-98.5,3.162702e-12
2024-05-11T13:28:00Z,483.2,-30.47,-98.5,3.124572e-12
2024-05-11T13:28:30Z,482.5,-28.55,-98.51,3.093529e-12
2024-05-11T13:29:00Z,481.7,-26.64,-98.52,3.070505e-12
2024-05-11T13:29:30Z,481.0,-24.72,-98.54,3.056536e-12
2024-05-11T13:30:00Z,480.2,-22.8,-98.56,3.052239e-12
2024-05-11T13:30:30Z,479.6,-20.89,-98.58,3.058116e-12
2024-05-11T13:31:00Z,478.9,-18.97,-98.6,3.074313e-12
2024-05-11T13:31:30Z,478.2,-17.05,-98.63,3.100917e-12
2024-05-11T13:32:00Z,477.6,-15.13,-98.66,3.136945e-12
2024-05-11T13:32:30Z,477.0,-13.21,-98.69,3.181986e-12
2024-05-11T13:33:00Z,476.5,-11.29,-98.72,3.235677e-12
2024-05-11T13:33:30Z,476.0,-9.37,-98.76,3.297769e-12
2024-05-11T13:34:00Z,475.5,-7.44,-98.79,3.367081e-12
2024-05-11T13:34:30Z,475.1,-5.52,-98.83,3.442630e-12
2024-05-11T13:35:00Z,474.7,-3.6,-98.86,3.523086e-12
2024-05-11T13:35:30Z,474.3,-1.67,-98.9,3.606933e-12
2024-05-11T13:36:00Z,474.0,0.25,-98.94,3.693088e-12
2024-05-11T13:36:30Z,473.7,2.17,-98.97,3.780243e-12
2024-05-11T13:37:00Z,473.5,4.1,-99.01,3.866708e-12
2024-05-11T13:37:30Z,473.3,6.02,-99.05,3.951270e-12
2024-05-11T13:38:00Z,473.1,7.94,-99.08,4.032879e-12
2024-05-11T13:38:30Z,473.0,9.87,-99.12,4.110399e-12
2024-05-11T13:39:00Z,472.9,11.79,-99.15,4.182655e-12
2024-05-11T13:39:30Z,472.9,13.72,-99.18,4.248867e-12
2024-05-11T13:40:00Z,472.9,15.64,-99.21,4.308939e-12
2024-05-11T13:40:30Z,472.9,17.56,-99.24,4.362675e-12
2024-05-11T13:41:00Z,473.0,19.48,-99.27,4.409258e-12
2024-05-11T13:41:30Z,473.1,21.41,-99.29,4.447492e-12
2024-05-11T13:42:00Z,473.2,23.33,-99.31,4.479733e-12
2024-05-11T13:42:30Z,473.4,25.25,-99.33,4.506414e-12
2024-05-11T13:43:00Z,473.6,27.17,-99.35,4.528308e-12
2024-05-11T13:43:30Z,473.8,29.09,-99.36,4.545809e-12
2024-05-11T13:44:00Z,474.1,31.01,-99.36,4.559315e-12
2024-05-11T13:44:30Z,474.3,32.93,-99.37,4.569127e-12
2024-05-11T13:45:00Z,474.6,34.84,-99.36,4.571853e-12
2024-05-11T13:45:30Z,474.9,36.76,-99.35,4.566086e-12
2024-05-11T13:46:00Z,475.3,38.68,-99.34,4.551762e-12
2024-05-11T13:46:30Z,475.6,40.59,-99.31,4.527464e-12
2024-05-11T13:47:00Z,476.0,42.51,-99.28,4.494306e-12
2024-05-11T13:47:30Z,476.4,44.42,-99.24,4.457372e-12
2024-05-11T13:48:00Z,476.7,46.33,-99.19,4.422433e-12
2024-05-11T13:48:30Z,477.1,48.24,-99.12,4.398103e-12
2024-05-11T13:49:00Z,477.5,50.16,-99.04,4.389371e-12
2024-05-11T13:49:30Z,477.9,52.06,-98.94,4.393925e-12
2024-05-11T13:50:00Z,478.3,53.97,-98.82,4.403904e-12
2024-05-11T13:50:30Z,478.7,55.88,-98.68,4.415083e-12
2024-05-11T13:51:00Z,479.0,57.79,-98.51,4.422269e-12
2024-05-11T13:51:30Z,479.4,59.69,-98.3,4.421472e-12
2024-05-11T13:52:00Z,479.7,61.59,-98.06,4.412553e-12
2024-05-11T13:52:30Z,480.1,63.49,-97.77,4.397365e-12
2024-05-11T13:53:00Z,480.4,65.39,-97.42,4.378432e-12
2024-05-11T13:53:30Z,480.7,67.29,-97.0,4.358678e-12
2024-05-11T13:54:00Z,481.0,69.18,-96.48,4.340928e-12
2024-05-11T13:54:30Z,481.3,71.08,-95.85,4.325064e-12
2024-05-11T13:55:00Z,481.5,72.96,-95.04,4.314640e-12
2024-05-11T13:55:30Z,481.7,74.84,-94.02,4.310016e-12
2024-05-11T13:56:00Z,481.9,76.72,-92.68,4.311061e-12
2024-05-11T13:56:30Z,482.1,78.58,-90.87,4.316367e-12
2024-05-11T13:57:00Z,482.2,80.42,-88.32,4.323869e-12
2024-05-11T13:57:30Z,482.3,82.24,-84.53,4.324983e-12
2024-05-11T13:58:00Z,482.4,83.99,-78.42,4.323410e-12
2024-05-11T13:58:30Z,482.5,85.62,-67.46,4.316688e-12
2024-05-11T13:59:00Z,482.5,86.92,-45.62,4.303468e-12
2024-05-11T13:59:30Z,482.5,87.33,-7.86,4.282068e-12
2024-05-11T14:00:00Z,482.5,86.54,25.18,4.246733e-12
2024-05-11T14:00:30Z,482.4,85.09,42.35,4.200338e-12
2024-05-11T14:01:00Z,482.3,83.41,51.22,4.145830e-12
2024-05-11T14:01:30Z,482.2,81.62,56.36,4.082738e-12
2024-05-11T14:02:00Z,482.0,79.8,59.65,4.012191e-12
2024-05-11T14:02:30Z,481.8,77.95,61.9,3.938352e-12
2024-05-11T14:03:00Z,481.6,76.08,63.53,3.864063e-12
2024-05-11T14:03:30Z,481.4,74.2,64.75,3.792002e-12
2024-05-11T14:04:00Z,481.1,72.32,65.69,3.724303e-12
2024-05-11T14:04:30Z,480.8,70.43,66.43,3.661079e-12
2024-05-11T14:05:00Z,480.5,68.54,67.02,3.606967e-12
2024-05-11T14:05:30Z,480.2,66.64,67.51,3.562455e-12
2024-05-11T14:06:00Z,479.9,64.75,67.9,3.527763e-12
2024-05-11T14:06:30Z,479.5,62.85,68.23,3.502236e-12
2024-05-11T14:07:00Z,479.1,60.94,68.5,3.485047e-12
2024-05-11T14:07:30Z,478.8,59.04,68.73,3.475229e-12
2024-05-11T14:08:00Z,478.4,57.14,68.92,3.471844e-12
2024-05-11T14:08:30Z,478.0,55.23,69.08,3.473689e-12
2024-05-11T14:09:00Z,477.5,53.32,69.21,3.481444e-12
2024-05-11T14:09:30Z,477.1,51.41,69.32,3.495319e-12
2024-05-11T14:10:00Z,476.7,49.5,69.42,3.514747e-12
2024-05-11T14:10:30Z,476.3,47.59,69.49,3.538683e-12
2024-05-11T14:11:00Z,475.9,45.68,69.56,3.565603e-12
2024-05-11T14:11:30Z,475.5,43.76,69.61,3.593461e-12
2024-05-11T14:12:00Z,475.1,41.85,69.64,3.621017e-12
2024-05-11T14:12:30Z,474.7,39.94,69.67,3.648182e-12
2024-05-11T14:13:00Z,474.4,38.02,69.7,3.675019e-12
2024-05-11T14:13:30Z,474.0,36.1,69.71,3.701874e-12
2024-05-11T14:14:00Z,473.7,34.18,69.72,3.729428e-12
2024-05-11T14:14:30Z,473.4,32.27,69.72,3.757514e-12
2024-05-11T14:15:00Z,473.1,30.35,69.71,3.784630e-12
2024-05-11T14:15:30Z,472.8,28.43,69.71,3.811267e-12
2024-05-11T14:16:00Z,472.6,26.51,69.69,3.837274e-12
2024-05-11T14:16:30Z,472.4,24.59,69.68,3.862352e-12
2024-05-11T14:17:00Z,472.2,22.66,69.66,3.885952e-12
2024-05-11T14:17:30Z,472.1,20.74,69.63,3.907833e-12
2024-05-11T14:18:00Z,472.0,18.82,69.61,3.927579e-12
2024-05-11T14:18:30Z,471.9,16.9,69.58,3.945023e-12
2024-05-11T14:19:00Z,471.9,14.97,69.55,3.959965e-12
2024-05-11T14:19:30Z,471.9,13.05,69.52,3.972289e-12
2024-05-11T14:20:00Z,472.0,11.12,69.49,3.982395e-12
2024-05-11T14:20:30Z,472.0,9.2,69.46,3.989970e-12
2024-05-11T14:21:00Z,472.2,7.28,69.42,3.995472e-12
2024-05-11T14:21:30Z,472.3,5.35,69.38,3.998837e-12
2024-05-11T14:22:00Z,472.6,3.43,69.35,4.000336e-12
2024-05-11T14:22:30Z,472.8,1.5,69.31,4.000169e-12
2024-05-11T14:23:00Z,473.1,-0.42,69.28,3.998568e-12
2024-05-11T14:23:30Z,473.4,-2.35,69.24,3.995659e-12
2024-05-11T14:24:00Z,473.8,-4.27,69.2,3.991998e-12
2024-05-11T14:24:30Z,474.2,-6.19,69.17,3.987992e-12
2024-05-11T14:25:00Z,474.7,-8.12,69.13,3.983777e-12
2024-05-11T14:25:30Z,475.2,-10.04,69.1,3.979964e-12
2024-05-11T14:26:00Z,475.7,-11.96,69.06,3.976938e-12
2024-05-11T14:26:30Z,476.3,-13.88,69.03,3.975557e-12
2024-05-11T14:27:00Z,476.9,-15.8,69.0,3.976120e-12
2024-05-11T14:27:30Z,477.5,-17.72,68.97,3.979345e-12
2024-05-11T14:28:00Z,478.2,-19.64,68.95,3.985871e-12
2024-05-11T14:28:30Z,478.9,-21.56,68.92,3.996316e-12
2024-05-11T14:29:00Z,479.6,-23.48,68.9,4.010247e-12
2024-05-11T14:29:30Z,480.3,-25.4,68.88,4.025950e-12
2024-05-11T14:30:00Z,481.1,-27.31,68.87,4.039961e-12
2024-05-11T14:30:30Z,481.9,-29.23,68.86,4.047133e-12
2024-05-11T14:31:00Z,482.7,-31.14,68.85,4.041860e-12
2024-05-11T14:31:30Z,483.5,-33.06,68.85,4.021616e-12
2024-05-11T14:32:00Z,484.3,-34.97,68.85,3.987835e-12
2024-05-11T14:32:30Z,485.2,-36.88,68.86,3.946028e-12
2024-05-11T14:33:00Z,486.0,-38.79,68.87,3.902930e-12
2024-05-11T14:33:30Z,486.8,-40.7,68.9,3.865457e-12
2024-05-11T14:34:00Z,487.7,-42.61,68.93,3.836428e-12
2024-05-11T14:34:30Z,488.5,-44.52,68.97,3.816086e-12
2024-05-11T14:35:00Z,489.4,-46.42,69.03,3.799496e-12
2024-05-11T14:35:30Z,490.2,-48.33,69.09,3.780237e-12
2024-05-11T14:36:00Z,491.0,-50.23,69.18,3.760962e-12
2024-05-11T14:36:30Z,491.8,-52.13,69.27,3.738970e-12
2024-05-11T14:37:00Z,492.6,-54.03,69.39,3.711521e-12
2024-05-11T14:37:30Z,493.3,-55.93,69.53,3.676247e-12
2024-05-11T14:38:00Z,494.0,-57.83,69.7,3.632570e-12
2024-05-11T14:38:30Z,494.7,-59.72,69.9,3.578156e-12
2024-05-11T14:39:00Z,495.4,-61.62,70.15,3.519046e-12
2024-05-11T14:39:30Z,496.1,-63.51,70.43,3.454358e-12
2024-05-11T14:40:00Z,496.7,-65.4,70.78,3.385614e-12
2024-05-11T14:40:30Z,497.3,-67.29,71.2,3.314239e-12
2024-05-11T14:41:00Z,497.8,-69.17,71.71,3.243028e-12
2024-05-11T14:41:30Z,498.3,-71.05,72.35,3.173815e-12
2024-05-11T14:42:00Z,498.8,-72.93,73.14,3.105853e-12
2024-05-11T14:42:30Z,499.2,-74.8,74.15,3.039990e-12
2024-05-11T14:43:00Z,499.5,-76.67,75.48,2.979625e-12
2024-05-11T14:43:30Z,499.9,-78.52,77.26,2.925091e-12
2024-05-11T14:44:00Z,500.2,-80.36,79.76,2.875699e-12
2024-05-11T14:44:30Z,500.4,-82.16,83.47,2.831425e-12
2024-05-11T14:45:00Z,500.6,-83.91,89.4,2.791540e-12
2024-05-11T14:45:30Z,500.7,-85.54,99.95,2.754808e-12
2024-05-11T14:46:00Z,500.8,-86.86,120.85,2.721846e-12
2024-05-11T14:46:30Z,500.8,-87.35,157.77,2.693135e-12
2024-05-11T14:47:00Z,500.8,-86.62,-168.29,2.665841e-12
2024-05-11T14:47:30Z,500.7,-85.21,-150.33,2.637774e-12
2024-05-11T14:48:00Z,500.6,-83.54,-141.1,2.609582e-12
2024-05-11T14:48:30Z,500.4,-81.78,-135.78,2.581999e-12
2024-05-11T14:49:00Z,500.2,-79.96,-132.39,2.556129e-12
2024-05-11T14:49:30Z,500.0,-78.12,-130.08,2.533071e-12
2024-05-11T14:50:00Z,499.7,-76.27,-128.41,2.513291e-12
2024-05-11T14:50:30Z,499.3,-74.4,-127.17,2.497569e-12
2024-05-11T14:51:00Z,498.9,-72.53,-126.21,2.485451e-12
2024-05-11T14:51:30Z,498.5,-70.65,-125.45,2.475720e-12
2024-05-11T14:52:00Z,498.0,-68.77,-124.85,2.467945e-12
2024-05-11T14:52:30Z,497.4,-66.88,-124.36,2.461562e-12
2024-05-11T14:53:00Z,496.9,-64.99,-123.95,2.457091e-12
2024-05-11T14:53:30Z,496.3,-63.1,-123.62,2.452980e-12
2024-05-11T14:54:00Z,495.7,-61.21,-123.34,2.452541e-12
2024-05-11T14:54:30Z,495.0,-59.32,-123.11,2.457037e-12
2024-05-11T14:55:00Z,494.3,-57.42,-122.92,2.467631e-12
2024-05-11T14:55:30Z,493.6,-55.52,-122.75,2.484019e-12
2024-05-11T14:56:00Z,492.9,-53.62,-122.62,2.504312e-12
2024-05-11T14:56:30Z,492.1,-51.72,-122.5,2.531373e-12
2024-05-11T14:57:00Z,491.3,-49.82,-122.41,2.565103e-12
2024-05-11T14:57:30Z,490.5,-47.92,-122.33,2.604971e-12
2024-05-11T14:58:00Z,489.7,-46.01,-122.27,2.647875e-12
2024-05-11T14:58:30Z,488.9,-44.11,-122.22,2.695101e-12
2024-05-11T14:59:00Z,488.1,-42.2,-122.18,2.746802e-12
2024-05-11T14:59:30Z,487.3,-40.29,-122.15,2.802468e-12
2024-05-11T15:00:00Z,486.5,-38.39,-122.12,2.865586e-12
2024-05-11T15:00:30Z,485.6,-36.48,-122.11,2.927489e-12
2024-05-11T15:01:00Z,484.8,-34.56,-122.1,2.991087e-12
2024-05-11T15:01:30Z,484.0,-32.65,-122.1,3.055772e-12
2024-05-11T15:02:00Z,483.2,-30.74,-122.1,3.121566e-12
2024-05-11T15:02:30Z,482.4,-28.82,-122.11,3.187552e-12
2024-05-11T15:03:00Z,481.7,-26.91,-122.12,3.253186e-12
2024-05-11T15:03:30Z,480.9,-24.99,-122.14,3.317623e-12
2024-05-11T15:04:00Z,480.2,-23.08,-122.16,3.380295e-12
2024-05-11T15:04:30Z,479.5,-21.16,-122.18,3.440134e-12
2024-05-11T15:05:00Z,478.8,-19.24,-122.21,3.496775e-12
2024-05-11T15:05:30Z,478.2,-17.32,-122.23,3.549584e-12
2024-05-11T15:06:00Z,477.6,-15.4,-122.26,3.597649e-12
2024-05-11T15:06:30Z,477.0,-13.48,-122.29,3.640590e-12
2024-05-11T15:07:00Z,476.4,-11.56,-122.32,3.678701e-12
2024-05-11T15:07:30Z,475.9,-9.64,-122.36,3.711353e-12
2024-05-11T15:08:00Z,475.4,-7.71,-122.39,3.739218e-12
2024-05-11T15:08:30Z,475.0,-5.79,-122.43,3.762281e-12
2024-05-11T15:09:00Z,474.6,-3.87,-122.46,3.780638e-12
2024-05-11T15:09:30Z,474.2,-1.94,-122.5,3.794791e-12
2024-05-11T15:10:00Z,473.9,-0.02,-122.54,3.804737e-12
2024-05-11T15:10:30Z,473.6,1.9,-122.57,3.810790e-12
2024-05-11T15:11:00Z,473.3,3.83,-122.61,3.813615e-12
2024-05-11T15:11:30Z,473.1,5.75,-122.65,3.813459e-12
2024-05-11T15:12:00Z,473.0,7.67,-122.68,3.810915e-12
2024-05-11T15:12:30Z,472.9,9.6,-122.72,3.806461e-12
2024-05-11T15:13:00Z,472.8,11.52,-122.75,3.800651e-12
2024-05-11T15:13:30Z,472.7,13.44,-122.78,3.793705e-12
2024-05-11T15:14:00Z,472.7,15.37,-122.81,3.786290e-12
2024-05-11T15:14:30Z,472.7,17.29,-122.84,3.778168e-12
2024-05-11T15:15:00Z,472.8,19.21,-122.87,3.769768e-12
2024-05-11T15:15:30Z,472.9,21.14,-122.89,3.761696e-12
2024-05-11T15:16:00Z,473.0,23.06,-122.92,3.752940e-12
2024-05-11T15:16:30Z,473.2,24.98,-122.93,3.745830e-12
2024-05-11T15:17:00Z,473.4,26.9,-122.95,3.741057e-12
2024-05-11T15:17:30Z,473.6,28.82,-122.96,3.739197e-12
2024-05-11T15:18:00Z,473.9,30.74,-122.97,3.739530e-12
2024-05-11T15:18:30Z,474.2,32.66,-122.97,3.743720e-12
2024-05-11T15:19:00Z,474.5,34.58,-122.97,3.751763e-12
2024-05-11T15:19:30Z,474.8,36.49,-122.96,3.760908e-12
2024-05-11T15:20:00Z,475.1,38.41,-122.95,3.770981e-12
2024-05-11T15:20:30Z,475.5,40.32,-122.92,3.778197e-12
2024-05-11T15:21:00Z,475.8,42.24,-122.89,3.781814e-12
2024-05-11T15:21:30Z,476.2,44.15,-122.85,3.779450e-12
2024-05-11T15:22:00Z,476.6,46.07,-122.8,3.768750e-12
2024-05-11T15:22:30Z,477.0,47.98,-122.74,3.750871e-12
2024-05-11T15:23:00Z,477.3,49.89,-122.66,3.732759e-12
2024-05-11T15:23:30Z,477.7,51.8,-122.56,3.722600e-12
2024-05-11T15:24:00Z,478.1,53.71,-122.44,3.726017e-12
2024-05-11T15:24:30Z,478.5,55.61,-122.31,3.742501e-12
2024-05-11T15:25:00Z,478.9,57.52,-122.14,3.765369e-12
2024-05-11T15:25:30Z,479.3,59.42,-121.94,3.789897e-12
2024-05-11T15:26:00Z,479.6,61.33,-121.71,3.809463e-12
2024-05-11T15:26:30Z,480.0,63.23,-121.42,3.817899e-12
2024-05-11T15:27:00Z,480.3,65.13,-121.08,3.808587e-12
2024-05-11T15:27:30Z,480.6,67.03,-120.67,3.781596e-12
2024-05-11T15:28:00Z,480.9,68.92,-120.17,3.742083e-12
2024-05-11T15:28:30Z,481.2,70.81,-119.55,3.692861e-12
2024-05-11T15:29:00Z,481.4,72.7,-118.78,3.638444e-12
2024-05-11T15:29:30Z,481.7,74.58,-117.79,3.585954e-12
2024-05-11T15:30:00Z,481.9,76.46,-116.5,3.532704e-12
2024-05-11T15:30:30Z,482.0,78.32,-114.77,3.480469e-12
2024-05-11T15:31:00Z,482.2,80.17,-112.35,3.430463e-12
2024-05-11T15:31:30Z,482.3,81.99,-108.78,3.378465e-12
2024-05-11T15:32:00Z,482.4,83.75,-103.1,3.327503e-12
2024-05-11T15:32:30Z,482.5,85.41,-93.07,3.279296e-12
2024-05-11T15:33:00Z,482.5,86.77,-73.27,3.233759e-12
2024-05-11T15:33:30Z,482.5,87.35,-37.17,3.190524e-12
2024-05-11T15:34:00Z,482.5,86.71,-1.93,3.144185e-12
2024-05-11T15:34:30Z,482.4,85.31,17.03,3.095733e-12
2024-05-11T15:35:00Z,482.3,83.65,26.68,3.047494e-12
2024-05-11T15:35:30Z,482.2,81.88,32.19,3.000701e-12
2024-05-11T15:36:00Z,482.0,80.05,35.67,2.956765e-12
2024-05-11T15:36:30Z,481.9,78.21,38.03,2.916661e-12
2024-05-11T15:37:00Z,481.7,76.34,39.73,2.880817e-12
2024-05-11T15:37:30Z,481.4,74.47,41.0,2.852181e-12
2024-05-11T15:38:00Z,481.2,72.58,41.97,2.832086e-12
2024-05-11T15:38:30Z,480.9,70.7,42.73,2.821470e-12
2024-05-11T15:39:00Z,480.6,68.8,43.35,2.821293e-12
2024-05-11T15:39:30Z,480.3,66.91,43.84,2.831947e-12
2024-05-11T15:40:00Z,480.0,65.01,44.25,2.851457e-12
2024-05-11T15:40:30Z,479.6,63.11,44.58,2.880380e-12
2024-05-11T15:41:00Z,479.2,61.21,44.86,2.918446e-12
2024-05-11T15:41:30Z,478.9,59.31,45.1,2.964144e-12
2024-05-11T15:42:00Z,478.5,57.4,45.29,3.016392e-12
2024-05-11T15:42:30Z,478.1,55.5,45.46,3.073733e-12
2024-05-11T15:43:00Z,477.7,53.59,45.59,3.135532e-12
2024-05-11T15:43:30Z,477.2,51.68,45.71,3.201116e-12
2024-05-11T15:44:00Z,476.8,49.77,45.8,3.269470e-12
2024-05-11T15:44:30Z,476.4,47.86,45.88,3.339432e-12
2024-05-11T15:45:00Z,476.0,45.95,45.94,3.408468e-12
2024-05-11T15:45:30Z,475.6,44.03,46.0,3.475009e-12
2024-05-11T15:46:00Z,475.2,42.12,46.04,3.537548e-12
2024-05-11T15:46:30Z,474.8,40.2,46.07,3.595825e-12
2024-05-11T15:47:00Z,474.5,38.29,46.09,3.650233e-12
2024-05-11T15:47:30Z,474.1,36.37,46.1,3.701353e-12
2024-05-11T15:48:00Z,473.8,34.45,46.11,3.749486e-12
2024-05-11T15:48:30Z,473.5,32.53,46.11,3.794108e-12
2024-05-11T15:49:00Z,473.2,30.62,46.11,3.834856e-12
2024-05-11T15:49:30Z,472.9,28.7,46.1,3.872516e-12
2024-05-11T15:50:00Z,472.7,26.77,46.09,3.906901e-12
2024-05-11T15:50:30Z,472.5,24.85,46.07,3.937888e-12
2024-05-11T15:51:00Z,472.3,22.93,46.06,3.965146e-12
2024-05-11T15:51:30Z,472.2,21.01,46.03,3.988657e-12
2024-05-11T15:52:00Z,472.1,19.09,46.01,4.008470e-12
2024-05-11T15:52:30Z,472.0,17.16,45.98,4.024200e-12
2024-05-11T15:53:00Z,472.0,15.24,45.95,4.035810e-12
2024-05-11T15:53:30Z,472.0,13.32,45.92,4.043614e-12
2024-05-11T15:54:00Z,472.0,11.39,45.89,4.047694e-12
2024-05-11T15:54:30Z,472.1,9.47,45.85,4.048157e-12
2024-05-11T15:55:00Z,472.2,7.54,45.82,4.045128e-12
2024-05-11T15:55:30Z,472.4,5.62,45.78,4.038537e-12
2024-05-11T15:56:00Z,472.6,3.7,45.75,4.028618e-12
2024-05-11T15:56:30Z,472.8,1.77,45.71,4.015353e-12
2024-05-11T15:57:00Z,473.1,-0.15,45.68,3.998793e-12
2024-05-11T15:57:30Z,473.4,-2.08,45.64,3.979128e-12
2024-05-11T15:58:00Z,473.8,-4.0,45.6,3.955447e-12
2024-05-11T15:58:30Z,474.2,-5.92,45.57,3.927816e-12
2024-05-11T15:59:00Z,474.7,-7.85,45.53,3.898075e-12
2024-05-11T15:59:30Z,475.1,-9.77,45.5,3.866293e-12
2024-05-11T16:00:00Z,475.7,-11.69,45.46,3.832561e-12
2024-05-11T16:00:30Z,476.2,-13.61,45.43,3.797379e-12
2024-05-11T16:01:00Z,476.8,-15.53,45.4,3.760965e-12
2024-05-11T16:01:30Z,477.4,-17.45,45.37,3.723725e-12
2024-05-11T16:02:00Z,478.1,-19.37,45.34,3.685630e-12
2024-05-11T16:02:30Z,478.8,-21.29,45.32,3.647111e-12
2024-05-11T16:03:00Z,479.5,-23.21,45.3,3.607735e-12
2024-05-11T16:03:30Z,480.2,-25.13,45.28,3.566963e-12
2024-05-11T16:04:00Z,481.0,-27.05,45.26,3.522695e-12
2024-05-11T16:04:30Z,481.8,-28.96,45.25,3.472993e-12
2024-05-11T16:05:00Z,482.6,-30.88,45.24,3.414355e-12
2024-05-11T16:05:30Z,483.4,-32.79,45.24,3.344575e-12
2024-05-11T16:06:00Z,484.2,-34.7,45.24,3.264143e-12
2024-05-11T16:06:30Z,485.0,-36.61,45.25,3.175115e-12
2024-05-11T16:07:00Z,485.8,-38.52,45.27,3.081364e-12
2024-05-11T16:07:30Z,486.7,-40.43,45.29,2.986990e-12
2024-05-11T16:08:00Z,487.5,-42.34,45.32,2.893533e-12
2024-05-11T16:08:30Z,488.4,-44.25,45.36,2.802098e-12
2024-05-11T16:09:00Z,489.2,-46.15,45.41,2.718018e-12
2024-05-11T16:09:30Z,490.0,-48.06,45.48,2.641132e-12
2024-05-11T16:10:00Z,490.8,-49.96,45.56,2.570813e-12
2024-05-11T16:10:30Z,491.6,-51.86,45.65,2.507200e-12
2024-05-11T16:11:00Z,492.4,-53.77,45.77,2.448732e-12
2024-05-11T16:11:30Z,493.1,-55.66,45.91,2.392764e-12
2024-05-11T16:12:00Z,493.9,-57.56,46.07,2.339089e-12
2024-05-11T16:12:30Z,494.6,-59.46,46.27,2.286859e-12
2024-05-11T16:13:00Z,495.2,-61.35,46.5,2.233965e-12
2024-05-11T16:13:30Z,495.9,-63.25,46.78,2.178271e-12
2024-05-11T16:14:00Z,496.5,-65.14,47.12,2.121805e-12
2024-05-11T16:14:30Z,497.1,-67.02,47.53,2.065301e-12
2024-05-11T16:15:00Z,497.6,-68.91,48.03,2.009676e-12
2024-05-11T16:15:30Z,498.1,-70.79,48.64,1.955215e-12
2024-05-11T16:16:00Z,498.6,-72.67,49.41,1.902153e-12
2024-05-11T16:16:30Z,499.0,-74.54,50.39,1.851136e-12
2024-05-11T16:17:00Z,499.4,-76.41,51.66,1.803561e-12
2024-05-11T16:17:30Z,499.7,-78.26,53.36,1.760058e-12
2024-05-11T16:18:00Z,500.0,-80.1,55.74,1.720742e-12
2024-05-11T16:18:30Z,500.2,-81.91,59.23,1.686232e-12
2024-05-11T16:19:00Z,500.4,-83.67,64.76,1.657457e-12
2024-05-11T16:19:30Z,500.6,-85.33,74.43,1.634516e-12
2024-05-11T16:20:00Z,500.6,-86.71,93.37,1.617776e-12
2024-05-11T16:20:30Z,500.7,-87.36,128.47,1.606984e-12
2024-05-11T16:21:00Z,500.7,-86.78,164.45,1.604751e-12
2024-05-11T16:21:30Z,500.6,-85.43,-175.74,1.607028e-12
2024-05-11T16:22:00Z,500.5,-83.78,-165.68,1.612672e-12
2024-05-11T16:22:30Z,500.3,-82.03,-159.97,1.621687e-12
2024-05-11T16:23:00Z,500.1,-80.22,-156.39,1.634137e-12
2024-05-11T16:23:30Z,499.9,-78.38,-153.96,1.650313e-12
2024-05-11T16:24:00Z,499.6,-76.53,-152.22,1.670547e-12
2024-05-11T16:24:30Z,499.2,-74.66,-150.92,1.695550e-12
2024-05-11T16:25:00Z,498.8,-72.79,-149.93,1.725906e-12
2024-05-11T16:25:30Z,498.4,-70.91,-149.15,1.761949e-12
2024-05-11T16:26:00Z,497.9,-69.03,-148.53,1.803885e-12
2024-05-11T16:26:30Z,497.4,-67.15,-148.02,1.852134e-12
2024-05-11T16:27:00Z,496.8,-65.26,-147.61,1.905768e-12
2024-05-11T16:27:30Z,496.2,-63.37,-147.27,1.963146e-12
2024-05-11T16:28:00Z,495.6,-61.47,-146.98,2.024176e-12
2024-05-11T16:28:30Z,494.9,-59.58,-146.74,2.088148e-12
2024-05-11T16:29:00Z,494.3,-57.68,-146.55,2.155368e-12
2024-05-11T16:29:30Z,493.5,-55.79,-146.38,2.226119e-12
2024-05-11T16:30:00Z,492.8,-53.89,-146.24,2.297971e-12
2024-05-11T16:30:30Z,492.1,-51.99,-146.12,2.371169e-12
2024-05-11T16:31:00Z,491.3,-50.09,-146.03,2.447203e-12
2024-05-11T16:31:30Z,490.5,-48.18,-145.95,2.525144e-12
2024-05-11T16:32:00Z,489.7,-46.28,-145.88,2.603959e-12
2024-05-11T16:32:30Z,488.9,-44.37,-145.83,2.680730e-12
2024-05-11T16:33:00Z,488.1,-42.47,-145.79,2.754712e-12
2024-05-11T16:33:30Z,487.3,-40.56,-145.75,2.826314e-12
2024-05-11T16:34:00Z,486.4,-38.65,-145.73,2.894715e-12
2024-05-11T16:34:30Z,485.6,-36.74,-145.72,2.959213e-12
2024-05-11T16:35:00Z,484.8,-34.83,-145.71,3.019542e-12
2024-05-11T16:35:30Z,484.0,-32.92,-145.7,3.075540e-12
2024-05-11T16:36:00Z,483.2,-31.0,-145.71,3.126964e-12
2024-05-11T16:36:30Z,482.4,-29.09,-145.71,3.174387e-12
2024-05-11T16:37:00Z,481.7,-27.17,-145.73,3.217844e-12
2024-05-11T16:37:30Z,480.9,-25.26,-145.74,3.257726e-12
2024-05-11T16:38:00Z,480.2,-23.34,-145.76,3.294235e-12
2024-05-11T16:38:30Z,479.5,-21.42,-145.78,3.328147e-12
2024-05-11T16:39:00Z,478.8,-19.5,-145.81,3.359465e-12
2024-05-11T16:39:30Z,478.2,-17.58,-145.83,3.388578e-12
2024-05-11T16:40:00Z,477.5,-15.66,-145.86,3.416021e-12
2024-05-11T16:40:30Z,477.0,-13.74,-145.89,3.442147e-12
2024-05-11T16:41:00Z,476.4,-11.82,-145.93,3.467230e-12
2024-05-11T16:41:30Z,475.9,-9.9,-145.96,3.491087e-12
2024-05-11T16:42:00Z,475.4,-7.98,-145.99,3.513828e-12
2024-05-11T16:42:30Z,474.9,-6.06,-146.03,3.535279e-12
2024-05-11T16:43:00Z,474.5,-4.13,-146.07,3.555937e-12
2024-05-11T16:43:30Z,474.2,-2.21,-146.1,3.575649e-12
2024-05-11T16:44:00Z,473.8,-0.29,-146.14,3.593984e-12
2024-05-11T16:44:30Z,473.6,1.64,-146.17,3.610521e-12
2024-05-11T16:45:00Z,473.3,3.56,-146.21,3.625038e-12
2024-05-11T16:45:30Z,473.1,5.49,-146.25,3.637135e-12
2024-05-11T16:46:00Z,472.9,7.41,-146.28,3.646397e-12
2024-05-11T16:46:30Z,472.8,9.33,-146.32,3.652462e-12
2024-05-11T16:47:00Z,472.7,11.26,-146.35,3.654775e-12
2024-05-11T16:47:30Z,472.7,13.18,-146.38,3.653307e-12
2024-05-11T16:48:00Z,472.7,15.1,-146.41,3.647483e-12
2024-05-11T16:48:30Z,472.7,17.03,-146.44,3.636832e-12
2024-05-11T16:49:00Z,472.7,18.95,-146.47,3.622034e-12
2024-05-11T16:49:30Z,472.8,20.87,-146.5,3.603123e-12
2024-05-11T16:50:00Z,473.0,22.79,-146.52,3.578832e-12
2024-05-11T16:50:30Z,473.1,24.72,-146.54,3.549947e-12
2024-05-11T16:51:00Z,473.3,26.64,-146.55,3.517739e-12
2024-05-11T16:51:30Z,473.6,28.56,-146.57,3.483053e-12
2024-05-11T16:52:00Z,473.8,30.48,-146.58,3.446684e-12
2024-05-11T16:52:30Z,474.1,32.39,-146.58,3.409286e-12
2024-05-11T16:53:00Z,474.4,34.31,-146.58,3.371800e-12
2024-05-11T16:53:30Z,474.7,36.23,-146.57,3.334888e-12
2024-05-11T16:54:00Z,475.0,38.15,-146.56,3.296072e-12
2024-05-11T16:54:30Z,475.4,40.06,-146.54,3.259623e-12
2024-05-11T16:55:00Z,475.7,41.98,-146.51,3.225662e-12
2024-05-11T16:55:30Z,476.1,43.89,-146.47,3.194011e-12
2024-05-11T16:56:00Z,476.5,45.8,-146.42,3.163536e-12
2024-05-11T16:56:30Z,476.9,47.72,-146.35,3.131912e-12
2024-05-11T16:57:00Z,477.3,49.63,-146.28,3.096805e-12
2024-05-11T16:57:30Z,477.7,51.54,-146.18,3.058751e-12
2024-05-11T16:58:00Z,478.1,53.44,-146.07,3.020023e-12
2024-05-11T16:58:30Z,478.5,55.35,-145.93,2.985586e-12
2024-05-11T16:59:00Z,478.8,57.26,-145.77,2.961566e-12
2024-05-11T16:59:30Z,479.2,59.16,-145.58,2.952085e-12
2024-05-11T17:00:00Z,479.6,61.07,-145.35,2.956819e-12
2024-05-11T17:00:30Z,479.9,62.97,-145.08,2.971541e-12
2024-05-11T17:01:00Z,480.3,64.87,-144.74,2.990511e-12
2024-05-11T17:01:30Z,480.6,66.77,-144.34,3.007650e-12
2024-05-11T17:02:00Z,480.9,68.66,-143.86,3.019582e-12
2024-05-11T17:02:30Z,481.1,70.55,-143.26,3.024030e-12
2024-05-11T17:03:00Z,481.4,72.44,-142.51,3.020183e-12
2024-05-11T17:03:30Z,481.6,74.32,-141.55,3.008479e-12
2024-05-11T17:04:00Z,481.8,76.2,-140.31,2.990683e-12
2024-05-11T17:04:30Z,482.0,78.07,-138.66,2.969524e-12
2024-05-11T17:05:00Z,482.2,79.92,-136.35,2.947078e-12
2024-05-11T17:05:30Z,482.3,81.74,-132.98,2.924010e-12
2024-05-11T17:06:00Z,482.4,83.52,-127.68,2.901820e-12
2024-05-11T17:06:30Z,482.5,85.19,-118.48,2.881062e-12
2024-05-11T17:07:00Z,482.5,86.62,-100.52,2.862121e-12
2024-05-11T17:07:30Z,482.5,87.35,-66.42,2.844946e-12
2024-05-11T17:08:00Z,482.5,86.86,-29.33,2.826832e-12
2024-05-11T17:08:30Z,482.4,85.53,-8.44,2.806153e-12
2024-05-11T17:09:00Z,482.3,83.89,2.08,2.784920e-12
2024-05-11T17:09:30Z,482.2,82.12,7.99,2.763701e-12
2024-05-11T17:10:00Z,482.1,80.31,11.67,2.742518e-12
2024-05-11T17:10:30Z,481.9,78.46,14.16,2.722587e-12
2024-05-11T17:11:00Z,481.7,76.6,15.93,2.705049e-12
2024-05-11T17:11:30Z,481.5,74.72,17.25,2.691519e-12
2024-05-11T17:12:00Z,481.2,72.84,18.25,2.683168e-12
2024-05-11T17:12:30Z,481.0,70.96,19.04,2.680161e-12
2024-05-11T17:13:00Z,480.7,69.06,19.67,2.684780e-12
2024-05-11T17:13:30Z,480.4,67.17,20.18,2.697671e-12
2024-05-11T17:14:00Z,480.0,65.27,20.6,2.719162e-12
2024-05-11T17:14:30Z,479.7,63.37,20.94,2.749037e-12
2024-05-11T17:15:00Z,479.3,61.47,21.23,2.786894e-12
2024-05-11T17:15:30Z,478.9,59.57,21.46,2.832242e-12
2024-05-11T17:16:00Z,478.5,57.66,21.66,2.884155e-12
2024-05-11T17:16:30Z,478.1,55.76,21.83,2.941880e-12
2024-05-11T17:17:00Z,477.7,53.85,21.97,3.004462e-12
2024-05-11T17:17:30Z,477.3,51.94,22.09,3.071444e-12
2024-05-11T17:18:00Z,476.9,50.03,22.19,3.141949e-12
2024-05-11T17:18:30Z,476.5,48.12,22.27,3.214749e-12
2024-05-11T17:19:00Z,476.1,46.21,22.33,3.287663e-12
2024-05-11T17:19:30Z,475.7,44.3,22.39,3.359197e-12
2024-05-11T17:20:00Z,475.3,42.38,22.43,3.428343e-12
2024-05-11T17:20:30Z,474.9,40.47,22.46,3.494500e-12
2024-05-11T17:21:00Z,474.5,38.55,22.48,3.558489e-12
2024-05-11T17:21:30Z,474.2,36.63,22.5,3.620537e-12
2024-05-11T17:22:00Z,473.8,34.72,22.51,3.680911e-12
2024-05-11T17:22:30Z,473.5,32.8,22.51,3.739041e-12
2024-05-11T17:23:00Z,473.2,30.88,22.51,3.792687e-12
2024-05-11T17:23:30Z,473.0,28.96,22.5,3.842479e-12
2024-05-11T17:24:00Z,472.7,27.04,22.49,3.887833e-12
2024-05-11T17:24:30Z,472.5,25.12,22.47,3.927830e-12
2024-05-11T17:25:00Z,472.3,23.2,22.45,3.961583e-12
2024-05-11T17:25:30Z,472.2,21.27,22.43,3.988443e-12
2024-05-11T17:26:00Z,472.0,19.35,22.41,4.007849e-12
2024-05-11T17:26:30Z,472.0,17.43,22.38,4.019209e-12
2024-05-11T17:27:00Z,471.9,15.5,22.35,4.022255e-12
2024-05-11T17:27:30Z,471.9,13.58,22.32,4.016750e-12
2024-05-11T17:28:00Z,472.0,11.66,22.29,4.003017e-12
2024-05-11T17:28:30Z,472.0,9.73,22.25,3.981032e-12
2024-05-11T17:29:00Z,472.1,7.81,22.22,3.951142e-12
2024-05-11T17:29:30Z,472.3,5.88,22.18,3.913769e-12
2024-05-11T17:30:00Z,472.5,3.96,22.15,3.869413e-12
2024-05-11T17:30:30Z,472.7,2.04,22.11,3.818585e-12
2024-05-11T17:31:00Z,473.0,0.11,22.08,3.762021e-12
2024-05-11T17:31:30Z,473.3,-1.81,22.04,3.700365e-12
2024-05-11T17:32:00Z,473.7,-3.74,22.0,3.634690e-12
2024-05-11T17:32:30Z,474.1,-5.66,21.97,3.565634e-12
2024-05-11T17:33:00Z,474.5,-7.58,21.93,3.494352e-12
2024-05-11T17:33:30Z,475.0,-9.51,21.9,3.421750e-12
2024-05-11T17:34:00Z,475.5,-11.43,21.86,3.348848e-12
2024-05-11T17:34:30Z,476.1,-13.35,21.83,3.276811e-12
2024-05-11T17:35:00Z,476.7,-15.27,21.8,3.206634e-12
2024-05-11T17:35:30Z,477.3,-17.19,21.77,3.139478e-12
2024-05-11T17:36:00Z,477.9,-19.11,21.74,3.076135e-12
2024-05-11T17:36:30Z,478.6,-21.03,21.72,3.017164e-12
2024-05-11T17:37:00Z,479.3,-22.95,21.69,2.962634e-12
2024-05-11T17:37:30Z,480.1,-24.87,21.68,2.911771e-12
2024-05-11T17:38:00Z,480.8,-26.78,21.66,2.863386e-12
2024-05-11T17:38:30Z,481.6,-28.7,21.65,2.815894e-12
2024-05-11T17:39:00Z,482.4,-30.61,21.64,2.767725e-12
2024-05-11T17:39:30Z,483.2,-32.53,21.63,2.717767e-12
2024-05-11T17:40:00Z,484.0,-34.44,21.64,2.665859e-12
2024-05-11T17:40:30Z,484.8,-36.35,21.64,2.612345e-12
2024-05-11T17:41:00Z,485.7,-38.26,21.66,2.558215e-12
2024-05-11T17:41:30Z,486.5,-40.17,21.68,2.504920e-12
2024-05-11T17:42:00Z,487.3,-42.08,21.71,2.453751e-12
2024-05-11T17:42:30Z,488.2,-43.99,21.75,2.405988e-12
2024-05-11T17:43:00Z,489.0,-45.89,21.8,2.362324e-12
2024-05-11T17:43:30Z,489.8,-47.8,21.86,2.323355e-12
2024-05-11T17:44:00Z,490.6,-49.7,21.94,2.288999e-12
2024-05-11T17:44:30Z,491.4,-51.6,22.03,2.259125e-12
2024-05-11T17:45:00Z,492.2,-53.51,22.14,2.233552e-12
2024-05-11T17:45:30Z,492.9,-55.41,22.28,2.211743e-12
2024-05-11T17:46:00Z,493.7,-57.3,22.44,2.192985e-12
2024-05-11T17:46:30Z,494.4,-59.2,22.63,2.175570e-12
2024-05-11T17:47:00Z,495.1,-61.09,22.86,2.159036e-12
2024-05-11T17:47:30Z,495.7,-62.99,23.13,2.143942e-12
2024-05-11T17:48:00Z,496.3,-64.88,23.46,2.129801e-12
2024-05-11T17:48:30Z,496.9,-66.77,23.86,2.115681e-12
2024-05-11T17:49:00Z,497.5,-68.65,24.34,2.101157e-12
2024-05-11T17:49:30Z,498.0,-70.54,24.94,2.084938e-12
2024-05-11T17:50:00Z,498.4,-72.41,25.68,2.066685e-12
2024-05-11T17:50:30Z,498.9,-74.29,26.63,2.047456e-12
2024-05-11T17:51:00Z,499.2,-76.16,27.85,2.026955e-12
2024-05-11T17:51:30Z,499.6,-78.01,29.49,2.005115e-12
2024-05-11T17:52:00Z,499.9,-79.85,31.75,1.982811e-12
2024-05-11T17:52:30Z,500.1,-81.67,35.05,1.960785e-12
2024-05-11T17:53:00Z,500.3,-83.44,40.21,1.939363e-12
2024-05-11T17:53:30Z,500.5,-85.11,49.11,1.919673e-12
2024-05-11T17:54:00Z,500.6,-86.55,66.32,1.902937e-12
2024-05-11T17:54:30Z,500.6,-87.34,99.31,1.891072e-12
2024-05-11T17:55:00Z,500.6,-86.92,136.92,1.884253e-12
2024-05-11T17:55:30Z,500.5,-85.64,158.73,1.880147e-12
2024-05-11T17:56:00Z,500.4,-84.02,169.69,1.879453e-12
2024-05-11T17:56:30Z,500.3,-82.27,175.81,1.882183e-12
2024-05-11T17:57:00Z,500.1,-80.47,179.61,1.888310e-12
2024-05-11T17:57:30Z,499.8,-78.63,-177.84,1.897428e-12
2024-05-11T17:58:00Z,499.5,-76.78,-176.02,1.909108e-12
2024-05-11T17:58:30Z,499.2,-74.92,-174.68,1.923199e-12
2024-05-11T17:59:00Z,498.8,-73.04,-173.65,1.939648e-12
2024-05-11T17:59:30Z,498.4,-71.17,-172.85,1.958842e-12
2024-05-11T18:00:00Z,497.9,-69.29,-172.21,1.990839e-12
2024-05-11T18:00:30Z,497.4,-67.4,-171.69,2.016711e-12
2024-05-11T18:01:00Z,496.8,-65.51,-171.26,2.047504e-12
2024-05-11T18:01:30Z,496.2,-63.62,-170.91,2.083491e-12
2024-05-11T18:02:00Z,495.6,-61.73,-170.62,2.124495e-12
2024-05-11T18:02:30Z,495.0,-59.84,-170.38,2.169499e-12
2024-05-11T18:03:00Z,494.3,-57.94,-170.17,2.216896e-12
2024-05-11T18:03:30Z,493.6,-56.04,-170.0,2.264920e-12
2024-05-11T18:04:00Z,492.9,-54.15,-169.86,2.310676e-12
2024-05-11T18:04:30Z,492.1,-52.25,-169.74,2.354855e-12
2024-05-11T18:05:00Z,491.4,-50.34,-169.64,2.398319e-12
2024-05-11T18:05:30Z,490.6,-48.44,-169.56,2.441688e-12
2024-05-11T18:06:00Z,489.8,-46.54,-169.49,2.485504e-12
2024-05-11T18:06:30Z,489.0,-44.63,-169.44,2.529476e-12
2024-05-11T18:07:00Z,488.2,-42.73,-169.4,2.571599e-12
2024-05-11T18:07:30Z,487.3,-40.82,-169.36,2.612946e-12
2024-05-11T18:08:00Z,486.5,-38.91,-169.34,2.653923e-12
2024-05-11T18:08:30Z,485.7,-37.0,-169.32,2.694109e-12
2024-05-11T18:09:00Z,484.9,-35.09,-169.31,2.733325e-12
2024-05-11T18:09:30Z,484.1,-33.18,-169.31,2.771417e-12
2024-05-11T18:10:00Z,483.3,-31.26,-169.31,2.808281e-12
2024-05-11T18:10:30Z,482.5,-29.35,-169.32,2.843615e-12
2024-05-11T18:11:00Z,481.8,-27.43,-169.33,2.877523e-12
2024-05-11T18:11:30Z,481.0,-25.52,-169.34,2.909799e-12
2024-05-11T18:12:00Z,480.3,-23.6,-169.36,2.940160e-12
2024-05-11T18:12:30Z,479.6,-21.68,-169.38,2.968433e-12
2024-05-11T18:13:00Z,478.9,-19.76,-169.41,2.994114e-12
2024-05-11T18:13:30Z,478.2,-17.84,-169.44,3.016746e-12
2024-05-11T18:14:00Z,477.6,-15.92,-169.46,3.035883e-12
2024-05-11T18:14:30Z,477.0,-14.0,-169.49,3.050998e-12
2024-05-11T18:15:00Z,476.5,-12.08,-169.53,3.061645e-12
2024-05-11T18:15:30Z,476.0,-10.16,-169.56,3.067922e-12
2024-05-11T18:16:00Z,475.5,-8.24,-169.59,3.069371e-12
2024-05-11T18:16:30Z,475.0,-6.32,-169.63,3.066006e-12
2024-05-11T18:17:00Z,474.6,-4.39,-169.67,3.057924e-12
2024-05-11T18:17:30Z,474.2,-2.47,-169.7,3.045249e-12
2024-05-11T18:18:00Z,473.9,-0.55,-169.74,3.028146e-12
2024-05-11T18:18:30Z,473.6,1.38,-169.78,3.007179e-12
2024-05-11T18:19:00Z,473.4,3.3,-169.81,2.982701e-12
2024-05-11T18:19:30Z,473.1,5.22,-169.85,2.954941e-12
2024-05-11T18:20:00Z,473.0,7.15,-169.88,2.924517e-12
2024-05-11T18:20:30Z,472.8,9.07,-169.92,2.892112e-12
2024-05-11T18:21:00Z,472.7,11.0,-169.95,2.857973e-12
2024-05-11T18:21:30Z,472.7,12.92,-169.99,2.822611e-12
2024-05-11T18:22:00Z,472.7,14.84,-170.02,2.786518e-12
2024-05-11T18:22:30Z,472.7,16.77,-170.05,2.750138e-12
2024-05-11T18:23:00Z,472.8,18.69,-170.07,2.713549e-12
2024-05-11T18:23:30Z,472.9,20.61,-170.1,2.677060e-12
2024-05-11T18:24:00Z,473.0,22.53,-170.12,2.640875e-12
2024-05-11T18:24:30Z,473.2,24.45,-170.14,2.604884e-12
2024-05-11T18:25:00Z,473.3,26.38,-170.16,2.568628e-12
2024-05-11T18:25:30Z,473.6,28.3,-170.17,2.531033e-12
2024-05-11T18:26:00Z,473.8,30.21,-170.18,2.493353e-12
2024-05-11T18:26:30Z,474.1,32.13,-170.19,2.455387e-12
2024-05-11T18:27:00Z,474.4,34.05,-170.19,2.417084e-12
2024-05-11T18:27:30Z,474.7,35.97,-170.18,2.378730e-12
2024-05-11T18:28:00Z,475.0,37.89,-170.17,2.339686e-12
2024-05-11T18:28:30Z,475.4,39.8,-170.15,2.300682e-12
2024-05-11T18:29:00Z,475.7,41.72,-170.12,2.260545e-12
2024-05-11T18:29:30Z,476.1,43.63,-170.08,2.219940e-12
2024-05-11T18:30:00Z,476.5,45.54,-170.03,2.179990e-12
2024-05-11T18:30:30Z,476.9,47.46,-169.97,2.140663e-12
2024-05-11T18:31:00Z,477.3,49.37,-169.89,2.101905e-12
2024-05-11T18:31:30Z,477.7,51.28,-169.8,2.063513e-12
2024-05-11T18:32:00Z,478.1,53.19,-169.69,2.025103e-12
2024-05-11T18:32:30Z,478.4,55.09,-169.56,1.986877e-12
2024-05-11T18:33:00Z,478.8,57.0,-169.4,1.949467e-12
2024-05-11T18:33:30Z,479.2,58.9,-169.22,1.915544e-12
2024-05-11T18:34:00Z,479.6,60.81,-168.99,1.889005e-12
2024-05-11T18:34:30Z,479.9,62.71,-168.72,1.873503e-12
2024-05-11T18:35:00Z,480.2,64.61,-168.4,1.869801e-12
2024-05-11T18:35:30Z,480.6,66.51,-168.01,1.877510e-12
2024-05-11T18:36:00Z,480.9,68.4,-167.54,1.893833e-12
2024-05-11T18:36:30Z,481.1,70.3,-166.95,1.916180e-12
2024-05-11T18:37:00Z,481.4,72.18,-166.23,1.942244e-12
2024-05-11T18:37:30Z,481.6,74.07,-165.31,1.970874e-12
2024-05-11T18:38:00Z,481.8,75.95,-164.11,2.002427e-12
2024-05-11T18:38:30Z,482.0,77.81,-162.52,2.037245e-12
2024-05-11T18:39:00Z,482.2,79.67,-160.33,2.076356e-12
2024-05-11T18:39:30Z,482.3,81.49,-157.14,2.120849e-12
2024-05-11T18:40:00Z,482.4,83.28,-152.19,2.170782e-12
2024-05-11T18:40:30Z,482.5,84.98,-143.71,2.228120e-12
2024-05-11T18:41:00Z,482.5,86.45,-127.4,2.293399e-12
2024-05-11T18:41:30Z,482.5,87.32,-95.56,2.366716e-12
2024-05-11T18:42:00Z,482.5,86.99,-57.07,2.445517e-12
2024-05-11T18:42:30Z,482.5,85.74,-34.08,2.526664e-12
2024-05-11T18:43:00Z,482.4,84.12,-22.6,2.609538e-12
2024-05-11T18:43:30Z,482.3,82.37,-16.25,2.692649e-12
2024-05-11T18:44:00Z,482.1,80.56,-12.34,2.774274e-12
2024-05-11T18:44:30Z,481.9,78.71,-9.73,2.852899e-12
2024-05-11T18:45:00Z,481.8,76.85,-7.88,2.927078e-12
2024-05-11T18:45:30Z,481.5,74.98,-6.51,2.996748e-12
2024-05-11T18:46:00Z,481.3,73.1,-5.47,3.061886e-12
2024-05-11T18:46:30Z,481.0,71.21,-4.66,3.122868e-12
2024-05-11T18:47:00Z,480.7,69.32,-4.01,3.181357e-12
2024-05-11T18:47:30Z,480.4,67.43,-3.49,3.237030e-12
2024-05-11T18:48:00Z,480.1,65.53,-3.06,3.291159e-12
2024-05-11T18:48:30Z,479.7,63.63,-2.71,3.343969e-12
2024-05-11T18:49:00Z,479.3,61.73,-2.41,3.395456e-12
2024-05-11T18:49:30Z,479.0,59.83,-2.17,3.445077e-12
2024-05-11T18:50:00Z,478.6,57.92,-1.96,3.491936e-12
2024-05-11T18:50:30Z,478.2,56.02,-1.79,3.534694e-12
2024-05-11T18:51:00Z,477.7,54.11,-1.65,3.572004e-12
2024-05-11T18:51:30Z,477.3,52.2,-1.53,3.603024e-12
2024-05-11T18:52:00Z,476.9,50.29,-1.43,3.627285e-12
2024-05-11T18:52:30Z,476.5,48.38,-1.35,3.644940e-12
2024-05-11T18:53:00Z,476.1,46.47,-1.28,3.655964e-12
2024-05-11T18:53:30Z,475.7,44.56,-1.23,3.660397e-12
2024-05-11T18:54:00Z,475.3,42.64,-1.18,3.658780e-12
2024-05-11T18:54:30Z,474.9,40.73,-1.15,3.651528e-12
2024-05-11T18:55:00Z,474.5,38.81,-1.12,3.639629e-12
2024-05-11T18:55:30Z,474.2,36.89,-1.11,3.623768e-12
2024-05-11T18:56:00Z,473.8,34.98,-1.1,3.604580e-12
2024-05-11T18:56:30Z,473.5,33.06,-1.1,3.581872e-12
2024-05-11T18:57:00Z,473.2,31.14,-1.1,3.555962e-12
2024-05-11T18:57:30Z,472.9,29.22,-1.1,3.528314e-12
2024-05-11T18:58:00Z,472.7,27.3,-1.12,3.499215e-12
2024-05-11T18:58:30Z,472.5,25.38,-1.13,3.468661e-12
2024-05-11T18:59:00Z,472.3,23.46,-1.15,3.436894e-12
2024-05-11T18:59:30Z,472.1,21.54,-1.17,3.404035e-12
2024-05-11T19:00:00Z,472.0,19.61,-1.19,3.369913e-12
2024-05-11T19:00:30Z,471.9,17.69,-1.22,3.335159e-12
2024-05-11T19:01:00Z,471.9,15.77,-1.25,3.299814e-12
2024-05-11T19:01:30Z,471.8,13.84,-1.28,3.263972e-12
2024-05-11T19:02:00Z,471.9,11.92,-1.31,3.227844e-12
2024-05-11T19:02:30Z,471.9,9.99,-1.35,3.191561e-12
2024-05-11T19:03:00Z,472.0,8.07,-1.38,3.155161e-12
2024-05-11T19:03:30Z,472.2,6.15,-1.42,3.118657e-12
2024-05-11T19:04:00Z,472.4,4.22,-1.45,3.082183e-12
2024-05-11T19:04:30Z,472.6,2.3,-1.49,3.045741e-12
2024-05-11T19:05:00Z,472.9,0.37,-1.52,3.009365e-12
2024-05-11T19:05:30Z,473.2,-1.55,-1.56,2.973096e-12
2024-05-11T19:06:00Z,473.5,-3.48,-1.6,2.937286e-12
2024-05-11T19:06:30Z,473.9,-5.4,-1.63,2.902044e-12
2024-05-11T19:07:00Z,474.4,-7.32,-1.67,2.867333e-12
2024-05-11T19:07:30Z,474.8,-9.24,-1.7,2.833363e-12
2024-05-11T19:08:00Z,475.4,-11.17,-1.74,2.800331e-12
2024-05-11T19:08:30Z,475.9,-13.09,-1.77,2.768079e-12
2024-05-11T19:09:00Z,476.5,-15.01,-1.8,2.736787e-12
2024-05-11T19:09:30Z,477.1,-16.93,-1.83,2.706494e-12
2024-05-11T19:10:00Z,477.7,-18.85,-1.86,2.677301e-12
2024-05-11T19:10:30Z,478.4,-20.77,-1.89,2.648169e-12
2024-05-11T19:11:00Z,479.1,-22.69,-1.91,2.619917e-12
2024-05-11T19:11:30Z,479.8,-24.61,-1.93,2.592030e-12
2024-05-11T19:12:00Z,480.6,-26.52,-1.95,2.564402e-12
2024-05-11T19:12:30Z,481.4,-28.44,-1.96,2.536735e-12
2024-05-11T19:13:00Z,482.1,-30.35,-1.97,2.508349e-12
2024-05-11T19:13:30Z,482.9,-32.27,-1.97,2.478949e-12
2024-05-11T19:14:00Z,483.8,-34.18,-1.97,2.448218e-12
2024-05-11T19:14:30Z,484.6,-36.09,-1.96,2.415782e-12
2024-05-11T19:15:00Z,485.4,-38.0,-1.95,2.381429e-12
2024-05-11T19:15:30Z,486.2,-39.91,-1.93,2.345942e-12
2024-05-11T19:16:00Z,487.1,-41.82,-1.9,2.309349e-12
2024-05-11T19:16:30Z,487.9,-43.73,-1.86,2.272467e-12
2024-05-11T19:17:00Z,488.7,-45.64,-1.82,2.236040e-12
2024-05-11T19:17:30Z,489.6,-47.54,-1.75,2.200770e-12
2024-05-11T19:18:00Z,490.4,-49.45,-1.68,2.167683e-12
2024-05-11T19:18:30Z,491.2,-51.35,-1.59,2.137548e-12
2024-05-11T19:19:00Z,492.0,-53.25,-1.48,2.111198e-12
2024-05-11T19:19:30Z,492.7,-55.15,-1.35,2.089223e-12
2024-05-11T19:20:00Z,493.5,-57.05,-1.19,2.072108e-12
2024-05-11T19:20:30Z,494.2,-58.94,-1.0,2.060109e-12
2024-05-11T19:21:00Z,494.9,-60.84,-0.78,2.053502e-12
2024-05-11T19:21:30Z,495.5,-62.73,-0.51,2.052835e-12
2024-05-11T19:22:00Z,496.1,-64.62,-0.19,2.057041e-12
2024-05-11T19:22:30Z,496.7,-66.51,0.19,2.065442e-12
2024-05-11T19:23:00Z,497.3,-68.4,0.67,2.075797e-12
2024-05-11T19:23:30Z,497.8,-70.28,1.25,2.087665e-12
2024-05-11T19:24:00Z,498.3,-72.16,1.97,2.101307e-12
2024-05-11T19:24:30Z,498.7,-74.04,2.88,2.115427e-12
2024-05-11T19:25:00Z,499.1,-75.9,4.06,2.128961e-12
2024-05-11T19:25:30Z,499.4,-77.76,5.63,2.140821e-12
2024-05-11T19:26:00Z,499.7,-79.61,7.79,2.150415e-12
2024-05-11T19:26:30Z,500.0,-81.43,10.92,2.156958e-12
2024-05-11T19:27:00Z,500.2,-83.21,15.75,2.160581e-12
2024-05-11T19:27:30Z,500.3,-84.9,23.96,2.162703e-12
2024-05-11T19:28:00Z,500.5,-86.39,39.62,2.164100e-12
2024-05-11T19:28:30Z,500.5,-87.3,70.36,2.165452e-12
2024-05-11T19:29:00Z,500.5,-87.05,109.1,2.168540e-12
2024-05-11T19:29:30Z,500.5,-85.84,133.02,2.171466e-12
2024-05-11T19:30:00Z,500.4,-84.24,144.99,2.174845e-12
2024-05-11T19:30:30Z,500.2,-82.51,151.56,2.179560e-12
2024-05-11T19:31:00Z,500.0,-80.71,155.59,2.185800e-12
2024-05-11T19:31:30Z,499.8,-78.88,158.27,2.192899e-12
2024-05-11T19:32:00Z,499.5,-77.03,160.16,2.200109e-12
2024-05-11T19:32:30Z,499.2,-75.17,161.56,2.206249e-12
2024-05-11T19:33:00Z,498.8,-73.3,162.62,2.210276e-12
2024-05-11T19:33:30Z,498.4,-71.42,163.45,2.211178e-12
2024-05-11T19:34:00Z,497.9,-69.54,164.11,2.208382e-12
2024-05-11T19:34:30Z,497.4,-67.65,164.65,2.201034e-12
2024-05-11T19:35:00Z,496.9,-65.77,165.08,2.190254e-12
2024-05-11T19:35:30Z,496.3,-63.88,165.44,2.177492e-12
2024-05-11T19:36:00Z,495.7,-61.99,165.74,2.164124e-12
2024-05-11T19:36:30Z,495.0,-60.09,165.99,2.151718e-12
2024-05-11T19:37:00Z,494.4,-58.2,166.2,2.141097e-12
2024-05-11T19:37:30Z,493.7,-56.3,166.37,2.132548e-12
2024-05-11T19:38:00Z,493.0,-54.4,166.52,2.125104e-12
2024-05-11T19:38:30Z,492.2,-52.5,166.64,2.116755e-12
2024-05-11T19:39:00Z,491.4,-50.6,166.74,2.105779e-12
2024-05-11T19:39:30Z,490.7,-48.7,166.83,2.092606e-12
2024-05-11T19:40:00Z,489.9,-46.79,166.89,2.077759e-12
2024-05-11T19:40:30Z,489.1,-44.89,166.95,2.062455e-12
2024-05-11T19:41:00Z,488.3,-42.98,166.99,2.047627e-12
2024-05-11T19:41:30Z,487.5,-41.07,167.03,2.034197e-12
2024-05-11T19:42:00Z,486.6,-39.16,167.05,2.021139e-12
2024-05-11T19:42:30Z,485.8,-37.25,167.07,2.009083e-12
2024-05-11T19:43:00Z,485.0,-35.34,167.08,1.998479e-12
2024-05-11T19:43:30Z,484.2,-33.43,167.09,1.989162e-12
2024-05-11T19:44:00Z,483.4,-31.52,167.08,1.981157e-12
2024-05-11T19:44:30Z,482.6,-29.6,167.08,1.974331e-12
2024-05-11T19:45:00Z,481.9,-27.69,167.07,1.968723e-12
2024-05-11T19:45:30Z,481.1,-25.77,167.05,1.964399e-12
2024-05-11T19:46:00Z,480.4,-23.86,167.03,1.961451e-12
2024-05-11T19:46:30Z,479.7,-21.94,167.01,1.959734e-12
2024-05-11T19:47:00Z,479.0,-20.02,166.99,1.959392e-12
2024-05-11T19:47:30Z,478.4,-18.1,166.96,1.960291e-12
2024-05-11T19:48:00Z,477.8,-16.18,166.93,1.962384e-12
2024-05-11T19:48:30Z,477.2,-14.26,166.9,1.965630e-12
2024-05-11T19:49:00Z,476.6,-12.34,166.87,1.970041e-12
2024-05-11T19:49:30Z,476.1,-10.42,166.84,1.975618e-12
2024-05-11T19:50:00Z,475.6,-8.5,166.8,1.982269e-12
2024-05-11T19:50:30Z,475.1,-6.57,166.77,1.989736e-12
2024-05-11T19:51:00Z,474.7,-4.65,166.73,1.998775e-12
2024-05-11T19:51:30Z,474.3,-2.73,166.7,2.009181e-12
2024-05-11T19:52:00Z,474.0,-0.8,166.66,2.020814e-12
2024-05-11T19:52:30Z,473.7,1.12,166.62,2.033835e-12
2024-05-11T19:53:00Z,473.4,3.04,166.59,2.048228e-12
2024-05-11T19:53:30Z,473.2,4.97,166.55,2.064111e-12
2024-05-11T19:54:00Z,473.1,6.89,166.52,2.081348e-12
2024-05-11T19:54:30Z,472.9,8.81,166.48,2.100134e-12
2024-05-11T19:55:00Z,472.8,10.74,166.45,2.120046e-12
2024-05-11T19:55:30Z,472.8,12.66,166.41,2.141420e-12
2024-05-11T19:56:00Z,472.7,14.58,166.38,2.163861e-12
2024-05-11T19:56:30Z,472.8,16.51,166.35,2.186877e-12
2024-05-11T19:57:00Z,472.8,18.43,166.32,2.210439e-12
2024-05-11T19:57:30Z,472.9,20.35,166.3,2.234149e-12
2024-05-11T19:58:00Z,473.0,22.27,166.27,2.257392e-12
2024-05-11T19:58:30Z,473.2,24.2,166.25,2.279639e-12
2024-05-11T19:59:00Z,473.4,26.12,166.24,2.300268e-12
2024-05-11T19:59:30Z,473.6,28.04,166.22,2.318820e-12
2024-05-11T20:00:00Z,473.8,29.96,166.21,2.333335e-12
2024-05-11T20:00:30Z,474.1,31.88,166.21,2.344973e-12
2024-05-11T20:01:00Z,474.4,33.79,166.21,2.353535e-12
2024-05-11T20:01:30Z,474.7,35.71,166.21,2.359151e-12
2024-05-11T20:02:00Z,475.0,37.63,166.23,2.361839e-12
2024-05-11T20:02:30Z,475.4,39.54,166.25,2.361838e-12
2024-05-11T20:03:00Z,475.8,41.46,166.27,2.359599e-12
2024-05-11T20:03:30Z,476.1,43.37,166.31,2.355116e-12
2024-05-11T20:04:00Z,476.5,45.29,166.36,2.348331e-12
2024-05-11T20:04:30Z,476.9,47.2,166.42,2.341065e-12
2024-05-11T20:05:00Z,477.3,49.11,166.49,2.334453e-12
2024-05-11T20:05:30Z,477.7,51.02,166.58,2.328918e-12
2024-05-11T20:06:00Z,478.1,52.93,166.68,2.324774e-12
2024-05-11T20:06:30Z,478.5,54.84,166.81,2.321856e-12
2024-05-11T20:07:00Z,478.8,56.74,166.97,2.319914e-12
2024-05-11T20:07:30Z,479.2,58.65,167.15,2.319849e-12
2024-05-11T20:08:00Z,479.6,60.55,167.37,2.322763e-12
2024-05-11T20:08:30Z,479.9,62.45,167.63,2.331688e-12
2024-05-11T20:09:00Z,480.3,64.35,167.94,2.349553e-12
2024-05-11T20:09:30Z,480.6,66.25,168.32,2.377263e-12
2024-05-11T20:10:00Z,480.9,68.15,168.79,2.414730e-12
2024-05-11T20:10:30Z,481.2,70.04,169.35,2.459293e-12
2024-05-11T20:11:00Z,481.4,71.93,170.06,2.507112e-12
2024-05-11T20:11:30Z,481.7,73.81,170.95,2.555099e-12
2024-05-11T20:12:00Z,481.9,75.69,172.1,2.601273e-12
2024-05-11T20:12:30Z,482.1,77.56,173.62,2.645377e-12
2024-05-11T20:13:00Z,482.2,79.42,175.72,2.687581e-12
2024-05-11T20:13:30Z,482.3,81.25,178.74,2.728813e-12
2024-05-11T20:14:00Z,482.4,83.04,-176.62,2.769823e-12
2024-05-11T20:14:30Z,482.5,84.76,-168.78,2.812239e-12
2024-05-11T20:15:00Z,482.6,86.28,-153.95,2.856593e-12
2024-05-11T20:15:30Z,482.6,87.26,-124.46,2.902374e-12
2024-05-11T20:16:00Z,482.5,87.11,-85.13,2.949468e-12
2024-05-11T20:16:30Z,482.5,85.93,-59.91,2.994188e-12
2024-05-11T20:17:00Z,482.4,84.35,-47.35,3.037080e-12
2024-05-11T20:17:30Z,482.3,82.61,-40.53,3.076565e-12
2024-05-11T20:18:00Z,482.2,80.8,-36.38,3.111913e-12
2024-05-11T20:18:30Z,482.0,78.96,-33.63,3.141584e-12
2024-05-11T20:19:00Z,481.8,77.11,-31.7,3.164165e-12
2024-05-11T20:19:30Z,481.6,75.23,-30.28,3.178933e-12
2024-05-11T20:20:00Z,481.3,73.35,-29.2,3.186157e-12
2024-05-11T20:20:30Z,481.1,71.47,-28.36,3.186488e-12
2024-05-11T20:21:00Z,480.8,69.58,-27.69,3.181198e-12
2024-05-11T20:21:30Z,480.4,67.68,-27.16,3.172765e-12
2024-05-11T20:22:00Z,480.1,65.79,-26.72,3.162130e-12
2024-05-11T20:22:30Z,479.8,63.89,-26.35,3.150382e-12
2024-05-11T20:23:00Z,479.4,61.99,-26.05,3.138715e-12
2024-05-11T20:23:30Z,479.0,60.08,-25.8,3.127300e-12
2024-05-11T20:24:00Z,478.6,58.18,-25.59,3.116358e-12
2024-05-11T20:24:30Z,478.2,56.27,-25.42,3.105562e-12
2024-05-11T20:25:00Z,477.8,54.37,-25.27,3.093809e-12
2024-05-11T20:25:30Z,477.4,52.46,-25.15,3.079586e-12
2024-05-11T20:26:00Z,477.0,50.55,-25.05,3.061486e-12
2024-05-11T20:26:30Z,476.5,48.64,-24.96,3.038582e-12
2024-05-11T20:27:00Z,476.1,46.73,-24.89,3.011067e-12
2024-05-11T20:27:30Z,475.7,44.81,-24.84,2.980444e-12
2024-05-11T20:28:00Z,475.3,42.9,-24.79,2.948984e-12
2024-05-11T20:28:30Z,474.9,40.99,-24.76,2.918248e-12
2024-05-11T20:29:00Z,474.5,39.07,-24.73,2.888904e-12
2024-05-11T20:29:30Z,474.2,37.15,-24.71,2.860011e-12
2024-05-11T20:30:00Z,473.8,35.24,-24.7,2.831790e-12
2024-05-11T20:30:30Z,473.5,33.32,-24.7,2.805180e-12
2024-05-11T20:31:00Z,473.2,31.4,-24.7,2.779831e-12
2024-05-11T20:31:30Z,472.9,29.48,-24.71,2.755224e-12
2024-05-11T20:32:00Z,472.6,27.56,-24.72,2.732556e-12
2024-05-11T20:32:30Z,472.4,25.64,-24.73,2.712143e-12
2024-05-11T20:33:00Z,472.2,23.72,-24.75,2.694364e-12
2024-05-11T20:33:30Z,472.1,21.79,-24.77,2.679217e-12
2024-05-11T20:34:00Z,471.9,19.87,-24.8,2.666548e-12
2024-05-11T20:34:30Z,471.8,17.95,-24.82,2.656235e-12
2024-05-11T20:35:00Z,471.8,16.03,-24.85,2.647981e-12
2024-05-11T20:35:30Z,471.8,14.1,-24.88,2.641723e-12
2024-05-11T20:36:00Z,471.8,12.18,-24.91,2.637018e-12
2024-05-11T20:36:30Z,471.8,10.25,-24.95,2.633599e-12
2024-05-11T20:37:00Z,471.9,8.33,-24.98,2.631045e-12
2024-05-11T20:37:30Z,472.1,6.41,-25.02,2.628905e-12
2024-05-11T20:38:00Z,472.2,4.48,-25.05,2.627042e-12
2024-05-11T20:38:30Z,472.5,2.56,-25.09,2.625093e-12
2024-05-11T20:39:00Z,472.7,0.63,-25.12,2.622841e-12
2024-05-11T20:39:30Z,473.0,-1.29,-25.16,2.620020e-12
2024-05-11T20:40:00Z,473.4,-3.22,-25.2,2.616687e-12
2024-05-11T20:40:30Z,473.8,-5.14,-25.23,2.612344e-12
2024-05-11T20:41:00Z,474.2,-7.06,-25.27,2.607266e-12
2024-05-11T20:41:30Z,474.7,-8.99,-25.3,2.601223e-12
2024-05-11T20:42:00Z,475.2,-10.91,-25.34,2.594055e-12
2024-05-11T20:42:30Z,475.7,-12.83,-25.37,2.585950e-12
2024-05-11T20:43:00Z,476.3,-14.75,-25.4,2.576556e-12
2024-05-11T20:43:30Z,476.9,-16.67,-25.43,2.565618e-12
2024-05-11T20:44:00Z,477.5,-18.59,-25.46,2.553000e-12
2024-05-11T20:44:30Z,478.2,-20.51,-25.49,2.538422e-12
2024-05-11T20:45:00Z,478.9,-22.43,-25.51,2.521821e-12
2024-05-11T20:45:30Z,479.6,-24.35,-25.53,2.503082e-12
2024-05-11T20:46:00Z,480.4,-26.27,-25.55,2.482159e-12
2024-05-11T20:46:30Z,481.1,-28.18,-25.56,2.459029e-12
2024-05-11T20:47:00Z,481.9,-30.1,-25.57,2.433673e-12
2024-05-11T20:47:30Z,482.7,-32.01,-25.58,2.406364e-12
2024-05-11T20:48:00Z,483.5,-33.93,-25.58,2.375024e-12
2024-05-11T20:48:30Z,484.3,-35.84,-25.57,2.341148e-12
2024-05-11T20:49:00Z,485.2,-37.75,-25.56,2.305952e-12
2024-05-11T20:49:30Z,486.0,-39.66,-25.54,2.269430e-12
2024-05-11T20:50:00Z,486.8,-41.57,-25.51,2.231739e-12
2024-05-11T20:50:30Z,487.7,-43.48,-25.47,2.193223e-12
2024-05-11T20:51:00Z,488.5,-45.38,-25.43,2.153976e-12
2024-05-11T20:51:30Z,489.3,-47.29,-25.37,2.113954e-12
2024-05-11T20:52:00Z,490.1,-49.19,-25.29,2.073237e-12
2024-05-11T20:52:30Z,490.9,-51.09,-25.21,2.031766e-12
2024-05-11T20:53:00Z,491.7,-53.0,-25.1,1.989630e-12
2024-05-11T20:53:30Z,492.5,-54.9,-24.97,1.947745e-12
2024-05-11T20:54:00Z,493.2,-56.79,-24.82,1.908246e-12
2024-05-11T20:54:30Z,494.0,-58.69,-24.63,1.870072e-12
2024-05-11T20:55:00Z,494.7,-60.59,-24.42,1.833780e-12
2024-05-11T20:55:30Z,495.3,-62.48,-24.16,1.800811e-12
2024-05-11T20:56:00Z,495.9,-64.37,-23.84,1.771548e-12
2024-05-11T20:56:30Z,496.5,-66.26,-23.47,1.746448e-12
2024-05-11T20:57:00Z,497.1,-68.15,-23.01,1.724957e-12
2024-05-11T20:57:30Z,497.6,-70.03,-22.44,1.707022e-12
2024-05-11T20:58:00Z,498.1,-71.91,-21.74,1.692157e-12
2024-05-11T20:58:30Z,498.6,-73.79,-20.86,1.677377e-12
2024-05-11T20:59:00Z,499.0,-75.66,-19.72,1.662246e-12
2024-05-11T20:59:30Z,499.3,-77.52,-18.21,1.647643e-12
2024-05-11T21:00:00Z,499.6,-79.36,-16.15,1.641177e-12
2024-05-11T21:00:30Z,499.9,-81.19,-13.18,1.625140e-12
2024-05-11T21:01:00Z,500.1,-82.97,-8.64,1.608182e-12
2024-05-11T21:01:30Z,500.3,-84.68,-1.03,1.590164e-12
2024-05-11T21:02:00Z,500.4,-86.21,13.25,1.571274e-12
2024-05-11T21:02:30Z,500.4,-87.23,41.65,1.552606e-12
2024-05-11T21:03:00Z,500.5,-87.15,80.97,1.535172e-12
2024-05-11T21:03:30Z,500.4,-86.03,107.12,1.517753e-12
2024-05-11T21:04:00Z,500.3,-84.47,120.19,1.500743e-12
2024-05-11T21:04:30Z,500.2,-82.74,127.26,1.485271e-12
2024-05-11T21:05:00Z,500.0,-80.95,131.54,1.472138e-12
2024-05-11T21:05:30Z,499.8,-79.12,134.36,1.461524e-12
2024-05-11T21:06:00Z,499.5,-77.28,136.34,1.453484e-12
2024-05-11T21:06:30Z,499.2,-75.41,137.79,1.447294e-12
2024-05-11T21:07:00Z,498.8,-73.55,138.89,1.442307e-12
2024-05-11T21:07:30Z,498.4,-71.67,139.75,1.437648e-12
2024-05-11T21:08:00Z,498.0,-69.79,140.43,1.432316e-12
2024-05-11T21:08:30Z,497.5,-67.91,140.98,1.425410e-12
2024-05-11T21:09:00Z,496.9,-66.02,141.42,1.416605e-12
2024-05-11T21:09:30Z,496.4,-64.13,141.79,1.405735e-12
2024-05-11T21:10:00Z,495.8,-62.24,142.1,1.393354e-12
2024-05-11T21:10:30Z,495.1,-60.34,142.35,1.380370e-12
2024-05-11T21:11:00Z,494.5,-58.45,142.57,1.367620e-12
2024-05-11T21:11:30Z,493.8,-56.55,142.74,1.356402e-12
2024-05-11T21:12:00Z,493.1,-54.65,142.89,1.347132e-12
2024-05-11T21:12:30Z,492.3,-52.75,143.02,1.339848e-12
2024-05-11T21:13:00Z,491.6,-50.85,143.12,1.335170e-12
2024-05-11T21:13:30Z,490.8,-48.95,143.21,1.332249e-12
2024-05-11T21:14:00Z,490.0,-47.05,143.28,1.330543e-12
2024-05-11T21:14:30Z,489.2,-45.14,143.34,1.329717e-12
2024-05-11T21:15:00Z,488.4,-43.23,143.38,1.330140e-12
2024-05-11T21:15:30Z,487.6,-41.33,143.42,1.333247e-12
2024-05-11T21:16:00Z,486.8,-39.42,143.45,1.340049e-12
2024-05-11T21:16:30Z,486.0,-37.51,143.46,1.350904e-12
2024-05-11T21:17:00Z,485.2,-35.6,143.48,1.367287e-12
2024-05-11T21:17:30Z,484.4,-33.69,143.48,1.389315e-12
2024-05-11T21:18:00Z,483.6,-31.77,143.48,1.417014e-12
2024-05-11T21:18:30Z,482.8,-29.86,143.47,1.450395e-12
2024-05-11T21:19:00Z,482.1,-27.94,143.46,1.489138e-12
2024-05-11T21:19:30Z,481.3,-26.03,143.45,1.533204e-12
2024-05-11T21:20:00Z,480.6,-24.11,143.43,1.582263e-12
2024-05-11T21:20:30Z,479.9,-22.2,143.41,1.635782e-12
2024-05-11T21:21:00Z,479.2,-20.28,143.39,1.693223e-12
2024-05-11T21:21:30Z,478.6,-18.36,143.36,1.753910e-12
2024-05-11T21:22:00Z,477.9,-16.44,143.33,1.817123e-12
2024-05-11T21:22:30Z,477.3,-14.52,143.3,1.881792e-12
2024-05-11T21:23:00Z,476.8,-12.6,143.27,1.947226e-12
2024-05-11T21:23:30Z,476.2,-10.68,143.24,2.012253e-12
2024-05-11T21:24:00Z,475.8,-8.75,143.2,2.075857e-12
2024-05-11T21:24:30Z,475.3,-6.83,143.17,2.136737e-12
2024-05-11T21:25:00Z,474.9,-4.91,143.13,2.194238e-12
2024-05-11T21:25:30Z,474.5,-2.99,143.1,2.247286e-12
2024-05-11T21:26:00Z,474.2,-1.06,143.06,2.295214e-12
2024-05-11T21:26:30Z,473.9,0.86,143.02,2.337248e-12
2024-05-11T21:27:00Z,473.6,2.79,142.99,2.372551e-12
2024-05-11T21:27:30Z,473.4,4.71,142.95,2.401320e-12
2024-05-11T21:28:00Z,473.2,6.63,142.92,2.423169e-12
2024-05-11T21:28:30Z,473.1,8.56,142.88,2.438053e-12
2024-05-11T21:29:00Z,473.0,10.48,142.85,2.446072e-12
2024-05-11T21:29:30Z,472.9,12.4,142.81,2.447346e-12
2024-05-11T21:30:00Z,472.9,14.33,142.78,2.442085e-12
2024-05-11T21:30:30Z,472.9,16.25,142.75,2.431001e-12
2024-05-11T21:31:00Z,472.9,18.17,142.72,2.414172e-12
2024-05-11T21:31:30Z,473.0,20.1,142.7,2.393035e-12
2024-05-11T21:32:00Z,473.1,22.02,142.67,2.367878e-12
2024-05-11T21:32:30Z,473.3,23.94,142.65,2.339445e-12
2024-05-11T21:33:00Z,473.5,25.86,142.63,2.308525e-12
2024-05-11T21:33:30Z,473.7,27.78,142.62,2.275793e-12
2024-05-11T21:34:00Z,473.9,29.7,142.61,2.241997e-12
2024-05-11T21:34:30Z,474.2,31.62,142.6,2.207685e-12
2024-05-11T21:35:00Z,474.5,33.54,142.6,2.172708e-12
2024-05-11T21:35:30Z,474.8,35.45,142.61,2.138482e-12
2024-05-11T21:36:00Z,475.1,37.37,142.62,2.106610e-12
2024-05-11T21:36:30Z,475.4,39.29,142.64,2.077522e-12
2024-05-11T21:37:00Z,475.8,41.2,142.66,2.052002e-12
2024-05-11T21:37:30Z,476.2,43.12,142.7,2.030411e-12
2024-05-11T21:38:00Z,476.5,45.03,142.75,2.013188e-12
2024-05-11T21:38:30Z,476.9,46.94,142.8,2.000575e-12
2024-05-11T21:39:00Z,477.3,48.85,142.87,1.992124e-12
2024-05-11T21:39:30Z,477.7,50.76,142.96,1.987410e-12
2024-05-11T21:40:00Z,478.1,52.67,143.07,1.987304e-12
2024-05-11T21:40:30Z,478.5,54.58,143.19,1.991240e-12
2024-05-11T21:41:00Z,478.9,56.49,143.34,1.999062e-12
2024-05-11T21:41:30Z,479.2,58.39,143.52,2.010485e-12
2024-05-11T21:42:00Z,479.6,60.3,143.73,2.025801e-12
2024-05-11T21:42:30Z,479.9,62.2,143.99,2.045765e-12
2024-05-11T21:43:00Z,480.3,64.1,144.3,2.071160e-12
2024-05-11T21:43:30Z,480.6,66.0,144.67,2.103576e-12
2024-05-11T21:44:00Z,480.9,67.89,145.11,2.142906e-12
2024-05-11T21:44:30Z,481.2,69.79,145.67,2.186414e-12
2024-05-11T21:45:00Z,481.4,71.68,146.35,2.231195e-12
2024-05-11T21:45:30Z,481.6,73.56,147.21,2.275036e-12
2024-05-11T21:46:00Z,481.9,75.44,148.32,2.316118e-12
2024-05-11T21:46:30Z,482.0,77.31,149.79,2.353301e-12
2024-05-11T21:47:00Z,482.2,79.17,151.79,2.386285e-12
2024-05-11T21:47:30Z,482.3,81.0,154.66,2.415453e-12
2024-05-11T21:48:00Z,482.4,82.8,159.02,2.441387e-12
2024-05-11T21:48:30Z,482.5,84.53,166.28,2.464395e-12
2024-05-11T21:49:00Z,482.5,86.09,179.8,2.484618e-12
2024-05-11T21:49:30Z,482.5,87.18,-153.09,2.504643e-12
2024-05-11T21:50:00Z,482.5,87.2,-113.52,2.523670e-12
2024-05-11T21:50:30Z,482.5,86.13,-85.97,2.539108e-12
2024-05-11T21:51:00Z,482.4,84.57,-72.22,2.552259e-12
2024-05-11T21:51:30Z,482.3,82.85,-64.86,2.563280e-12
2024-05-11T21:52:00Z,482.1,81.05,-60.45,2.572028e-12
2024-05-11T21:52:30Z,482.0,79.21,-57.55,2.577746e-12
2024-05-11T21:53:00Z,481.8,77.36,-55.53,2.580168e-12
2024-05-11T21:53:30Z,481.6,75.49,-54.06,2.578869e-12
2024-05-11T21:54:00Z,481.3,73.61,-52.94,2.573956e-12
2024-05-11T21:54:30Z,481.0,71.72,-52.07,2.565330e-12
2024-05-11T21:55:00Z,480.7,69.83,-51.38,2.553818e-12
2024-05-11T21:55:30Z,480.4,67.94,-50.83,2.541041e-12
2024-05-11T21:56:00Z,480.1,66.04,-50.38,2.527788e-12
2024-05-11T21:56:30Z,479.7,64.14,-50.01,2.514777e-12
2024-05-11T21:57:00Z,479.3,62.24,-49.7,2.503131e-12
2024-05-11T21:57:30Z,479.0,60.34,-49.44,2.493911e-12
2024-05-11T21:58:00Z,478.6,58.44,-49.23,2.487457e-12
2024-05-11T21:58:30Z,478.2,56.53,-49.05,2.484819e-12
2024-05-11T21:59:00Z,477.7,54.62,-48.9,2.485948e-12
2024-05-11T21:59:30Z,477.3,52.72,-48.77,2.490495e-12
2024-05-11T22:00:00Z,476.9,50.81,-48.66,2.497221e-12
2024-05-11T22:00:30Z,476.5,48.89,-48.58,2.504859e-12
2024-05-11T22:01:00Z,476.1,46.98,-48.51,2.511699e-12
2024-05-11T22:01:30Z,475.7,45.07,-48.45,2.516079e-12
2024-05-11T22:02:00Z,475.2,43.16,-48.4,2.516630e-12
2024-05-11T22:02:30Z,474.9,41.24,-48.37,2.513734e-12
2024-05-11T22:03:00Z,474.5,39.33,-48.34,2.508332e-12
2024-05-11T22:03:30Z,474.1,37.41,-48.32,2.501811e-12
2024-05-11T22:04:00Z,473.7,35.49,-48.31,2.495592e-12
2024-05-11T22:04:30Z,473.4,33.57,-48.31,2.489991e-12
2024-05-11T22:05:00Z,473.1,31.66,-48.31,2.483781e-12
2024-05-11T22:05:30Z,472.8,29.74,-48.31,2.477064e-12
2024-05-11T22:06:00Z,472.6,27.82,-48.32,2.468003e-12
2024-05-11T22:06:30Z,472.3,25.9,-48.34,2.457945e-12
2024-05-11T22:07:00Z,472.1,23.97,-48.35,2.446570e-12
2024-05-11T22:07:30Z,472.0,22.05,-48.37,2.434036e-12
2024-05-11T22:08:00Z,471.8,20.13,-48.4,2.420226e-12
2024-05-11T22:08:30Z,471.7,18.21,-48.42,2.405299e-12
2024-05-11T22:09:00Z,471.7,16.28,-48.45,2.389361e-12
2024-05-11T22:09:30Z,471.6,14.36,-48.48,2.372509e-12
2024-05-11T22:10:00Z,471.7,12.44,-48.51,2.354940e-12
2024-05-11T22:10:30Z,471.7,10.51,-48.55,2.337028e-12
2024-05-11T22:11:00Z,471.8,8.59,-48.58,2.318854e-12
2024-05-11T22:11:30Z,471.9,6.66,-48.61,2.300719e-12
2024-05-11T22:12:00Z,472.1,4.74,-48.65,2.282790e-12
2024-05-11T22:12:30Z,472.3,2.81,-48.69,2.265146e-12
2024-05-11T22:13:00Z,472.6,0.89,-48.72,2.248182e-12
2024-05-11T22:13:30Z,472.9,-1.04,-48.76,2.231907e-12
2024-05-11T22:14:00Z,473.3,-2.96,-48.8,2.216368e-12
2024-05-11T22:14:30Z,473.6,-4.88,-48.83,2.201693e-12
2024-05-11T22:15:00Z,474.1,-6.81,-48.87,2.187843e-12
2024-05-11T22:15:30Z,474.5,-8.73,-48.9,2.174769e-12
2024-05-11T22:16:00Z,475.0,-10.65,-48.94,2.162342e-12
2024-05-11T22:16:30Z,475.6,-12.57,-48.97,2.150661e-12
2024-05-11T22:17:00Z,476.1,-14.5,-49.0,2.139560e-12
2024-05-11T22:17:30Z,476.8,-16.42,-49.03,2.129000e-12
2024-05-11T22:18:00Z,477.4,-18.34,-49.06,2.118743e-12
2024-05-11T22:18:30Z,478.1,-20.26,-49.09,2.108908e-12
2024-05-11T22:19:00Z,478.8,-22.18,-49.11,2.099044e-12
2024-05-11T22:19:30Z,479.5,-24.09,-49.13,2.089638e-12
2024-05-11T22:20:00Z,480.2,-26.01,-49.15,2.079828e-12
2024-05-11T22:20:30Z,481.0,-27.93,-49.16,2.069109e-12
2024-05-11T22:21:00Z,481.8,-29.84,-49.17,2.057358e-12
2024-05-11T22:21:30Z,482.6,-31.76,-49.18,2.044917e-12
2024-05-11T22:22:00Z,483.4,-33.67,-49.18,2.031666e-12
2024-05-11T22:22:30Z,484.2,-35.58,-49.17,2.017634e-12
2024-05-11T22:23:00Z,485.1,-37.49,-49.16,2.001113e-12
2024-05-11T22:23:30Z,485.9,-39.4,-49.14,1.983596e-12
2024-05-11T22:24:00Z,486.8,-41.31,-49.12,1.965162e-12
2024-05-11T22:24:30Z,487.6,-43.22,-49.08,1.946148e-12
2024-05-11T22:25:00Z,488.4,-45.13,-49.04,1.926475e-12
2024-05-11T22:25:30Z,489.3,-47.03,-48.98,1.905990e-12
2024-05-11T22:26:00Z,490.1,-48.94,-48.91,1.884736e-12
2024-05-11T22:26:30Z,490.9,-50.84,-48.82,1.862107e-12
2024-05-11T22:27:00Z,491.7,-52.74,-48.72,1.837382e-12
2024-05-11T22:27:30Z,492.5,-54.64,-48.59,1.809517e-12
2024-05-11T22:28:00Z,493.2,-56.54,-48.44,1.777435e-12
2024-05-11T22:28:30Z,493.9,-58.44,-48.26,1.740592e-12
2024-05-11T22:29:00Z,494.6,-60.33,-48.05,1.700650e-12
2024-05-11T22:29:30Z,495.3,-62.23,-47.8,1.658602e-12
2024-05-11T22:30:00Z,496.0,-64.12,-47.49,1.616103e-12
2024-05-11T22:30:30Z,496.6,-66.01,-47.12,1.574987e-12
2024-05-11T22:31:00Z,497.1,-67.9,-46.67,1.536105e-12
2024-05-11T22:31:30Z,497.7,-69.78,-46.13,1.499935e-12
2024-05-11T22:32:00Z,498.2,-71.66,-45.45,1.467048e-12
2024-05-11T22:32:30Z,498.6,-73.54,-44.59,1.436828e-12
2024-05-11T22:33:00Z,499.0,-75.41,-43.49,1.408611e-12
2024-05-11T22:33:30Z,499.4,-77.27,-42.04,1.381567e-12
2024-05-11T22:34:00Z,499.7,-79.12,-40.06,1.354757e-12
2024-05-11T22:34:30Z,500.0,-80.94,-37.25,1.326345e-12
2024-05-11T22:35:00Z,500.2,-82.74,-32.97,1.297025e-12
2024-05-11T22:35:30Z,500.4,-84.46,-25.92,1.267657e-12
2024-05-11T22:36:00Z,500.5,-86.02,-12.88,1.238202e-12
2024-05-11T22:36:30Z,500.6,-87.15,13.2,1.209260e-12
2024-05-11T22:37:00Z,500.6,-87.23,52.48,1.181899e-12
2024-05-11T22:37:30Z,500.6,-86.21,80.96,1.155075e-12
2024-05-11T22:38:00Z,500.5,-84.69,95.28,1.129086e-12
2024-05-11T22:38:30Z,500.4,-82.98,102.91,1.104865e-12
2024-05-11T22:39:00Z,500.2,-81.19,107.46,1.083265e-12
2024-05-11T22:39:30Z,500.0,-79.37,110.43,1.064479e-12
2024-05-11T22:40:00Z,499.7,-77.52,112.5,1.048813e-12
2024-05-11T22:40:30Z,499.4,-75.67,114.01,1.036373e-12
2024-05-11T22:41:00Z,499.1,-73.8,115.15,1.026699e-12
2024-05-11T22:41:30Z,498.6,-71.92,116.04,1.020227e-12
2024-05-11T22:42:00Z,498.2,-70.04,116.74,1.016467e-12
2024-05-11T22:42:30Z,497.7,-68.16,117.3,1.015199e-12
2024-05-11T22:43:00Z,497.2,-66.27,117.76,1.016197e-12
2024-05-11T22:43:30Z,496.6,-64.38,118.14,1.019208e-12
2024-05-11T22:44:00Z,496.0,-62.49,118.45,1.024187e-12
2024-05-11T22:44:30Z,495.4,-60.6,118.71,1.031803e-12
2024-05-11T22:45:00Z,494.7,-58.7,118.93,1.041943e-12
2024-05-11T22:45:30Z,494.1,-56.81,119.12,1.055240e-12
2024-05-11T22:46:00Z,493.3,-54.91,119.27,1.071887e-12
2024-05-11T22:46:30Z,492.6,-53.01,119.4,1.092136e-12
2024-05-11T22:47:00Z,491.9,-51.11,119.51,1.115789e-12
2024-05-11T22:47:30Z,491.1,-49.21,119.59,1.143078e-12
2024-05-11T22:48:00Z,490.3,-47.3,119.67,1.173183e-12
2024-05-11T22:48:30Z,489.5,-45.4,119.73,1.205288e-12
2024-05-11T22:49:00Z,488.7,-43.49,119.77,1.238441e-12
2024-05-11T22:49:30Z,487.9,-41.58,119.81,1.272715e-12
2024-05-11T22:50:00Z,487.1,-39.68,119.84,1.308562e-12
2024-05-11T22:50:30Z,486.3,-37.77,119.86,1.345975e-12
2024-05-11T22:51:00Z,485.5,-35.86,119.87,1.384864e-12
2024-05-11T22:51:30Z,484.7,-33.95,119.88,1.425812e-12
2024-05-11T22:52:00Z,483.9,-32.03,119.88,1.468559e-12
2024-05-11T22:52:30Z,483.1,-30.12,119.87,1.512539e-12
2024-05-11T22:53:00Z,482.3,-28.2,119.86,1.557642e-12
2024-05-11T22:53:30Z,481.6,-26.29,119.85,1.603530e-12
2024-05-11T22:54:00Z,480.8,-24.37,119.83,1.650068e-12
2024-05-11T22:54:30Z,480.1,-22.46,119.81,1.697159e-12
2024-05-11T22:55:00Z,479.4,-20.54,119.79,1.744367e-12
2024-05-11T22:55:30Z,478.8,-18.62,119.76,1.791475e-12
2024-05-11T22:56:00Z,478.1,-16.7,119.73,1.837981e-12
2024-05-11T22:56:30Z,477.5,-14.78,119.7,1.883723e-12
2024-05-11T22:57:00Z,477.0,-12.86,119.67,1.927906e-12
2024-05-11T22:57:30Z,476.4,-10.94,119.64,1.970333e-12
2024-05-11T22:58:00Z,475.9,-9.02,119.61,2.010450e-12
2024-05-11T22:58:30Z,475.5,-7.09,119.57,2.047654e-12
2024-05-11T22:59:00Z,475.1,-5.17,119.53,2.081569e-12
2024-05-11T22:59:30Z,474.7,-3.25,119.5,2.111737e-12
2024-05-11T23:00:00Z,474.3,-1.32,119.46,2.137871e-12
2024-05-11T23:00:30Z,474.0,0.6,119.43,2.159575e-12
2024-05-11T23:01:00Z,473.7,2.52,119.39,2.176674e-12
2024-05-11T23:01:30Z,473.5,4.45,119.35,2.188743e-12
2024-05-11T23:02:00Z,473.3,6.37,119.32,2.196403e-12
2024-05-11T23:02:30Z,473.2,8.29,119.28,2.199289e-12
2024-05-11T23:03:00Z,473.1,10.22,119.25,2.197997e-12
2024-05-11T23:03:30Z,473.0,12.14,119.21,2.192422e-12
2024-05-11T23:04:00Z,472.9,14.06,119.18,2.183124e-12
2024-05-11T23:04:30Z,472.9,15.99,119.15,2.170542e-12
2024-05-11T23:05:00Z,473.0,17.91,119.12,2.155859e-12
2024-05-11T23:05:30Z,473.1,19.83,119.1,2.138882e-12
2024-05-11T23:06:00Z,473.2,21.75,119.07,2.120480e-12
2024-05-11T23:06:30Z,473.3,23.68,119.05,2.100561e-12
2024-05-11T23:07:00Z,473.5,25.6,119.03,2.079794e-12
2024-05-11T23:07:30Z,473.7,27.52,119.02,2.058417e-12
2024-05-11T23:08:00Z,473.9,29.44,119.01,2.036421e-12
2024-05-11T23:08:30Z,474.2,31.36,119.0,2.014368e-12
2024-05-11T23:09:00Z,474.5,33.27,119.0,1.992406e-12
2024-05-11T23:09:30Z,474.8,35.19,119.0,1.970256e-12
2024-05-11T23:10:00Z,475.1,37.11,119.02,1.947575e-12
2024-05-11T23:10:30Z,475.4,39.03,119.03,1.925374e-12
2024-05-11T23:11:00Z,475.8,40.94,119.06,1.903700e-12
2024-05-11T23:11:30Z,476.1,42.85,119.09,1.883016e-12
2024-05-11T23:12:00Z,476.5,44.77,119.14,1.862818e-12
2024-05-11T23:12:30Z,476.9,46.68,119.19,1.843768e-12
2024-05-11T23:13:00Z,477.2,48.59,119.26,1.825483e-12
2024-05-11T23:13:30Z,477.6,50.5,119.35,1.807756e-12
2024-05-11T23:14:00Z,478.0,52.41,119.45,1.789909e-12
2024-05-11T23:14:30Z,478.4,54.32,119.57,1.773130e-12
2024-05-11T23:15:00Z,478.8,56.23,119.72,1.757407e-12
2024-05-11T23:15:30Z,479.1,58.13,119.89,1.743112e-12
2024-05-11T23:16:00Z,479.5,60.04,120.1,1.730476e-12
2024-05-11T23:16:30Z,479.8,61.94,120.35,1.720605e-12
2024-05-11T23:17:00Z,480.2,63.84,120.65,1.714774e-12
2024-05-11T23:17:30Z,480.5,65.74,121.01,1.712996e-12
2024-05-11T23:18:00Z,480.8,67.63,121.45,1.714995e-12
2024-05-11T23:18:30Z,481.1,69.53,121.99,1.719482e-12
2024-05-11T23:19:00Z,481.3,71.42,122.65,1.724433e-12
2024-05-11T23:19:30Z,481.6,73.3,123.49,1.728826e-12
2024-05-11T23:20:00Z,481.8,75.18,124.56,1.732386e-12
2024-05-11T23:20:30Z,482.0,77.06,125.97,1.735031e-12
2024-05-11T23:21:00Z,482.1,78.91,127.88,1.737260e-12
2024-05-11T23:21:30Z,482.2,80.75,130.61,1.739698e-12
2024-05-11T23:22:00Z,482.3,82.56,134.71,1.743486e-12
2024-05-11T23:22:30Z,482.4,84.3,141.44,1.749685e-12
2024-05-11T23:23:00Z,482.5,85.89,153.78,1.759085e-12
2024-05-11T23:23:30Z,482.5,87.08,178.55,1.772731e-12
2024-05-11T23:24:00Z,482.4,87.27,-142.28,1.790688e-12
2024-05-11T23:24:30Z,482.4,86.31,-112.34,1.810939e-12
2024-05-11T23:25:00Z,482.3,84.8,-97.23,1.833717e-12
2024-05-11T23:25:30Z,482.2,83.09,-89.27,1.859200e-12
2024-05-11T23:26:00Z,482.1,81.3,-84.56,1.887370e-12
2024-05-11T23:26:30Z,481.9,79.46,-81.5,1.917157e-12
2024-05-11T23:27:00Z,481.7,77.61,-79.39,1.947618e-12
2024-05-11T23:27:30Z,481.5,75.74,-77.85,1.977702e-12
2024-05-11T23:28:00Z,481.3,73.86,-76.69,2.006194e-12
2024-05-11T23:28:30Z,481.0,71.98,-75.79,2.032045e-12
2024-05-11T23:29:00Z,480.7,70.09,-75.08,2.054528e-12
2024-05-11T23:29:30Z,480.4,68.2,-74.51,2.073205e-12
2024-05-11T23:30:00Z,480.0,66.3,-74.04,2.087903e-12
2024-05-11T23:30:30Z,479.7,64.4,-73.66,2.098733e-12
2024-05-11T23:31:00Z,479.3,62.5,-73.35,2.106453e-12
2024-05-11T23:31:30Z,478.9,60.6,-73.08,2.111766e-12
2024-05-11T23:32:00Z,478.5,58.69,-72.86,2.115629e-12
2024-05-11T23:32:30Z,478.1,56.79,-72.68,2.118276e-12
2024-05-11T23:33:00Z,477.7,54.88,-72.52,2.120972e-12
2024-05-11T23:33:30Z,477.3,52.97,-72.39,2.124535e-12
2024-05-11T23:34:00Z,476.9,51.06,-72.29,2.129412e-12
2024-05-11T23:34:30Z,476.5,49.15,-72.2,2.135765e-12
2024-05-11T23:35:00Z,476.1,47.24,-72.12,2.143476e-12
2024-05-11T23:35:30Z,475.7,45.33,-72.06,2.152546e-12
2024-05-11T23:36:00Z,475.3,43.42,-72.02,2.162333e-12
2024-05-11T23:36:30Z,474.9,41.5,-71.98,2.172217e-12
2024-05-11T23:37:00Z,474.5,39.59,-71.95,2.181505e-12
2024-05-11T23:37:30Z,474.1,37.67,-71.93,2.189986e-12
2024-05-11T23:38:00Z,473.8,35.75,-71.92,2.197522e-12
2024-05-11T23:38:30Z,473.4,33.84,-71.91,2.204329e-12
2024-05-11T23:39:00Z,473.1,31.92,-71.91,2.210476e-12
2024-05-11T23:39:30Z,472.8,30.0,-71.92,2.216262e-12
2024-05-11T23:40:00Z,472.6,28.08,-71.93,2.221841e-12
2024-05-11T23:40:30Z,472.4,26.16,-71.94,2.226592e-12
2024-05-11T23:41:00Z,472.2,24.23,-71.96,2.230885e-12
2024-05-11T23:41:30Z,472.0,22.31,-71.98,2.235283e-12
2024-05-11T23:42:00Z,471.9,20.39,-72.0,2.239849e-12
2024-05-11T23:42:30Z,471.8,18.47,-72.03,2.244694e-12
2024-05-11T23:43:00Z,471.7,16.54,-72.05,2.249571e-12
2024-05-11T23:43:30Z,471.7,14.62,-72.08,2.254523e-12
2024-05-11T23:44:00Z,471.7,12.7,-72.11,2.259399e-12
2024-05-11T23:44:30Z,471.7,10.77,-72.15,2.263880e-12
2024-05-11T23:45:00Z,471.8,8.85,-72.18,2.267930e-12
2024-05-11T23:45:30Z,472.0,6.92,-72.22,2.271221e-12
2024-05-11T23:46:00Z,472.2,5.0,-72.25,2.273450e-12
2024-05-11T23:46:30Z,472.4,3.07,-72.29,2.274292e-12
2024-05-11T23:47:00Z,472.6,1.15,-72.32,2.273602e-12
2024-05-11T23:47:30Z,472.9,-0.77,-72.36,2.271061e-12
2024-05-11T23:48:00Z,473.3,-2.7,-72.4,2.266294e-12
2024-05-11T23:48:30Z,473.7,-4.62,-72.43,2.259023e-12
2024-05-11T23:49:00Z,474.1,-6.55,-72.47,2.248922e-12
2024-05-11T23:49:30Z,474.6,-8.47,-72.5,2.235631e-12
2024-05-11T23:50:00Z,475.1,-10.39,-72.54,2.219008e-12
2024-05-11T23:50:30Z,475.6,-12.31,-72.57,2.198789e-12
2024-05-11T23:51:00Z,476.2,-14.23,-72.6,2.175045e-12
2024-05-11T23:51:30Z,476.8,-16.16,-72.63,2.147689e-12
2024-05-11T23:52:00Z,477.4,-18.08,-72.66,2.116637e-12
2024-05-11T23:52:30Z,478.1,-20.0,-72.69,2.081902e-12
2024-05-11T23:53:00Z,478.8,-21.91,-72.71,2.044066e-12
2024-05-11T23:53:30Z,479.5,-23.83,-72.73,2.002967e-12
2024-05-11T23:54:00Z,480.2,-25.75,-72.75,1.959455e-12
2024-05-11T23:54:30Z,481.0,-27.67,-72.77,1.913285e-12
2024-05-11T23:55:00Z,481.8,-29.58,-72.78,1.865376e-12
2024-05-11T23:55:30Z,482.6,-31.5,-72.78,1.816201e-12
2024-05-11T23:56:00Z,483.4,-33.41,-72.78,1.765994e-12
2024-05-11T23:56:30Z,484.2,-35.32,-72.78,1.715110e-12
2024-05-11T23:57:00Z,485.1,-37.23,-72.77,1.663833e-12
2024-05-11T23:57:30Z,485.9,-39.14,-72.75,1.612444e-12
2024-05-11T23:58:00Z,486.8,-41.05,-72.73,1.561236e-12
2024-05-11T23:58:30Z,487.6,-42.96,-72.69,1.510601e-12
2024-05-11T23:59:00Z,488.4,-44.87,-72.65,1.460907e-12
2024-05-11T23:59:30Z,489.3,-46.77,-72.59,1.412499e-12
2024-05-12T00:00:00Z,490.1,-48.68,-72.52,1.360492e-12
2024-05-12T00:00:30Z,490.9,-50.58,-72.44,1.310398e-12
2024-05-12T00:01:00Z,491.7,-52.48,-72.34,1.266256e-12
2024-05-12T00:01:30Z,492.5,-54.38,-72.21,1.223921e-12
2024-05-12T00:02:00Z,493.2,-56.28,-72.07,1.182895e-12
2024-05-12T00:02:30Z,493.9,-58.18,-71.89,1.142419e-12
2024-05-12T00:03:00Z,494.7,-60.07,-71.68,1.102122e-12
2024-05-12T00:03:30Z,495.3,-61.97,-71.44,1.062713e-12
2024-05-12T00:04:00Z,496.0,-63.86,-71.14,1.025722e-12
2024-05-12T00:04:30Z,496.6,-65.75,-70.78,9.927487e-13
2024-05-12T00:05:00Z,497.2,-67.64,-70.34,9.651365e-13
2024-05-12T00:05:30Z,497.7,-69.52,-69.81,9.432522e-13
2024-05-12T00:06:00Z,498.2,-71.4,-69.15,9.265833e-13
2024-05-12T00:06:30Z,498.6,-73.28,-68.32,9.138301e-13
2024-05-12T00:07:00Z,499.1,-75.15,-67.26,9.047154e-13
2024-05-12T00:07:30Z,499.4,-77.01,-65.86,8.984251e-13
2024-05-12T00:08:00Z,499.8,-78.86,-63.97,8.945369e-13
2024-05-12T00:08:30Z,500.0,-80.69,-61.3,8.923645e-13
2024-05-12T00:09:00Z,500.3,-82.49,-57.28,8.912909e-13
2024-05-12T00:09:30Z,500.4,-84.23,-50.73,8.904254e-13
2024-05-12T00:10:00Z,500.6,-85.82,-38.83,8.902500e-13
2024-05-12T00:10:30Z,500.6,-87.04,-15.05,8.910362e-13
2024-05-12T00:11:00Z,500.7,-87.3,23.6,8.934056e-13
2024-05-12T00:11:30Z,500.7,-86.39,54.45,8.965538e-13
2024-05-12T00:12:00Z,500.6,-84.91,70.21,8.998663e-13
2024-05-12T00:12:30Z,500.5,-83.22,78.47,9.040164e-13
2024-05-12T00:13:00Z,500.3,-81.44,83.33,9.089997e-13
2024-05-12T00:13:30Z,500.1,-79.62,86.47,9.147630e-13
2024-05-12T00:14:00Z,499.8,-77.78,88.64,9.213615e-13
2024-05-12T00:14:30Z,499.5,-75.92,90.22,9.287566e-13
2024-05-12T00:15:00Z,499.1,-74.05,91.4,9.366717e-13
2024-05-12T00:15:30Z,498.7,-72.18,92.32,9.449031e-13
2024-05-12T00:16:00Z,498.3,-70.3,93.04,9.532703e-13
2024-05-12T00:16:30Z,497.8,-68.42,93.62,9.615240e-13
2024-05-12T00:17:00Z,497.3,-66.53,94.09,9.698571e-13
2024-05-12T00:17:30Z,496.7,-64.64,94.48,9.780565e-13
2024-05-12T00:18:00Z,496.1,-62.75,94.8,9.862587e-13
2024-05-12T00:18:30Z,495.5,-60.86,95.07,9.946434e-13
2024-05-12T00:19:00Z,494.8,-58.96,95.3,1.003644e-12
2024-05-12T00:19:30Z,494.1,-57.07,95.48,1.013032e-12
2024-05-12T00:20:00Z,493.4,-55.17,95.64,1.023297e-12
2024-05-12T00:20:30Z,492.7,-53.27,95.77,1.034840e-12
2024-05-12T00:21:00Z,491.9,-51.37,95.88,1.047898e-12
2024-05-12T00:21:30Z,491.2,-49.47,95.97,1.062260e-12
2024-05-12T00:22:00Z,490.4,-47.56,96.05,1.077639e-12
2024-05-12T00:22:30Z,489.6,-45.66,96.11,1.094075e-12
2024-05-12T00:23:00Z,488.8,-43.75,96.16,1.111707e-12
2024-05-12T00:23:30Z,488.0,-41.85,96.2,1.131096e-12
2024-05-12T00:24:00Z,487.1,-39.94,96.23,1.152080e-12
2024-05-12T00:24:30Z,486.3,-38.03,96.25,1.175680e-12
2024-05-12T00:25:00Z,485.5,-36.12,96.26,1.202241e-12
2024-05-12T00:25:30Z,484.7,-34.21,96.27,1.231512e-12
2024-05-12T00:26:00Z,483.9,-32.3,96.27,1.263104e-12
2024-05-12T00:26:30Z,483.1,-30.38,96.26,1.296630e-12
2024-05-12T00:27:00Z,482.3,-28.47,96.26,1.331700e-12
2024-05-12T00:27:30Z,481.6,-26.55,96.24,1.368008e-12
2024-05-12T00:28:00Z,480.8,-24.64,96.23,1.405087e-12
2024-05-12T00:28:30Z,480.1,-22.72,96.21,1.442704e-12
2024-05-12T00:29:00Z,479.4,-20.8,96.18,1.480444e-12
2024-05-12T00:29:30Z,478.8,-18.88,96.16,1.518012e-12
2024-05-12T00:30:00Z,478.1,-16.96,96.13,1.554895e-12
2024-05-12T00:30:30Z,477.5,-15.04,96.1,1.591150e-12
2024-05-12T00:31:00Z,477.0,-13.12,96.07,1.626482e-12
2024-05-12T00:31:30Z,476.4,-11.2,96.04,1.660523e-12
2024-05-12T00:32:00Z,475.9,-9.28,96.0,1.693086e-12
2024-05-12T00:32:30Z,475.4,-7.36,95.97,1.723732e-12
2024-05-12T00:33:00Z,475.0,-5.43,95.93,1.752569e-12
2024-05-12T00:33:30Z,474.6,-3.51,95.9,1.779412e-12
2024-05-12T00:34:00Z,474.3,-1.59,95.86,1.804163e-12
2024-05-12T00:34:30Z,473.9,0.34,95.82,1.826642e-12
2024-05-12T00:35:00Z,473.7,2.26,95.79,1.846579e-12
2024-05-12T00:35:30Z,473.4,4.18,95.75,1.864006e-12
2024-05-12T00:36:00Z,473.2,6.11,95.71,1.878746e-12
2024-05-12T00:36:30Z,473.1,8.03,95.68,1.890860e-12
2024-05-12T00:37:00Z,473.0,9.95,95.65,1.900124e-12
2024-05-12T00:37:30Z,472.9,11.88,95.61,1.906713e-12
2024-05-12T00:38:00Z,472.8,13.8,95.58,1.910452e-12
2024-05-12T00:38:30Z,472.8,15.72,95.55,1.911104e-12
2024-05-12T00:39:00Z,472.9,17.65,95.52,1.908995e-12
2024-05-12T00:39:30Z,473.0,19.57,95.49,1.903829e-12
2024-05-12T00:40:00Z,473.1,21.49,95.47,1.895959e-12
2024-05-12T00:40:30Z,473.2,23.41,95.45,1.884888e-12
2024-05-12T00:41:00Z,473.4,25.33,95.43,1.870817e-12
2024-05-12T00:41:30Z,473.6,27.26,95.42,1.854073e-12
2024-05-12T00:42:00Z,473.8,29.18,95.4,1.834199e-12
2024-05-12T00:42:30Z,474.1,31.09,95.4,1.811680e-12
2024-05-12T00:43:00Z,474.3,33.01,95.4,1.786956e-12
2024-05-12T00:43:30Z,474.6,34.93,95.4,1.760115e-12
2024-05-12T00:44:00Z,475.0,36.85,95.41,1.731567e-12
2024-05-12T00:44:30Z,475.3,38.76,95.42,1.701245e-12
2024-05-12T00:45:00Z,475.7,40.68,95.45,1.668879e-12
2024-05-12T00:45:30Z,476.0,42.59,95.48,1.635743e-12
2024-05-12T00:46:00Z,476.4,44.51,95.52,1.602358e-12
2024-05-12T00:46:30Z,476.8,46.42,95.58,1.569164e-12
2024-05-12T00:47:00Z,477.2,48.33,95.65,1.536746e-12
2024-05-12T00:47:30Z,477.6,50.24,95.73,1.505325e-12
2024-05-12T00:48:00Z,477.9,52.15,95.83,1.475124e-12
2024-05-12T00:48:30Z,478.3,54.06,95.95,1.446314e-12
2024-05-12T00:49:00Z,478.7,55.97,96.09,1.418634e-12
2024-05-12T00:49:30Z,479.1,57.87,96.26,1.392980e-12
2024-05-12T00:50:00Z,479.5,59.78,96.47,1.370076e-12
2024-05-12T00:50:30Z,479.8,61.68,96.71,1.350603e-12
2024-05-12T00:51:00Z,480.2,63.58,97.0,1.335184e-12
2024-05-12T00:51:30Z,480.5,65.48,97.35,1.324162e-12
2024-05-12T00:52:00Z,480.8,67.38,97.78,1.317271e-12
2024-05-12T00:52:30Z,481.1,69.27,98.3,1.313883e-12
2024-05-12T00:53:00Z,481.3,71.16,98.95,1.312721e-12
2024-05-12T00:53:30Z,481.6,73.05,99.76,1.313325e-12
2024-05-12T00:54:00Z,481.8,74.93,100.79,1.315328e-12
2024-05-12T00:54:30Z,482.0,76.8,102.15,1.318702e-12
2024-05-12T00:55:00Z,482.2,78.66,103.98,1.324000e-12
2024-05-12T00:55:30Z,482.3,80.5,106.57,1.331495e-12
2024-05-12T00:56:00Z,482.4,82.32,110.44,1.341543e-12
2024-05-12T00:56:30Z,482.5,84.07,116.69,1.354439e-12
2024-05-12T00:57:00Z,482.6,85.69,127.97,1.370568e-12
2024-05-12T00:57:30Z,482.6,86.96,150.51,1.390207e-12
2024-05-12T00:58:00Z,482.6,87.32,-171.3,1.413502e-12
2024-05-12T00:58:30Z,482.5,86.49,-138.99,1.438611e-12
2024-05-12T00:59:00Z,482.5,85.02,-122.35,1.465309e-12
2024-05-12T00:59:30Z,482.4,83.33,-113.73,1.493992e-12
2024-05-12T01:00:00Z,482.2,81.54,-108.7,1.523982e-12
2024-05-12T01:00:30Z,482.1,79.72,-105.47,1.554737e-12
2024-05-12T01:01:00Z,481.9,77.86,-103.25,1.585272e-12
2024-05-12T01:01:30Z,481.7,76.0,-101.64,1.615245e-12
2024-05-12T01:02:00Z,481.5,74.12,-100.44,1.643553e-12
2024-05-12T01:02:30Z,481.2,72.24,-99.51,1.669818e-12
2024-05-12T01:03:00Z,480.9,70.35,-98.78,1.693242e-12
2024-05-12T01:03:30Z,480.6,68.46,-98.19,1.713981e-12
2024-05-12T01:04:00Z,480.3,66.56,-97.71,1.731953e-12
2024-05-12T01:04:30Z,479.9,64.66,-97.32,1.747289e-12
2024-05-12T01:05:00Z,479.6,62.76,-96.99,1.762205e-12
2024-05-12T01:05:30Z,479.2,60.86,-96.72,1.778343e-12
2024-05-12T01:06:00Z,478.8,58.96,-96.5,1.794325e-12
2024-05-12T01:06:30Z,478.4,57.05,-96.31,1.811577e-12
2024-05-12T01:07:00Z,478.0,55.14,-96.15,1.831015e-12
2024-05-12T01:07:30Z,477.6,53.24,-96.02,1.853372e-12
2024-05-12T01:08:00Z,477.2,51.33,-95.91,1.876613e-12
2024-05-12T01:08:30Z,476.8,49.42,-95.82,1.901410e-12
2024-05-12T01:09:00Z,476.3,47.51,-95.74,1.929110e-12
2024-05-12T01:09:30Z,475.9,45.59,-95.68,1.959325e-12
2024-05-12T01:10:00Z,475.5,43.68,-95.63,1.991690e-12
2024-05-12T01:10:30Z,475.1,41.77,-95.59,2.027936e-12
2024-05-12T01:11:00Z,474.8,39.85,-95.56,2.064009e-12
2024-05-12T01:11:30Z,474.4,37.94,-95.54,2.098475e-12
2024-05-12T01:12:00Z,474.0,36.02,-95.53,2.130364e-12
2024-05-12T01:12:30Z,473.7,34.1,-95.52,2.155915e-12
2024-05-12T01:13:00Z,473.4,32.18,-95.52,2.175050e-12
2024-05-12T01:13:30Z,473.1,30.26,-95.52,2.188366e-12
2024-05-12T01:14:00Z,472.9,28.34,-95.53,2.196520e-12
2024-05-12T01:14:30Z,472.6,26.42,-95.54,2.199653e-12
2024-05-12T01:15:00Z,472.4,24.5,-95.56,2.197240e-12
2024-05-12T01:15:30Z,472.3,22.58,-95.58,2.189780e-12
2024-05-12T01:16:00Z,472.1,20.66,-95.6,2.177913e-12
2024-05-12T01:16:30Z,472.0,18.73,-95.63,2.161742e-12
2024-05-12T01:17:00Z,471.9,16.81,-95.66,2.141647e-12
2024-05-12T01:17:30Z,471.9,14.89,-95.69,2.117993e-12
2024-05-12T01:18:00Z,471.9,12.96,-95.72,2.091208e-12
2024-05-12T01:18:30Z,472.0,11.04,-95.75,2.061873e-12
2024-05-12T01:19:00Z,472.0,9.12,-95.78,2.030743e-12
2024-05-12T01:19:30Z,472.2,7.19,-95.82,1.998139e-12
2024-05-12T01:20:00Z,472.3,5.27,-95.85,1.965229e-12
2024-05-12T01:20:30Z,472.5,3.34,-95.89,1.932592e-12
2024-05-12T01:21:00Z,472.8,1.42,-95.93,1.900112e-12
2024-05-12T01:21:30Z,473.1,-0.51,-95.96,1.867892e-12
2024-05-12T01:22:00Z,473.4,-2.43,-96.0,1.837031e-12
2024-05-12T01:22:30Z,473.8,-4.35,-96.04,1.807851e-12
2024-05-12T01:23:00Z,474.2,-6.28,-96.07,1.780346e-12
2024-05-12T01:23:30Z,474.7,-8.2,-96.11,1.754734e-12
2024-05-12T01:24:00Z,475.2,-10.12,-96.14,1.731148e-12
2024-05-12T01:24:30Z,475.7,-12.04,-96.17,1.709329e-12
2024-05-12T01:25:00Z,476.2,-13.97,-96.21,1.689217e-12
2024-05-12T01:25:30Z,476.8,-15.89,-96.24,1.670567e-12
2024-05-12T01:26:00Z,477.5,-17.81,-96.26,1.653068e-12
2024-05-12T01:26:30Z,478.1,-19.73,-96.29,1.636712e-12
2024-05-12T01:27:00Z,478.8,-21.65,-96.32,1.620807e-12
2024-05-12T01:27:30Z,479.5,-23.56,-96.34,1.605387e-12
2024-05-12T01:28:00Z,480.3,-25.48,-96.36,1.590031e-12
2024-05-12T01:28:30Z,481.0,-27.4,-96.37,1.574721e-12
2024-05-12T01:29:00Z,481.8,-29.31,-96.38,1.558931e-12
2024-05-12T01:29:30Z,482.6,-31.23,-96.39,1.542773e-12
2024-05-12T01:30:00Z,483.4,-33.14,-96.39,1.525954e-12
2024-05-12T01:30:30Z,484.2,-35.05,-96.39,1.508566e-12
2024-05-12T01:31:00Z,485.1,-36.97,-96.38,1.490571e-12
2024-05-12T01:31:30Z,485.9,-38.88,-96.36,1.472129e-12
2024-05-12T01:32:00Z,486.7,-40.78,-96.34,1.453491e-12
2024-05-12T01:32:30Z,487.6,-42.69,-96.3,1.434658e-12
2024-05-12T01:33:00Z,488.4,-44.6,-96.26,1.415874e-12
2024-05-12T01:33:30Z,489.2,-46.51,-96.21,1.397146e-12
2024-05-12T01:34:00Z,490.0,-48.41,-96.14,1.378168e-12
2024-05-12T01:34:30Z,490.8,-50.31,-96.06,1.358437e-12
2024-05-12T01:35:00Z,491.6,-52.22,-95.96,1.336450e-12
2024-05-12T01:35:30Z,492.4,-54.12,-95.84,1.311787e-12
2024-05-12T01:36:00Z,493.2,-56.01,-95.69,1.283818e-12
2024-05-12T01:36:30Z,493.9,-57.91,-95.52,1.253025e-12
2024-05-12T01:37:00Z,494.6,-59.81,-95.32,1.221130e-12
2024-05-12T01:37:30Z,495.3,-61.7,-95.08,1.190463e-12
2024-05-12T01:38:00Z,495.9,-63.59,-94.79,1.163808e-12
2024-05-12T01:38:30Z,496.5,-65.48,-94.44,1.141956e-12
2024-05-12T01:39:00Z,497.1,-67.37,-94.01,1.125533e-12
2024-05-12T01:39:30Z,497.6,-69.26,-93.5,1.113889e-12
2024-05-12T01:40:00Z,498.1,-71.14,-92.86,1.105656e-12
2024-05-12T01:40:30Z,498.6,-73.02,-92.05,1.099754e-12
2024-05-12T01:41:00Z,499.0,-74.89,-91.03,1.095933e-12
2024-05-12T01:41:30Z,499.4,-76.75,-89.69,1.093322e-12
2024-05-12T01:42:00Z,499.7,-78.6,-87.88,1.091280e-12
2024-05-12T01:42:30Z,500.0,-80.44,-85.34,1.089228e-12
2024-05-12T01:43:00Z,500.2,-82.24,-81.55,1.086421e-12
2024-05-12T01:43:30Z,500.4,-83.99,-75.47,1.082784e-12
2024-05-12T01:44:00Z,500.5,-85.61,-64.61,1.078860e-12
2024-05-12T01:44:30Z,500.6,-86.91,-43.03,1.074825e-12
2024-05-12T01:45:00Z,500.6,-87.34,-5.61,1.071199e-12
2024-05-12T01:45:30Z,500.6,-86.57,27.59,1.067292e-12
2024-05-12T01:46:00Z,500.5,-85.14,44.98,1.062159e-12
2024-05-12T01:46:30Z,500.4,-83.46,53.96,1.056001e-12
2024-05-12T01:47:00Z,500.3,-81.69,59.16,1.049028e-12
2024-05-12T01:47:30Z,500.0,-79.88,62.49,1.041272e-12
2024-05-12T01:48:00Z,499.8,-78.04,64.77,1.032798e-12
2024-05-12T01:48:30Z,499.5,-76.18,66.41,1.023615e-12
2024-05-12T01:49:00Z,499.1,-74.32,67.64,1.013042e-12
2024-05-12T01:49:30Z,498.7,-72.44,68.59,1.001181e-12
2024-05-12T01:50:00Z,498.3,-70.56,69.34,9.898891e-13
2024-05-12T01:50:30Z,497.8,-68.68,69.94,9.789446e-13
2024-05-12T01:51:00Z,497.3,-66.8,70.42,9.685134e-13
2024-05-12T01:51:30Z,496.7,-64.91,70.82,9.589715e-13
2024-05-12T01:52:00Z,496.1,-63.02,71.15,9.506689e-13
2024-05-12T01:52:30Z,495.5,-61.12,71.43,9.438780e-13
2024-05-12T01:53:00Z,494.8,-59.23,71.66,9.389378e-13
2024-05-12T01:53:30Z,494.1,-57.33,71.85,9.360840e-13
2024-05-12T01:54:00Z,493.4,-55.44,72.01,9.348863e-13
2024-05-12T01:54:30Z,492.7,-53.54,72.15,9.354978e-13
2024-05-12T01:55:00Z,491.9,-51.64,72.26,9.381488e-13
2024-05-12T01:55:30Z,491.2,-49.73,72.35,9.426686e-13
2024-05-12T01:56:00Z,490.4,-47.83,72.43,9.488803e-13
2024-05-12T01:56:30Z,489.6,-45.93,72.5,9.570943e-13
2024-05-12T01:57:00Z,488.8,-44.02,72.55,9.675571e-13
2024-05-12T01:57:30Z,487.9,-42.11,72.59,9.795929e-13
2024-05-12T01:58:00Z,487.1,-40.2,72.62,9.931314e-13
2024-05-12T01:58:30Z,486.3,-38.3,72.64,1.009233e-12
2024-05-12T01:59:00Z,485.5,-36.39,72.65,1.027533e-12
2024-05-12T01:59:30Z,484.7,-34.47,72.66,1.047848e-12
2024-05-12T02:00:00Z,483.9,-32.56,72.66,1.069893e-12
2024-05-12T02:00:30Z,483.1,-30.65,72.66,1.093423e-12
2024-05-12T02:01:00Z,482.3,-28.73,72.65,1.118295e-12
2024-05-12T02:01:30Z,481.5,-26.82,72.64,1.144464e-12
2024-05-12T02:02:00Z,480.8,-24.9,72.62,1.171558e-12
2024-05-12T02:02:30Z,480.1,-22.99,72.6,1.199582e-12
2024-05-12T02:03:00Z,479.4,-21.07,72.58,1.228058e-12
2024-05-12T02:03:30Z,478.7,-19.15,72.55,1.256844e-12
2024-05-12T02:04:00Z,478.1,-17.23,72.53,1.285608e-12
2024-05-12T02:04:30Z,477.5,-15.31,72.5,1.314126e-12
2024-05-12T02:05:00Z,476.9,-13.39,72.47,1.341966e-12
2024-05-12T02:05:30Z,476.3,-11.47,72.43,1.368723e-12
2024-05-12T02:06:00Z,475.8,-9.55,72.4,1.394162e-12
2024-05-12T02:06:30Z,475.3,-7.62,72.37,1.418059e-12
2024-05-12T02:07:00Z,474.9,-5.7,72.33,1.439916e-12
2024-05-12T02:07:30Z,474.5,-3.78,72.3,1.459444e-12
2024-05-12T02:08:00Z,474.1,-1.85,72.26,1.476196e-12
2024-05-12T02:08:30Z,473.8,0.07,72.22,1.489908e-12
2024-05-12T02:09:00Z,473.5,1.99,72.19,1.500389e-12
2024-05-12T02:09:30Z,473.3,3.92,72.15,1.507818e-12
2024-05-12T02:10:00Z,473.1,5.84,72.11,1.512305e-12
2024-05-12T02:10:30Z,472.9,7.76,72.08,1.514036e-12
2024-05-12T02:11:00Z,472.8,9.69,72.04,1.513552e-12
2024-05-12T02:11:30Z,472.7,11.61,72.01,1.511385e-12
2024-05-12T02:12:00Z,472.7,13.54,71.98,1.507921e-12
2024-05-12T02:12:30Z,472.7,15.46,71.95,1.503022e-12
2024-05-12T02:13:00Z,472.7,17.38,71.92,1.497560e-12
2024-05-12T02:13:30Z,472.8,19.3,71.89,1.491625e-12
2024-05-12T02:14:00Z,472.9,21.23,71.87,1.485545e-12
2024-05-12T02:14:30Z,473.1,23.15,71.85,1.479771e-12
2024-05-12T02:15:00Z,473.2,25.07,71.83,1.474482e-12
2024-05-12T02:15:30Z,473.4,26.99,71.81,1.470086e-12
2024-05-12T02:16:00Z,473.7,28.91,71.8,1.466859e-12
2024-05-12T02:16:30Z,473.9,30.83,71.79,1.465033e-12
2024-05-12T02:17:00Z,474.2,32.75,71.79,1.464822e-12
2024-05-12T02:17:30Z,474.5,34.67,71.79,1.466275e-12
2024-05-12T02:18:00Z,474.8,36.58,71.8,1.469692e-12
2024-05-12T02:18:30Z,475.2,38.5,71.82,1.474985e-12
2024-05-12T02:19:00Z,475.5,40.42,71.84,1.481380e-12
2024-05-12T02:19:30Z,475.9,42.33,71.87,1.489811e-12
2024-05-12T02:20:00Z,476.3,44.24,71.91,1.500402e-12
2024-05-12T02:20:30Z,476.6,46.16,71.96,1.513176e-12
2024-05-12T02:21:00Z,477.0,48.07,72.03,1.527988e-12
2024-05-12T02:21:30Z,477.4,49.98,72.11,1.544578e-12
2024-05-12T02:22:00Z,477.8,51.89,72.21,1.562627e-12
2024-05-12T02:22:30Z,478.2,53.8,72.32,1.581738e-12
2024-05-12T02:23:00Z,478.6,55.7,72.46,1.600962e-12
2024-05-12T02:23:30Z,479.0,57.61,72.63,1.620842e-12
2024-05-12T02:24:00Z,479.4,59.51,72.83,1.641745e-12
2024-05-12T02:24:30Z,479.7,61.42,73.07,1.664252e-12
2024-05-12T02:25:00Z,480.1,63.32,73.35,1.688999e-12
2024-05-12T02:25:30Z,480.4,65.22,73.69,1.716505e-12
2024-05-12T02:26:00Z,480.7,67.11,74.11,1.745949e-12
2024-05-12T02:26:30Z,481.0,69.01,74.62,1.776295e-12
2024-05-12T02:27:00Z,481.3,70.9,75.24,1.805805e-12
2024-05-12T02:27:30Z,481.5,72.79,76.03,1.833119e-12
2024-05-12T02:28:00Z,481.8,74.67,77.02,1.858023e-12
2024-05-12T02:28:30Z,482.0,76.54,78.33,1.880581e-12
2024-05-12T02:29:00Z,482.1,78.41,80.09,1.901324e-12
2024-05-12T02:29:30Z,482.3,80.25,82.55,1.921103e-12
2024-05-12T02:30:00Z,482.4,82.07,86.19,1.941105e-12
2024-05-12T02:30:30Z,482.5,83.83,92.01,1.962389e-12
2024-05-12T02:31:00Z,482.6,85.48,102.33,1.985853e-12
2024-05-12T02:31:30Z,482.6,86.82,122.79,2.012378e-12
2024-05-12T02:32:00Z,482.6,87.35,159.5,2.042492e-12
2024-05-12T02:32:30Z,482.6,86.65,-165.96,2.073557e-12
2024-05-12T02:33:00Z,482.5,85.24,-147.62,2.105132e-12
2024-05-12T02:33:30Z,482.4,83.57,-138.24,2.137440e-12
2024-05-12T02:34:00Z,482.3,81.79,-132.86,2.169775e-12
2024-05-12T02:34:30Z,482.2,79.97,-129.44,2.200538e-12
2024-05-12T02:35:00Z,482.0,78.12,-127.11,2.228552e-12
2024-05-12T02:35:30Z,481.8,76.26,-125.44,2.252403e-12
2024-05-12T02:36:00Z,481.5,74.38,-124.19,2.271106e-12
2024-05-12T02:36:30Z,481.3,72.5,-123.23,2.284150e-12
2024-05-12T02:37:00Z,481.0,70.61,-122.47,2.291476e-12
2024-05-12T02:37:30Z,480.7,68.72,-121.87,2.293599e-12
2024-05-12T02:38:00Z,480.4,66.82,-121.38,2.291488e-12
2024-05-12T02:38:30Z,480.1,64.92,-120.97,2.286232e-12
2024-05-12T02:39:00Z,479.7,63.02,-120.64,2.279484e-12
2024-05-12T02:39:30Z,479.3,61.12,-120.36,2.272339e-12
2024-05-12T02:40:00Z,478.9,59.22,-120.13,2.266011e-12
2024-05-12T02:40:30Z,478.6,57.31,-119.94,2.261371e-12
2024-05-12T02:41:00Z,478.1,55.41,-119.78,2.258235e-12
2024-05-12T02:41:30Z,477.7,53.5,-119.64,2.256269e-12
2024-05-12T02:42:00Z,477.3,51.59,-119.53,2.255841e-12
2024-05-12T02:42:30Z,476.9,49.68,-119.43,2.255832e-12
2024-05-12T02:43:00Z,476.5,47.77,-119.35,2.255034e-12
2024-05-12T02:43:30Z,476.1,45.86,-119.29,2.252199e-12
2024-05-12T02:44:00Z,475.7,43.95,-119.24,2.245839e-12
2024-05-12T02:44:30Z,475.3,42.03,-119.2,2.235231e-12
2024-05-12T02:45:00Z,474.9,40.12,-119.17,2.219737e-12
2024-05-12T02:45:30Z,474.5,38.2,-119.15,2.199196e-12
2024-05-12T02:46:00Z,474.2,36.28,-119.13,2.173768e-12
2024-05-12T02:46:30Z,473.9,34.37,-119.13,2.143589e-12
2024-05-12T02:47:00Z,473.5,32.45,-119.12,2.109182e-12
2024-05-12T02:47:30Z,473.3,30.53,-119.13,2.070115e-12
2024-05-12T02:48:00Z,473.0,28.61,-119.14,2.027853e-12
2024-05-12T02:48:30Z,472.8,26.69,-119.15,1.982645e-12
2024-05-12T02:49:00Z,472.5,24.77,-119.16,1.935132e-12
2024-05-12T02:49:30Z,472.4,22.85,-119.18,1.885432e-12
2024-05-12T02:50:00Z,472.2,20.92,-119.21,1.834711e-12
2024-05-12T02:50:30Z,472.1,19.0,-119.23,1.783133e-12
2024-05-12T02:51:00Z,472.0,17.08,-119.26,1.731122e-12
2024-05-12T02:51:30Z,472.0,15.15,-119.29,1.679260e-12
2024-05-12T02:52:00Z,472.0,13.23,-119.32,1.628581e-12
2024-05-12T02:52:30Z,472.0,11.31,-119.35,1.579278e-12
2024-05-12T02:53:00Z,472.1,9.38,-119.38,1.531923e-12
2024-05-12T02:53:30Z,472.2,7.46,-119.42,1.486995e-12
2024-05-12T02:54:00Z,472.4,5.53,-119.45,1.444468e-12
2024-05-12T02:54:30Z,472.6,3.61,-119.49,1.404702e-12
2024-05-12T02:55:00Z,472.9,1.69,-119.53,1.367742e-12
2024-05-12T02:55:30Z,473.1,-0.24,-119.56,1.334145e-12
2024-05-12T02:56:00Z,473.5,-2.16,-119.6,1.303347e-12
2024-05-12T02:56:30Z,473.8,-4.09,-119.64,1.275888e-12
2024-05-12T02:57:00Z,474.2,-6.01,-119.67,1.251638e-12
2024-05-12T02:57:30Z,474.7,-7.93,-119.71,1.230579e-12
2024-05-12T02:58:00Z,475.2,-9.86,-119.74,1.212699e-12
2024-05-12T02:58:30Z,475.7,-11.78,-119.78,1.197929e-12
2024-05-12T02:59:00Z,476.2,-13.7,-119.81,1.186358e-12
2024-05-12T02:59:30Z,476.8,-15.62,-119.84,1.178146e-12
2024-05-12T03:00:00Z,477.5,-17.54,-119.87,1.173642e-12
2024-05-12T03:00:30Z,478.1,-19.46,-119.89,1.171720e-12
2024-05-12T03:01:00Z,478.8,-21.38,-119.92,1.172642e-12
2024-05-12T03:01:30Z,479.5,-23.3,-119.94,1.176398e-12
2024-05-12T03:02:00Z,480.2,-25.21,-119.96,1.183029e-12
2024-05-12T03:02:30Z,481.0,-27.13,-119.97,1.192173e-12
2024-05-12T03:03:00Z,481.8,-29.05,-119.99,1.203063e-12
2024-05-12T03:03:30Z,482.6,-30.96,-119.99,1.216939e-12
2024-05-12T03:04:00Z,483.4,-32.88,-120.0,1.233412e-12
2024-05-12T03:04:30Z,484.2,-34.79,-119.99,1.252868e-12
2024-05-12T03:05:00Z,485.0,-36.7,-119.99,1.275364e-12
2024-05-12T03:05:30Z,485.8,-38.61,-119.97,1.300832e-12
2024-05-12T03:06:00Z,486.7,-40.52,-119.95,1.328753e-12
2024-05-12T03:06:30Z,487.5,-42.43,-119.92,1.358520e-12
2024-05-12T03:07:00Z,488.3,-44.33,-119.87,1.388999e-12
2024-05-12T03:07:30Z,489.2,-46.24,-119.82,1.417914e-12
2024-05-12T03:08:00Z,490.0,-48.14,-119.76,1.443069e-12
2024-05-12T03:08:30Z,490.8,-50.05,-119.68,1.462350e-12
2024-05-12T03:09:00Z,491.6,-51.95,-119.58,1.475016e-12
2024-05-12T03:09:30Z,492.3,-53.85,-119.46,1.482184e-12
2024-05-12T03:10:00Z,493.1,-55.75,-119.32,1.486589e-12
2024-05-12T03:10:30Z,493.8,-57.65,-119.16,1.490151e-12
2024-05-12T03:11:00Z,494.5,-59.54,-118.96,1.494633e-12
2024-05-12T03:11:30Z,495.2,-61.44,-118.72,1.501188e-12
2024-05-12T03:12:00Z,495.8,-63.33,-118.44,1.509362e-12
2024-05-12T03:12:30Z,496.4,-65.22,-118.1,1.518058e-12
2024-05-12T03:13:00Z,497.0,-67.11,-117.69,1.526035e-12
2024-05-12T03:13:30Z,497.6,-69.0,-117.18,1.530204e-12
2024-05-12T03:14:00Z,498.1,-70.88,-116.56,1.530696e-12
2024-05-12T03:14:30Z,498.5,-72.76,-115.79,1.526813e-12
2024-05-12T03:15:00Z,498.9,-74.63,-114.8,1.518284e-12
2024-05-12T03:15:30Z,499.3,-76.49,-113.51,1.504628e-12
2024-05-12T03:16:00Z,499.6,-78.35,-111.78,1.485913e-12
2024-05-12T03:16:30Z,499.9,-80.18,-109.36,1.461488e-12
2024-05-12T03:17:00Z,500.1,-81.99,-105.8,1.432727e-12
2024-05-12T03:17:30Z,500.3,-83.75,-100.14,1.400764e-12
2024-05-12T03:18:00Z,500.5,-85.4,-90.2,1.366450e-12
2024-05-12T03:18:30Z,500.6,-86.76,-70.63,1.330664e-12
2024-05-12T03:19:00Z,500.6,-87.36,-34.91,1.294644e-12
2024-05-12T03:19:30Z,500.6,-86.73,0.44,1.258176e-12
2024-05-12T03:20:00Z,500.5,-85.36,19.62,1.220578e-12
2024-05-12T03:20:30Z,500.4,-83.7,29.4,1.182771e-12
2024-05-12T03:21:00Z,500.2,-81.94,34.98,1.145594e-12
2024-05-12T03:21:30Z,500.0,-80.13,38.5,1.109562e-12
2024-05-12T03:22:00Z,499.8,-78.3,40.89,1.075048e-12
2024-05-12T03:22:30Z,499.5,-76.44,42.61,1.042502e-12
2024-05-12T03:23:00Z,499.1,-74.58,43.89,1.012248e-12
2024-05-12T03:23:30Z,498.7,-72.7,44.87,9.845102e-13
2024-05-12T03:24:00Z,498.3,-70.83,45.64,9.597965e-13
2024-05-12T03:24:30Z,497.8,-68.94,46.26,9.381307e-13
2024-05-12T03:25:00Z,497.3,-67.06,46.76,9.203767e-13
2024-05-12T03:25:30Z,496.7,-65.17,47.17,9.075124e-13
2024-05-12T03:26:00Z,496.1,-63.28,47.51,8.983567e-13
2024-05-12T03:26:30Z,495.5,-61.39,47.79,8.928681e-13
2024-05-12T03:27:00Z,494.8,-59.49,48.02,8.905324e-13
2024-05-12T03:27:30Z,494.1,-57.6,48.22,8.913593e-13
2024-05-12T03:28:00Z,493.4,-55.7,48.39,8.954584e-13
2024-05-12T03:28:30Z,492.7,-53.8,48.53,9.008593e-13
2024-05-12T03:29:00Z,491.9,-51.9,48.64,9.086097e-13
2024-05-12T03:29:30Z,491.2,-50.0,48.74,9.194895e-13
2024-05-12T03:30:00Z,490.4,-48.09,48.82,9.337867e-13
2024-05-12T03:30:30Z,489.6,-46.19,48.88,9.517387e-13
2024-05-12T03:31:00Z,488.8,-44.28,48.94,9.742125e-13
2024-05-12T03:31:30Z,488.0,-42.38,48.98,9.998838e-13
2024-05-12T03:32:00Z,487.1,-40.47,49.01,1.028257e-12
2024-05-12T03:32:30Z,486.3,-38.56,49.03,1.058739e-12
2024-05-12T03:33:00Z,485.5,-36.65,49.05,1.089114e-12
2024-05-12T03:33:30Z,484.7,-34.74,49.05,1.118870e-12
2024-05-12T03:34:00Z,483.9,-32.83,49.06,1.149069e-12
2024-05-12T03:34:30Z,483.1,-30.91,49.05,1.179217e-12
2024-05-12T03:35:00Z,482.3,-29.0,49.05,1.209040e-12
2024-05-12T03:35:30Z,481.5,-27.08,49.03,1.237997e-12
2024-05-12T03:36:00Z,480.8,-25.17,49.02,1.265698e-12
2024-05-12T03:36:30Z,480.1,-23.25,49.0,1.292350e-12
2024-05-12T03:37:00Z,479.4,-21.33,48.98,1.317780e-12
2024-05-12T03:37:30Z,478.7,-19.41,48.95,1.341737e-12
2024-05-12T03:38:00Z,478.0,-17.49,48.93,1.364260e-12
2024-05-12T03:38:30Z,477.4,-15.57,48.9,1.385380e-12
2024-05-12T03:39:00Z,476.8,-13.65,48.87,1.405030e-12
2024-05-12T03:39:30Z,476.3,-11.73,48.83,1.423475e-12
2024-05-12T03:40:00Z,475.8,-9.81,48.8,1.440458e-12
2024-05-12T03:40:30Z,475.3,-7.89,48.77,1.455828e-12
2024-05-12T03:41:00Z,474.8,-5.97,48.73,1.470108e-12
2024-05-12T03:41:30Z,474.4,-4.04,48.7,1.483127e-12
2024-05-12T03:42:00Z,474.1,-2.12,48.66,1.493944e-12
2024-05-12T03:42:30Z,473.7,-0.2,48.62,1.503671e-12
2024-05-12T03:43:00Z,473.4,1.73,48.59,1.512190e-12
2024-05-12T03:43:30Z,473.2,3.65,48.55,1.519607e-12
2024-05-12T03:44:00Z,473.0,5.58,48.51,1.525758e-12
2024-05-12T03:44:30Z,472.8,7.5,48.48,1.530662e-12
2024-05-12T03:45:00Z,472.7,9.42,48.44,1.534361e-12
2024-05-12T03:45:30Z,472.6,11.35,48.41,1.536491e-12
2024-05-12T03:46:00Z,472.6,13.27,48.38,1.537121e-12
2024-05-12T03:46:30Z,472.6,15.19,48.35,1.536082e-12
2024-05-12T03:47:00Z,472.6,17.12,48.32,1.533279e-12
2024-05-12T03:47:30Z,472.7,19.04,48.29,1.528772e-12
2024-05-12T03:48:00Z,472.8,20.96,48.26,1.522547e-12
2024-05-12T03:48:30Z,472.9,22.88,48.24,1.514866e-12
2024-05-12T03:49:00Z,473.1,24.81,48.22,1.505836e-12
2024-05-12T03:49:30Z,473.3,26.73,48.21,1.495654e-12
2024-05-12T03:50:00Z,473.5,28.65,48.19,1.484349e-12
2024-05-12T03:50:30Z,473.8,30.57,48.19,1.472284e-12
2024-05-12T03:51:00Z,474.0,32.48,48.18,1.459723e-12
2024-05-12T03:51:30Z,474.3,34.4,48.18,1.446957e-12
2024-05-12T03:52:00Z,474.7,36.32,48.19,1.434299e-12
2024-05-12T03:52:30Z,475.0,38.24,48.21,1.422081e-12
2024-05-12T03:53:00Z,475.3,40.15,48.23,1.409569e-12
2024-05-12T03:53:30Z,475.7,42.07,48.26,1.398127e-12
2024-05-12T03:54:00Z,476.1,43.98,48.3,1.387519e-12
2024-05-12T03:54:30Z,476.5,45.89,48.35,1.378285e-12
2024-05-12T03:55:00Z,476.9,47.81,48.41,1.370563e-12
2024-05-12T03:55:30Z,477.3,49.72,48.49,1.364124e-12
2024-05-12T03:56:00Z,477.7,51.63,48.59,1.358579e-12
2024-05-12T03:56:30Z,478.1,53.54,48.7,1.354046e-12
2024-05-12T03:57:00Z,478.4,55.44,48.84,1.350001e-12
2024-05-12T03:57:30Z,478.8,57.35,49.0,1.346870e-12
2024-05-12T03:58:00Z,479.2,59.25,49.19,1.345477e-12
2024-05-12T03:58:30Z,479.6,61.16,49.43,1.346400e-12
2024-05-12T03:59:00Z,479.9,63.06,49.7,1.350032e-12
2024-05-12T03:59:30Z,480.2,64.96,50.04,1.356154e-12
2024-05-12T04:00:00Z,480.6,66.86,50.44,1.364782e-12
2024-05-12T04:00:30Z,480.9,68.75,50.93,1.374770e-12
2024-05-12T04:01:00Z,481.1,70.64,51.54,1.385265e-12
2024-05-12T04:01:30Z,481.4,72.53,52.3,1.395718e-12
2024-05-12T04:02:00Z,481.6,74.41,53.26,1.406322e-12
2024-05-12T04:02:30Z,481.8,76.29,54.52,1.417832e-12
2024-05-12T04:03:00Z,482.0,78.15,56.2,1.431221e-12
2024-05-12T04:03:30Z,482.2,80.0,58.54,1.447652e-12
2024-05-12T04:04:00Z,482.3,81.83,61.98,1.468128e-12
2024-05-12T04:04:30Z,482.4,83.6,67.41,1.493514e-12
2024-05-12T04:05:00Z,482.5,85.27,76.89,1.524455e-12
2024-05-12T04:05:30Z,482.5,86.67,95.46,1.561229e-12
2024-05-12T04:06:00Z,482.5,87.35,130.28,1.603800e-12
2024-05-12T04:06:30Z,482.5,86.81,166.78,1.649842e-12
2024-05-12T04:07:00Z,482.4,85.45,-173.01,1.697874e-12
2024-05-12T04:07:30Z,482.4,83.8,-162.81,1.747360e-12
2024-05-12T04:08:00Z,482.2,82.04,-157.04,1.796857e-12
2024-05-12T04:08:30Z,482.1,80.22,-153.43,1.844286e-12
2024-05-12T04:09:00Z,481.9,78.37,-150.98,1.888837e-12
2024-05-12T04:09:30Z,481.7,76.51,-149.24,1.929327e-12
2024-05-12T04:10:00Z,481.5,74.64,-147.94,1.965675e-12
2024-05-12T04:10:30Z,481.3,72.75,-146.95,1.997962e-12
2024-05-12T04:11:00Z,481.0,70.87,-146.17,2.026822e-12
2024-05-12T04:11:30Z,480.7,68.97,-145.54,2.053649e-12
2024-05-12T04:12:00Z,480.4,67.08,-145.04,2.079490e-12
2024-05-12T04:12:30Z,480.0,65.18,-144.63,2.103653e-12
2024-05-12T04:13:00Z,479.7,63.28,-144.28,2.127803e-12
2024-05-12T04:13:30Z,479.3,61.38,-144.0,2.153007e-12
2024-05-12T04:14:00Z,478.9,59.48,-143.76,2.178819e-12
2024-05-12T04:14:30Z,478.6,57.57,-143.56,2.204287e-12
2024-05-12T04:15:00Z,478.2,55.67,-143.4,2.228244e-12
2024-05-12T04:15:30Z,477.8,53.76,-143.26,2.248932e-12
2024-05-12T04:16:00Z,477.3,51.85,-143.14,2.264718e-12
2024-05-12T04:16:30Z,476.9,49.94,-143.05,2.274456e-12
2024-05-12T04:17:00Z,476.5,48.03,-142.97,2.279284e-12
2024-05-12T04:17:30Z,476.1,46.12,-142.9,2.276652e-12
2024-05-12T04:18:00Z,475.7,44.21,-142.85,2.267122e-12
2024-05-12T04:18:30Z,475.3,42.29,-142.81,2.250736e-12
2024-05-12T04:19:00Z,474.9,40.38,-142.78,2.227593e-12
2024-05-12T04:19:30Z,474.6,38.46,-142.75,2.197957e-12
2024-05-12T04:20:00Z,474.2,36.54,-142.74,2.162137e-12
2024-05-12T04:20:30Z,473.9,34.63,-142.73,2.120317e-12
2024-05-12T04:21:00Z,473.6,32.71,-142.73,2.073090e-12
2024-05-12T04:21:30Z,473.3,30.79,-142.73,2.021299e-12
2024-05-12T04:22:00Z,473.0,28.87,-142.74,1.964003e-12
2024-05-12T04:22:30Z,472.8,26.95,-142.75,1.903645e-12
2024-05-12T04:23:00Z,472.6,25.03,-142.77,1.840996e-12
2024-05-12T04:23:30Z,472.4,23.11,-142.78,1.777030e-12
2024-05-12T04:24:00Z,472.2,21.18,-142.81,1.712605e-12
2024-05-12T04:24:30Z,472.1,19.26,-142.83,1.648550e-12
2024-05-12T04:25:00Z,472.1,17.34,-142.86,1.585812e-12
2024-05-12T04:25:30Z,472.0,15.42,-142.89,1.526427e-12
2024-05-12T04:26:00Z,472.0,13.49,-142.92,1.470789e-12
2024-05-12T04:26:30Z,472.0,11.57,-142.95,1.419460e-12
2024-05-12T04:27:00Z,472.1,9.64,-142.98,1.373032e-12
2024-05-12T04:27:30Z,472.2,7.72,-143.02,1.331797e-12
2024-05-12T04:28:00Z,472.4,5.8,-143.05,1.296163e-12
2024-05-12T04:28:30Z,472.6,3.87,-143.09,1.266317e-12
2024-05-12T04:29:00Z,472.8,1.95,-143.13,1.242346e-12
2024-05-12T04:29:30Z,473.1,0.02,-143.16,1.224307e-12
2024-05-12T04:30:00Z,473.4,-1.9,-143.2,1.212063e-12
2024-05-12T04:30:30Z,473.8,-3.82,-143.24,1.205570e-12
2024-05-12T04:31:00Z,474.2,-5.75,-143.27,1.204425e-12
2024-05-12T04:31:30Z,474.6,-7.67,-143.31,1.208628e-12
2024-05-12T04:32:00Z,475.1,-9.59,-143.34,1.217569e-12
2024-05-12T04:32:30Z,475.6,-11.52,-143.38,1.231007e-12
2024-05-12T04:33:00Z,476.2,-13.44,-143.41,1.248133e-12
2024-05-12T04:33:30Z,476.8,-15.36,-143.44,1.268290e-12
2024-05-12T04:34:00Z,477.4,-17.28,-143.47,1.290959e-12
2024-05-12T04:34:30Z,478.0,-19.2,-143.5,1.315432e-12
2024-05-12T04:35:00Z,478.7,-21.12,-143.52,1.340637e-12
2024-05-12T04:35:30Z,479.4,-23.04,-143.54,1.365823e-12
2024-05-12T04:36:00Z,480.2,-24.95,-143.56,1.390122e-12
2024-05-12T04:36:30Z,480.9,-26.87,-143.58,1.414487e-12
2024-05-12T04:37:00Z,481.7,-28.79,-143.59,1.438366e-12
2024-05-12T04:37:30Z,482.5,-30.7,-143.6,1.462036e-12
2024-05-12T04:38:00Z,483.3,-32.61,-143.6,1.485421e-12
2024-05-12T04:38:30Z,484.1,-34.53,-143.6,1.508856e-12
2024-05-12T04:39:00Z,484.9,-36.44,-143.59,1.532053e-12
2024-05-12T04:39:30Z,485.7,-38.35,-143.58,1.554274e-12
2024-05-12T04:40:00Z,486.6,-40.26,-143.56,1.573930e-12
2024-05-12T04:40:30Z,487.4,-42.17,-143.53,1.588653e-12
2024-05-12T04:41:00Z,488.2,-44.07,-143.49,1.595621e-12
2024-05-12T04:41:30Z,489.1,-45.98,-143.44,1.592717e-12
2024-05-12T04:42:00Z,489.9,-47.89,-143.37,1.580813e-12
2024-05-12T04:42:30Z,490.7,-49.79,-143.29,1.563412e-12
2024-05-12T04:43:00Z,491.5,-51.69,-143.2,1.544622e-12
2024-05-12T04:43:30Z,492.2,-53.59,-143.09,1.528044e-12
2024-05-12T04:44:00Z,493.0,-55.49,-142.95,1.515494e-12
2024-05-12T04:44:30Z,493.7,-57.39,-142.79,1.507195e-12
2024-05-12T04:45:00Z,494.4,-59.29,-142.6,1.501978e-12
2024-05-12T04:45:30Z,495.1,-61.18,-142.37,1.499305e-12
2024-05-12T04:46:00Z,495.8,-63.07,-142.09,1.497158e-12
2024-05-12T04:46:30Z,496.4,-64.96,-141.76,1.493580e-12
2024-05-12T04:47:00Z,496.9,-66.85,-141.36,1.489284e-12
2024-05-12T04:47:30Z,497.5,-68.74,-140.87,1.483800e-12
2024-05-12T04:48:00Z,498.0,-70.62,-140.27,1.476718e-12
2024-05-12T04:48:30Z,498.5,-72.5,-139.51,1.468149e-12
2024-05-12T04:49:00Z,498.9,-74.37,-138.56,1.457774e-12
2024-05-12T04:49:30Z,499.3,-76.24,-137.32,1.445332e-12
2024-05-12T04:50:00Z,499.6,-78.1,-135.66,1.432186e-12
2024-05-12T04:50:30Z,499.9,-79.94,-133.36,1.418196e-12
2024-05-12T04:51:00Z,500.1,-81.75,-130.0,1.404027e-12
2024-05-12T04:51:30Z,500.3,-83.52,-124.72,1.389466e-12
2024-05-12T04:52:00Z,500.4,-85.19,-115.57,1.374672e-12
2024-05-12T04:52:30Z,500.5,-86.61,-97.81,1.359609e-12
2024-05-12T04:53:00Z,500.6,-87.35,-64.08,1.344775e-12
2024-05-12T04:53:30Z,500.6,-86.88,-26.97,1.329762e-12
2024-05-12T04:54:00Z,500.5,-85.57,-5.85,1.312622e-12
2024-05-12T04:54:30Z,500.4,-83.94,4.8,1.293606e-12
2024-05-12T04:55:00Z,500.2,-82.19,10.78,1.272893e-12
2024-05-12T04:55:30Z,500.0,-80.38,14.51,1.250363e-12
2024-05-12T04:56:00Z,499.8,-78.55,17.02,1.226516e-12
2024-05-12T04:56:30Z,499.5,-76.7,18.81,1.201425e-12
2024-05-12T04:57:00Z,499.1,-74.83,20.14,1.175515e-12
2024-05-12T04:57:30Z,498.7,-72.96,21.15,1.148931e-12
2024-05-12T04:58:00Z,498.3,-71.08,21.95,1.122325e-12
2024-05-12T04:58:30Z,497.8,-69.2,22.58,1.095955e-12
2024-05-12T04:59:00Z,497.3,-67.32,23.1,1.070311e-12
2024-05-12T04:59:30Z,496.8,-65.43,23.52,1.045872e-12
2024-05-12T05:00:00Z,496.2,-63.54,23.86,1.022900e-12
2024-05-12T05:00:30Z,495.6,-61.65,24.15,1.001763e-12
2024-05-12T05:01:00Z,494.9,-59.75,24.39,9.818751e-13
2024-05-12T05:01:30Z,494.2,-57.86,24.6,9.646022e-13
2024-05-12T05:02:00Z,493.5,-55.96,24.77,9.502595e-13
2024-05-12T05:02:30Z,492.8,-54.06,24.91,9.392123e-13
2024-05-12T05:03:00Z,492.0,-52.16,25.03,9.318543e-13
2024-05-12T05:03:30Z,491.3,-50.26,25.12,9.284892e-13
2024-05-12T05:04:00Z,490.5,-48.35,25.21,9.281183e-13
2024-05-12T05:04:30Z,489.7,-46.45,25.27,9.316732e-13
2024-05-12T05:05:00Z,488.9,-44.54,25.33,9.389494e-13
2024-05-12T05:05:30Z,488.0,-42.64,25.37,9.499992e-13
2024-05-12T05:06:00Z,487.2,-40.73,25.4,9.644800e-13
2024-05-12T05:06:30Z,486.4,-38.82,25.43,9.821836e-13
2024-05-12T05:07:00Z,485.6,-36.91,25.44,1.002809e-12
2024-05-12T05:07:30Z,484.8,-35.0,25.45,1.026023e-12
2024-05-12T05:08:00Z,484.0,-33.09,25.45,1.051437e-12
2024-05-12T05:08:30Z,483.2,-31.17,25.45,1.078619e-12
2024-05-12T05:09:00Z,482.4,-29.26,25.44,1.107657e-12
2024-05-12T05:09:30Z,481.6,-27.34,25.43,1.138315e-12
2024-05-12T05:10:00Z,480.9,-25.43,25.42,1.170244e-12
2024-05-12T05:10:30Z,480.1,-23.51,25.4,1.203024e-12
2024-05-12T05:11:00Z,479.4,-21.59,25.38,1.236235e-12
2024-05-12T05:11:30Z,478.7,-19.68,25.35,1.269609e-12
2024-05-12T05:12:00Z,478.1,-17.76,25.33,1.302801e-12
2024-05-12T05:12:30Z,477.5,-15.84,25.3,1.335330e-12
2024-05-12T05:13:00Z,476.9,-13.92,25.27,1.366949e-12
2024-05-12T05:13:30Z,476.3,-11.99,25.23,1.397354e-12
2024-05-12T05:14:00Z,475.8,-10.07,25.2,1.426090e-12
2024-05-12T05:14:30Z,475.3,-8.15,25.17,1.452997e-12
2024-05-12T05:15:00Z,474.9,-6.23,25.13,1.477568e-12
2024-05-12T05:15:30Z,474.4,-4.3,25.1,1.500706e-12
2024-05-12T05:16:00Z,474.1,-2.38,25.06,1.521293e-12
2024-05-12T05:16:30Z,473.7,-0.46,25.02,1.538913e-12
2024-05-12T05:17:00Z,473.5,1.47,24.99,1.553061e-12
2024-05-12T05:17:30Z,473.2,3.39,24.95,1.563967e-12
2024-05-12T05:18:00Z,473.0,5.31,24.91,1.571517e-12
2024-05-12T05:18:30Z,472.8,7.24,24.88,1.575431e-12
2024-05-12T05:19:00Z,472.7,9.16,24.84,1.575890e-12
2024-05-12T05:19:30Z,472.6,11.09,24.81,1.572845e-12
2024-05-12T05:20:00Z,472.5,13.01,24.78,1.566601e-12
2024-05-12T05:20:30Z,472.5,14.93,24.75,1.556811e-12
2024-05-12T05:21:00Z,472.6,16.86,24.72,1.544112e-12
2024-05-12T05:21:30Z,472.6,18.78,24.69,1.528504e-12
2024-05-12T05:22:00Z,472.7,20.7,24.66,1.510568e-12
2024-05-12T05:22:30Z,472.9,22.62,24.64,1.490290e-12
2024-05-12T05:23:00Z,473.0,24.54,24.62,1.467687e-12
2024-05-12T05:23:30Z,473.2,26.47,24.6,1.444196e-12
2024-05-12T05:24:00Z,473.4,28.39,24.59,1.420272e-12
2024-05-12T05:24:30Z,473.7,30.31,24.58,1.396413e-12
2024-05-12T05:25:00Z,474.0,32.22,24.58,1.373165e-12
2024-05-12T05:25:30Z,474.3,34.14,24.58,1.350729e-12
2024-05-12T05:26:00Z,474.6,36.06,24.59,1.330243e-12
2024-05-12T05:26:30Z,474.9,37.98,24.6,1.310985e-12
2024-05-12T05:27:00Z,475.3,39.89,24.62,1.294295e-12
2024-05-12T05:27:30Z,475.6,41.81,24.65,1.280388e-12
2024-05-12T05:28:00Z,476.0,43.72,24.69,1.269524e-12
2024-05-12T05:28:30Z,476.4,45.63,24.74,1.261644e-12
2024-05-12T05:29:00Z,476.8,47.55,24.8,1.256892e-12
2024-05-12T05:29:30Z,477.2,49.46,24.87,1.254748e-12
2024-05-12T05:30:00Z,477.6,51.37,24.97,1.255027e-12
2024-05-12T05:30:30Z,478.0,53.28,25.08,1.257453e-12
2024-05-12T05:31:00Z,478.3,55.18,25.21,1.261547e-12
2024-05-12T05:31:30Z,478.7,57.09,25.37,1.267609e-12
2024-05-12T05:32:00Z,479.1,59.0,25.56,1.276368e-12
2024-05-12T05:32:30Z,479.5,60.9,25.78,1.287890e-12
2024-05-12T05:33:00Z,479.8,62.8,26.05,1.302283e-12
2024-05-12T05:33:30Z,480.2,64.7,26.38,1.318947e-12
2024-05-12T05:34:00Z,480.5,66.6,26.77,1.336477e-12
2024-05-12T05:34:30Z,480.8,68.49,27.25,1.353391e-12
2024-05-12T05:35:00Z,481.1,70.39,27.84,1.368696e-12
2024-05-12T05:35:30Z,481.3,72.27,28.58,1.381730e-12
2024-05-12T05:36:00Z,481.6,74.16,29.51,1.393073e-12
2024-05-12T05:36:30Z,481.8,76.04,30.72,1.403554e-12
2024-05-12T05:37:00Z,481.9,77.9,32.33,1.414199e-12
2024-05-12T05:37:30Z,482.1,79.75,34.56,1.425945e-12
2024-05-12T05:38:00Z,482.2,81.58,37.81,1.439916e-12
2024-05-12T05:38:30Z,482.3,83.36,42.89,1.456785e-12
2024-05-12T05:39:00Z,482.4,85.05,51.61,1.476603e-12
2024-05-12T05:39:30Z,482.4,86.51,68.48,1.499633e-12
2024-05-12T05:40:00Z,482.5,87.33,101.15,1.525511e-12
2024-05-12T05:40:30Z,482.4,86.95,139.2,1.552292e-12
2024-05-12T05:41:00Z,482.4,85.66,161.43,1.577926e-12
2024-05-12T05:41:30Z,482.3,84.04,172.56,1.601966e-12
2024-05-12T05:42:00Z,482.2,82.28,178.74,1.623622e-12
2024-05-12T05:42:30Z,482.1,80.47,-177.43,1.642365e-12
2024-05-12T05:43:00Z,481.9,78.63,-174.86,1.657569e-12
2024-05-12T05:43:30Z,481.7,76.76,-173.04,1.669552e-12
2024-05-12T05:44:00Z,481.5,74.89,-171.69,1.679239e-12
2024-05-12T05:44:30Z,481.2,73.01,-170.67,1.687341e-12
2024-05-12T05:45:00Z,481.0,71.12,-169.86,1.696506e-12
2024-05-12T05:45:30Z,480.7,69.23,-169.22,1.708152e-12
2024-05-12T05:46:00Z,480.4,67.34,-168.7,1.720446e-12
2024-05-12T05:46:30Z,480.0,65.44,-168.28,1.733828e-12
2024-05-12T05:47:00Z,479.7,63.54,-167.93,1.747046e-12
2024-05-12T05:47:30Z,479.3,61.64,-167.64,1.760127e-12
2024-05-12T05:48:00Z,478.9,59.74,-167.39,1.771946e-12
2024-05-12T05:48:30Z,478.5,57.83,-167.19,1.781636e-12
2024-05-12T05:49:00Z,478.1,55.93,-167.02,1.786718e-12
2024-05-12T05:49:30Z,477.7,54.02,-166.88,1.786417e-12
2024-05-12T05:50:00Z,477.3,52.11,-166.76,1.782951e-12
2024-05-12T05:50:30Z,476.9,50.2,-166.66,1.777317e-12
2024-05-12T05:51:00Z,476.5,48.29,-166.58,1.770247e-12
2024-05-12T05:51:30Z,476.1,46.38,-166.51,1.765432e-12
2024-05-12T05:52:00Z,475.7,44.46,-166.46,1.760388e-12
2024-05-12T05:52:30Z,475.3,42.55,-166.42,1.755505e-12
2024-05-12T05:53:00Z,474.9,40.63,-166.38,1.751215e-12
2024-05-12T05:53:30Z,474.6,38.72,-166.36,1.746511e-12
2024-05-12T05:54:00Z,474.2,36.8,-166.34,1.739910e-12
2024-05-12T05:54:30Z,473.9,34.89,-166.33,1.734585e-12
2024-05-12T05:55:00Z,473.6,32.97,-166.33,1.730438e-12
2024-05-12T05:55:30Z,473.3,31.05,-166.33,1.727607e-12
2024-05-12T05:56:00Z,473.0,29.13,-166.34,1.725630e-12
2024-05-12T05:56:30Z,472.8,27.21,-166.35,1.724458e-12
2024-05-12T05:57:00Z,472.5,25.29,-166.37,1.724057e-12
2024-05-12T05:57:30Z,472.4,23.37,-166.39,1.724571e-12
2024-05-12T05:58:00Z,472.2,21.44,-166.41,1.725654e-12
2024-05-12T05:58:30Z,472.1,19.52,-166.43,1.727346e-12
2024-05-12T05:59:00Z,472.0,17.6,-166.46,1.729510e-12
2024-05-12T05:59:30Z,472.0,15.67,-166.49,1.731903e-12
2024-05-12T06:00:00Z,472.0,13.75,-166.52,1.744750e-12
2024-05-12T06:00:30Z,472.0,11.83,-166.55,1.748047e-12
2024-05-12T06:01:00Z,472.1,9.9,-166.58,1.751655e-12
2024-05-12T06:01:30Z,472.2,7.98,-166.62,1.755358e-12
2024-05-12T06:02:00Z,472.3,6.05,-166.65,1.758839e-12
2024-05-12T06:02:30Z,472.5,4.13,-166.69,1.762080e-12
2024-05-12T06:03:00Z,472.7,2.21,-166.73,1.764742e-12
2024-05-12T06:03:30Z,473.0,0.28,-166.76,1.765956e-12
2024-05-12T06:04:00Z,473.3,-1.64,-166.8,1.766443e-12
2024-05-12T06:04:30Z,473.7,-3.57,-166.84,1.765842e-12
2024-05-12T06:05:00Z,474.1,-5.49,-166.87,1.764080e-12
2024-05-12T06:05:30Z,474.5,-7.41,-166.91,1.760615e-12
2024-05-12T06:06:00Z,475.0,-9.34,-166.94,1.755211e-12
2024-05-12T06:06:30Z,475.5,-11.26,-166.98,1.747396e-12
2024-05-12T06:07:00Z,476.1,-13.18,-167.01,1.737449e-12
2024-05-12T06:07:30Z,476.7,-15.1,-167.04,1.724858e-12
2024-05-12T06:08:00Z,477.3,-17.02,-167.07,1.709274e-12
2024-05-12T06:08:30Z,477.9,-18.94,-167.1,1.690658e-12
2024-05-12T06:09:00Z,478.6,-20.86,-167.12,1.669634e-12
2024-05-12T06:09:30Z,479.3,-22.78,-167.14,1.646058e-12
2024-05-12T06:10:00Z,480.0,-24.7,-167.16,1.620024e-12
2024-05-12T06:10:30Z,480.8,-26.61,-167.18,1.591804e-12
2024-05-12T06:11:00Z,481.5,-28.53,-167.19,1.561611e-12
2024-05-12T06:11:30Z,482.3,-30.44,-167.2,1.529632e-12
2024-05-12T06:12:00Z,483.1,-32.36,-167.21,1.496103e-12
2024-05-12T06:12:30Z,483.9,-34.27,-167.21,1.461448e-12
2024-05-12T06:13:00Z,484.8,-36.18,-167.2,1.425999e-12
2024-05-12T06:13:30Z,485.6,-38.09,-167.19,1.390065e-12
2024-05-12T06:14:00Z,486.4,-40.0,-167.17,1.353859e-12
2024-05-12T06:14:30Z,487.3,-41.91,-167.14,1.317574e-12
2024-05-12T06:15:00Z,488.1,-43.82,-167.1,1.281594e-12
2024-05-12T06:15:30Z,488.9,-45.73,-167.05,1.246013e-12
2024-05-12T06:16:00Z,489.7,-47.63,-166.99,1.210336e-12
2024-05-12T06:16:30Z,490.5,-49.53,-166.91,1.174385e-12
2024-05-12T06:17:00Z,491.3,-51.44,-166.82,1.137693e-12
2024-05-12T06:17:30Z,492.1,-53.34,-166.71,1.100688e-12
2024-05-12T06:18:00Z,492.9,-55.24,-166.58,1.064285e-12
2024-05-12T06:18:30Z,493.6,-57.13,-166.42,1.029227e-12
2024-05-12T06:19:00Z,494.3,-59.03,-166.23,9.959805e-13
2024-05-12T06:19:30Z,495.0,-60.93,-166.0,9.652617e-13
2024-05-12T06:20:00Z,495.7,-62.82,-165.74,9.364967e-13
2024-05-12T06:20:30Z,496.3,-64.71,-165.41,9.096577e-13
2024-05-12T06:21:00Z,496.9,-66.6,-165.02,8.841398e-13
2024-05-12T06:21:30Z,497.4,-68.49,-164.55,8.596260e-13
2024-05-12T06:22:00Z,497.9,-70.37,-163.96,8.358931e-13
2024-05-12T06:22:30Z,498.4,-72.25,-163.23,8.130231e-13
2024-05-12T06:23:00Z,498.8,-74.12,-162.31,7.912129e-13
2024-05-12T06:23:30Z,499.2,-75.99,-161.11,7.701760e-13
2024-05-12T06:24:00Z,499.5,-77.85,-159.52,7.505621e-13
2024-05-12T06:24:30Z,499.8,-79.69,-157.33,7.327803e-13
2024-05-12T06:25:00Z,500.1,-81.51,-154.14,7.170260e-13
2024-05-12T06:25:30Z,500.3,-83.29,-149.2,7.035929e-13
2024-05-12T06:26:00Z,500.4,-84.97,-140.77,6.923737e-13
2024-05-12T06:26:30Z,500.5,-86.44,-124.6,6.837946e-13
2024-05-12T06:27:00Z,500.6,-87.31,-93.09,6.780312e-13
2024-05-12T06:27:30Z,500.6,-87.01,-54.67,6.749555e-13
2024-05-12T06:28:00Z,500.5,-85.77,-31.48,6.738841e-13
2024-05-12T06:28:30Z,500.4,-84.17,-19.87,6.745060e-13
2024-05-12T06:29:00Z,500.3,-82.43,-13.45,6.768926e-13
2024-05-12T06:29:30Z,500.1,-80.63,-9.5,6.811436e-13
2024-05-12T06:30:00Z,499.8,-78.8,-6.87,6.871558e-13
2024-05-12T06:30:30Z,499.5,-76.95,-5.0,6.935166e-13
2024-05-12T06:31:00Z,499.2,-75.08,-3.62,7.014844e-13
2024-05-12T06:31:30Z,498.8,-73.21,-2.57,7.107741e-13
2024-05-12T06:32:00Z,498.4,-71.33,-1.75,7.211547e-13
2024-05-12T06:32:30Z,497.9,-69.45,-1.1,7.321723e-13
2024-05-12T06:33:00Z,497.4,-67.57,-0.57,7.439581e-13
2024-05-12T06:33:30Z,496.9,-65.68,-0.14,7.566486e-13
2024-05-12T06:34:00Z,496.3,-63.79,0.22,7.698728e-13
2024-05-12T06:34:30Z,495.7,-61.9,0.52,7.848418e-13
2024-05-12T06:35:00Z,495.0,-60.01,0.76,8.004721e-13
2024-05-12T06:35:30Z,494.3,-58.11,0.97,8.166488e-13
2024-05-12T06:36:00Z,493.6,-56.21,1.14,8.326413e-13
2024-05-12T06:36:30Z,492.9,-54.31,1.29,8.492031e-13
2024-05-12T06:37:00Z,492.2,-52.41,1.41,8.660842e-13
2024-05-12T06:37:30Z,491.4,-50.51,1.51,8.832349e-13
2024-05-12T06:38:00Z,490.6,-48.61,1.59,9.005441e-13
2024-05-12T06:38:30Z,489.8,-46.71,1.66,9.169270e-13
2024-05-12T06:39:00Z,489.0,-44.8,1.72,9.329218e-13
2024-05-12T06:39:30Z,488.2,-42.89,1.76,9.483374e-13
2024-05-12T06:40:00Z,487.4,-40.99,1.79,9.636496e-13
2024-05-12T06:40:30Z,486.5,-39.08,1.82,9.789977e-13
2024-05-12T06:41:00Z,485.7,-37.17,1.84,9.941126e-13
2024-05-12T06:41:30Z,484.9,-35.26,1.85,1.009221e-12
2024-05-12T06:42:00Z,484.1,-33.34,1.85,1.024124e-12
2024-05-12T06:42:30Z,483.3,-31.43,1.85,1.038976e-12
2024-05-12T06:43:00Z,482.5,-29.52,1.84,1.053645e-12
2024-05-12T06:43:30Z,481.8,-27.6,1.83,1.068110e-12
2024-05-12T06:44:00Z,481.0,-25.69,1.82,1.082515e-12
2024-05-12T06:44:30Z,480.3,-23.77,1.8,1.096852e-12
2024-05-12T06:45:00Z,479.6,-21.85,1.78,1.111135e-12
2024-05-12T06:45:30Z,478.9,-19.93,1.75,1.125390e-12
2024-05-12T06:46:00Z,478.2,-18.01,1.73,1.139634e-12
2024-05-12T06:46:30Z,477.6,-16.09,1.7,1.153924e-12
2024-05-12T06:47:00Z,477.0,-14.17,1.67,1.168275e-12
2024-05-12T06:47:30Z,476.4,-12.25,1.64,1.182658e-12
2024-05-12T06:48:00Z,475.9,-10.33,1.6,1.197242e-12
2024-05-12T06:48:30Z,475.4,-8.41,1.57,1.212109e-12
2024-05-12T06:49:00Z,475.0,-6.49,1.53,1.227432e-12
2024-05-12T06:49:30Z,474.5,-4.56,1.5,1.243419e-12
2024-05-12T06:50:00Z,474.2,-2.64,1.46,1.260264e-12
2024-05-12T06:50:30Z,473.8,-0.72,1.42,1.278061e-12
2024-05-12T06:51:00Z,473.5,1.21,1.39,1.296720e-12
2024-05-12T06:51:30Z,473.3,3.13,1.35,1.316308e-12
2024-05-12T06:52:00Z,473.1,5.05,1.31,1.336763e-12
2024-05-12T06:52:30Z,472.9,6.98,1.28,1.357820e-12
2024-05-12T06:53:00Z,472.7,8.9,1.24,1.379310e-12
2024-05-12T06:53:30Z,472.6,10.83,1.21,1.400804e-12
2024-05-12T06:54:00Z,472.6,12.75,1.18,1.421917e-12
2024-05-12T06:54:30Z,472.6,14.67,1.15,1.442396e-12
2024-05-12T06:55:00Z,472.6,16.6,1.12,1.461472e-12
2024-05-12T06:55:30Z,472.6,18.52,1.09,1.478380e-12
2024-05-12T06:56:00Z,472.7,20.44,1.06,1.493021e-12
2024-05-12T06:56:30Z,472.9,22.36,1.04,1.504929e-12
2024-05-12T06:57:00Z,473.0,24.29,1.02,1.513751e-12
2024-05-12T06:57:30Z,473.2,26.21,1.0,1.519074e-12
2024-05-12T06:58:00Z,473.4,28.13,0.99,1.520789e-12
2024-05-12T06:58:30Z,473.7,30.05,0.98,1.518828e-12
2024-05-12T06:59:00Z,473.9,31.97,0.97,1.512964e-12
2024-05-12T06:59:30Z,474.2,33.88,0.97,1.503464e-12
2024-05-12T07:00:00Z,474.5,35.8,0.98,1.490684e-12
2024-05-12T07:00:30Z,474.9,37.72,0.99,1.474529e-12
2024-05-12T07:01:00Z,475.2,39.63,1.01,1.455285e-12
2024-05-12T07:01:30Z,475.6,41.55,1.04,1.434182e-12
2024-05-12T07:02:00Z,476.0,43.46,1.08,1.411742e-12
2024-05-12T07:02:30Z,476.3,45.38,1.12,1.388706e-12
2024-05-12T07:03:00Z,476.7,47.29,1.18,1.365680e-12
2024-05-12T07:03:30Z,477.1,49.2,1.26,1.343219e-12
2024-05-12T07:04:00Z,477.5,51.11,1.35,1.321671e-12
2024-05-12T07:04:30Z,477.9,53.02,1.46,1.301597e-12
2024-05-12T07:05:00Z,478.3,54.93,1.59,1.283212e-12
2024-05-12T07:05:30Z,478.7,56.83,1.74,1.266818e-12
2024-05-12T07:06:00Z,479.0,58.74,1.93,1.252691e-12
2024-05-12T07:06:30Z,479.4,60.64,2.15,1.240917e-12
2024-05-12T07:07:00Z,479.8,62.54,2.41,1.232143e-12
2024-05-12T07:07:30Z,480.1,64.44,2.73,1.226666e-12
2024-05-12T07:08:00Z,480.4,66.34,3.11,1.224814e-12
2024-05-12T07:08:30Z,480.7,68.24,3.58,1.226444e-12
2024-05-12T07:09:00Z,481.0,70.13,4.15,1.231120e-12
2024-05-12T07:09:30Z,481.3,72.02,4.86,1.238734e-12
2024-05-12T07:10:00Z,481.5,73.9,5.76,1.249197e-12
2024-05-12T07:10:30Z,481.7,75.78,6.93,1.262340e-12
2024-05-12T07:11:00Z,481.9,77.65,8.48,1.278074e-12
2024-05-12T07:11:30Z,482.0,79.51,10.61,1.296371e-12
2024-05-12T07:12:00Z,482.2,81.34,13.68,1.317243e-12
2024-05-12T07:12:30Z,482.3,83.13,18.44,1.340795e-12
2024-05-12T07:13:00Z,482.3,84.83,26.49,1.366912e-12
2024-05-12T07:13:30Z,482.4,86.34,41.84,1.395436e-12
2024-05-12T07:14:00Z,482.4,87.29,72.18,1.426412e-12
2024-05-12T07:14:30Z,482.4,87.07,111.27,1.458597e-12
2024-05-12T07:15:00Z,482.3,85.86,135.68,1.490428e-12
2024-05-12T07:15:30Z,482.3,84.27,147.84,1.522030e-12
2024-05-12T07:16:00Z,482.1,82.52,154.48,1.553100e-12
2024-05-12T07:16:30Z,482.0,80.72,158.54,1.582980e-12
2024-05-12T07:17:00Z,481.8,78.87,161.24,1.611330e-12
2024-05-12T07:17:30Z,481.6,77.01,163.14,1.637949e-12
2024-05-12T07:18:00Z,481.4,75.14,164.54,1.662811e-12
2024-05-12T07:18:30Z,481.2,73.26,165.61,1.686359e-12
2024-05-12T07:19:00Z,480.9,71.38,166.44,1.708982e-12
2024-05-12T07:19:30Z,480.6,69.49,167.1,1.730955e-12
2024-05-12T07:20:00Z,480.3,67.59,167.63,1.752017e-12
2024-05-12T07:20:30Z,480.0,65.69,168.07,1.770907e-12
2024-05-12T07:21:00Z,479.6,63.8,168.43,1.785694e-12
2024-05-12T07:21:30Z,479.3,61.89,168.72,1.795961e-12
2024-05-12T07:22:00Z,478.9,59.99,168.97,1.801614e-12
2024-05-12T07:22:30Z,478.5,58.09,169.18,1.802821e-12
2024-05-12T07:23:00Z,478.1,56.18,169.35,1.800535e-12
2024-05-12T07:23:30Z,477.7,54.27,169.5,1.796169e-12
2024-05-12T07:24:00Z,477.3,52.37,169.62,1.790387e-12
2024-05-12T07:24:30Z,476.9,50.46,169.72,1.784332e-12
2024-05-12T07:25:00Z,476.5,48.54,169.81,1.778453e-12
2024-05-12T07:25:30Z,476.1,46.63,169.88,1.773053e-12
2024-05-12T07:26:00Z,475.6,44.72,169.93,1.768333e-12
2024-05-12T07:26:30Z,475.3,42.81,169.98,1.764583e-12
2024-05-12T07:27:00Z,474.9,40.89,170.01,1.761659e-12
2024-05-12T07:27:30Z,474.5,38.98,170.03,1.759853e-12
2024-05-12T07:28:00Z,474.1,37.06,170.05,1.759430e-12
2024-05-12T07:28:30Z,473.8,35.14,170.06,1.759451e-12
2024-05-12T07:29:00Z,473.5,33.22,170.07,1.759637e-12
2024-05-12T07:29:30Z,473.2,31.3,170.06,1.759692e-12
2024-05-12T07:30:00Z,472.9,29.39,170.06,1.759285e-12
2024-05-12T07:30:30Z,472.7,27.46,170.05,1.758055e-12
2024-05-12T07:31:00Z,472.5,25.54,170.03,1.755735e-12
2024-05-12T07:31:30Z,472.3,23.62,170.01,1.751955e-12
2024-05-12T07:32:00Z,472.1,21.7,169.99,1.746658e-12
2024-05-12T07:32:30Z,472.0,19.78,169.97,1.739520e-12
2024-05-12T07:33:00Z,471.9,17.86,169.94,1.730621e-12
2024-05-12T07:33:30Z,471.9,15.93,169.91,1.719702e-12
2024-05-12T07:34:00Z,471.9,14.01,169.88,1.707239e-12
2024-05-12T07:34:30Z,471.9,12.08,169.85,1.693023e-12
2024-05-12T07:35:00Z,471.9,10.16,169.82,1.677474e-12
2024-05-12T07:35:30Z,472.1,8.24,169.78,1.660874e-12
2024-05-12T07:36:00Z,472.2,6.31,169.75,1.643848e-12
2024-05-12T07:36:30Z,472.4,4.39,169.71,1.626604e-12
2024-05-12T07:37:00Z,472.6,2.46,169.68,1.609270e-12
2024-05-12T07:37:30Z,472.9,0.54,169.64,1.592601e-12
2024-05-12T07:38:00Z,473.2,-1.39,169.6,1.576589e-12
2024-05-12T07:38:30Z,473.6,-3.31,169.57,1.561707e-12
2024-05-12T07:39:00Z,474.0,-5.23,169.53,1.547899e-12
2024-05-12T07:39:30Z,474.4,-7.16,169.49,1.535528e-12
2024-05-12T07:40:00Z,474.9,-9.08,169.46,1.524237e-12
2024-05-12T07:40:30Z,475.4,-11.0,169.42,1.514347e-12
2024-05-12T07:41:00Z,475.9,-12.92,169.39,1.505534e-12
2024-05-12T07:41:30Z,476.5,-14.84,169.36,1.497313e-12
2024-05-12T07:42:00Z,477.1,-16.77,169.33,1.489526e-12
2024-05-12T07:42:30Z,477.8,-18.69,169.3,1.482163e-12
2024-05-12T07:43:00Z,478.4,-20.61,169.28,1.474773e-12
2024-05-12T07:43:30Z,479.1,-22.52,169.25,1.467152e-12
2024-05-12T07:44:00Z,479.9,-24.44,169.23,1.458965e-12
2024-05-12T07:44:30Z,480.6,-26.36,169.22,1.449961e-12
2024-05-12T07:45:00Z,481.4,-28.27,169.2,1.440095e-12
2024-05-12T07:45:30Z,482.2,-30.19,169.19,1.429099e-12
2024-05-12T07:46:00Z,483.0,-32.1,169.19,1.416653e-12
2024-05-12T07:46:30Z,483.8,-34.02,169.19,1.402263e-12
2024-05-12T07:47:00Z,484.6,-35.93,169.19,1.386597e-12
2024-05-12T07:47:30Z,485.5,-37.84,169.21,1.369336e-12
2024-05-12T07:48:00Z,486.3,-39.75,169.23,1.350505e-12
2024-05-12T07:48:30Z,487.1,-41.66,169.25,1.329756e-12
2024-05-12T07:49:00Z,488.0,-43.57,169.29,1.306681e-12
2024-05-12T07:49:30Z,488.8,-45.47,169.34,1.280488e-12
2024-05-12T07:50:00Z,489.6,-47.38,169.4,1.251143e-12
2024-05-12T07:50:30Z,490.4,-49.28,169.47,1.219098e-12
2024-05-12T07:51:00Z,491.2,-51.18,169.56,1.185411e-12
2024-05-12T07:51:30Z,492.0,-53.08,169.67,1.151309e-12
2024-05-12T07:52:00Z,492.8,-54.98,169.8,1.117851e-12
2024-05-12T07:52:30Z,493.5,-56.88,169.95,1.085253e-12
2024-05-12T07:53:00Z,494.2,-58.78,170.14,1.053229e-12
2024-05-12T07:53:30Z,494.9,-60.67,170.36,1.021781e-12
2024-05-12T07:54:00Z,495.6,-62.57,170.62,9.904605e-13
2024-05-12T07:54:30Z,496.2,-64.46,170.94,9.591469e-13
2024-05-12T07:55:00Z,496.8,-66.35,171.32,9.280477e-13
2024-05-12T07:55:30Z,497.3,-68.24,171.78,8.972521e-13
2024-05-12T07:56:00Z,497.9,-70.12,172.35,8.668875e-13
2024-05-12T07:56:30Z,498.3,-72.0,173.06,8.375557e-13
2024-05-12T07:57:00Z,498.8,-73.87,173.95,8.099554e-13
2024-05-12T07:57:30Z,499.2,-75.74,175.1,7.842557e-13
2024-05-12T07:58:00Z,499.5,-77.6,176.63,7.610021e-13
2024-05-12T07:58:30Z,499.8,-79.45,178.73,7.399946e-13
2024-05-12T07:59:00Z,500.1,-81.27,-178.25,7.214278e-13
2024-05-12T07:59:30Z,500.3,-83.05,-173.62,7.051155e-13
2024-05-12T08:00:00Z,500.4,-84.76,-165.81,6.910766e-13
2024-05-12T08:00:30Z,500.5,-86.27,-151.08,6.792931e-13
2024-05-12T08:01:00Z,500.6,-87.26,-121.87,6.699386e-13
2024-05-12T08:01:30Z,500.6,-87.12,-82.68,6.631264e-13
2024-05-12T08:02:00Z,500.6,-85.96,-57.3,6.578313e-13
2024-05-12T08:02:30Z,500.5,-84.39,-44.62,6.542897e-13
2024-05-12T08:03:00Z,500.3,-82.66,-37.73,6.527014e-13
2024-05-12T08:03:30Z,500.1,-80.87,-33.54,6.530364e-13
2024-05-12T08:04:00Z,499.9,-79.04,-30.76,6.551809e-13
2024-05-12T08:04:30Z,499.6,-77.19,-28.82,6.596938e-13
2024-05-12T08:05:00Z,499.3,-75.33,-27.38,6.665146e-13
2024-05-12T08:05:30Z,498.9,-73.46,-26.3,6.752787e-13
2024-05-12T08:06:00Z,498.5,-71.59,-25.45,6.855900e-13
2024-05-12T08:06:30Z,498.0,-69.7,-24.78,6.968907e-13
2024-05-12T08:07:00Z,497.5,-67.82,-24.23,7.092387e-13
2024-05-12T08:07:30Z,497.0,-65.93,-23.79,7.226007e-13
2024-05-12T08:08:00Z,496.4,-64.04,-23.43,7.366563e-13
2024-05-12T08:08:30Z,495.8,-62.15,-23.12,7.511407e-13
2024-05-12T08:09:00Z,495.2,-60.26,-22.87,7.658533e-13
2024-05-12T08:09:30Z,494.5,-58.36,-22.66,7.797750e-13
2024-05-12T08:10:00Z,493.8,-56.47,-22.48,7.931509e-13
2024-05-12T08:10:30Z,493.1,-54.57,-22.33,8.059643e-13
2024-05-12T08:11:00Z,492.3,-52.67,-22.21,8.182367e-13
2024-05-12T08:11:30Z,491.5,-50.77,-22.11,8.295825e-13
2024-05-12T08:12:00Z,490.8,-48.86,-22.02,8.400490e-13
2024-05-12T08:12:30Z,490.0,-46.96,-21.95,8.491103e-13
2024-05-12T08:13:00Z,489.2,-45.05,-21.89,8.570011e-13
2024-05-12T08:13:30Z,488.3,-43.15,-21.85,8.639517e-13
2024-05-12T08:14:00Z,487.5,-41.24,-21.81,8.701707e-13
2024-05-12T08:14:30Z,486.7,-39.33,-21.79,8.758509e-13
2024-05-12T08:15:00Z,485.9,-37.42,-21.77,8.811616e-13
2024-05-12T08:15:30Z,485.1,-35.51,-21.76,8.862639e-13
2024-05-12T08:16:00Z,484.3,-33.6,-21.75,8.915054e-13
2024-05-12T08:16:30Z,483.5,-31.69,-21.75,8.969800e-13
2024-05-12T08:17:00Z,482.7,-29.77,-21.76,9.028718e-13
2024-05-12T08:17:30Z,481.9,-27.86,-21.77,9.094692e-13
2024-05-12T08:18:00Z,481.1,-25.94,-21.78,9.168420e-13
2024-05-12T08:18:30Z,480.4,-24.03,-21.8,9.252603e-13
2024-05-12T08:19:00Z,479.7,-22.11,-21.82,9.347227e-13
2024-05-12T08:19:30Z,479.0,-20.19,-21.85,9.455577e-13
2024-05-12T08:20:00Z,478.4,-18.27,-21.87,9.577029e-13
2024-05-12T08:20:30Z,477.7,-16.35,-21.9,9.713158e-13
2024-05-12T08:21:00Z,477.1,-14.43,-21.93,9.867367e-13
2024-05-12T08:21:30Z,476.6,-12.51,-21.96,1.003723e-12
2024-05-12T08:22:00Z,476.0,-10.59,-22.0,1.022058e-12
2024-05-12T08:22:30Z,475.5,-8.67,-22.03,1.041634e-12
2024-05-12T08:23:00Z,475.1,-6.74,-22.07,1.062117e-12
2024-05-12T08:23:30Z,474.6,-4.82,-22.1,1.083413e-12
2024-05-12T08:24:00Z,474.3,-2.9,-22.14,1.105173e-12
2024-05-12T08:24:30Z,473.9,-0.97,-22.17,1.127063e-12
2024-05-12T08:25:00Z,473.6,0.95,-22.21,1.148535e-12
2024-05-12T08:25:30Z,473.3,2.87,-22.25,1.169400e-12
2024-05-12T08:26:00Z,473.1,4.8,-22.28,1.189227e-12
2024-05-12T08:26:30Z,472.9,6.72,-22.32,1.207587e-12
2024-05-12T08:27:00Z,472.8,8.65,-22.36,1.224298e-12
2024-05-12T08:27:30Z,472.7,10.57,-22.39,1.238783e-12
2024-05-12T08:28:00Z,472.6,12.49,-22.42,1.250921e-12
2024-05-12T08:28:30Z,472.6,14.42,-22.45,1.260671e-12
2024-05-12T08:29:00Z,472.6,16.34,-22.48,1.267574e-12
2024-05-12T08:29:30Z,472.7,18.26,-22.51,1.271733e-12
2024-05-12T08:30:00Z,472.8,20.18,-22.54,1.273055e-12
2024-05-12T08:30:30Z,472.9,22.11,-22.56,1.272157e-12
2024-05-12T08:31:00Z,473.0,24.03,-22.58,1.269722e-12
2024-05-12T08:31:30Z,473.2,25.95,-22.6,1.265865e-12
2024-05-12T08:32:00Z,473.4,27.87,-22.61,1.261057e-12
2024-05-12T08:32:30Z,473.7,29.79,-22.62,1.255824e-12
2024-05-12T08:33:00Z,473.9,31.71,-22.63,1.250497e-12
2024-05-12T08:33:30Z,474.2,33.63,-22.63,1.245501e-12
2024-05-12T08:34:00Z,474.5,35.54,-22.63,1.241042e-12
2024-05-12T08:34:30Z,474.8,37.46,-22.61,1.236777e-12
2024-05-12T08:35:00Z,475.2,39.38,-22.59,1.234199e-12
2024-05-12T08:35:30Z,475.5,41.29,-22.57,1.233491e-12
2024-05-12T08:36:00Z,475.9,43.21,-22.53,1.234779e-12
2024-05-12T08:36:30Z,476.3,45.12,-22.49,1.238316e-12
2024-05-12T08:37:00Z,476.7,47.03,-22.43,1.244035e-12
2024-05-12T08:37:30Z,477.1,48.94,-22.36,1.251701e-12
2024-05-12T08:38:00Z,477.4,50.85,-22.27,1.261192e-12
2024-05-12T08:38:30Z,477.8,52.76,-22.16,1.272325e-12
2024-05-12T08:39:00Z,478.2,54.67,-22.04,1.284569e-12
2024-05-12T08:39:30Z,478.6,56.58,-21.89,1.297786e-12
2024-05-12T08:40:00Z,479.0,58.48,-21.71,1.311941e-12
2024-05-12T08:40:30Z,479.3,60.39,-21.49,1.326558e-12
2024-05-12T08:41:00Z,479.7,62.29,-21.23,1.342168e-12
2024-05-12T08:41:30Z,480.0,64.19,-20.92,1.358204e-12
2024-05-12T08:42:00Z,480.3,66.09,-20.55,1.374241e-12
2024-05-12T08:42:30Z,480.6,67.99,-20.1,1.389832e-12
2024-05-12T08:43:00Z,480.9,69.88,-19.54,1.404534e-12
2024-05-12T08:43:30Z,481.2,71.77,-18.85,1.418295e-12
2024-05-12T08:44:00Z,481.4,73.65,-17.97,1.431695e-12
2024-05-12T08:44:30Z,481.6,75.53,-16.85,1.444757e-12
2024-05-12T08:45:00Z,481.8,77.4,-15.36,1.457836e-12
2024-05-12T08:45:30Z,482.0,79.26,-13.33,1.471465e-12
2024-05-12T08:46:00Z,482.1,81.09,-10.41,1.485846e-12
2024-05-12T08:46:30Z,482.2,82.89,-5.94,1.501091e-12
2024-05-12T08:47:00Z,482.3,84.61,1.52,1.517378e-12
2024-05-12T08:47:30Z,482.3,86.16,15.5,1.534830e-12
2024-05-12T08:48:00Z,482.3,87.22,43.48,1.553895e-12
2024-05-12T08:48:30Z,482.3,87.17,83.04,1.573502e-12
2024-05-12T08:49:00Z,482.3,86.06,109.72,1.591808e-12
2024-05-12T08:49:30Z,482.2,84.49,123.02,1.609349e-12
2024-05-12T08:50:00Z,482.1,82.76,130.18,1.626518e-12
2024-05-12T08:50:30Z,482.0,80.96,134.49,1.642997e-12
2024-05-12T08:51:00Z,481.8,79.12,137.33,1.659105e-12
2024-05-12T08:51:30Z,481.6,77.26,139.32,1.677374e-12
2024-05-12T08:52:00Z,481.4,75.39,140.77,1.698183e-12
2024-05-12T08:52:30Z,481.1,73.51,141.88,1.719937e-12
2024-05-12T08:53:00Z,480.9,71.63,142.73,1.742685e-12
2024-05-12T08:53:30Z,480.6,69.74,143.41,1.766806e-12
2024-05-12T08:54:00Z,480.3,67.84,143.96,1.790957e-12
2024-05-12T08:54:30Z,479.9,65.95,144.41,1.815165e-12
2024-05-12T08:55:00Z,479.6,64.05,144.78,1.838015e-12
2024-05-12T08:55:30Z,479.2,62.15,145.08,1.856977e-12
2024-05-12T08:56:00Z,478.8,60.25,145.34,1.869007e-12
2024-05-12T08:56:30Z,478.5,58.34,145.55,1.877903e-12
2024-05-12T08:57:00Z,478.1,56.44,145.73,1.883865e-12
2024-05-12T08:57:30Z,477.7,54.53,145.88,1.890151e-12
2024-05-12T08:58:00Z,477.2,52.62,146.0,1.896083e-12
2024-05-12T08:58:30Z,476.8,50.71,146.11,1.900115e-12
2024-05-12T08:59:00Z,476.4,48.8,146.19,1.902176e-12
2024-05-12T08:59:30Z,476.0,46.89,146.26,1.897959e-12
2024-05-12T09:00:00Z,475.6,44.98,146.32,1.896496e-12
2024-05-12T09:00:30Z,475.2,43.06,146.37,1.887627e-12
2024-05-12T09:01:00Z,474.8,41.15,146.4,1.876847e-12
2024-05-12T09:01:30Z,474.4,39.23,146.43,1.863078e-12
2024-05-12T09:02:00Z,474.1,37.31,146.45,1.847282e-12
2024-05-12T09:02:30Z,473.7,35.4,146.46,1.829591e-12
2024-05-12T09:03:00Z,473.4,33.48,146.46,1.810082e-12
2024-05-12T09:03:30Z,473.1,31.56,146.46,1.788625e-12
2024-05-12T09:04:00Z,472.8,29.64,146.45,1.765362e-12
2024-05-12T09:04:30Z,472.6,27.72,146.44,1.740450e-12
2024-05-12T09:05:00Z,472.4,25.8,146.43,1.714002e-12
2024-05-12T09:05:30Z,472.2,23.88,146.41,1.685980e-12
2024-05-12T09:06:00Z,472.0,21.96,146.39,1.655300e-12
2024-05-12T09:06:30Z,471.9,20.03,146.37,1.623904e-12
2024-05-12T09:07:00Z,471.8,18.11,146.34,1.591926e-12
2024-05-12T09:07:30Z,471.8,16.19,146.31,1.559887e-12
2024-05-12T09:08:00Z,471.7,14.26,146.28,1.528009e-12
2024-05-12T09:08:30Z,471.8,12.34,146.25,1.496463e-12
2024-05-12T09:09:00Z,471.8,10.42,146.22,1.465889e-12
2024-05-12T09:09:30Z,471.9,8.49,146.18,1.436989e-12
2024-05-12T09:10:00Z,472.1,6.57,146.15,1.409960e-12
2024-05-12T09:10:30Z,472.3,4.64,146.11,1.385879e-12
2024-05-12T09:11:00Z,472.5,2.72,146.08,1.364998e-12
2024-05-12T09:11:30Z,472.7,0.79,146.04,1.347586e-12
2024-05-12T09:12:00Z,473.1,-1.13,146.0,1.333683e-12
2024-05-12T09:12:30Z,473.4,-3.06,145.97,1.323521e-12
2024-05-12T09:13:00Z,473.8,-4.98,145.93,1.316801e-12
2024-05-12T09:13:30Z,474.2,-6.9,145.89,1.313431e-12
2024-05-12T09:14:00Z,474.7,-8.83,145.86,1.313101e-12
2024-05-12T09:14:30Z,475.2,-10.75,145.82,1.315677e-12
2024-05-12T09:15:00Z,475.7,-12.67,145.79,1.320413e-12
2024-05-12T09:15:30Z,476.3,-14.59,145.76,1.327423e-12
2024-05-12T09:16:00Z,476.9,-16.51,145.73,1.336141e-12
2024-05-12T09:16:30Z,477.6,-18.43,145.7,1.346083e-12
2024-05-12T09:17:00Z,478.2,-20.35,145.68,1.356495e-12
2024-05-12T09:17:30Z,478.9,-22.27,145.65,1.367044e-12
2024-05-12T09:18:00Z,479.7,-24.19,145.63,1.377218e-12
2024-05-12T09:18:30Z,480.4,-26.11,145.61,1.386359e-12
2024-05-12T09:19:00Z,481.2,-28.02,145.6,1.394283e-12
2024-05-12T09:19:30Z,482.0,-29.94,145.59,1.400729e-12
2024-05-12T09:20:00Z,482.8,-31.85,145.59,1.405435e-12
2024-05-12T09:20:30Z,483.6,-33.76,145.58,1.408281e-12
2024-05-12T09:21:00Z,484.4,-35.68,145.59,1.409202e-12
2024-05-12T09:21:30Z,485.2,-37.59,145.6,1.408108e-12
2024-05-12T09:22:00Z,486.1,-39.5,145.62,1.404542e-12
2024-05-12T09:22:30Z,486.9,-41.41,145.65,1.397805e-12
2024-05-12T09:23:00Z,487.8,-43.31,145.68,1.387391e-12
2024-05-12T09:23:30Z,488.6,-45.22,145.73,1.373332e-12
2024-05-12T09:24:00Z,489.4,-47.13,145.79,1.356762e-12
2024-05-12T09:24:30Z,490.2,-49.03,145.86,1.339012e-12
2024-05-12T09:25:00Z,491.0,-50.93,145.95,1.321517e-12
2024-05-12T09:25:30Z,491.8,-52.83,146.05,1.304478e-12
2024-05-12T09:26:00Z,492.6,-54.73,146.18,1.287448e-12
2024-05-12T09:26:30Z,493.3,-56.63,146.33,1.269458e-12
2024-05-12T09:27:00Z,494.1,-58.53,146.51,1.250911e-12
2024-05-12T09:27:30Z,494.8,-60.43,146.72,1.231856e-12
2024-05-12T09:28:00Z,495.4,-62.32,146.98,1.212153e-12
2024-05-12T09:28:30Z,496.1,-64.21,147.29,1.192054e-12
2024-05-12T09:29:00Z,496.7,-66.1,147.66,1.171523e-12
2024-05-12T09:29:30Z,497.2,-67.99,148.11,1.150840e-12
2024-05-12T09:30:00Z,497.7,-69.87,148.66,1.130014e-12
2024-05-12T09:30:30Z,498.2,-71.75,149.35,1.109300e-12
2024-05-12T09:31:00Z,498.7,-73.63,150.22,1.088625e-12
2024-05-12T09:31:30Z,499.1,-75.5,151.33,1.067446e-12
2024-05-12T09:32:00Z,499.4,-77.36,152.8,1.046408e-12
2024-05-12T09:32:30Z,499.8,-79.21,154.81,1.024688e-12
2024-05-12T09:33:00Z,500.0,-81.03,157.68,1.002611e-12
2024-05-12T09:33:30Z,500.2,-82.82,162.04,9.802410e-13
2024-05-12T09:34:00Z,500.4,-84.54,169.29,9.571283e-13
2024-05-12T09:34:30Z,500.5,-86.09,-177.25,9.337897e-13
2024-05-12T09:35:00Z,500.6,-87.18,-150.33,9.092331e-13
2024-05-12T09:35:30Z,500.6,-87.21,-110.96,8.849278e-13
2024-05-12T09:36:00Z,500.6,-86.15,-83.32,8.603807e-13
2024-05-12T09:36:30Z,500.5,-84.61,-69.46,8.356566e-13
2024-05-12T09:37:00Z,500.4,-82.9,-62.05,8.114646e-13
2024-05-12T09:37:30Z,500.2,-81.11,-57.6,7.890812e-13
2024-05-12T09:38:00Z,500.0,-79.28,-54.68,7.678117e-13
2024-05-12T09:38:30Z,499.7,-77.44,-52.64,7.470174e-13
2024-05-12T09:39:00Z,499.4,-75.58,-51.16,7.271303e-13
2024-05-12T09:39:30Z,499.0,-73.71,-50.03,7.081006e-13
2024-05-12T09:40:00Z,498.6,-71.83,-49.16,6.887247e-13
2024-05-12T09:40:30Z,498.1,-69.95,-48.46,6.704987e-13
2024-05-12T09:41:00Z,497.6,-68.07,-47.9,6.536635e-13
2024-05-12T09:41:30Z,497.1,-66.18,-47.45,6.384715e-13
2024-05-12T09:42:00Z,496.5,-64.29,-47.08,6.244959e-13
2024-05-12T09:42:30Z,495.9,-62.4,-46.77,6.120595e-13
2024-05-12T09:43:00Z,495.3,-60.51,-46.51,6.017326e-13
2024-05-12T09:43:30Z,494.6,-58.61,-46.29,5.938270e-13
2024-05-12T09:44:00Z,493.9,-56.72,-46.11,5.884580e-13
2024-05-12T09:44:30Z,493.2,-54.82,-45.96,5.855560e-13
2024-05-12T09:45:00Z,492.5,-52.92,-45.83,5.849419e-13
2024-05-12T09:45:30Z,491.7,-51.02,-45.72,5.868198e-13
2024-05-12T09:46:00Z,490.9,-49.11,-45.64,5.912420e-13
2024-05-12T09:46:30Z,490.1,-47.21,-45.56,5.979860e-13
2024-05-12T09:47:00Z,489.3,-45.31,-45.5,6.069919e-13
2024-05-12T09:47:30Z,488.5,-43.4,-45.46,6.173720e-13
2024-05-12T09:48:00Z,487.7,-41.49,-45.42,6.299622e-13
2024-05-12T09:48:30Z,486.9,-39.58,-45.39,6.444105e-13
2024-05-12T09:49:00Z,486.1,-37.67,-45.38,6.606980e-13
2024-05-12T09:49:30Z,485.3,-35.76,-45.36,6.784511e-13
2024-05-12T09:50:00Z,484.5,-33.85,-45.36,6.974706e-13
2024-05-12T09:50:30Z,483.7,-31.94,-45.36,7.174351e-13
2024-05-12T09:51:00Z,482.9,-30.03,-45.36,7.382969e-13
2024-05-12T09:51:30Z,482.1,-28.11,-45.37,7.597381e-13
2024-05-12T09:52:00Z,481.4,-26.2,-45.39,7.815127e-13
2024-05-12T09:52:30Z,480.6,-24.28,-45.4,8.032750e-13
2024-05-12T09:53:00Z,479.9,-22.36,-45.42,8.247580e-13
2024-05-12T09:53:30Z,479.2,-20.44,-45.45,8.457451e-13
2024-05-12T09:54:00Z,478.6,-18.52,-45.47,8.658870e-13
2024-05-12T09:54:30Z,477.9,-16.6,-45.5,8.849072e-13
2024-05-12T09:55:00Z,477.3,-14.68,-45.53,9.025624e-13
2024-05-12T09:55:30Z,476.8,-12.76,-45.56,9.187437e-13
2024-05-12T09:56:00Z,476.2,-10.84,-45.6,9.332655e-13
2024-05-12T09:56:30Z,475.7,-8.92,-45.63,9.459241e-13
2024-05-12T09:57:00Z,475.3,-7.0,-45.67,9.568216e-13
2024-05-12T09:57:30Z,474.8,-5.07,-45.7,9.658412e-13
2024-05-12T09:58:00Z,474.4,-3.15,-45.74,9.731222e-13
2024-05-12T09:58:30Z,474.1,-1.23,-45.77,9.787192e-13
2024-05-12T09:59:00Z,473.8,0.7,-45.81,9.829409e-13
2024-05-12T09:59:30Z,473.5,2.62,-45.85,9.858803e-13
2024-05-12T10:00:00Z,473.3,4.54,-45.88,9.879801e-13
2024-05-12T10:00:30Z,473.1,6.47,-45.92,9.894883e-13
2024-05-12T10:01:00Z,473.0,8.39,-45.96,9.906174e-13
2024-05-12T10:01:30Z,472.9,10.31,-45.99,9.919515e-13
2024-05-12T10:02:00Z,472.8,12.24,-46.02,9.933849e-13
2024-05-12T10:02:30Z,472.8,14.16,-46.05,9.955590e-13
2024-05-12T10:03:00Z,472.8,16.08,-46.08,9.987357e-13
2024-05-12T10:03:30Z,472.8,18.01,-46.11,1.002981e-12
2024-05-12T10:04:00Z,472.9,19.93,-46.14,1.008424e-12
2024-05-12T10:04:30Z,473.0,21.85,-46.16,1.015379e-12
2024-05-12T10:05:00Z,473.2,23.77,-46.18,1.024174e-12
2024-05-12T10:05:30Z,473.3,25.69,-46.2,1.035041e-12
2024-05-12T10:06:00Z,473.5,27.61,-46.22,1.047862e-12
2024-05-12T10:06:30Z,473.8,29.53,-46.23,1.062993e-12
2024-05-12T10:07:00Z,474.0,31.45,-46.23,1.080121e-12
2024-05-12T10:07:30Z,474.3,33.37,-46.23,1.099820e-12
2024-05-12T10:08:00Z,474.6,35.29,-46.23,1.121755e-12
2024-05-12T10:08:30Z,475.0,37.21,-46.22,1.146213e-12
2024-05-12T10:09:00Z,475.3,39.12,-46.2,1.172292e-12
2024-05-12T10:09:30Z,475.7,41.04,-46.18,1.200509e-12
2024-05-12T10:10:00Z,476.0,42.95,-46.14,1.230862e-12
2024-05-12T10:10:30Z,476.4,44.86,-46.1,1.263248e-12
2024-05-12T10:11:00Z,476.8,46.78,-46.04,1.297252e-12
2024-05-12T10:11:30Z,477.2,48.69,-45.97,1.332670e-12
2024-05-12T10:12:00Z,477.6,50.6,-45.89,1.369338e-12
2024-05-12T10:12:30Z,477.9,52.51,-45.78,1.407135e-12
2024-05-12T10:13:00Z,478.3,54.42,-45.66,1.444666e-12
2024-05-12T10:13:30Z,478.7,56.32,-45.51,1.482525e-12
2024-05-12T10:14:00Z,479.1,58.23,-45.33,1.520780e-12
2024-05-12T10:14:30Z,479.4,60.13,-45.12,1.558849e-12
2024-05-12T10:15:00Z,479.8,62.04,-44.87,1.595889e-12
2024-05-12T10:15:30Z,480.1,63.94,-44.57,1.630965e-12
2024-05-12T10:16:00Z,480.5,65.83,-44.21,1.663449e-12
2024-05-12T10:16:30Z,480.8,67.73,-43.76,1.693027e-12
2024-05-12T10:17:00Z,481.0,69.62,-43.22,1.719442e-12
2024-05-12T10:17:30Z,481.3,71.51,-42.55,1.742818e-12
2024-05-12T10:18:00Z,481.5,73.4,-41.71,1.763236e-12
2024-05-12T10:18:30Z,481.7,75.28,-40.62,1.780942e-12
2024-05-12T10:19:00Z,481.9,77.15,-39.19,1.796147e-12
2024-05-12T10:19:30Z,482.1,79.01,-37.24,1.808434e-12
2024-05-12T10:20:00Z,482.2,80.85,-34.47,1.818273e-12
2024-05-12T10:20:30Z,482.3,82.65,-30.27,1.825902e-12
2024-05-12T10:21:00Z,482.4,84.39,-23.35,1.831548e-12
2024-05-12T10:21:30Z,482.4,85.97,-10.58,1.835172e-12
2024-05-12T10:22:00Z,482.5,87.12,15.05,1.837044e-12
2024-05-12T10:22:30Z,482.4,87.25,54.45,1.835460e-12
2024-05-12T10:23:00Z,482.4,86.24,83.5,1.828191e-12
2024-05-12T10:23:30Z,482.3,84.71,98.09,1.817527e-12
2024-05-12T10:24:00Z,482.2,83.0,105.81,1.804736e-12
2024-05-12T10:24:30Z,482.1,81.2,110.4,1.790073e-12
2024-05-12T10:25:00Z,481.9,79.37,113.4,1.774116e-12
2024-05-12T10:25:30Z,481.7,77.51,115.48,1.757681e-12
2024-05-12T10:26:00Z,481.5,75.65,116.99,1.743142e-12
2024-05-12T10:26:30Z,481.3,73.77,118.13,1.729220e-12
2024-05-12T10:27:00Z,481.0,71.88,119.02,1.716501e-12
2024-05-12T10:27:30Z,480.7,69.99,119.72,1.705311e-12
2024-05-12T10:28:00Z,480.4,68.1,120.29,1.695632e-12
2024-05-12T10:28:30Z,480.1,66.2,120.75,1.687207e-12
2024-05-12T10:29:00Z,479.7,64.31,121.12,1.678688e-12
2024-05-12T10:29:30Z,479.3,62.4,121.44,1.668898e-12
2024-05-12T10:30:00Z,479.0,60.5,121.7,1.658933e-12
2024-05-12T10:30:30Z,478.6,58.6,121.92,1.649149e-12
2024-05-12T10:31:00Z,478.2,56.69,122.1,1.640006e-12
2024-05-12T10:31:30Z,477.8,54.79,122.25,1.632235e-12
2024-05-12T10:32:00Z,477.3,52.88,122.38,1.625585e-12
2024-05-12T10:32:30Z,476.9,50.97,122.49,1.620391e-12
2024-05-12T10:33:00Z,476.5,49.06,122.57,1.616411e-12
2024-05-12T10:33:30Z,476.1,47.15,122.65,1.613534e-12
2024-05-12T10:34:00Z,475.7,45.23,122.71,1.611628e-12
2024-05-12T10:34:30Z,475.3,43.32,122.75,1.610668e-12
2024-05-12T10:35:00Z,474.9,41.4,122.79,1.610428e-12
2024-05-12T10:35:30Z,474.5,39.49,122.82,1.610758e-12
2024-05-12T10:36:00Z,474.1,37.57,122.84,1.611491e-12
2024-05-12T10:36:30Z,473.8,35.66,122.85,1.612386e-12
2024-05-12T10:37:00Z,473.5,33.74,122.85,1.613394e-12
2024-05-12T10:37:30Z,473.2,31.82,122.85,1.614297e-12
2024-05-12T10:38:00Z,472.9,29.9,122.85,1.614993e-12
2024-05-12T10:38:30Z,472.6,27.98,122.84,1.615421e-12
2024-05-12T10:39:00Z,472.4,26.06,122.83,1.615577e-12
2024-05-12T10:39:30Z,472.2,24.14,122.81,1.615370e-12
2024-05-12T10:40:00Z,472.0,22.22,122.79,1.614826e-12
2024-05-12T10:40:30Z,471.9,20.29,122.76,1.614043e-12
2024-05-12T10:41:00Z,471.8,18.37,122.74,1.612868e-12
2024-05-12T10:41:30Z,471.7,16.45,122.71,1.611397e-12
2024-05-12T10:42:00Z,471.7,14.52,122.68,1.609572e-12
2024-05-12T10:42:30Z,471.7,12.6,122.65,1.607434e-12
2024-05-12T10:43:00Z,471.8,10.67,122.62,1.605045e-12
2024-05-12T10:43:30Z,471.9,8.75,122.58,1.602311e-12
2024-05-12T10:44:00Z,472.0,6.83,122.55,1.599401e-12
2024-05-12T10:44:30Z,472.2,4.9,122.51,1.596000e-12
2024-05-12T10:45:00Z,472.4,2.98,122.48,1.592649e-12
2024-05-12T10:45:30Z,472.6,1.05,122.44,1.589309e-12
2024-05-12T10:46:00Z,472.9,-0.87,122.4,1.585897e-12
2024-05-12T10:46:30Z,473.3,-2.8,122.37,1.582164e-12
2024-05-12T10:47:00Z,473.7,-4.72,122.33,1.578047e-12
2024-05-12T10:47:30Z,474.1,-6.64,122.29,1.573288e-12
2024-05-12T10:48:00Z,474.5,-8.57,122.26,1.567527e-12
2024-05-12T10:48:30Z,475.0,-10.49,122.22,1.560668e-12
2024-05-12T10:49:00Z,475.6,-12.41,122.19,1.552341e-12
2024-05-12T10:49:30Z,476.1,-14.33,122.16,1.542691e-12
2024-05-12T10:50:00Z,476.7,-16.25,122.13,1.531418e-12
2024-05-12T10:50:30Z,477.4,-18.17,122.1,1.518737e-12
2024-05-12T10:51:00Z,478.0,-20.09,122.08,1.504434e-12
2024-05-12T10:51:30Z,478.7,-22.01,122.05,1.488917e-12
2024-05-12T10:52:00Z,479.5,-23.93,122.03,1.471990e-12
2024-05-12T10:52:30Z,480.2,-25.85,122.01,1.453800e-12
2024-05-12T10:53:00Z,481.0,-27.76,122.0,1.434945e-12
2024-05-12T10:53:30Z,481.7,-29.68,121.99,1.414767e-12
2024-05-12T10:54:00Z,482.5,-31.59,121.98,1.393999e-12
2024-05-12T10:54:30Z,483.4,-33.51,121.98,1.372671e-12
2024-05-12T10:55:00Z,484.2,-35.42,121.99,1.350664e-12
2024-05-12T10:55:30Z,485.0,-37.33,122.0,1.327973e-12
2024-05-12T10:56:00Z,485.9,-39.24,122.01,1.304180e-12
2024-05-12T10:56:30Z,486.7,-41.15,122.04,1.278725e-12
2024-05-12T10:57:00Z,487.5,-43.06,122.07,1.251743e-12
2024-05-12T10:57:30Z,488.4,-44.97,122.12,1.223468e-12
2024-05-12T10:58:00Z,489.2,-46.87,122.18,1.194730e-12
2024-05-12T10:58:30Z,490.0,-48.77,122.25,1.166299e-12
2024-05-12T10:59:00Z,490.8,-50.68,122.33,1.138120e-12
2024-05-12T10:59:30Z,491.6,-52.58,122.43,1.110633e-12
2024-05-12T11:00:00Z,492.4,-54.48,122.56,1.083344e-12
2024-05-12T11:00:30Z,493.1,-56.38,122.71,1.055950e-12
2024-05-12T11:01:00Z,493.9,-58.28,122.88,1.028492e-12
2024-05-12T11:01:30Z,494.6,-60.17,123.09,1.001038e-12
2024-05-12T11:02:00Z,495.2,-62.07,123.34,9.739260e-13
2024-05-12T11:02:30Z,495.9,-63.96,123.64,9.468032e-13
2024-05-12T11:03:00Z,496.5,-65.85,124.01,9.200976e-13
2024-05-12T11:03:30Z,497.1,-67.74,124.45,8.948404e-13
2024-05-12T11:04:00Z,497.6,-69.62,124.99,8.713461e-13
2024-05-12T11:04:30Z,498.1,-71.5,125.65,8.493587e-13
2024-05-12T11:05:00Z,498.6,-73.38,126.49,8.285417e-13
2024-05-12T11:05:30Z,499.0,-75.25,127.57,8.090197e-13
2024-05-12T11:06:00Z,499.3,-77.11,128.98,7.905725e-13
2024-05-12T11:06:30Z,499.7,-78.96,130.91,7.733661e-13
2024-05-12T11:07:00Z,499.9,-80.79,133.64,7.569548e-13
2024-05-12T11:07:30Z,500.2,-82.59,137.75,7.408162e-13
2024-05-12T11:08:00Z,500.3,-84.32,144.48,7.250596e-13
2024-05-12T11:08:30Z,500.5,-85.9,156.8,7.092914e-13
2024-05-12T11:09:00Z,500.5,-87.08,-178.57,6.942801e-13
2024-05-12T11:09:30Z,500.6,-87.28,-139.61,6.802311e-13
2024-05-12T11:10:00Z,500.6,-86.33,-109.65,6.663469e-13
2024-05-12T11:10:30Z,500.5,-84.83,-94.45,6.526374e-13
2024-05-12T11:11:00Z,500.4,-83.13,-86.44,6.397675e-13
2024-05-12T11:11:30Z,500.2,-81.35,-81.7,6.284082e-13
2024-05-12T11:12:00Z,500.0,-79.53,-78.63,6.182155e-13
2024-05-12T11:12:30Z,499.7,-77.68,-76.49,6.089585e-13
2024-05-12T11:13:00Z,499.4,-75.82,-74.94,6.007123e-13
2024-05-12T11:13:30Z,499.0,-73.96,-73.78,5.931359e-13
2024-05-12T11:14:00Z,498.6,-72.08,-72.87,5.861307e-13
2024-05-12T11:14:30Z,498.2,-70.2,-72.16,5.800203e-13
2024-05-12T11:15:00Z,497.7,-68.32,-71.58,5.749691e-13
2024-05-12T11:15:30Z,497.2,-66.43,-71.12,5.712150e-13
2024-05-12T11:16:00Z,496.6,-64.54,-70.73,5.684111e-13
2024-05-12T11:16:30Z,496.0,-62.65,-70.41,5.671034e-13
2024-05-12T11:17:00Z,495.4,-60.76,-70.15,5.675159e-13
2024-05-12T11:17:30Z,494.8,-58.86,-69.93,5.696095e-13
2024-05-12T11:18:00Z,494.1,-56.97,-69.74,5.735188e-13
2024-05-12T11:18:30Z,493.4,-55.07,-69.58,5.790165e-13
2024-05-12T11:19:00Z,492.6,-53.17,-69.45,5.859419e-13
2024-05-12T11:19:30Z,491.9,-51.27,-69.34,5.945023e-13
2024-05-12T11:20:00Z,491.1,-49.37,-69.25,6.045632e-13
2024-05-12T11:20:30Z,490.3,-47.46,-69.18,6.160404e-13
2024-05-12T11:21:00Z,489.5,-45.56,-69.12,6.288325e-13
2024-05-12T11:21:30Z,488.7,-43.65,-69.07,6.425286e-13
2024-05-12T11:22:00Z,487.9,-41.75,-69.03,6.569518e-13
2024-05-12T11:22:30Z,487.1,-39.84,-69.0,6.724375e-13
2024-05-12T11:23:00Z,486.3,-37.93,-68.98,6.887101e-13
2024-05-12T11:23:30Z,485.5,-36.02,-68.97,7.056053e-13
2024-05-12T11:24:00Z,484.7,-34.11,-68.96,7.231029e-13
2024-05-12T11:24:30Z,483.9,-32.2,-68.96,7.411497e-13
2024-05-12T11:25:00Z,483.1,-30.28,-68.97,7.596611e-13
2024-05-12T11:25:30Z,482.3,-28.37,-68.98,7.785506e-13
2024-05-12T11:26:00Z,481.6,-26.45,-68.99,7.978159e-13
2024-05-12T11:26:30Z,480.8,-24.54,-69.01,8.174269e-13
2024-05-12T11:27:00Z,480.1,-22.62,-69.03,8.373104e-13
2024-05-12T11:27:30Z,479.4,-20.7,-69.05,8.573564e-13
2024-05-12T11:28:00Z,478.8,-18.78,-69.08,8.775190e-13
2024-05-12T11:28:30Z,478.1,-16.86,-69.1,8.978201e-13
2024-05-12T11:29:00Z,477.5,-14.94,-69.13,9.179817e-13
2024-05-12T11:29:30Z,476.9,-13.02,-69.16,9.379599e-13
2024-05-12T11:30:00Z,476.4,-11.1,-69.2,9.575453e-13
2024-05-12T11:30:30Z,475.9,-9.18,-69.23,9.766342e-13
2024-05-12T11:31:00Z,475.4,-7.26,-69.27,9.949109e-13
2024-05-12T11:31:30Z,475.0,-5.33,-69.3,1.012341e-12
2024-05-12T11:32:00Z,474.6,-3.41,-69.34,1.028845e-12
2024-05-12T11:32:30Z,474.3,-1.49,-69.37,1.044296e-12
2024-05-12T11:33:00Z,473.9,0.44,-69.41,1.058873e-12
2024-05-12T11:33:30Z,473.7,2.36,-69.45,1.072369e-12
2024-05-12T11:34:00Z,473.4,4.28,-69.48,1.085004e-12
2024-05-12T11:34:30Z,473.2,6.21,-69.52,1.096859e-12
2024-05-12T11:35:00Z,473.1,8.13,-69.55,1.108122e-12
2024-05-12T11:35:30Z,473.0,10.06,-69.59,1.118755e-12
2024-05-12T11:36:00Z,472.9,11.98,-69.62,1.128913e-12
2024-05-12T11:36:30Z,472.8,13.9,-69.65,1.138801e-12
2024-05-12T11:37:00Z,472.8,15.83,-69.68,1.148401e-12
2024-05-12T11:37:30Z,472.9,17.75,-69.71,1.157397e-12
2024-05-12T11:38:00Z,473.0,19.67,-69.74,1.166212e-12
2024-05-12T11:38:30Z,473.1,21.59,-69.76,1.174899e-12
2024-05-12T11:39:00Z,473.2,23.51,-69.79,1.183381e-12
2024-05-12T11:39:30Z,473.4,25.44,-69.8,1.191437e-12
2024-05-12T11:40:00Z,473.6,27.36,-69.82,1.199058e-12
2024-05-12T11:40:30Z,473.8,29.28,-69.83,1.206160e-12
2024-05-12T11:41:00Z,474.1,31.19,-69.84,1.212661e-12
2024-05-12T11:41:30Z,474.3,33.11,-69.84,1.218533e-12
2024-05-12T11:42:00Z,474.6,35.03,-69.83,1.223746e-12
2024-05-12T11:42:30Z,475.0,36.95,-69.82,1.227936e-12
2024-05-12T11:43:00Z,475.3,38.86,-69.81,1.230911e-12
2024-05-12T11:43:30Z,475.6,40.78,-69.78,1.233047e-12
2024-05-12T11:44:00Z,476.0,42.69,-69.75,1.234340e-12
2024-05-12T11:44:30Z,476.4,44.61,-69.71,1.234833e-12
2024-05-12T11:45:00Z,476.8,46.52,-69.65,1.234920e-12
2024-05-12T11:45:30Z,477.1,48.43,-69.58,1.234288e-12
2024-05-12T11:46:00Z,477.5,50.34,-69.5,1.233677e-12
2024-05-12T11:46:30Z,477.9,52.25,-69.4,1.233487e-12
2024-05-12T11:47:00Z,478.3,54.16,-69.28,1.233780e-12
2024-05-12T11:47:30Z,478.7,56.07,-69.13,1.234602e-12
2024-05-12T11:48:00Z,479.1,57.97,-68.96,1.235813e-12
2024-05-12T11:48:30Z,479.4,59.88,-68.76,1.237039e-12
2024-05-12T11:49:00Z,479.8,61.78,-68.51,1.238630e-12
2024-05-12T11:49:30Z,480.1,63.68,-68.22,1.239959e-12
2024-05-12T11:50:00Z,480.4,65.58,-67.86,1.241915e-12
2024-05-12T11:50:30Z,480.7,67.48,-67.43,1.244638e-12
2024-05-12T11:51:00Z,481.0,69.37,-66.9,1.248253e-12
2024-05-12T11:51:30Z,481.3,71.26,-66.25,1.253482e-12
2024-05-12T11:52:00Z,481.5,73.15,-65.43,1.260729e-12
2024-05-12T11:52:30Z,481.7,75.03,-64.38,1.269781e-12
2024-05-12T11:53:00Z,481.9,76.9,-63.01,1.281169e-12
2024-05-12T11:53:30Z,482.1,78.76,-61.14,1.294970e-12
2024-05-12T11:54:00Z,482.2,80.6,-58.5,1.311036e-12
2024-05-12T11:54:30Z,482.3,82.41,-54.55,1.329302e-12
2024-05-12T11:55:00Z,482.4,84.16,-48.11,1.349333e-12
2024-05-12T11:55:30Z,482.5,85.77,-36.44,1.370612e-12
2024-05-12T11:56:00Z,482.5,87.01,-13.06,1.393504e-12
2024-05-12T11:56:30Z,482.5,87.31,25.59,1.417492e-12
2024-05-12T11:57:00Z,482.4,86.42,57.0,1.440588e-12
2024-05-12T11:57:30Z,482.4,84.93,73.03,1.462686e-12
2024-05-12T11:58:00Z,482.3,83.24,81.38,1.484048e-12
2024-05-12T11:58:30Z,482.1,81.45,86.29,1.504643e-12
2024-05-12T11:59:00Z,482.0,79.62,89.44,1.524190e-12
2024-05-12T11:59:30Z,481.8,77.77,91.62,1.541876e-12
2024-05-12T12:00:00Z,481.6,75.9,93.2,1.561927e-12
2024-05-12T12:00:30Z,481.3,74.02,94.39,1.578700e-12
2024-05-12T12:01:00Z,481.1,72.14,95.3,1.594714e-12
2024-05-12T12:01:30Z,480.8,70.25,96.03,1.609912e-12
2024-05-12T12:02:00Z,480.5,68.36,96.61,1.624029e-12
2024-05-12T12:02:30Z,480.1,66.46,97.08,1.636509e-12
2024-05-12T12:03:00Z,479.8,64.56,97.47,1.646820e-12
2024-05-12T12:03:30Z,479.4,62.66,97.79,1.654155e-12
2024-05-12T12:04:00Z,479.0,60.76,98.06,1.659605e-12
2024-05-12T12:04:30Z,478.6,58.86,98.28,1.662778e-12
2024-05-12T12:05:00Z,478.2,56.95,98.47,1.663753e-12
2024-05-12T12:05:30Z,477.8,55.04,98.63,1.662801e-12
2024-05-12T12:06:00Z,477.4,53.13,98.76,1.660329e-12
2024-05-12T12:06:30Z,477.0,51.23,98.87,1.656718e-12
2024-05-12T12:07:00Z,476.6,49.32,98.96,1.652497e-12
2024-05-12T12:07:30Z,476.2,47.4,99.03,1.647987e-12
2024-05-12T12:08:00Z,475.8,45.49,99.09,1.643515e-12
2024-05-12T12:08:30Z,475.4,43.58,99.14,1.639807e-12
2024-05-12T12:09:00Z,475.0,41.66,99.18,1.636933e-12
2024-05-12T12:09:30Z,474.6,39.75,99.21,1.633865e-12
2024-05-12T12:10:00Z,474.2,37.83,99.23,1.631728e-12
2024-05-12T12:10:30Z,473.9,35.92,99.24,1.630702e-12
2024-05-12T12:11:00Z,473.6,34.0,99.25,1.630910e-12
2024-05-12T12:11:30Z,473.2,32.08,99.25,1.632439e-12
2024-05-12T12:12:00Z,473.0,30.16,99.24,1.634700e-12
2024-05-12T12:12:30Z,472.7,28.24,99.24,1.637776e-12
2024-05-12T12:13:00Z,472.5,26.32,99.22,1.641378e-12
2024-05-12T12:13:30Z,472.3,24.4,99.21,1.645296e-12
2024-05-12T12:14:00Z,472.1,22.48,99.19,1.649301e-12
2024-05-12T12:14:30Z,472.0,20.55,99.16,1.653202e-12
2024-05-12T12:15:00Z,471.9,18.63,99.14,1.656981e-12
2024-05-12T12:15:30Z,471.8,16.71,99.11,1.660266e-12
2024-05-12T12:16:00Z,471.8,14.78,99.08,1.663082e-12
2024-05-12T12:16:30Z,471.8,12.86,99.05,1.665356e-12
2024-05-12T12:17:00Z,471.8,10.94,99.02,1.666930e-12
2024-05-12T12:17:30Z,471.9,9.01,98.98,1.667838e-12
2024-05-12T12:18:00Z,472.0,7.09,98.95,1.668011e-12
2024-05-12T12:18:30Z,472.2,5.16,98.91,1.667192e-12
2024-05-12T12:19:00Z,472.4,3.24,98.88,1.666006e-12
2024-05-12T12:19:30Z,472.7,1.31,98.84,1.664000e-12
2024-05-12T12:20:00Z,473.0,-0.61,98.8,1.661459e-12
2024-05-12T12:20:30Z,473.3,-2.53,98.77,1.658189e-12
2024-05-12T12:21:00Z,473.7,-4.46,98.73,1.653893e-12
2024-05-12T12:21:30Z,474.1,-6.38,98.69,1.648491e-12
2024-05-12T12:22:00Z,474.6,-8.3,98.66,1.641668e-12
2024-05-12T12:22:30Z,475.1,-10.23,98.63,1.633090e-12
2024-05-12T12:23:00Z,475.6,-12.15,98.59,1.622584e-12
2024-05-12T12:23:30Z,476.2,-14.07,98.56,1.609875e-12
2024-05-12T12:24:00Z,476.8,-15.99,98.53,1.595044e-12
2024-05-12T12:24:30Z,477.4,-17.91,98.5,1.577959e-12
2024-05-12T12:25:00Z,478.1,-19.83,98.47,1.558428e-12
2024-05-12T12:25:30Z,478.8,-21.75,98.45,1.536591e-12
2024-05-12T12:26:00Z,479.5,-23.67,98.43,1.512397e-12
2024-05-12T12:26:30Z,480.2,-25.59,98.41,1.485739e-12
2024-05-12T12:27:00Z,481.0,-27.5,98.4,1.456840e-12
2024-05-12T12:27:30Z,481.8,-29.42,98.39,1.425624e-12
2024-05-12T12:28:00Z,482.6,-31.33,98.38,1.392576e-12
2024-05-12T12:28:30Z,483.4,-33.25,98.38,1.357696e-12
2024-05-12T12:29:00Z,484.2,-35.16,98.38,1.321015e-12
2024-05-12T12:29:30Z,485.1,-37.07,98.39,1.283083e-12
2024-05-12T12:30:00Z,485.9,-38.98,98.41,1.243351e-12
2024-05-12T12:30:30Z,486.7,-40.89,98.43,1.202806e-12
2024-05-12T12:31:00Z,487.6,-42.8,98.47,1.161502e-12
2024-05-12T12:31:30Z,488.4,-44.7,98.51,1.119845e-12
2024-05-12T12:32:00Z,489.3,-46.61,98.56,1.078411e-12
2024-05-12T12:32:30Z,490.1,-48.51,98.63,1.037750e-12
2024-05-12T12:33:00Z,490.9,-50.42,98.72,9.982404e-13
2024-05-12T12:33:30Z,491.7,-52.32,98.82,9.600859e-13
2024-05-12T12:34:00Z,492.5,-54.22,98.94,9.233241e-13
2024-05-12T12:34:30Z,493.2,-56.12,99.08,8.878142e-13
2024-05-12T12:35:00Z,493.9,-58.02,99.25,8.535397e-13
2024-05-12T12:35:30Z,494.7,-59.91,99.46,8.208394e-13
2024-05-12T12:36:00Z,495.3,-61.81,99.7,7.891384e-13
2024-05-12T12:36:30Z,496.0,-63.7,100.0,7.593216e-13
2024-05-12T12:37:00Z,496.6,-65.59,100.35,7.315740e-13
2024-05-12T12:37:30Z,497.2,-67.48,100.78,7.059138e-13
2024-05-12T12:38:00Z,497.7,-69.36,101.3,6.827185e-13
2024-05-12T12:38:30Z,498.2,-71.24,101.95,6.618969e-13
2024-05-12T12:39:00Z,498.7,-73.12,102.76,6.434436e-13
2024-05-12T12:39:30Z,499.1,-74.99,103.8,6.273224e-13
2024-05-12T12:40:00Z,499.5,-76.85,105.16,6.132813e-13
2024-05-12T12:40:30Z,499.8,-78.71,107.0,6.011532e-13
2024-05-12T12:41:00Z,500.1,-80.54,109.6,5.906922e-13
2024-05-12T12:41:30Z,500.3,-82.34,113.47,5.819443e-13
2024-05-12T12:42:00Z,500.5,-84.08,119.73,5.748748e-13
2024-05-12T12:42:30Z,500.6,-85.69,130.98,5.689195e-13
2024-05-12T12:43:00Z,500.7,-86.96,153.4,5.640732e-13
2024-05-12T12:43:30Z,500.7,-87.33,-168.65,5.605334e-13
2024-05-12T12:44:00Z,500.7,-86.5,-136.33,5.577298e-13
2024-05-12T12:44:30Z,500.6,-85.05,-119.6,5.552606e-13
2024-05-12T12:45:00Z,500.5,-83.37,-110.91,5.533283e-13
2024-05-12T12:45:30Z,500.3,-81.6,-105.84,5.521498e-13
2024-05-12T12:46:00Z,500.1,-79.78,-102.59,5.518870e-13
2024-05-12T12:46:30Z,499.9,-77.94,-100.36,5.521356e-13
2024-05-12T12:47:00Z,499.6,-76.08,-98.74,5.525932e-13
2024-05-12T12:47:30Z,499.2,-74.21,-97.53,5.532463e-13
2024-05-12T12:48:00Z,498.8,-72.34,-96.59,5.541768e-13
2024-05-12T12:48:30Z,498.4,-70.46,-95.86,5.547345e-13
2024-05-12T12:49:00Z,497.9,-68.58,-95.26,5.553561e-13
2024-05-12T12:49:30Z,497.4,-66.69,-94.78,5.561405e-13
2024-05-12T12:50:00Z,496.8,-64.8,-94.39,5.574799e-13
2024-05-12T12:50:30Z,496.2,-62.91,-94.06,5.594061e-13
2024-05-12T12:51:00Z,495.6,-61.02,-93.79,5.620433e-13
2024-05-12T12:51:30Z,494.9,-59.13,-93.56,5.653700e-13
2024-05-12T12:52:00Z,494.2,-57.23,-93.37,5.690194e-13
2024-05-12T12:52:30Z,493.5,-55.33,-93.21,5.736545e-13
2024-05-12T12:53:00Z,492.8,-53.43,-93.08,5.789093e-13
2024-05-12T12:53:30Z,492.0,-51.53,-92.96,5.850752e-13
2024-05-12T12:54:00Z,491.3,-49.63,-92.87,5.921988e-13
2024-05-12T12:54:30Z,490.5,-47.73,-92.79,6.003826e-13
2024-05-12T12:55:00Z,489.7,-45.82,-92.73,6.095148e-13
2024-05-12T12:55:30Z,488.9,-43.92,-92.68,6.196720e-13
2024-05-12T12:56:00Z,488.0,-42.01,-92.64,6.309805e-13
2024-05-12T12:56:30Z,487.2,-40.1,-92.61,6.433680e-13
2024-05-12T12:57:00Z,486.4,-38.19,-92.59,6.568579e-13
2024-05-12T12:57:30Z,485.6,-36.28,-92.58,6.714351e-13
2024-05-12T12:58:00Z,484.8,-34.37,-92.57,6.872904e-13
2024-05-12T12:58:30Z,484.0,-32.46,-92.57,7.044095e-13
2024-05-12T12:59:00Z,483.2,-30.55,-92.57,7.228497e-13
2024-05-12T12:59:30Z,482.4,-28.63,-92.58,7.428079e-13
2024-05-12T13:00:00Z,481.7,-26.72,-92.59,7.643659e-13
2024-05-12T13:00:30Z,480.9,-24.8,-92.61,7.878381e-13
2024-05-12T13:01:00Z,480.2,-22.88,-92.63,8.127325e-13
2024-05-12T13:01:30Z,479.5,-20.97,-92.65,8.391714e-13
2024-05-12T13:02:00Z,478.8,-19.05,-92.68,8.671724e-13
2024-05-12T13:02:30Z,478.2,-17.13,-92.7,8.966198e-13
2024-05-12T13:03:00Z,477.6,-15.21,-92.73,9.271529e-13
2024-05-12T13:03:30Z,477.0,-13.29,-92.76,9.584396e-13
2024-05-12T13:04:00Z,476.4,-11.37,-92.8,9.902051e-13
2024-05-12T13:04:30Z,475.9,-9.44,-92.83,1.021928e-12
2024-05-12T13:05:00Z,475.5,-7.52,-92.87,1.053231e-12
2024-05-12T13:05:30Z,475.0,-5.6,-92.9,1.083635e-12
2024-05-12T13:06:00Z,474.6,-3.68,-92.94,1.112804e-12
2024-05-12T13:06:30Z,474.3,-1.75,-92.97,1.140062e-12
2024-05-12T13:07:00Z,473.9,0.17,-93.01,1.164976e-12
2024-05-12T13:07:30Z,473.7,2.09,-93.05,1.187233e-12
2024-05-12T13:08:00Z,473.4,4.02,-93.08,1.206605e-12
2024-05-12T13:08:30Z,473.2,5.94,-93.12,1.222738e-12
2024-05-12T13:09:00Z,473.0,7.87,-93.15,1.235441e-12
2024-05-12T13:09:30Z,472.9,9.79,-93.19,1.244927e-12
2024-05-12T13:10:00Z,472.8,11.71,-93.22,1.250466e-12
2024-05-12T13:10:30Z,472.8,13.64,-93.25,1.252412e-12
2024-05-12T13:11:00Z,472.8,15.56,-93.28,1.250647e-12
2024-05-12T13:11:30Z,472.8,17.48,-93.31,1.245211e-12
2024-05-12T13:12:00Z,472.9,19.41,-93.34,1.235957e-12
2024-05-12T13:12:30Z,473.0,21.33,-93.36,1.222999e-12
2024-05-12T13:13:00Z,473.1,23.25,-93.39,1.206970e-12
2024-05-12T13:13:30Z,473.3,25.17,-93.4,1.188220e-12
2024-05-12T13:14:00Z,473.5,27.09,-93.42,1.167361e-12
2024-05-12T13:14:30Z,473.7,29.01,-93.43,1.144784e-12
2024-05-12T13:15:00Z,474.0,30.93,-93.44,1.121096e-12
2024-05-12T13:15:30Z,474.2,32.85,-93.44,1.096862e-12
2024-05-12T13:16:00Z,474.5,34.77,-93.44,1.072698e-12
2024-05-12T13:16:30Z,474.9,36.68,-93.43,1.049158e-12
2024-05-12T13:17:00Z,475.2,38.6,-93.41,1.026767e-12
2024-05-12T13:17:30Z,475.5,40.52,-93.39,1.005607e-12
2024-05-12T13:18:00Z,475.9,42.43,-93.36,9.866893e-13
2024-05-12T13:18:30Z,476.3,44.34,-93.32,9.703765e-13
2024-05-12T13:19:00Z,476.7,46.26,-93.26,9.569240e-13
2024-05-12T13:19:30Z,477.0,48.17,-93.2,9.465865e-13
2024-05-12T13:20:00Z,477.4,50.08,-93.11,9.394993e-13
2024-05-12T13:20:30Z,477.8,51.99,-93.02,9.359439e-13
2024-05-12T13:21:00Z,478.2,53.9,-92.9,9.359599e-13
2024-05-12T13:21:30Z,478.6,55.8,-92.76,9.395680e-13
2024-05-12T13:22:00Z,478.9,57.71,-92.59,9.466961e-13
2024-05-12T13:22:30Z,479.3,59.61,-92.39,9.567922e-13
2024-05-12T13:23:00Z,479.7,61.52,-92.15,9.695414e-13
2024-05-12T13:23:30Z,480.0,63.42,-91.86,9.844774e-13
2024-05-12T13:24:00Z,480.3,65.32,-91.51,1.001025e-12
2024-05-12T13:24:30Z,480.6,67.21,-91.09,1.018913e-12
2024-05-12T13:25:00Z,480.9,69.11,-90.58,1.037705e-12
2024-05-12T13:25:30Z,481.2,71.0,-89.95,1.056994e-12
2024-05-12T13:26:00Z,481.4,72.89,-89.16,1.076577e-12
2024-05-12T13:26:30Z,481.7,74.77,-88.14,1.096056e-12
2024-05-12T13:27:00Z,481.9,76.64,-86.82,1.115043e-12
2024-05-12T13:27:30Z,482.0,78.5,-85.03,1.133231e-12
2024-05-12T13:28:00Z,482.2,80.35,-82.52,1.150701e-12
2024-05-12T13:28:30Z,482.3,82.16,-78.8,1.167188e-12
2024-05-12T13:29:00Z,482.4,83.92,-72.81,1.182684e-12
2024-05-12T13:29:30Z,482.4,85.56,-62.13,1.197289e-12
2024-05-12T13:30:00Z,482.4,86.88,-40.9,1.211340e-12
2024-05-12T13:30:30Z,482.4,87.34,-3.57,1.224747e-12
2024-05-12T13:31:00Z,482.4,86.59,30.14,1.237107e-12
2024-05-12T13:31:30Z,482.3,85.16,47.8,1.247231e-12
2024-05-12T13:32:00Z,482.2,83.48,56.88,1.256822e-12
2024-05-12T13:32:30Z,482.1,81.7,62.13,1.266763e-12
2024-05-12T13:33:00Z,482.0,79.87,65.47,1.277380e-12
2024-05-12T13:33:30Z,481.8,78.02,67.76,1.289083e-12
2024-05-12T13:34:00Z,481.6,76.16,69.4,1.302120e-12
2024-05-12T13:34:30Z,481.3,74.28,70.63,1.317201e-12
2024-05-12T13:35:00Z,481.1,72.4,71.58,1.334598e-12
2024-05-12T13:35:30Z,480.8,70.51,72.33,1.354523e-12
2024-05-12T13:36:00Z,480.5,68.62,72.93,1.378539e-12
2024-05-12T13:36:30Z,480.2,66.72,73.42,1.405444e-12
2024-05-12T13:37:00Z,479.8,64.82,73.81,1.433950e-12
2024-05-12T13:37:30Z,479.5,62.92,74.14,1.463896e-12
2024-05-12T13:38:00Z,479.1,61.02,74.42,1.494179e-12
2024-05-12T13:38:30Z,478.7,59.12,74.65,1.524682e-12
2024-05-12T13:39:00Z,478.3,57.21,74.84,1.554904e-12
2024-05-12T13:39:30Z,477.9,55.31,75.0,1.584674e-12
2024-05-12T13:40:00Z,477.5,53.4,75.13,1.614030e-12
2024-05-12T13:40:30Z,477.1,51.49,75.25,1.643380e-12
2024-05-12T13:41:00Z,476.7,49.58,75.34,1.671924e-12
2024-05-12T13:41:30Z,476.3,47.67,75.42,1.698511e-12
2024-05-12T13:42:00Z,475.9,45.75,75.48,1.724079e-12
2024-05-12T13:42:30Z,475.5,43.84,75.53,1.748281e-12
2024-05-12T13:43:00Z,475.1,41.93,75.57,1.770544e-12
2024-05-12T13:43:30Z,474.7,40.01,75.6,1.790494e-12
2024-05-12T13:44:00Z,474.3,38.1,75.62,1.807922e-12
2024-05-12T13:44:30Z,474.0,36.18,75.64,1.822627e-12
2024-05-12T13:45:00Z,473.6,34.26,75.64,1.834398e-12
2024-05-12T13:45:30Z,473.3,32.34,75.64,1.843235e-12
2024-05-12T13:46:00Z,473.0,30.42,75.64,1.849035e-12
2024-05-12T13:46:30Z,472.8,28.5,75.63,1.851942e-12
2024-05-12T13:47:00Z,472.5,26.58,75.62,1.852043e-12
2024-05-12T13:47:30Z,472.3,24.66,75.6,1.849693e-12
2024-05-12T13:48:00Z,472.2,22.74,75.58,1.845018e-12
2024-05-12T13:48:30Z,472.0,20.82,75.56,1.838394e-12
2024-05-12T13:49:00Z,471.9,18.89,75.54,1.830158e-12
2024-05-12T13:49:30Z,471.9,16.97,75.51,1.820475e-12
2024-05-12T13:50:00Z,471.8,15.05,75.48,1.809705e-12
2024-05-12T13:50:30Z,471.8,13.12,75.45,1.798023e-12
2024-05-12T13:51:00Z,471.9,11.2,75.42,1.785655e-12
2024-05-12T13:51:30Z,472.0,9.28,75.38,1.772862e-12
2024-05-12T13:52:00Z,472.1,7.35,75.35,1.759856e-12
2024-05-12T13:52:30Z,472.3,5.43,75.31,1.746824e-12
2024-05-12T13:53:00Z,472.5,3.5,75.28,1.733761e-12
2024-05-12T13:53:30Z,472.7,1.58,75.24,1.720848e-12
2024-05-12T13:54:00Z,473.0,-0.35,75.2,1.707869e-12
2024-05-12T13:54:30Z,473.4,-2.27,75.17,1.695136e-12
2024-05-12T13:55:00Z,473.7,-4.19,75.13,1.682277e-12
2024-05-12T13:55:30Z,474.2,-6.12,75.1,1.668935e-12
2024-05-12T13:56:00Z,474.6,-8.04,75.06,1.654736e-12
2024-05-12T13:56:30Z,475.1,-9.96,75.03,1.638967e-12
2024-05-12T13:57:00Z,475.6,-11.88,74.99,1.621337e-12
2024-05-12T13:57:30Z,476.2,-13.81,74.96,1.601672e-12
2024-05-12T13:58:00Z,476.8,-15.73,74.93,1.579563e-12
2024-05-12T13:58:30Z,477.4,-17.65,74.9,1.554620e-12
2024-05-12T13:59:00Z,478.1,-19.57,74.87,1.527313e-12
2024-05-12T13:59:30Z,478.8,-21.49,74.85,1.497742e-12
2024-05-12T14:00:00Z,479.5,-23.4,74.83,1.465817e-12
2024-05-12T14:00:30Z,480.2,-25.32,74.81,1.431714e-12
2024-05-12T14:01:00Z,481.0,-27.24,74.79,1.395580e-12
2024-05-12T14:01:30Z,481.8,-29.15,74.78,1.357595e-12
2024-05-12T14:02:00Z,482.6,-31.07,74.78,1.318012e-12
2024-05-12T14:02:30Z,483.4,-32.98,74.77,1.277041e-12
2024-05-12T14:03:00Z,484.2,-34.89,74.78,1.234897e-12
2024-05-12T14:03:30Z,485.1,-36.81,74.78,1.191871e-12
2024-05-12T14:04:00Z,485.9,-38.72,74.8,1.148080e-12
2024-05-12T14:04:30Z,486.7,-40.63,74.82,1.104002e-12
2024-05-12T14:05:00Z,487.6,-42.53,74.86,1.059855e-12
2024-05-12T14:05:30Z,488.4,-44.44,74.9,1.016182e-12
2024-05-12T14:06:00Z,489.3,-46.35,74.95,9.733352e-13
2024-05-12T14:06:30Z,490.1,-48.25,75.02,9.308963e-13
2024-05-12T14:07:00Z,490.9,-50.15,75.1,8.901191e-13
2024-05-12T14:07:30Z,491.7,-52.06,75.2,8.513959e-13
2024-05-12T14:08:00Z,492.5,-53.96,75.31,8.149965e-13
2024-05-12T14:08:30Z,493.2,-55.86,75.45,7.809470e-13
2024-05-12T14:09:00Z,494.0,-57.75,75.62,7.492061e-13
2024-05-12T14:09:30Z,494.7,-59.65,75.82,7.194606e-13
2024-05-12T14:10:00Z,495.3,-61.54,76.06,6.917817e-13
2024-05-12T14:10:30Z,496.0,-63.44,76.35,6.662583e-13
2024-05-12T14:11:00Z,496.6,-65.33,76.69,6.428473e-13
2024-05-12T14:11:30Z,497.2,-67.21,77.11,6.215971e-13
2024-05-12T14:12:00Z,497.7,-69.1,77.62,6.030911e-13
2024-05-12T14:12:30Z,498.2,-70.98,78.25,5.867401e-13
2024-05-12T14:13:00Z,498.7,-72.86,79.03,5.724594e-13
2024-05-12T14:13:30Z,499.1,-74.73,80.04,5.604299e-13
2024-05-12T14:14:00Z,499.5,-76.6,81.34,5.504325e-13
2024-05-12T14:14:30Z,499.8,-78.45,83.1,5.424760e-13
2024-05-12T14:15:00Z,500.1,-80.28,85.57,5.364128e-13
2024-05-12T14:15:30Z,500.3,-82.09,89.21,5.321975e-13
2024-05-12T14:16:00Z,500.5,-83.85,95.03,5.295426e-13
2024-05-12T14:16:30Z,500.6,-85.48,105.33,5.277832e-13
2024-05-12T14:17:00Z,500.7,-86.82,125.66,5.271633e-13
2024-05-12T14:17:30Z,500.8,-87.35,162.11,5.277859e-13
2024-05-12T14:18:00Z,500.7,-86.67,-163.35,5.291512e-13
2024-05-12T14:18:30Z,500.7,-85.27,-144.9,5.308177e-13
2024-05-12T14:19:00Z,500.6,-83.61,-135.44,5.324294e-13
2024-05-12T14:19:30Z,500.4,-81.85,-130.02,5.344242e-13
2024-05-12T14:20:00Z,500.2,-80.03,-126.58,5.369025e-13
2024-05-12T14:20:30Z,499.9,-78.2,-124.23,5.400081e-13
2024-05-12T14:21:00Z,499.6,-76.34,-122.54,5.438297e-13
2024-05-12T14:21:30Z,499.3,-74.47,-121.28,5.482596e-13
2024-05-12T14:22:00Z,498.9,-72.6,-120.31,5.533046e-13
2024-05-12T14:22:30Z,498.4,-70.72,-119.55,5.583654e-13
2024-05-12T14:23:00Z,497.9,-68.84,-118.94,5.635354e-13
2024-05-12T14:23:30Z,497.4,-66.96,-118.45,5.686077e-13
2024-05-12T14:24:00Z,496.8,-65.07,-118.04,5.736044e-13
2024-05-12T14:24:30Z,496.3,-63.18,-117.71,5.786238e-13
2024-05-12T14:25:00Z,495.6,-61.29,-117.43,5.835217e-13
2024-05-12T14:25:30Z,495.0,-59.39,-117.19,5.884393e-13
2024-05-12T14:26:00Z,494.3,-57.49,-117.0,5.935079e-13
2024-05-12T14:26:30Z,493.6,-55.6,-116.83,5.982367e-13
2024-05-12T14:27:00Z,492.8,-53.7,-116.7,6.031451e-13
2024-05-12T14:27:30Z,492.1,-51.8,-116.58,6.084045e-13
2024-05-12T14:28:00Z,491.3,-49.9,-116.49,6.140514e-13
2024-05-12T14:28:30Z,490.5,-47.99,-116.41,6.204050e-13
2024-05-12T14:29:00Z,489.7,-46.09,-116.34,6.271736e-13
2024-05-12T14:29:30Z,488.9,-44.18,-116.29,6.349923e-13
2024-05-12T14:30:00Z,488.1,-42.28,-116.25,6.435608e-13
2024-05-12T14:30:30Z,487.3,-40.37,-116.22,6.533454e-13
2024-05-12T14:31:00Z,486.4,-38.46,-116.2,6.646045e-13
2024-05-12T14:31:30Z,485.6,-36.55,-116.18,6.770285e-13
2024-05-12T14:32:00Z,484.8,-34.64,-116.17,6.909419e-13
2024-05-12T14:32:30Z,484.0,-32.73,-116.17,7.060045e-13
2024-05-12T14:33:00Z,483.2,-30.81,-116.18,7.221094e-13
2024-05-12T14:33:30Z,482.4,-28.9,-116.18,7.391104e-13
2024-05-12T14:34:00Z,481.6,-26.98,-116.2,7.567902e-13
2024-05-12T14:34:30Z,480.9,-25.07,-116.21,7.749323e-13
2024-05-12T14:35:00Z,480.2,-23.15,-116.23,7.933774e-13
2024-05-12T14:35:30Z,479.5,-21.23,-116.25,8.119567e-13
2024-05-12T14:36:00Z,478.8,-19.31,-116.28,8.304285e-13
2024-05-12T14:36:30Z,478.1,-17.39,-116.3,8.487663e-13
2024-05-12T14:37:00Z,477.5,-15.47,-116.33,8.669703e-13
2024-05-12T14:37:30Z,476.9,-13.55,-116.36,8.848852e-13
2024-05-12T14:38:00Z,476.4,-11.63,-116.4,9.024585e-13
2024-05-12T14:38:30Z,475.9,-9.71,-116.43,9.194906e-13
2024-05-12T14:39:00Z,475.4,-7.79,-116.46,9.359091e-13
2024-05-12T14:39:30Z,474.9,-5.86,-116.5,9.515265e-13
2024-05-12T14:40:00Z,474.5,-3.94,-116.54,9.663786e-13
2024-05-12T14:40:30Z,474.1,-2.02,-116.57,9.801587e-13
2024-05-12T14:41:00Z,473.8,-0.1,-116.61,9.929463e-13
2024-05-12T14:41:30Z,473.5,1.83,-116.65,1.004638e-12
2024-05-12T14:42:00Z,473.3,3.75,-116.68,1.015008e-12
2024-05-12T14:42:30Z,473.1,5.68,-116.72,1.024277e-12
2024-05-12T14:43:00Z,472.9,7.6,-116.75,1.032441e-12
2024-05-12T14:43:30Z,472.8,9.52,-116.79,1.039306e-12
2024-05-12T14:44:00Z,472.7,11.45,-116.82,1.044996e-12
2024-05-12T14:44:30Z,472.6,13.37,-116.85,1.049251e-12
2024-05-12T14:45:00Z,472.6,15.29,-116.88,1.052286e-12
2024-05-12T14:45:30Z,472.7,17.22,-116.91,1.054074e-12
2024-05-12T14:46:00Z,472.7,19.14,-116.94,1.054478e-12
2024-05-12T14:46:30Z,472.8,21.06,-116.97,1.053255e-12
2024-05-12T14:47:00Z,473.0,22.98,-116.99,1.050764e-12
2024-05-12T14:47:30Z,473.1,24.91,-117.01,1.047242e-12
2024-05-12T14:48:00Z,473.3,26.83,-117.02,1.042722e-12
2024-05-12T14:48:30Z,473.5,28.75,-117.04,1.037272e-12
2024-05-12T14:49:00Z,473.8,30.67,-117.04,1.031259e-12
2024-05-12T14:49:30Z,474.1,32.58,-117.05,1.024436e-12
2024-05-12T14:50:00Z,474.4,34.5,-117.04,1.017280e-12
2024-05-12T14:50:30Z,474.7,36.42,-117.04,1.009889e-12
2024-05-12T14:51:00Z,475.0,38.34,-117.02,1.002578e-12
2024-05-12T14:51:30Z,475.4,40.25,-117.0,9.945062e-13
2024-05-12T14:52:00Z,475.7,42.17,-116.97,9.868251e-13
2024-05-12T14:52:30Z,476.1,44.08,-116.93,9.798632e-13
2024-05-12T14:53:00Z,476.5,45.99,-116.88,9.737339e-13
2024-05-12T14:53:30Z,476.9,47.91,-116.81,9.685749e-13
2024-05-12T14:54:00Z,477.2,49.82,-116.73,9.644605e-13
2024-05-12T14:54:30Z,477.6,51.73,-116.64,9.616494e-13
2024-05-12T14:55:00Z,478.0,53.63,-116.52,9.602574e-13
2024-05-12T14:55:30Z,478.4,55.54,-116.38,9.608780e-13
2024-05-12T14:56:00Z,478.8,57.45,-116.22,9.638489e-13
2024-05-12T14:56:30Z,479.2,59.35,-116.02,9.694463e-13
2024-05-12T14:57:00Z,479.5,61.26,-115.79,9.779302e-13
2024-05-12T14:57:30Z,479.9,63.16,-115.51,9.892360e-13
2024-05-12T14:58:00Z,480.2,65.06,-115.17,1.003133e-12
2024-05-12T14:58:30Z,480.5,66.95,-114.76,1.019203e-12
2024-05-12T14:59:00Z,480.8,68.85,-114.26,1.037313e-12
2024-05-12T14:59:30Z,481.1,70.74,-113.65,1.057526e-12
2024-05-12T15:00:00Z,481.3,72.63,-112.88,1.080961e-12
2024-05-12T15:00:30Z,481.5,74.51,-111.9,1.105061e-12
2024-05-12T15:01:00Z,481.8,76.39,-110.63,1.130765e-12
2024-05-12T15:01:30Z,481.9,78.25,-108.92,1.157268e-12
2024-05-12T15:02:00Z,482.1,80.1,-106.53,1.183820e-12
2024-05-12T15:02:30Z,482.2,81.92,-103.01,1.211323e-12
2024-05-12T15:03:00Z,482.3,83.69,-97.44,1.239335e-12
2024-05-12T15:03:30Z,482.4,85.35,-87.64,1.267731e-12
2024-05-12T15:04:00Z,482.4,86.73,-68.37,1.296471e-12
2024-05-12T15:04:30Z,482.4,87.36,-32.78,1.325384e-12
2024-05-12T15:05:00Z,482.4,86.75,2.99,1.354277e-12
2024-05-12T15:05:30Z,482.3,85.37,22.46,1.381504e-12
2024-05-12T15:06:00Z,482.2,83.71,32.34,1.407434e-12
2024-05-12T15:06:30Z,482.1,81.94,37.95,1.432041e-12
2024-05-12T15:07:00Z,482.0,80.12,41.49,1.455573e-12
2024-05-12T15:07:30Z,481.8,78.28,43.89,1.478007e-12
2024-05-12T15:08:00Z,481.6,76.41,45.6,1.499497e-12
2024-05-12T15:08:30Z,481.4,74.54,46.88,1.518366e-12
2024-05-12T15:09:00Z,481.1,72.65,47.87,1.536763e-12
2024-05-12T15:09:30Z,480.8,70.77,48.64,1.555105e-12
2024-05-12T15:10:00Z,480.5,68.87,49.25,1.573458e-12
2024-05-12T15:10:30Z,480.2,66.98,49.75,1.591741e-12
2024-05-12T15:11:00Z,479.9,65.08,50.16,1.609729e-12
2024-05-12T15:11:30Z,479.5,63.18,50.5,1.626790e-12
2024-05-12T15:12:00Z,479.2,61.28,50.78,1.642295e-12
2024-05-12T15:12:30Z,478.8,59.38,51.02,1.655583e-12
2024-05-12T15:13:00Z,478.4,57.47,51.21,1.667068e-12
2024-05-12T15:13:30Z,478.0,55.57,51.38,1.677250e-12
2024-05-12T15:14:00Z,477.6,53.66,51.51,1.686411e-12
2024-05-12T15:14:30Z,477.2,51.75,51.63,1.694989e-12
2024-05-12T15:15:00Z,476.8,49.84,51.73,1.703205e-12
2024-05-12T15:15:30Z,476.4,47.93,51.8,1.711045e-12
2024-05-12T15:16:00Z,475.9,46.02,51.87,1.718673e-12
2024-05-12T15:16:30Z,475.5,44.1,51.92,1.726239e-12
2024-05-12T15:17:00Z,475.2,42.19,51.96,1.733239e-12
2024-05-12T15:17:30Z,474.8,40.27,51.99,1.739870e-12
2024-05-12T15:18:00Z,474.4,38.36,52.02,1.745799e-12
2024-05-12T15:18:30Z,474.1,36.44,52.03,1.750870e-12
2024-05-12T15:19:00Z,473.7,34.52,52.04,1.754680e-12
2024-05-12T15:19:30Z,473.4,32.6,52.04,1.757003e-12
2024-05-12T15:20:00Z,473.1,30.69,52.04,1.757516e-12
2024-05-12T15:20:30Z,472.9,28.77,52.03,1.755969e-12
2024-05-12T15:21:00Z,472.6,26.85,52.02,1.752061e-12
2024-05-12T15:21:30Z,472.4,24.92,52.0,1.745567e-12
2024-05-12T15:22:00Z,472.3,23.0,51.98,1.736469e-12
2024-05-12T15:22:30Z,472.1,21.08,51.96,1.724732e-12
2024-05-12T15:23:00Z,472.0,19.16,51.94,1.710431e-12
2024-05-12T15:23:30Z,471.9,17.23,51.91,1.693524e-12
2024-05-12T15:24:00Z,471.9,15.31,51.88,1.674404e-12
2024-05-12T15:24:30Z,471.9,13.39,51.85,1.653234e-12
2024-05-12T15:25:00Z,471.9,11.46,51.82,1.630136e-12
2024-05-12T15:25:30Z,472.0,9.54,51.78,1.605704e-12
2024-05-12T15:26:00Z,472.1,7.62,51.75,1.580158e-12
2024-05-12T15:26:30Z,472.3,5.69,51.71,1.553994e-12
2024-05-12T15:27:00Z,472.5,3.77,51.68,1.527689e-12
2024-05-12T15:27:30Z,472.8,1.84,51.64,1.501944e-12
2024-05-12T15:28:00Z,473.0,-0.08,51.6,1.477738e-12
2024-05-12T15:28:30Z,473.4,-2.01,51.57,1.454838e-12
2024-05-12T15:29:00Z,473.7,-3.93,51.53,1.433796e-12
2024-05-12T15:29:30Z,474.2,-5.85,51.5,1.414662e-12
2024-05-12T15:30:00Z,474.6,-7.78,51.46,1.397748e-12
2024-05-12T15:30:30Z,475.1,-9.7,51.43,1.382542e-12
2024-05-12T15:31:00Z,475.6,-11.62,51.39,1.369194e-12
2024-05-12T15:31:30Z,476.2,-13.54,51.36,1.357690e-12
2024-05-12T15:32:00Z,476.8,-15.46,51.33,1.347457e-12
2024-05-12T15:32:30Z,477.4,-17.38,51.3,1.338226e-12
2024-05-12T15:33:00Z,478.1,-19.3,51.27,1.330227e-12
2024-05-12T15:33:30Z,478.7,-21.22,51.25,1.322883e-12
2024-05-12T15:34:00Z,479.4,-23.14,51.23,1.315971e-12
2024-05-12T15:34:30Z,480.2,-25.06,51.21,1.308975e-12
2024-05-12T15:35:00Z,480.9,-26.98,51.19,1.301742e-12
2024-05-12T15:35:30Z,481.7,-28.89,51.18,1.293787e-12
2024-05-12T15:36:00Z,482.5,-30.81,51.17,1.284533e-12
2024-05-12T15:36:30Z,483.3,-32.72,51.17,1.274019e-12
2024-05-12T15:37:00Z,484.1,-34.63,51.17,1.261833e-12
2024-05-12T15:37:30Z,485.0,-36.54,51.18,1.247953e-12
2024-05-12T15:38:00Z,485.8,-38.45,51.19,1.232273e-12
2024-05-12T15:38:30Z,486.6,-40.36,51.21,1.214504e-12
2024-05-12T15:39:00Z,487.5,-42.27,51.25,1.194862e-12
2024-05-12T15:39:30Z,488.3,-44.18,51.29,1.173200e-12
2024-05-12T15:40:00Z,489.1,-46.08,51.34,1.149327e-12
2024-05-12T15:40:30Z,490.0,-47.99,51.4,1.122243e-12
2024-05-12T15:41:00Z,490.8,-49.89,51.48,1.093667e-12
2024-05-12T15:41:30Z,491.6,-51.79,51.58,1.063756e-12
2024-05-12T15:42:00Z,492.3,-53.7,51.69,1.033060e-12
2024-05-12T15:42:30Z,493.1,-55.59,51.83,1.001562e-12
2024-05-12T15:43:00Z,493.8,-57.49,51.99,9.697136e-13
2024-05-12T15:43:30Z,494.5,-59.39,52.19,9.381102e-13
2024-05-12T15:44:00Z,495.2,-61.28,52.42,9.078232e-13
2024-05-12T15:44:30Z,495.9,-63.18,52.7,8.783819e-13
2024-05-12T15:45:00Z,496.5,-65.07,53.03,8.494599e-13
2024-05-12T15:45:30Z,497.1,-66.96,53.44,8.213384e-13
2024-05-12T15:46:00Z,497.6,-68.84,53.93,7.938807e-13
2024-05-12T15:46:30Z,498.1,-70.72,54.54,7.672699e-13
2024-05-12T15:47:00Z,498.6,-72.6,55.31,7.414349e-13
2024-05-12T15:47:30Z,499.0,-74.47,56.27,7.155676e-13
2024-05-12T15:48:00Z,499.4,-76.34,57.53,6.907660e-13
2024-05-12T15:48:30Z,499.7,-78.2,59.22,6.676129e-13
2024-05-12T15:49:00Z,500.0,-80.03,61.57,6.463740e-13
2024-05-12T15:49:30Z,500.2,-81.85,65.01,6.270656e-13
2024-05-12T15:50:00Z,500.4,-83.61,70.43,6.095132e-13
2024-05-12T15:50:30Z,500.5,-85.27,79.88,5.938300e-13
2024-05-12T15:51:00Z,500.6,-86.67,98.34,5.798686e-13
2024-05-12T15:51:30Z,500.7,-87.35,132.9,5.677083e-13
2024-05-12T15:52:00Z,500.7,-86.82,169.35,5.569995e-13
2024-05-12T15:52:30Z,500.6,-85.48,-170.32,5.469472e-13
2024-05-12T15:53:00Z,500.5,-83.85,-160.03,5.375173e-13
2024-05-12T15:53:30Z,500.3,-82.09,-154.21,5.286425e-13
2024-05-12T15:54:00Z,500.1,-80.28,-150.57,5.206348e-13
2024-05-12T15:54:30Z,499.8,-78.45,-148.1,5.137173e-13
2024-05-12T15:55:00Z,499.5,-76.59,-146.34,5.076997e-13
2024-05-12T15:55:30Z,499.2,-74.73,-145.04,5.032934e-13
2024-05-12T15:56:00Z,498.8,-72.86,-144.03,5.006820e-13
2024-05-12T15:56:30Z,498.4,-70.98,-143.25,5.000759e-13
2024-05-12T15:57:00Z,497.9,-69.1,-142.62,5.012398e-13
2024-05-12T15:57:30Z,497.4,-67.21,-142.11,5.042178e-13
2024-05-12T15:58:00Z,496.8,-65.33,-141.7,5.089297e-13
2024-05-12T15:58:30Z,496.2,-63.44,-141.35,5.150693e-13
2024-05-12T15:59:00Z,495.6,-61.54,-141.06,5.224440e-13
2024-05-12T15:59:30Z,494.9,-59.65,-140.83,5.307175e-13
2024-05-12T16:00:00Z,494.2,-57.75,-140.63,5.396344e-13
2024-05-12T16:00:30Z,493.5,-55.86,-140.46,5.487993e-13
2024-05-12T16:01:00Z,492.8,-53.96,-140.32,5.582524e-13
2024-05-12T16:01:30Z,492.0,-52.06,-140.2,5.681881e-13
2024-05-12T16:02:00Z,491.3,-50.16,-140.1,5.783382e-13
2024-05-12T16:02:30Z,490.5,-48.25,-140.02,5.884739e-13
2024-05-12T16:03:00Z,489.7,-46.35,-139.96,5.984637e-13
2024-05-12T16:03:30Z,488.9,-44.44,-139.9,6.082987e-13
2024-05-12T16:04:00Z,488.1,-42.54,-139.86,6.178584e-13
2024-05-12T16:04:30Z,487.2,-40.63,-139.83,6.270654e-13
2024-05-12T16:05:00Z,486.4,-38.72,-139.8,6.358790e-13
2024-05-12T16:05:30Z,485.6,-36.81,-139.79,6.447077e-13
2024-05-12T16:06:00Z,484.8,-34.9,-139.78,6.533120e-13
2024-05-12T16:06:30Z,484.0,-32.99,-139.78,6.619643e-13
2024-05-12T16:07:00Z,483.2,-31.07,-139.78,6.705502e-13
2024-05-12T16:07:30Z,482.4,-29.16,-139.79,6.795215e-13
2024-05-12T16:08:00Z,481.6,-27.24,-139.8,6.890188e-13
2024-05-12T16:08:30Z,480.9,-25.33,-139.81,6.991188e-13
2024-05-12T16:09:00Z,480.1,-23.41,-139.83,7.099546e-13
2024-05-12T16:09:30Z,479.4,-21.49,-139.85,7.220244e-13
2024-05-12T16:10:00Z,478.8,-19.57,-139.88,7.353805e-13
2024-05-12T16:10:30Z,478.1,-17.65,-139.91,7.496476e-13
2024-05-12T16:11:00Z,477.5,-15.73,-139.93,7.650275e-13
2024-05-12T16:11:30Z,476.9,-13.81,-139.97,7.815100e-13
2024-05-12T16:12:00Z,476.3,-11.89,-140.0,7.989249e-13
2024-05-12T16:12:30Z,475.8,-9.97,-140.03,8.170157e-13
2024-05-12T16:13:00Z,475.3,-8.05,-140.07,8.356143e-13
2024-05-12T16:13:30Z,474.9,-6.13,-140.1,8.544609e-13
2024-05-12T16:14:00Z,474.5,-4.2,-140.14,8.732953e-13
2024-05-12T16:14:30Z,474.1,-2.28,-140.17,8.918136e-13
2024-05-12T16:15:00Z,473.8,-0.36,-140.21,9.099794e-13
2024-05-12T16:15:30Z,473.5,1.57,-140.25,9.274803e-13
2024-05-12T16:16:00Z,473.2,3.49,-140.28,9.441882e-13
2024-05-12T16:16:30Z,473.0,5.42,-140.32,9.598689e-13
2024-05-12T16:17:00Z,472.8,7.34,-140.35,9.744804e-13
2024-05-12T16:17:30Z,472.7,9.26,-140.39,9.879504e-13
2024-05-12T16:18:00Z,472.6,11.19,-140.42,1.000275e-12
2024-05-12T16:18:30Z,472.6,13.11,-140.46,1.011527e-12
2024-05-12T16:19:00Z,472.6,15.03,-140.49,1.021867e-12
2024-05-12T16:19:30Z,472.6,16.96,-140.52,1.031497e-12
2024-05-12T16:20:00Z,472.6,18.88,-140.54,1.040317e-12
2024-05-12T16:20:30Z,472.7,20.8,-140.57,1.048921e-12
2024-05-12T16:21:00Z,472.9,22.72,-140.59,1.056658e-12
2024-05-12T16:21:30Z,473.0,24.65,-140.61,1.064366e-12
2024-05-12T16:22:00Z,473.2,26.57,-140.63,1.072150e-12
2024-05-12T16:22:30Z,473.4,28.49,-140.64,1.080291e-12
2024-05-12T16:23:00Z,473.7,30.41,-140.65,1.088890e-12
2024-05-12T16:23:30Z,474.0,32.33,-140.65,1.098040e-12
2024-05-12T16:24:00Z,474.3,34.24,-140.65,1.107716e-12
2024-05-12T16:24:30Z,474.6,36.16,-140.64,1.117878e-12
2024-05-12T16:25:00Z,474.9,38.08,-140.63,1.128387e-12
2024-05-12T16:25:30Z,475.3,39.99,-140.61,1.139295e-12
2024-05-12T16:26:00Z,475.6,41.91,-140.58,1.150413e-12
2024-05-12T16:26:30Z,476.0,43.82,-140.54,1.161795e-12
2024-05-12T16:27:00Z,476.4,45.74,-140.49,1.173762e-12
2024-05-12T16:27:30Z,476.8,47.65,-140.43,1.184735e-12
2024-05-12T16:28:00Z,477.2,49.56,-140.35,1.196193e-12
2024-05-12T16:28:30Z,477.6,51.47,-140.26,1.208197e-12
2024-05-12T16:29:00Z,477.9,53.38,-140.15,1.220845e-12
2024-05-12T16:29:30Z,478.3,55.28,-140.01,1.234044e-12
2024-05-12T16:30:00Z,478.7,57.19,-139.85,1.247876e-12
2024-05-12T16:30:30Z,479.1,59.1,-139.66,1.262368e-12
2024-05-12T16:31:00Z,479.5,61.0,-139.43,1.278335e-12
2024-05-12T16:31:30Z,479.8,62.9,-139.16,1.296011e-12
2024-05-12T16:32:00Z,480.1,64.8,-138.83,1.315150e-12
2024-05-12T16:32:30Z,480.5,66.7,-138.43,1.335631e-12
2024-05-12T16:33:00Z,480.8,68.59,-137.95,1.357717e-12
2024-05-12T16:33:30Z,481.0,70.49,-137.35,1.381170e-12
2024-05-12T16:34:00Z,481.3,72.37,-136.61,1.405882e-12
2024-05-12T16:34:30Z,481.5,74.26,-135.66,1.427907e-12
2024-05-12T16:35:00Z,481.7,76.13,-134.43,1.449761e-12
2024-05-12T16:35:30Z,481.9,78.0,-132.8,1.471484e-12
2024-05-12T16:36:00Z,482.1,79.85,-130.52,1.492803e-12
2024-05-12T16:36:30Z,482.2,81.68,-127.2,1.514860e-12
2024-05-12T16:37:00Z,482.3,83.46,-121.99,1.537671e-12
2024-05-12T16:37:30Z,482.4,85.14,-112.98,1.559554e-12
2024-05-12T16:38:00Z,482.4,86.58,-95.46,1.580677e-12
2024-05-12T16:38:30Z,482.4,87.34,-61.93,1.601052e-12
2024-05-12T16:39:00Z,482.4,86.89,-24.43,1.616703e-12
2024-05-12T16:39:30Z,482.3,85.58,-3.02,1.628414e-12
2024-05-12T16:40:00Z,482.3,83.95,7.74,1.637790e-12
2024-05-12T16:40:30Z,482.1,82.19,13.75,1.644890e-12
2024-05-12T16:41:00Z,482.0,80.37,17.5,1.649816e-12
2024-05-12T16:41:30Z,481.8,78.53,20.01,1.652200e-12
2024-05-12T16:42:00Z,481.6,76.66,21.8,1.653259e-12
2024-05-12T16:42:30Z,481.4,74.79,23.13,1.653989e-12
2024-05-12T16:43:00Z,481.2,72.91,24.15,1.654881e-12
2024-05-12T16:43:30Z,480.9,71.02,24.94,1.657051e-12
2024-05-12T16:44:00Z,480.6,69.13,25.58,1.660933e-12
2024-05-12T16:44:30Z,480.3,67.24,26.09,1.666647e-12
2024-05-12T16:45:00Z,480.0,65.34,26.51,1.674524e-12
2024-05-12T16:45:30Z,479.6,63.44,26.86,1.684151e-12
2024-05-12T16:46:00Z,479.2,61.54,27.14,1.694733e-12
2024-05-12T16:46:30Z,478.9,59.63,27.38,1.705666e-12
2024-05-12T16:47:00Z,478.5,57.73,27.59,1.716462e-12
2024-05-12T16:47:30Z,478.1,55.82,27.75,1.726515e-12
2024-05-12T16:48:00Z,477.7,53.92,27.9,1.736083e-12
2024-05-12T16:48:30Z,477.3,52.01,28.01,1.745494e-12
2024-05-12T16:49:00Z,476.8,50.1,28.11,1.754538e-12
2024-05-12T16:49:30Z,476.4,48.19,28.19,1.762882e-12
2024-05-12T16:50:00Z,476.0,46.27,28.26,1.770043e-12
2024-05-12T16:50:30Z,475.6,44.36,28.31,1.775813e-12
2024-05-12T16:51:00Z,475.2,42.45,28.35,1.780004e-12
2024-05-12T16:51:30Z,474.9,40.53,28.39,1.782012e-12
2024-05-12T16:52:00Z,474.5,38.62,28.41,1.781741e-12
2024-05-12T16:52:30Z,474.1,36.7,28.43,1.778876e-12
2024-05-12T16:53:00Z,473.8,34.78,28.43,1.773577e-12
2024-05-12T16:53:30Z,473.5,32.86,28.44,1.765836e-12
2024-05-12T16:54:00Z,473.2,30.94,28.43,1.755757e-12
2024-05-12T16:54:30Z,472.9,29.03,28.43,1.743429e-12
2024-05-12T16:55:00Z,472.7,27.1,28.42,1.729161e-12
2024-05-12T16:55:30Z,472.5,25.18,28.4,1.713035e-12
2024-05-12T16:56:00Z,472.3,23.26,28.38,1.695494e-12
2024-05-12T16:56:30Z,472.1,21.34,28.36,1.677395e-12
2024-05-12T16:57:00Z,472.0,19.42,28.34,1.658066e-12
2024-05-12T16:57:30Z,471.9,17.49,28.31,1.638087e-12
2024-05-12T16:58:00Z,471.9,15.57,28.28,1.617434e-12
2024-05-12T16:58:30Z,471.9,13.65,28.25,1.596393e-12
2024-05-12T16:59:00Z,471.9,11.72,28.22,1.574928e-12
2024-05-12T16:59:30Z,472.0,9.8,28.18,1.553174e-12
2024-05-12T17:00:00Z,472.1,7.88,28.15,1.531194e-12
2024-05-12T17:00:30Z,472.3,5.95,28.11,1.509163e-12
2024-05-12T17:01:00Z,472.5,4.03,28.08,1.487380e-12
2024-05-12T17:01:30Z,472.7,2.1,28.04,1.466036e-12
2024-05-12T17:02:00Z,473.0,0.18,28.0,1.445458e-12
2024-05-12T17:02:30Z,473.3,-1.75,27.97,1.425652e-12
2024-05-12T17:03:00Z,473.7,-3.67,27.93,1.406580e-12
2024-05-12T17:03:30Z,474.1,-5.59,27.9,1.388915e-12
2024-05-12T17:04:00Z,474.5,-7.52,27.86,1.372267e-12
2024-05-12T17:04:30Z,475.0,-9.44,27.82,1.356496e-12
2024-05-12T17:05:00Z,475.5,-11.36,27.79,1.341287e-12
2024-05-12T17:05:30Z,476.1,-13.28,27.76,1.326582e-12
2024-05-12T17:06:00Z,476.6,-15.2,27.73,1.311823e-12
2024-05-12T17:06:30Z,477.3,-17.13,27.7,1.296846e-12
2024-05-12T17:07:00Z,477.9,-19.05,27.67,1.281910e-12
2024-05-12T17:07:30Z,478.6,-20.96,27.65,1.267016e-12
2024-05-12T17:08:00Z,479.3,-22.88,27.62,1.251773e-12
2024-05-12T17:08:30Z,480.0,-24.8,27.6,1.236193e-12
2024-05-12T17:09:00Z,480.8,-26.72,27.59,1.219934e-12
2024-05-12T17:09:30Z,481.5,-28.63,27.57,1.202740e-12
2024-05-12T17:10:00Z,482.3,-30.55,27.57,1.184558e-12
2024-05-12T17:10:30Z,483.1,-32.46,27.56,1.165204e-12
2024-05-12T17:11:00Z,484.0,-34.37,27.56,1.144532e-12
2024-05-12T17:11:30Z,484.8,-36.29,27.57,1.122517e-12
2024-05-12T17:12:00Z,485.6,-38.2,27.58,1.099126e-12
2024-05-12T17:12:30Z,486.5,-40.11,27.61,1.074322e-12
2024-05-12T17:13:00Z,487.3,-42.01,27.63,1.048120e-12
2024-05-12T17:13:30Z,488.1,-43.92,27.67,1.020640e-12
2024-05-12T17:14:00Z,488.9,-45.83,27.72,9.924001e-13
2024-05-12T17:14:30Z,489.8,-47.73,27.79,9.633339e-13
2024-05-12T17:15:00Z,490.6,-49.64,27.86,9.338227e-13
2024-05-12T17:15:30Z,491.4,-51.54,27.96,9.036922e-13
2024-05-12T17:16:00Z,492.1,-53.44,28.07,8.719521e-13
2024-05-12T17:16:30Z,492.9,-55.34,28.2,8.407595e-13
2024-05-12T17:17:00Z,493.6,-57.24,28.36,8.103741e-13
2024-05-12T17:17:30Z,494.3,-59.13,28.55,7.810579e-13
2024-05-12T17:18:00Z,495.0,-61.03,28.78,7.533474e-13
2024-05-12T17:18:30Z,495.7,-62.92,29.05,7.287136e-13
2024-05-12T17:19:00Z,496.3,-64.81,29.38,7.060692e-13
2024-05-12T17:19:30Z,496.9,-66.7,29.77,6.853257e-13
2024-05-12T17:20:00Z,497.4,-68.59,30.25,6.666641e-13
2024-05-12T17:20:30Z,497.9,-70.47,30.85,6.495302e-13
2024-05-12T17:21:00Z,498.4,-72.35,31.58,6.334334e-13
2024-05-12T17:21:30Z,498.8,-74.22,32.52,6.193314e-13
2024-05-12T17:22:00Z,499.2,-76.09,33.73,6.073114e-13
2024-05-12T17:22:30Z,499.6,-77.95,35.35,5.974924e-13
2024-05-12T17:23:00Z,499.8,-79.79,37.59,5.897319e-13
2024-05-12T17:23:30Z,500.1,-81.61,40.84,5.840289e-13
2024-05-12T17:24:00Z,500.3,-83.38,45.92,5.803253e-13
2024-05-12T17:24:30Z,500.4,-85.06,54.63,5.785955e-13
2024-05-12T17:25:00Z,500.5,-86.51,71.43,5.786392e-13
2024-05-12T17:25:30Z,500.6,-87.33,103.85,5.805475e-13
2024-05-12T17:26:00Z,500.6,-86.96,141.8,5.840632e-13
2024-05-12T17:26:30Z,500.5,-85.69,164.13,5.882304e-13
2024-05-12T17:27:00Z,500.4,-84.07,175.34,5.926566e-13
2024-05-12T17:27:30Z,500.2,-82.33,-178.43,5.970624e-13
2024-05-12T17:28:00Z,500.0,-80.53,-174.57,6.008677e-13
2024-05-12T17:28:30Z,499.8,-78.7,-171.98,6.040314e-13
2024-05-12T17:29:00Z,499.5,-76.84,-170.15,6.062787e-13
2024-05-12T17:29:30Z,499.2,-74.98,-168.79,6.074736e-13
2024-05-12T17:30:00Z,498.8,-73.11,-167.75,6.073398e-13
2024-05-12T17:30:30Z,498.3,-71.23,-166.94,6.057775e-13
2024-05-12T17:31:00Z,497.9,-69.35,-166.3,6.029966e-13
2024-05-12T17:31:30Z,497.4,-67.47,-165.78,5.992618e-13
2024-05-12T17:32:00Z,496.8,-65.58,-165.35,5.957683e-13
2024-05-12T17:32:30Z,496.2,-63.69,-165.0,5.924204e-13
2024-05-12T17:33:00Z,495.6,-61.8,-164.7,5.885608e-13
2024-05-12T17:33:30Z,494.9,-59.9,-164.46,5.840883e-13
2024-05-12T17:34:00Z,494.3,-58.01,-164.25,5.791202e-13
2024-05-12T17:34:30Z,493.6,-56.11,-164.08,5.735539e-13
2024-05-12T17:35:00Z,492.8,-54.21,-163.94,5.678993e-13
2024-05-12T17:35:30Z,492.1,-52.31,-163.82,5.620536e-13
2024-05-12T17:36:00Z,491.3,-50.41,-163.72,5.567987e-13
2024-05-12T17:36:30Z,490.5,-48.51,-163.63,5.526000e-13
2024-05-12T17:37:00Z,489.7,-46.6,-163.57,5.497583e-13
2024-05-12T17:37:30Z,488.9,-44.7,-163.51,5.487921e-13
2024-05-12T17:38:00Z,488.1,-42.79,-163.47,5.497685e-13
2024-05-12T17:38:30Z,487.3,-40.88,-163.44,5.532285e-13
2024-05-12T17:39:00Z,486.5,-38.97,-163.41,5.593976e-13
2024-05-12T17:39:30Z,485.7,-37.06,-163.39,5.684814e-13
2024-05-12T17:40:00Z,484.8,-35.15,-163.38,5.807110e-13
2024-05-12T17:40:30Z,484.0,-33.24,-163.38,5.961117e-13
2024-05-12T17:41:00Z,483.2,-31.33,-163.38,6.147320e-13
2024-05-12T17:41:30Z,482.5,-29.41,-163.39,6.364015e-13
2024-05-12T17:42:00Z,481.7,-27.5,-163.4,6.610265e-13
2024-05-12T17:42:30Z,480.9,-25.58,-163.42,6.882707e-13
2024-05-12T17:43:00Z,480.2,-23.67,-163.43,7.177007e-13
2024-05-12T17:43:30Z,479.5,-21.75,-163.46,7.490271e-13
2024-05-12T17:44:00Z,478.8,-19.83,-163.48,7.816654e-13
2024-05-12T17:44:30Z,478.2,-17.91,-163.51,8.150699e-13
2024-05-12T17:45:00Z,477.6,-15.99,-163.54,8.488007e-13
2024-05-12T17:45:30Z,477.0,-14.07,-163.57,8.822804e-13
2024-05-12T17:46:00Z,476.4,-12.15,-163.6,9.149867e-13
2024-05-12T17:46:30Z,475.9,-10.23,-163.63,9.466470e-13
2024-05-12T17:47:00Z,475.4,-8.3,-163.67,9.766052e-13
2024-05-12T17:47:30Z,474.9,-6.38,-163.7,1.004576e-12
2024-05-12T17:48:00Z,474.5,-4.46,-163.74,1.030124e-12
2024-05-12T17:48:30Z,474.1,-2.54,-163.77,1.052857e-12
2024-05-12T17:49:00Z,473.8,-0.61,-163.81,1.072573e-12
2024-05-12T17:49:30Z,473.5,1.31,-163.85,1.089077e-12
2024-05-12T17:50:00Z,473.3,3.24,-163.88,1.102095e-12
2024-05-12T17:50:30Z,473.0,5.16,-163.92,1.111441e-12
2024-05-12T17:51:00Z,472.9,7.08,-163.95,1.116840e-12
2024-05-12T17:51:30Z,472.7,9.01,-163.99,1.118947e-12
2024-05-12T17:52:00Z,472.6,10.93,-164.02,1.117879e-12
2024-05-12T17:52:30Z,472.6,12.86,-164.06,1.114088e-12
2024-05-12T17:53:00Z,472.6,14.78,-164.09,1.107717e-12
2024-05-12T17:53:30Z,472.6,16.7,-164.12,1.099148e-12
2024-05-12T17:54:00Z,472.7,18.62,-164.15,1.089106e-12
2024-05-12T17:54:30Z,472.7,20.55,-164.17,1.077916e-12
2024-05-12T17:55:00Z,472.9,22.47,-164.19,1.065758e-12
2024-05-12T17:55:30Z,473.0,24.39,-164.21,1.053554e-12
2024-05-12T17:56:00Z,473.2,26.31,-164.23,1.042297e-12
2024-05-12T17:56:30Z,473.4,28.23,-164.24,1.032662e-12
2024-05-12T17:57:00Z,473.7,30.15,-164.25,1.024898e-12
2024-05-12T17:57:30Z,474.0,32.07,-164.26,1.019384e-12
2024-05-12T17:58:00Z,474.3,33.99,-164.26,1.016487e-12
2024-05-12T17:58:30Z,474.6,35.91,-164.25,1.016276e-12
2024-05-12T17:59:00Z,474.9,37.82,-164.24,1.018761e-12
2024-05-12T17:59:30Z,475.2,39.74,-164.22,1.024116e-12
2024-05-12T18:00:00Z,475.6,41.65,-164.19,1.028931e-12
2024-05-12T18:00:30Z,476.0,43.57,-164.15,1.038674e-12
2024-05-12T18:01:00Z,476.4,45.48,-164.1,1.050677e-12
2024-05-12T18:01:30Z,476.8,47.39,-164.04,1.065030e-12
2024-05-12T18:02:00Z,477.1,49.3,-163.97,1.081654e-12
2024-05-12T18:02:30Z,477.5,51.21,-163.88,1.100263e-12
2024-05-12T18:03:00Z,477.9,53.12,-163.77,1.120625e-12
2024-05-12T18:03:30Z,478.3,55.03,-163.64,1.142455e-12
2024-05-12T18:04:00Z,478.7,56.94,-163.48,1.165322e-12
2024-05-12T18:04:30Z,479.1,58.84,-163.29,1.188027e-12
2024-05-12T18:05:00Z,479.4,60.75,-163.07,1.211049e-12
2024-05-12T18:05:30Z,479.8,62.65,-162.81,1.235052e-12
2024-05-12T18:06:00Z,480.1,64.55,-162.48,1.260500e-12
2024-05-12T18:06:30Z,480.4,66.45,-162.1,1.287694e-12
2024-05-12T18:07:00Z,480.7,68.34,-161.63,1.316151e-12
2024-05-12T18:07:30Z,481.0,70.23,-161.05,1.345814e-12
2024-05-12T18:08:00Z,481.3,72.12,-160.33,1.375906e-12
2024-05-12T18:08:30Z,481.5,74.01,-159.41,1.406429e-12
2024-05-12T18:09:00Z,481.7,75.88,-158.23,1.436957e-12
2024-05-12T18:09:30Z,481.9,77.75,-156.66,1.466591e-12
2024-05-12T18:10:00Z,482.1,79.61,-154.48,1.495323e-12
2024-05-12T18:10:30Z,482.2,81.43,-151.34,1.523198e-12
2024-05-12T18:11:00Z,482.3,83.22,-146.46,1.550144e-12
2024-05-12T18:11:30Z,482.4,84.92,-138.14,1.576471e-12
2024-05-12T18:12:00Z,482.4,86.41,-122.21,1.602440e-12
2024-05-12T18:12:30Z,482.4,87.31,-90.92,1.628333e-12
2024-05-12T18:13:00Z,482.4,87.02,-52.18,1.651498e-12
2024-05-12T18:13:30Z,482.4,85.78,-28.67,1.672001e-12
2024-05-12T18:14:00Z,482.3,84.17,-16.94,1.690645e-12
2024-05-12T18:14:30Z,482.2,82.43,-10.48,1.707500e-12
2024-05-12T18:15:00Z,482.0,80.62,-6.52,1.722704e-12
2024-05-12T18:15:30Z,481.9,78.77,-3.87,1.736211e-12
2024-05-12T18:16:00Z,481.7,76.91,-2.0,1.748099e-12
2024-05-12T18:16:30Z,481.5,75.04,-0.63,1.758359e-12
2024-05-12T18:17:00Z,481.2,73.16,0.42,1.767083e-12
2024-05-12T18:17:30Z,480.9,71.27,1.24,1.774557e-12
2024-05-12T18:18:00Z,480.6,69.38,1.9,1.781471e-12
2024-05-12T18:18:30Z,480.3,67.49,2.42,1.787959e-12
2024-05-12T18:19:00Z,480.0,65.59,2.86,1.794186e-12
2024-05-12T18:19:30Z,479.6,63.69,3.21,1.799939e-12
2024-05-12T18:20:00Z,479.3,61.79,3.51,1.804548e-12
2024-05-12T18:20:30Z,478.9,59.89,3.75,1.807347e-12
2024-05-12T18:21:00Z,478.5,57.98,3.96,1.807302e-12
2024-05-12T18:21:30Z,478.1,56.08,4.13,1.804117e-12
2024-05-12T18:22:00Z,477.7,54.17,4.27,1.798107e-12
2024-05-12T18:22:30Z,477.3,52.26,4.39,1.789748e-12
2024-05-12T18:23:00Z,476.9,50.35,4.5,1.780356e-12
2024-05-12T18:23:30Z,476.5,48.44,4.58,1.769916e-12
2024-05-12T18:24:00Z,476.1,46.53,4.65,1.758565e-12
2024-05-12T18:24:30Z,475.6,44.62,4.7,1.746941e-12
2024-05-12T18:25:00Z,475.2,42.7,4.74,1.734463e-12
2024-05-12T18:25:30Z,474.9,40.79,4.78,1.721508e-12
2024-05-12T18:26:00Z,474.5,38.87,4.8,1.708334e-12
2024-05-12T18:26:30Z,474.1,36.96,4.82,1.694793e-12
2024-05-12T18:27:00Z,473.8,35.04,4.83,1.681267e-12
2024-05-12T18:27:30Z,473.5,33.12,4.83,1.667653e-12
2024-05-12T18:28:00Z,473.2,31.2,4.83,1.654163e-12
2024-05-12T18:28:30Z,472.9,29.28,4.82,1.640832e-12
2024-05-12T18:29:00Z,472.7,27.36,4.81,1.627669e-12
2024-05-12T18:29:30Z,472.4,25.44,4.8,1.614983e-12
2024-05-12T18:30:00Z,472.2,23.52,4.78,1.602666e-12
2024-05-12T18:30:30Z,472.1,21.6,4.76,1.590859e-12
2024-05-12T18:31:00Z,472.0,19.67,4.73,1.579340e-12
2024-05-12T18:31:30Z,471.9,17.75,4.71,1.568256e-12
2024-05-12T18:32:00Z,471.8,15.83,4.68,1.557525e-12
2024-05-12T18:32:30Z,471.8,13.9,4.65,1.547208e-12
2024-05-12T18:33:00Z,471.8,11.98,4.62,1.537292e-12
2024-05-12T18:33:30Z,471.9,10.06,4.58,1.527706e-12
2024-05-12T18:34:00Z,472.0,8.13,4.55,1.518492e-12
2024-05-12T18:34:30Z,472.2,6.21,4.51,1.509583e-12
2024-05-12T18:35:00Z,472.4,4.28,4.48,1.500404e-12
2024-05-12T18:35:30Z,472.6,2.36,4.44,1.491071e-12
2024-05-12T18:36:00Z,472.9,0.43,4.4,1.481510e-12
2024-05-12T18:36:30Z,473.2,-1.49,4.37,1.471552e-12
2024-05-12T18:37:00Z,473.5,-3.41,4.33,1.460856e-12
2024-05-12T18:37:30Z,473.9,-5.34,4.29,1.449213e-12
2024-05-12T18:38:00Z,474.3,-7.26,4.26,1.436324e-12
2024-05-12T18:38:30Z,474.8,-9.18,4.22,1.421953e-12
2024-05-12T18:39:00Z,475.3,-11.11,4.19,1.406041e-12
2024-05-12T18:39:30Z,475.9,-13.03,4.16,1.388222e-12
2024-05-12T18:40:00Z,476.5,-14.95,4.13,1.368436e-12
2024-05-12T18:40:30Z,477.1,-16.87,4.1,1.346537e-12
2024-05-12T18:41:00Z,477.7,-18.79,4.07,1.322373e-12
2024-05-12T18:41:30Z,478.4,-20.71,4.04,1.295872e-12
2024-05-12T18:42:00Z,479.1,-22.63,4.02,1.267109e-12
2024-05-12T18:42:30Z,479.8,-24.55,4.0,1.236105e-12
2024-05-12T18:43:00Z,480.6,-26.46,3.98,1.203043e-12
2024-05-12T18:43:30Z,481.3,-28.38,3.97,1.168173e-12
2024-05-12T18:44:00Z,482.1,-30.29,3.96,1.130892e-12
2024-05-12T18:44:30Z,482.9,-32.21,3.96,1.092330e-12
2024-05-12T18:45:00Z,483.7,-34.12,3.96,1.052918e-12
2024-05-12T18:45:30Z,484.6,-36.03,3.96,1.013240e-12
2024-05-12T18:46:00Z,485.4,-37.94,3.98,9.738167e-13
2024-05-12T18:46:30Z,486.2,-39.85,4.0,9.349578e-13
2024-05-12T18:47:00Z,487.1,-41.76,4.02,8.973192e-13
2024-05-12T18:47:30Z,487.9,-43.67,4.06,8.612407e-13
2024-05-12T18:48:00Z,488.7,-45.58,4.11,8.277968e-13
2024-05-12T18:48:30Z,489.5,-47.48,4.17,7.970435e-13
2024-05-12T18:49:00Z,490.4,-49.38,4.25,7.692176e-13
2024-05-12T18:49:30Z,491.2,-51.29,4.34,7.452751e-13
2024-05-12T18:50:00Z,491.9,-53.19,4.45,7.248425e-13
2024-05-12T18:50:30Z,492.7,-55.09,4.58,7.078719e-13
2024-05-12T18:51:00Z,493.4,-56.99,4.73,6.942007e-13
2024-05-12T18:51:30Z,494.2,-58.88,4.92,6.839512e-13
2024-05-12T18:52:00Z,494.8,-60.78,5.14,6.769384e-13
2024-05-12T18:52:30Z,495.5,-62.67,5.41,6.729289e-13
2024-05-12T18:53:00Z,496.1,-64.56,5.72,6.715944e-13
2024-05-12T18:53:30Z,496.7,-66.45,6.11,6.725664e-13
2024-05-12T18:54:00Z,497.3,-68.34,6.58,6.752565e-13
2024-05-12T18:54:30Z,497.8,-70.22,7.15,6.785476e-13
2024-05-12T18:55:00Z,498.3,-72.1,7.87,6.823727e-13
2024-05-12T18:55:30Z,498.7,-73.98,8.77,6.860924e-13
2024-05-12T18:56:00Z,499.1,-75.85,9.95,6.891809e-13
2024-05-12T18:56:30Z,499.4,-77.7,11.5,6.910029e-13
2024-05-12T18:57:00Z,499.7,-79.55,13.64,6.909088e-13
2024-05-12T18:57:30Z,500.0,-81.37,16.72,6.887533e-13
2024-05-12T18:58:00Z,500.2,-83.15,21.49,6.841268e-13
2024-05-12T18:58:30Z,500.3,-84.85,29.55,6.769688e-13
2024-05-12T18:59:00Z,500.4,-86.34,44.86,6.673226e-13
2024-05-12T18:59:30Z,500.5,-87.28,75.03,6.558993e-13
2024-05-12T19:00:00Z,500.5,-87.07,113.96,6.430527e-13
2024-05-12T19:00:30Z,500.5,-85.88,138.41,6.282566e-13
2024-05-12T19:01:00Z,500.4,-84.3,150.63,6.124289e-13
2024-05-12T19:01:30Z,500.2,-82.57,157.32,5.959769e-13
2024-05-12T19:02:00Z,500.0,-80.77,161.41,5.794440e-13
2024-05-12T19:02:30Z,499.8,-78.94,164.12,5.632947e-13
2024-05-12T19:03:00Z,499.5,-77.09,166.04,5.478887e-13
2024-05-12T19:03:30Z,499.2,-75.23,167.45,5.333678e-13
2024-05-12T19:04:00Z,498.8,-73.36,168.52,5.201250e-13
2024-05-12T19:04:30Z,498.4,-71.48,169.36,5.082168e-13
2024-05-12T19:05:00Z,497.9,-69.6,170.02,4.979403e-13
2024-05-12T19:05:30Z,497.4,-67.71,170.56,4.894645e-13
2024-05-12T19:06:00Z,496.9,-65.83,171.0,4.832174e-13
2024-05-12T19:06:30Z,496.3,-63.94,171.36,4.793568e-13
2024-05-12T19:07:00Z,495.7,-62.05,171.66,4.781436e-13
2024-05-12T19:07:30Z,495.0,-60.15,171.91,4.799976e-13
2024-05-12T19:08:00Z,494.4,-58.26,172.12,4.849501e-13
2024-05-12T19:08:30Z,493.7,-56.36,172.29,4.928682e-13
2024-05-12T19:09:00Z,492.9,-54.46,172.44,5.033598e-13
2024-05-12T19:09:30Z,492.2,-52.56,172.56,5.158307e-13
2024-05-12T19:10:00Z,491.4,-50.66,172.67,5.298797e-13
2024-05-12T19:10:30Z,490.6,-48.76,172.75,5.452067e-13
2024-05-12T19:11:00Z,489.9,-46.85,172.82,5.615571e-13
2024-05-12T19:11:30Z,489.1,-44.95,172.88,5.786457e-13
2024-05-12T19:12:00Z,488.2,-43.04,172.92,5.966072e-13
2024-05-12T19:12:30Z,487.4,-41.13,172.96,6.153191e-13
2024-05-12T19:13:00Z,486.6,-39.23,172.98,6.345138e-13
2024-05-12T19:13:30Z,485.8,-37.32,173.0,6.539316e-13
2024-05-12T19:14:00Z,485.0,-35.4,173.01,6.734408e-13
2024-05-12T19:14:30Z,484.2,-33.49,173.01,6.927658e-13
2024-05-12T19:15:00Z,483.4,-31.58,173.01,7.116628e-13
2024-05-12T19:15:30Z,482.6,-29.67,173.01,7.299339e-13
2024-05-12T19:16:00Z,481.8,-27.75,173.0,7.475481e-13
2024-05-12T19:16:30Z,481.1,-25.83,172.98,7.644590e-13
2024-05-12T19:17:00Z,480.4,-23.92,172.96,7.808185e-13
2024-05-12T19:17:30Z,479.7,-22.0,172.94,7.965925e-13
2024-05-12T19:18:00Z,479.0,-20.08,172.92,8.117318e-13
2024-05-12T19:18:30Z,478.3,-18.16,172.89,8.261775e-13
2024-05-12T19:19:00Z,477.7,-16.24,172.86,8.405742e-13
2024-05-12T19:19:30Z,477.1,-14.32,172.83,8.548590e-13
2024-05-12T19:20:00Z,476.5,-12.4,172.8,8.692142e-13
2024-05-12T19:20:30Z,476.0,-10.48,172.77,8.837919e-13
2024-05-12T19:21:00Z,475.5,-8.56,172.73,8.985767e-13
2024-05-12T19:21:30Z,475.1,-6.64,172.7,9.137749e-13
2024-05-12T19:22:00Z,474.6,-4.71,172.66,9.293050e-13
2024-05-12T19:22:30Z,474.3,-2.79,172.63,9.451213e-13
2024-05-12T19:23:00Z,473.9,-0.87,172.59,9.612223e-13
2024-05-12T19:23:30Z,473.6,1.06,172.55,9.773460e-13
2024-05-12T19:24:00Z,473.4,2.98,172.52,9.935927e-13
2024-05-12T19:24:30Z,473.1,4.91,172.48,1.009868e-12
2024-05-12T19:25:00Z,473.0,6.83,172.44,1.025825e-12
2024-05-12T19:25:30Z,472.8,8.75,172.41,1.041446e-12
2024-05-12T19:26:00Z,472.7,10.68,172.38,1.056506e-12
2024-05-12T19:26:30Z,472.7,12.6,172.34,1.071008e-12
2024-05-12T19:27:00Z,472.6,14.52,172.31,1.084614e-12
2024-05-12T19:27:30Z,472.7,16.45,172.28,1.097745e-12
2024-05-12T19:28:00Z,472.7,18.37,172.25,1.110076e-12
2024-05-12T19:28:30Z,472.8,20.29,172.23,1.121668e-12
2024-05-12T19:29:00Z,472.9,22.21,172.2,1.132726e-12
2024-05-12T19:29:30Z,473.1,24.14,172.18,1.142792e-12
2024-05-12T19:30:00Z,473.3,26.06,172.17,1.152161e-12
2024-05-12T19:30:30Z,473.5,27.98,172.15,1.160774e-12
2024-05-12T19:31:00Z,473.7,29.9,172.14,1.168501e-12
2024-05-12T19:31:30Z,474.0,31.82,172.14,1.174460e-12
2024-05-12T19:32:00Z,474.3,33.73,172.14,1.179205e-12
2024-05-12T19:32:30Z,474.6,35.65,172.14,1.182760e-12
2024-05-12T19:33:00Z,474.9,37.57,172.15,1.184991e-12
2024-05-12T19:33:30Z,475.3,39.48,172.17,1.185899e-12
2024-05-12T19:34:00Z,475.6,41.4,172.2,1.185566e-12
2024-05-12T19:34:30Z,476.0,43.31,172.24,1.184235e-12
2024-05-12T19:35:00Z,476.4,45.23,172.28,1.181629e-12
2024-05-12T19:35:30Z,476.8,47.14,172.34,1.178082e-12
2024-05-12T19:36:00Z,477.1,49.05,172.41,1.174186e-12
2024-05-12T19:36:30Z,477.5,50.96,172.5,1.170432e-12
2024-05-12T19:37:00Z,477.9,52.87,172.61,1.167176e-12
2024-05-12T19:37:30Z,478.3,54.78,172.74,1.164667e-12
2024-05-12T19:38:00Z,478.7,56.68,172.89,1.163610e-12
2024-05-12T19:38:30Z,479.1,58.59,173.07,1.164097e-12
2024-05-12T19:39:00Z,479.4,60.49,173.29,1.166379e-12
2024-05-12T19:39:30Z,479.8,62.4,173.55,1.170863e-12
2024-05-12T19:40:00Z,480.1,64.3,173.86,1.177676e-12
2024-05-12T19:40:30Z,480.5,66.19,174.24,1.187351e-12
2024-05-12T19:41:00Z,480.8,68.09,174.7,1.200460e-12
2024-05-12T19:41:30Z,481.0,69.98,175.26,1.216884e-12
2024-05-12T19:42:00Z,481.3,71.87,175.96,1.236040e-12
2024-05-12T19:42:30Z,481.5,73.76,176.85,1.257137e-12
2024-05-12T19:43:00Z,481.7,75.64,177.99,1.279622e-12
2024-05-12T19:43:30Z,481.9,77.5,179.5,1.302500e-12
2024-05-12T19:44:00Z,482.1,79.36,-178.43,1.324723e-12
2024-05-12T19:44:30Z,482.2,81.19,-175.44,1.347146e-12
2024-05-12T19:45:00Z,482.3,82.99,-170.86,1.369514e-12
2024-05-12T19:45:30Z,482.4,84.71,-163.17,1.391878e-12
2024-05-12T19:46:00Z,482.4,86.24,-148.64,1.414341e-12
2024-05-12T19:46:30Z,482.5,87.25,-119.69,1.437195e-12
2024-05-12T19:47:00Z,482.4,87.13,-80.25,1.459542e-12
2024-05-12T19:47:30Z,482.4,85.98,-54.51,1.480937e-12
2024-05-12T19:48:00Z,482.3,84.4,-41.7,1.501742e-12
2024-05-12T19:48:30Z,482.2,82.66,-34.76,1.521568e-12
2024-05-12T19:49:00Z,482.1,80.86,-30.55,1.540308e-12
2024-05-12T19:49:30Z,481.9,79.02,-27.77,1.557667e-12
2024-05-12T19:50:00Z,481.7,77.16,-25.82,1.573766e-12
2024-05-12T19:50:30Z,481.5,75.29,-24.39,1.588413e-12
2024-05-12T19:51:00Z,481.3,73.41,-23.3,1.602242e-12
2024-05-12T19:51:30Z,481.0,71.52,-22.46,1.615376e-12
2024-05-12T19:52:00Z,480.7,69.63,-21.78,1.626975e-12
2024-05-12T19:52:30Z,480.4,67.74,-21.24,1.638692e-12
2024-05-12T19:53:00Z,480.0,65.84,-20.8,1.650990e-12
2024-05-12T19:53:30Z,479.7,63.95,-20.44,1.664257e-12
2024-05-12T19:54:00Z,479.3,62.04,-20.13,1.678466e-12
2024-05-12T19:54:30Z,479.0,60.14,-19.88,1.692977e-12
2024-05-12T19:55:00Z,478.6,58.24,-19.67,1.706970e-12
2024-05-12T19:55:30Z,478.2,56.33,-19.5,1.719542e-12
2024-05-12T19:56:00Z,477.7,54.42,-19.35,1.729861e-12
2024-05-12T19:56:30Z,477.3,52.52,-19.22,1.738834e-12
2024-05-12T19:57:00Z,476.9,50.61,-19.12,1.747618e-12
2024-05-12T19:57:30Z,476.5,48.7,-19.04,1.756588e-12
2024-05-12T19:58:00Z,476.1,46.78,-18.97,1.766038e-12
2024-05-12T19:58:30Z,475.7,44.87,-18.91,1.775585e-12
2024-05-12T19:59:00Z,475.3,42.96,-18.86,1.784720e-12
2024-05-12T19:59:30Z,474.9,41.04,-18.83,1.792768e-12
2024-05-12T20:00:00Z,474.5,39.13,-18.8,1.799507e-12
2024-05-12T20:00:30Z,474.1,37.21,-18.79,1.804707e-12
2024-05-12T20:01:00Z,473.8,35.29,-18.78,1.808351e-12
2024-05-12T20:01:30Z,473.5,33.37,-18.77,1.810348e-12
2024-05-12T20:02:00Z,473.2,31.46,-18.77,1.810693e-12
2024-05-12T20:02:30Z,472.9,29.54,-18.78,1.809231e-12
2024-05-12T20:03:00Z,472.6,27.62,-18.79,1.805930e-12
2024-05-12T20:03:30Z,472.4,25.7,-18.8,1.800833e-12
2024-05-12T20:04:00Z,472.2,23.77,-18.82,1.794067e-12
2024-05-12T20:04:30Z,472.1,21.85,-18.84,1.785693e-12
2024-05-12T20:05:00Z,471.9,19.93,-18.87,1.776321e-12
2024-05-12T20:05:30Z,471.8,18.01,-18.89,1.765292e-12
2024-05-12T20:06:00Z,471.8,16.08,-18.92,1.752962e-12
2024-05-12T20:06:30Z,471.7,14.16,-18.95,1.739288e-12
2024-05-12T20:07:00Z,471.8,12.24,-18.98,1.724425e-12
2024-05-12T20:07:30Z,471.8,10.31,-19.02,1.708361e-12
2024-05-12T20:08:00Z,471.9,8.39,-19.05,1.691154e-12
2024-05-12T20:08:30Z,472.1,6.46,-19.09,1.672771e-12
2024-05-12T20:09:00Z,472.2,4.54,-19.12,1.653155e-12
2024-05-12T20:09:30Z,472.5,2.61,-19.16,1.632280e-12
2024-05-12T20:10:00Z,472.7,0.69,-19.2,1.610109e-12
2024-05-12T20:10:30Z,473.0,-1.24,-19.23,1.586787e-12
2024-05-12T20:11:00Z,473.4,-3.16,-19.27,1.562234e-12
2024-05-12T20:11:30Z,473.8,-5.08,-19.31,1.536395e-12
2024-05-12T20:12:00Z,474.2,-7.01,-19.34,1.509347e-12
2024-05-12T20:12:30Z,474.7,-8.93,-19.38,1.481223e-12
2024-05-12T20:13:00Z,475.2,-10.85,-19.41,1.452052e-12
2024-05-12T20:13:30Z,475.7,-12.77,-19.44,1.422230e-12
2024-05-12T20:14:00Z,476.3,-14.7,-19.47,1.391880e-12
2024-05-12T20:14:30Z,476.9,-16.62,-19.5,1.361000e-12
2024-05-12T20:15:00Z,477.5,-18.54,-19.53,1.329589e-12
2024-05-12T20:15:30Z,478.2,-20.46,-19.56,1.297648e-12
2024-05-12T20:16:00Z,478.9,-22.37,-19.58,1.265377e-12
2024-05-12T20:16:30Z,479.6,-24.29,-19.6,1.232488e-12
2024-05-12T20:17:00Z,480.4,-26.21,-19.62,1.199328e-12
2024-05-12T20:17:30Z,481.1,-28.13,-19.63,1.166026e-12
2024-05-12T20:18:00Z,481.9,-30.04,-19.64,1.132657e-12
2024-05-12T20:18:30Z,482.7,-31.95,-19.65,1.099521e-12
2024-05-12T20:19:00Z,483.5,-33.87,-19.65,1.066720e-12
2024-05-12T20:19:30Z,484.3,-35.78,-19.64,1.034473e-12
2024-05-12T20:20:00Z,485.2,-37.69,-19.63,1.002936e-12
2024-05-12T20:20:30Z,486.0,-39.6,-19.61,9.722594e-13
2024-05-12T20:21:00Z,486.8,-41.51,-19.58,9.424498e-13
2024-05-12T20:21:30Z,487.7,-43.42,-19.55,9.127703e-13
2024-05-12T20:22:00Z,488.5,-45.32,-19.5,8.845400e-13
2024-05-12T20:22:30Z,489.3,-47.23,-19.44,8.581913e-13
2024-05-12T20:23:00Z,490.1,-49.13,-19.37,8.336451e-13
2024-05-12T20:23:30Z,490.9,-51.04,-19.28,8.111207e-13
2024-05-12T20:24:00Z,491.7,-52.94,-19.17,7.904861e-13
2024-05-12T20:24:30Z,492.5,-54.84,-19.05,7.720150e-13
2024-05-12T20:25:00Z,493.2,-56.74,-18.89,7.561570e-13
2024-05-12T20:25:30Z,494.0,-58.63,-18.71,7.430125e-13
2024-05-12T20:26:00Z,494.6,-60.53,-18.5,7.319900e-13
2024-05-12T20:26:30Z,495.3,-62.42,-18.24,7.228288e-13
2024-05-12T20:27:00Z,495.9,-64.32,-17.93,7.153394e-13
2024-05-12T20:27:30Z,496.5,-66.2,-17.55,7.093711e-13
2024-05-12T20:28:00Z,497.1,-68.09,-17.09,7.045875e-13
2024-05-12T20:28:30Z,497.6,-69.98,-16.53,7.008237e-13
2024-05-12T20:29:00Z,498.1,-71.86,-15.84,6.967305e-13
2024-05-12T20:29:30Z,498.6,-73.73,-14.96,6.933336e-13
2024-05-12T20:30:00Z,499.0,-75.6,-13.83,6.902453e-13
2024-05-12T20:30:30Z,499.3,-77.46,-12.34,6.871371e-13
2024-05-12T20:31:00Z,499.6,-79.31,-10.29,6.836683e-13
2024-05-12T20:31:30Z,499.9,-81.13,-7.36,6.797630e-13
2024-05-12T20:32:00Z,500.1,-82.92,-2.88,6.753215e-13
2024-05-12T20:32:30Z,500.2,-84.63,4.59,6.699926e-13
2024-05-12T20:33:00Z,500.4,-86.17,18.58,6.637730e-13
2024-05-12T20:33:30Z,500.4,-87.22,46.46,6.570353e-13
2024-05-12T20:34:00Z,500.4,-87.17,85.82,6.500910e-13
2024-05-12T20:34:30Z,500.4,-86.07,112.49,6.421088e-13
2024-05-12T20:35:00Z,500.3,-84.52,125.84,6.331167e-13
2024-05-12T20:35:30Z,500.2,-82.8,133.03,6.235614e-13
2024-05-12T20:36:00Z,500.0,-81.01,137.36,6.137139e-13
2024-05-12T20:36:30Z,499.8,-79.18,140.22,6.038013e-13
2024-05-12T20:37:00Z,499.5,-77.33,142.22,5.939012e-13
2024-05-12T20:37:30Z,499.2,-75.47,143.68,5.842553e-13
2024-05-12T20:38:00Z,498.8,-73.6,144.79,5.747508e-13
2024-05-12T20:38:30Z,498.4,-71.73,145.65,5.654091e-13
2024-05-12T20:39:00Z,497.9,-69.85,146.34,5.562922e-13
2024-05-12T20:39:30Z,497.4,-67.96,146.89,5.472914e-13
2024-05-12T20:40:00Z,496.9,-66.07,147.34,5.385608e-13
2024-05-12T20:40:30Z,496.3,-64.19,147.71,5.301876e-13
2024-05-12T20:41:00Z,495.7,-62.29,148.02,5.223985e-13
2024-05-12T20:41:30Z,495.1,-60.4,148.27,5.155617e-13
2024-05-12T20:42:00Z,494.4,-58.51,148.49,5.101527e-13
2024-05-12T20:42:30Z,493.7,-56.61,148.67,5.069323e-13
2024-05-12T20:43:00Z,493.0,-54.71,148.82,5.060746e-13
2024-05-12T20:43:30Z,492.3,-52.81,148.94,5.076078e-13
2024-05-12T20:44:00Z,491.5,-50.91,149.05,5.117551e-13
2024-05-12T20:44:30Z,490.8,-49.01,149.14,5.177790e-13
2024-05-12T20:45:00Z,490.0,-47.1,149.21,5.253639e-13
2024-05-12T20:45:30Z,489.2,-45.2,149.26,5.341805e-13
2024-05-12T20:46:00Z,488.4,-43.29,149.31,5.441059e-13
2024-05-12T20:46:30Z,487.6,-41.38,149.35,5.553619e-13
2024-05-12T20:47:00Z,486.7,-39.48,149.37,5.681624e-13
2024-05-12T20:47:30Z,485.9,-37.57,149.39,5.827389e-13
2024-05-12T20:48:00Z,485.1,-35.66,149.4,5.989557e-13
2024-05-12T20:48:30Z,484.3,-33.74,149.41,6.168359e-13
2024-05-12T20:49:00Z,483.5,-31.83,149.41,6.362602e-13
2024-05-12T20:49:30Z,482.7,-29.92,149.4,6.574807e-13
2024-05-12T20:50:00Z,482.0,-28.0,149.39,6.804275e-13
2024-05-12T20:50:30Z,481.2,-26.09,149.38,7.048565e-13
2024-05-12T20:51:00Z,480.5,-24.17,149.36,7.310992e-13
2024-05-12T20:51:30Z,479.8,-22.25,149.34,7.587604e-13
2024-05-12T20:52:00Z,479.1,-20.33,149.32,7.879254e-13
2024-05-12T20:52:30Z,478.5,-18.41,149.29,8.181800e-13
2024-05-12T20:53:00Z,477.8,-16.5,149.26,8.495042e-13
2024-05-12T20:53:30Z,477.2,-14.57,149.23,8.816057e-13
2024-05-12T20:54:00Z,476.7,-12.65,149.2,9.141679e-13
2024-05-12T20:54:30Z,476.1,-10.73,149.17,9.467742e-13
2024-05-12T20:55:00Z,475.7,-8.81,149.13,9.792179e-13
2024-05-12T20:55:30Z,475.2,-6.89,149.1,1.010867e-12
2024-05-12T20:56:00Z,474.8,-4.96,149.06,1.041337e-12
2024-05-12T20:56:30Z,474.4,-3.04,149.03,1.070353e-12
2024-05-12T20:57:00Z,474.0,-1.12,148.99,1.097679e-12
2024-05-12T20:57:30Z,473.7,0.81,148.95,1.122813e-12
2024-05-12T20:58:00Z,473.5,2.73,148.92,1.145326e-12
2024-05-12T20:58:30Z,473.3,4.65,148.88,1.165100e-12
2024-05-12T20:59:00Z,473.1,6.58,148.84,1.181777e-12
2024-05-12T20:59:30Z,472.9,8.5,148.81,1.194819e-12
2024-05-12T21:00:00Z,472.8,10.42,148.78,1.198580e-12
2024-05-12T21:00:30Z,472.8,12.35,148.74,1.203876e-12
2024-05-12T21:01:00Z,472.7,14.27,148.71,1.205609e-12
2024-05-12T21:01:30Z,472.8,16.19,148.68,1.203932e-12
2024-05-12T21:02:00Z,472.8,18.12,148.65,1.199143e-12
2024-05-12T21:02:30Z,472.9,20.04,148.63,1.191812e-12
2024-05-12T21:03:00Z,473.0,21.96,148.6,1.182299e-12
2024-05-12T21:03:30Z,473.2,23.88,148.58,1.170886e-12
2024-05-12T21:04:00Z,473.3,25.8,148.56,1.158576e-12
2024-05-12T21:04:30Z,473.5,27.72,148.55,1.145941e-12
2024-05-12T21:05:00Z,473.8,29.64,148.54,1.134035e-12
2024-05-12T21:05:30Z,474.0,31.56,148.53,1.123215e-12
2024-05-12T21:06:00Z,474.3,33.48,148.53,1.114206e-12
2024-05-12T21:06:30Z,474.6,35.4,148.54,1.107038e-12
2024-05-12T21:07:00Z,475.0,37.32,148.55,1.102597e-12
2024-05-12T21:07:30Z,475.3,39.23,148.57,1.101173e-12
2024-05-12T21:08:00Z,475.7,41.15,148.59,1.103132e-12
2024-05-12T21:08:30Z,476.0,43.06,148.63,1.108489e-12
2024-05-12T21:09:00Z,476.4,44.97,148.67,1.116900e-12
2024-05-12T21:09:30Z,476.8,46.89,148.73,1.128296e-12
2024-05-12T21:10:00Z,477.2,48.8,148.8,1.143086e-12
2024-05-12T21:10:30Z,477.6,50.71,148.89,1.160899e-12
2024-05-12T21:11:00Z,478.0,52.62,148.99,1.181617e-12
2024-05-12T21:11:30Z,478.3,54.53,149.11,1.204788e-12
2024-05-12T21:12:00Z,478.7,56.43,149.26,1.229997e-12
2024-05-12T21:12:30Z,479.1,58.34,149.44,1.256995e-12
2024-05-12T21:13:00Z,479.5,60.24,149.65,1.285554e-12
2024-05-12T21:13:30Z,479.8,62.14,149.91,1.316052e-12
2024-05-12T21:14:00Z,480.1,64.05,150.21,1.349110e-12
2024-05-12T21:14:30Z,480.5,65.94,150.58,1.385109e-12
2024-05-12T21:15:00Z,480.8,67.84,151.03,1.423591e-12
2024-05-12T21:15:30Z,481.0,69.73,151.58,1.463589e-12
2024-05-12T21:16:00Z,481.3,71.62,152.26,1.503468e-12
2024-05-12T21:16:30Z,481.5,73.51,153.11,1.541889e-12
2024-05-12T21:17:00Z,481.8,75.39,154.21,1.577672e-12
2024-05-12T21:17:30Z,481.9,77.26,155.67,1.610471e-12
2024-05-12T21:18:00Z,482.1,79.12,157.65,1.640264e-12
2024-05-12T21:18:30Z,482.2,80.95,160.49,1.665839e-12
2024-05-12T21:19:00Z,482.3,82.75,164.8,1.689039e-12
2024-05-12T21:19:30Z,482.4,84.49,171.94,1.711172e-12
2024-05-12T21:20:00Z,482.5,86.05,-174.79,1.733311e-12
2024-05-12T21:20:30Z,482.5,87.17,-148.17,1.756631e-12
2024-05-12T21:21:00Z,482.5,87.22,-108.62,1.781070e-12
2024-05-12T21:21:30Z,482.4,86.16,-80.58,1.804824e-12
2024-05-12T21:22:00Z,482.3,84.62,-66.56,1.829159e-12
2024-05-12T21:22:30Z,482.2,82.9,-59.09,1.855413e-12
2024-05-12T21:23:00Z,482.1,81.1,-54.61,1.882014e-12
2024-05-12T21:23:30Z,481.9,79.26,-51.69,1.907931e-12
2024-05-12T21:24:00Z,481.7,77.41,-49.65,1.932349e-12
2024-05-12T21:24:30Z,481.5,75.54,-48.16,1.954351e-12
2024-05-12T21:25:00Z,481.3,73.66,-47.04,1.973451e-12
2024-05-12T21:25:30Z,481.0,71.77,-46.16,1.989130e-12
2024-05-12T21:26:00Z,480.7,69.88,-45.47,2.001281e-12
2024-05-12T21:26:30Z,480.4,67.99,-44.91,2.009912e-12
2024-05-12T21:27:00Z,480.0,66.1,-44.46,2.013840e-12
2024-05-12T21:27:30Z,479.7,64.2,-44.09,2.015298e-12
2024-05-12T21:28:00Z,479.3,62.3,-43.78,2.015183e-12
2024-05-12T21:28:30Z,478.9,60.39,-43.52,2.014209e-12
2024-05-12T21:29:00Z,478.5,58.49,-43.3,2.012846e-12
2024-05-12T21:29:30Z,478.1,56.58,-43.12,2.011173e-12
2024-05-12T21:30:00Z,477.7,54.68,-42.97,2.009239e-12
2024-05-12T21:30:30Z,477.3,52.77,-42.84,2.006812e-12
2024-05-12T21:31:00Z,476.9,50.86,-42.74,2.002518e-12
2024-05-12T21:31:30Z,476.5,48.95,-42.65,1.995644e-12
2024-05-12T21:32:00Z,476.1,47.04,-42.58,1.985631e-12
2024-05-12T21:32:30Z,475.7,45.12,-42.52,1.971987e-12
2024-05-12T21:33:00Z,475.2,43.21,-42.47,1.955807e-12
2024-05-12T21:33:30Z,474.9,41.3,-42.44,1.939524e-12
2024-05-12T21:34:00Z,474.5,39.38,-42.41,1.924154e-12
2024-05-12T21:34:30Z,474.1,37.46,-42.39,1.909804e-12
2024-05-12T21:35:00Z,473.8,35.55,-42.38,1.895745e-12
2024-05-12T21:35:30Z,473.4,33.63,-42.38,1.880986e-12
2024-05-12T21:36:00Z,473.1,31.71,-42.38,1.864950e-12
2024-05-12T21:36:30Z,472.8,29.79,-42.38,1.847200e-12
2024-05-12T21:37:00Z,472.6,27.87,-42.39,1.827581e-12
2024-05-12T21:37:30Z,472.3,25.95,-42.41,1.805935e-12
2024-05-12T21:38:00Z,472.1,24.03,-42.42,1.782171e-12
2024-05-12T21:38:30Z,472.0,22.1,-42.44,1.756381e-12
2024-05-12T21:39:00Z,471.8,20.18,-42.47,1.728614e-12
2024-05-12T21:39:30Z,471.7,18.26,-42.49,1.698993e-12
2024-05-12T21:40:00Z,471.7,16.34,-42.52,1.667504e-12
2024-05-12T21:40:30Z,471.6,14.41,-42.55,1.634318e-12
2024-05-12T21:41:00Z,471.7,12.49,-42.58,1.599696e-12
2024-05-12T21:41:30Z,471.7,10.56,-42.62,1.563918e-12
2024-05-12T21:42:00Z,471.8,8.64,-42.65,1.527196e-12
2024-05-12T21:42:30Z,471.9,6.72,-42.69,1.490052e-12
2024-05-12T21:43:00Z,472.1,4.79,-42.72,1.452868e-12
2024-05-12T21:43:30Z,472.3,2.87,-42.76,1.416098e-12
2024-05-12T21:44:00Z,472.6,0.94,-42.79,1.380166e-12
2024-05-12T21:44:30Z,472.9,-0.98,-42.83,1.345654e-12
2024-05-12T21:45:00Z,473.2,-2.91,-42.87,1.312625e-12
2024-05-12T21:45:30Z,473.6,-4.83,-42.9,1.281728e-12
2024-05-12T21:46:00Z,474.0,-6.75,-42.94,1.253673e-12
2024-05-12T21:46:30Z,474.5,-8.68,-42.97,1.228361e-12
2024-05-12T21:47:00Z,475.0,-10.6,-43.01,1.205591e-12
2024-05-12T21:47:30Z,475.5,-12.52,-43.04,1.185614e-12
2024-05-12T21:48:00Z,476.1,-14.44,-43.07,1.168109e-12
2024-05-12T21:48:30Z,476.7,-16.36,-43.1,1.152724e-12
2024-05-12T21:49:00Z,477.4,-18.28,-43.13,1.139100e-12
2024-05-12T21:49:30Z,478.0,-20.2,-43.16,1.126841e-12
2024-05-12T21:50:00Z,478.7,-22.12,-43.18,1.115871e-12
2024-05-12T21:50:30Z,479.5,-24.04,-43.2,1.106216e-12
2024-05-12T21:51:00Z,480.2,-25.96,-43.22,1.097559e-12
2024-05-12T21:51:30Z,481.0,-27.87,-43.23,1.089609e-12
2024-05-12T21:52:00Z,481.8,-29.79,-43.24,1.082310e-12
2024-05-12T21:52:30Z,482.6,-31.7,-43.25,1.075399e-12
2024-05-12T21:53:00Z,483.4,-33.62,-43.25,1.068786e-12
2024-05-12T21:53:30Z,484.2,-35.53,-43.25,1.062432e-12
2024-05-12T21:54:00Z,485.0,-37.44,-43.24,1.056042e-12
2024-05-12T21:54:30Z,485.9,-39.35,-43.22,1.049528e-12
2024-05-12T21:55:00Z,486.7,-41.26,-43.19,1.042717e-12
2024-05-12T21:55:30Z,487.6,-43.17,-43.16,1.035578e-12
2024-05-12T21:56:00Z,488.4,-45.07,-43.11,1.027744e-12
2024-05-12T21:56:30Z,489.2,-46.98,-43.05,1.017902e-12
2024-05-12T21:57:00Z,490.0,-48.88,-42.98,1.007403e-12
2024-05-12T21:57:30Z,490.8,-50.79,-42.9,9.962587e-13
2024-05-12T21:58:00Z,491.6,-52.69,-42.79,9.844524e-13
2024-05-12T21:58:30Z,492.4,-54.59,-42.67,9.719028e-13
2024-05-12T21:59:00Z,493.2,-56.49,-42.52,9.583069e-13
2024-05-12T21:59:30Z,493.9,-58.39,-42.34,9.438369e-13
2024-05-12T22:00:00Z,494.6,-60.28,-42.13,9.294151e-13
2024-05-12T22:00:30Z,495.3,-62.18,-41.88,9.141541e-13
2024-05-12T22:01:00Z,495.9,-64.07,-41.57,8.987934e-13
2024-05-12T22:01:30Z,496.5,-65.96,-41.2,8.838277e-13
2024-05-12T22:02:00Z,497.1,-67.84,-40.76,8.701879e-13
2024-05-12T22:02:30Z,497.6,-69.73,-40.22,8.581455e-13
2024-05-12T22:03:00Z,498.1,-71.61,-39.54,8.472871e-13
2024-05-12T22:03:30Z,498.6,-73.49,-38.69,8.370912e-13
2024-05-12T22:04:00Z,499.0,-75.36,-37.6,8.281847e-13
2024-05-12T22:04:30Z,499.3,-77.22,-36.16,8.203233e-13
2024-05-12T22:05:00Z,499.7,-79.07,-34.2,8.133348e-13
2024-05-12T22:05:30Z,499.9,-80.89,-31.41,8.068041e-13
2024-05-12T22:06:00Z,500.2,-82.69,-27.19,8.005531e-13
2024-05-12T22:06:30Z,500.3,-84.41,-20.25,7.943626e-13
2024-05-12T22:07:00Z,500.5,-85.98,-7.45,7.883733e-13
2024-05-12T22:07:30Z,500.5,-87.13,18.16,7.830898e-13
2024-05-12T22:08:00Z,500.6,-87.25,57.37,7.789677e-13
2024-05-12T22:08:30Z,500.5,-86.25,86.33,7.752635e-13
2024-05-12T22:09:00Z,500.5,-84.73,100.93,7.720647e-13
2024-05-12T22:09:30Z,500.3,-83.03,108.68,7.698655e-13
2024-05-12T22:10:00Z,500.2,-81.24,113.29,7.690490e-13
2024-05-12T22:10:30Z,499.9,-79.42,116.29,7.695216e-13
2024-05-12T22:11:00Z,499.7,-77.58,118.38,7.713078e-13
2024-05-12T22:11:30Z,499.4,-75.72,119.9,7.742876e-13
2024-05-12T22:12:00Z,499.0,-73.85,121.05,7.779400e-13
2024-05-12T22:12:30Z,498.6,-71.97,121.94,7.819191e-13
2024-05-12T22:13:00Z,498.1,-70.09,122.65,7.857290e-13
2024-05-12T22:13:30Z,497.7,-68.21,123.22,7.887561e-13
2024-05-12T22:14:00Z,497.1,-66.32,123.68,7.905739e-13
2024-05-12T22:14:30Z,496.6,-64.43,124.06,7.908941e-13
2024-05-12T22:15:00Z,496.0,-62.54,124.37,7.892221e-13
2024-05-12T22:15:30Z,495.3,-60.65,124.64,7.858740e-13
2024-05-12T22:16:00Z,494.7,-58.76,124.86,7.811547e-13
2024-05-12T22:16:30Z,494.0,-56.86,125.04,7.758031e-13
2024-05-12T22:17:00Z,493.3,-54.96,125.19,7.704363e-13
2024-05-12T22:17:30Z,492.5,-53.06,125.32,7.655721e-13
2024-05-12T22:18:00Z,491.8,-51.16,125.43,7.614959e-13
2024-05-12T22:18:30Z,491.0,-49.26,125.52,7.580398e-13
2024-05-12T22:19:00Z,490.2,-47.35,125.59,7.553254e-13
2024-05-12T22:19:30Z,489.4,-45.45,125.65,7.525409e-13
2024-05-12T22:20:00Z,488.6,-43.54,125.7,7.495660e-13
2024-05-12T22:20:30Z,487.8,-41.64,125.74,7.469744e-13
2024-05-12T22:21:00Z,487.0,-39.73,125.77,7.451651e-13
2024-05-12T22:21:30Z,486.2,-37.82,125.79,7.447131e-13
2024-05-12T22:22:00Z,485.4,-35.91,125.8,7.453861e-13
2024-05-12T22:22:30Z,484.6,-34.0,125.8,7.477617e-13
2024-05-12T22:23:00Z,483.8,-32.08,125.8,7.517086e-13
2024-05-12T22:23:30Z,483.0,-30.17,125.8,7.571723e-13
2024-05-12T22:24:00Z,482.2,-28.26,125.79,7.639677e-13
2024-05-12T22:24:30Z,481.5,-26.34,125.78,7.720031e-13
2024-05-12T22:25:00Z,480.8,-24.42,125.76,7.812075e-13
2024-05-12T22:25:30Z,480.1,-22.51,125.74,7.916415e-13
2024-05-12T22:26:00Z,479.4,-20.59,125.72,8.031729e-13
2024-05-12T22:26:30Z,478.7,-18.67,125.69,8.158619e-13
2024-05-12T22:27:00Z,478.1,-16.75,125.66,8.295969e-13
2024-05-12T22:27:30Z,477.5,-14.83,125.63,8.444032e-13
2024-05-12T22:28:00Z,476.9,-12.91,125.6,8.606071e-13
2024-05-12T22:28:30Z,476.4,-10.99,125.57,8.783867e-13
2024-05-12T22:29:00Z,475.9,-9.07,125.53,8.974024e-13
2024-05-12T22:29:30Z,475.4,-7.14,125.5,9.174287e-13
2024-05-12T22:30:00Z,475.0,-5.22,125.46,9.382558e-13
2024-05-12T22:30:30Z,474.6,-3.3,125.43,9.595792e-13
2024-05-12T22:31:00Z,474.2,-1.38,125.39,9.811984e-13
2024-05-12T22:31:30Z,473.9,0.55,125.35,1.002642e-12
2024-05-12T22:32:00Z,473.7,2.47,125.32,1.023668e-12
2024-05-12T22:32:30Z,473.4,4.4,125.28,1.044057e-12
2024-05-12T22:33:00Z,473.2,6.32,125.25,1.063874e-12
2024-05-12T22:33:30Z,473.1,8.24,125.21,1.082883e-12
2024-05-12T22:34:00Z,473.0,10.17,125.18,1.101244e-12
2024-05-12T22:34:30Z,472.9,12.09,125.14,1.118671e-12
2024-05-12T22:35:00Z,472.9,14.01,125.11,1.135789e-12
2024-05-12T22:35:30Z,472.9,15.94,125.08,1.152334e-12
2024-05-12T22:36:00Z,472.9,17.86,125.05,1.168743e-12
2024-05-12T22:36:30Z,473.0,19.78,125.03,1.184933e-12
2024-05-12T22:37:00Z,473.1,21.7,125.0,1.201310e-12
2024-05-12T22:37:30Z,473.2,23.63,124.98,1.217967e-12
2024-05-12T22:38:00Z,473.4,25.55,124.96,1.234613e-12
2024-05-12T22:38:30Z,473.6,27.47,124.95,1.251722e-12
2024-05-12T22:39:00Z,473.9,29.39,124.94,1.269120e-12
2024-05-12T22:39:30Z,474.1,31.31,124.93,1.287128e-12
2024-05-12T22:40:00Z,474.4,33.22,124.93,1.306027e-12
2024-05-12T22:40:30Z,474.7,35.14,124.93,1.325732e-12
2024-05-12T22:41:00Z,475.0,37.06,124.94,1.346118e-12
2024-05-12T22:41:30Z,475.3,38.97,124.96,1.367291e-12
2024-05-12T22:42:00Z,475.7,40.89,124.98,1.389303e-12
2024-05-12T22:42:30Z,476.1,42.8,125.02,1.412011e-12
2024-05-12T22:43:00Z,476.4,44.72,125.06,1.435475e-12
2024-05-12T22:43:30Z,476.8,46.63,125.12,1.459877e-12
2024-05-12T22:44:00Z,477.2,48.54,125.19,1.484234e-12
2024-05-12T22:44:30Z,477.6,50.45,125.27,1.509600e-12
2024-05-12T22:45:00Z,477.9,52.36,125.37,1.535719e-12
2024-05-12T22:45:30Z,478.3,54.27,125.49,1.562735e-12
2024-05-12T22:46:00Z,478.7,56.18,125.64,1.590377e-12
2024-05-12T22:46:30Z,479.1,58.08,125.82,1.618751e-12
2024-05-12T22:47:00Z,479.4,59.99,126.02,1.647896e-12
2024-05-12T22:47:30Z,479.8,61.89,126.27,1.678626e-12
2024-05-12T22:48:00Z,480.1,63.79,126.57,1.711409e-12
2024-05-12T22:48:30Z,480.4,65.69,126.93,1.745882e-12
2024-05-12T22:49:00Z,480.7,67.58,127.36,1.782338e-12
2024-05-12T22:49:30Z,481.0,69.48,127.9,1.819252e-12
2024-05-12T22:50:00Z,481.3,71.37,128.56,1.854305e-12
2024-05-12T22:50:30Z,481.5,73.26,129.39,1.885947e-12
2024-05-12T22:51:00Z,481.7,75.14,130.45,1.913439e-12
2024-05-12T22:51:30Z,481.9,77.01,131.85,1.936102e-12
2024-05-12T22:52:00Z,482.1,78.87,133.75,1.953770e-12
2024-05-12T22:52:30Z,482.2,80.71,136.45,1.965395e-12
2024-05-12T22:53:00Z,482.3,82.51,140.51,1.972664e-12
2024-05-12T22:53:30Z,482.4,84.26,147.14,1.977076e-12
2024-05-12T22:54:00Z,482.4,85.86,159.27,1.979675e-12
2024-05-12T22:54:30Z,482.4,87.06,-176.4,1.982019e-12
2024-05-12T22:55:00Z,482.4,87.28,-137.36,1.984583e-12
2024-05-12T22:55:30Z,482.4,86.34,-106.96,1.985755e-12
2024-05-12T22:56:00Z,482.3,84.84,-91.57,1.986838e-12
2024-05-12T22:56:30Z,482.2,83.13,-83.49,1.989061e-12
2024-05-12T22:57:00Z,482.0,81.34,-78.72,1.993981e-12
2024-05-12T22:57:30Z,481.9,79.51,-75.64,1.999872e-12
2024-05-12T22:58:00Z,481.7,77.66,-73.5,2.006198e-12
2024-05-12T22:58:30Z,481.5,75.79,-71.95,2.012774e-12
2024-05-12T22:59:00Z,481.2,73.91,-70.78,2.019002e-12
2024-05-12T22:59:30Z,480.9,72.03,-69.88,2.024776e-12
2024-05-12T23:00:00Z,480.6,70.14,-69.17,2.029638e-12
2024-05-12T23:00:30Z,480.3,68.25,-68.59,2.033408e-12
2024-05-12T23:01:00Z,480.0,66.35,-68.13,2.036419e-12
2024-05-12T23:01:30Z,479.6,64.45,-67.74,2.038844e-12
2024-05-12T23:02:00Z,479.3,62.55,-67.42,2.039986e-12
2024-05-12T23:02:30Z,478.9,60.65,-67.16,2.040725e-12
2024-05-12T23:03:00Z,478.5,58.74,-66.94,2.042068e-12
2024-05-12T23:03:30Z,478.1,56.84,-66.75,2.044489e-12
2024-05-12T23:04:00Z,477.7,54.93,-66.6,2.048101e-12
2024-05-12T23:04:30Z,477.3,53.02,-66.47,2.052716e-12
2024-05-12T23:05:00Z,476.9,51.11,-66.36,2.058297e-12
2024-05-12T23:05:30Z,476.4,49.2,-66.27,2.064361e-12
2024-05-12T23:06:00Z,476.0,47.29,-66.2,2.070058e-12
2024-05-12T23:06:30Z,475.6,45.38,-66.14,2.074228e-12
2024-05-12T23:07:00Z,475.2,43.47,-66.09,2.075725e-12
2024-05-12T23:07:30Z,474.8,41.55,-66.05,2.074226e-12
2024-05-12T23:08:00Z,474.4,39.64,-66.02,2.069296e-12
2024-05-12T23:08:30Z,474.1,37.72,-66.0,2.061412e-12
2024-05-12T23:09:00Z,473.7,35.8,-65.99,2.051330e-12
2024-05-12T23:09:30Z,473.4,33.88,-65.98,2.039290e-12
2024-05-12T23:10:00Z,473.1,31.97,-65.98,2.025318e-12
2024-05-12T23:10:30Z,472.8,30.05,-65.99,2.009422e-12
2024-05-12T23:11:00Z,472.5,28.13,-66.0,1.991021e-12
2024-05-12T23:11:30Z,472.3,26.21,-66.01,1.969686e-12
2024-05-12T23:12:00Z,472.1,24.28,-66.03,1.945297e-12
2024-05-12T23:12:30Z,471.9,22.36,-66.05,1.917773e-12
2024-05-12T23:13:00Z,471.8,20.44,-66.07,1.887115e-12
2024-05-12T23:13:30Z,471.7,18.52,-66.1,1.853611e-12
2024-05-12T23:14:00Z,471.6,16.59,-66.12,1.817483e-12
2024-05-12T23:14:30Z,471.6,14.67,-66.15,1.778986e-12
2024-05-12T23:15:00Z,471.6,12.75,-66.18,1.738345e-12
2024-05-12T23:15:30Z,471.7,10.82,-66.22,1.696082e-12
2024-05-12T23:16:00Z,471.8,8.9,-66.25,1.652559e-12
2024-05-12T23:16:30Z,471.9,6.97,-66.29,1.608030e-12
2024-05-12T23:17:00Z,472.1,5.05,-66.32,1.563022e-12
2024-05-12T23:17:30Z,472.3,3.12,-66.36,1.518047e-12
2024-05-12T23:18:00Z,472.6,1.2,-66.39,1.473624e-12
2024-05-12T23:18:30Z,472.9,-0.73,-66.43,1.430194e-12
2024-05-12T23:19:00Z,473.2,-2.65,-66.47,1.388350e-12
2024-05-12T23:19:30Z,473.6,-4.57,-66.5,1.348573e-12
2024-05-12T23:20:00Z,474.0,-6.5,-66.54,1.311656e-12
2024-05-12T23:20:30Z,474.5,-8.42,-66.57,1.277865e-12
2024-05-12T23:21:00Z,475.0,-10.34,-66.61,1.247539e-12
2024-05-12T23:21:30Z,475.5,-12.26,-66.64,1.220914e-12
2024-05-12T23:22:00Z,476.1,-14.19,-66.67,1.197934e-12
2024-05-12T23:22:30Z,476.7,-16.11,-66.7,1.178554e-12
2024-05-12T23:23:00Z,477.3,-18.03,-66.73,1.162674e-12
2024-05-12T23:23:30Z,478.0,-19.95,-66.76,1.149937e-12
2024-05-12T23:24:00Z,478.7,-21.87,-66.78,1.139854e-12
2024-05-12T23:24:30Z,479.4,-23.78,-66.8,1.132065e-12
2024-05-12T23:25:00Z,480.2,-25.7,-66.82,1.125994e-12
2024-05-12T23:25:30Z,480.9,-27.62,-66.84,1.121596e-12
2024-05-12T23:26:00Z,481.7,-29.53,-66.85,1.118204e-12
2024-05-12T23:26:30Z,482.5,-31.45,-66.85,1.115449e-12
2024-05-12T23:27:00Z,483.3,-33.36,-66.86,1.112655e-12
2024-05-12T23:27:30Z,484.2,-35.27,-66.85,1.110472e-12
2024-05-12T23:28:00Z,485.0,-37.19,-66.84,1.108687e-12
2024-05-12T23:28:30Z,485.8,-39.1,-66.82,1.106673e-12
2024-05-12T23:29:00Z,486.7,-41.0,-66.8,1.104576e-12
2024-05-12T23:29:30Z,487.5,-42.91,-66.76,1.102880e-12
2024-05-12T23:30:00Z,488.4,-44.82,-66.72,1.101505e-12
2024-05-12T23:30:30Z,489.2,-46.73,-66.66,1.100415e-12
2024-05-12T23:31:00Z,490.0,-48.63,-66.6,1.099809e-12
2024-05-12T23:31:30Z,490.8,-50.53,-66.51,1.098911e-12
2024-05-12T23:32:00Z,491.6,-52.43,-66.41,1.097386e-12
2024-05-12T23:32:30Z,492.4,-54.33,-66.29,1.095586e-12
2024-05-12T23:33:00Z,493.1,-56.23,-66.14,1.092643e-12
2024-05-12T23:33:30Z,493.9,-58.13,-65.97,1.087486e-12
2024-05-12T23:34:00Z,494.6,-60.03,-65.76,1.079269e-12
2024-05-12T23:34:30Z,495.3,-61.92,-65.51,1.067235e-12
2024-05-12T23:35:00Z,495.9,-63.81,-65.22,1.052000e-12
2024-05-12T23:35:30Z,496.5,-65.7,-64.86,1.034710e-12
2024-05-12T23:36:00Z,497.1,-67.59,-64.43,1.016789e-12
2024-05-12T23:36:30Z,497.6,-69.48,-63.9,9.992876e-13
2024-05-12T23:37:00Z,498.1,-71.36,-63.24,9.826426e-13
2024-05-12T23:37:30Z,498.6,-73.23,-62.42,9.666409e-13
2024-05-12T23:38:00Z,499.0,-75.1,-61.36,9.501902e-13
2024-05-12T23:38:30Z,499.4,-76.97,-59.98,9.329187e-13
2024-05-12T23:39:00Z,499.7,-78.82,-58.1,9.142539e-13
2024-05-12T23:39:30Z,500.0,-80.65,-55.45,8.937833e-13
2024-05-12T23:40:00Z,500.2,-82.45,-51.48,8.716064e-13
2024-05-12T23:40:30Z,500.4,-84.19,-45.01,8.479595e-13
2024-05-12T23:41:00Z,500.5,-85.79,-33.31,8.227849e-13
2024-05-12T23:41:30Z,500.6,-87.02,-9.92,7.972957e-13
2024-05-12T23:42:00Z,500.6,-87.31,28.56,7.718835e-13
2024-05-12T23:42:30Z,500.6,-86.43,59.85,7.465843e-13
2024-05-12T23:43:00Z,500.5,-84.95,75.88,7.206404e-13
2024-05-12T23:43:30Z,500.4,-83.26,84.25,6.955183e-13
2024-05-12T23:44:00Z,500.2,-81.49,89.17,6.717722e-13
2024-05-12T23:44:30Z,500.0,-79.67,92.34,6.498346e-13
2024-05-12T23:45:00Z,499.8,-77.82,94.53,6.298312e-13
2024-05-12T23:45:30Z,499.4,-75.97,96.11,6.120572e-13
2024-05-12T23:46:00Z,499.1,-74.1,97.31,5.962933e-13
2024-05-12T23:46:30Z,498.7,-72.23,98.23,5.826138e-13
2024-05-12T23:47:00Z,498.2,-70.35,98.96,5.710886e-13
2024-05-12T23:47:30Z,497.8,-68.46,99.54,5.615234e-13
2024-05-12T23:48:00Z,497.2,-66.58,100.01,5.540419e-13
2024-05-12T23:48:30Z,496.7,-64.69,100.4,5.488449e-13
2024-05-12T23:49:00Z,496.1,-62.8,100.73,5.458704e-13
2024-05-12T23:49:30Z,495.5,-60.91,101.0,5.453383e-13
2024-05-12T23:50:00Z,494.8,-59.01,101.22,5.473109e-13
2024-05-12T23:50:30Z,494.1,-57.11,101.41,5.522602e-13
2024-05-12T23:51:00Z,493.4,-55.22,101.57,5.600499e-13
2024-05-12T23:51:30Z,492.7,-53.32,101.7,5.708969e-13
2024-05-12T23:52:00Z,491.9,-51.42,101.81,5.843219e-13
2024-05-12T23:52:30Z,491.1,-49.51,101.9,6.003507e-13
2024-05-12T23:53:00Z,490.3,-47.61,101.98,6.184269e-13
2024-05-12T23:53:30Z,489.5,-45.71,102.04,6.380898e-13
2024-05-12T23:54:00Z,488.7,-43.8,102.09,6.588803e-13
2024-05-12T23:54:30Z,487.9,-41.89,102.13,6.806558e-13
2024-05-12T23:55:00Z,487.1,-39.99,102.16,7.034010e-13
2024-05-12T23:55:30Z,486.3,-38.08,102.18,7.272521e-13
2024-05-12T23:56:00Z,485.5,-36.17,102.19,7.516791e-13
2024-05-12T23:56:30Z,484.7,-34.25,102.2,7.767459e-13
2024-05-12T23:57:00Z,483.9,-32.34,102.2,8.022575e-13
2024-05-12T23:57:30Z,483.1,-30.43,102.19,8.277856e-13
2024-05-12T23:58:00Z,482.3,-28.51,102.19,8.533521e-13
2024-05-12T23:58:30Z,481.5,-26.6,102.17,8.786735e-13
2024-05-12T23:59:00Z,480.8,-24.68,102.16,9.038609e-13
2024-05-12T23:59:30Z,480.1,-22.76,102.14,9.289633e-13
2024-05-13T00:00:00Z,479.4,-20.85,102.11,9.718416e-13
2024-05-13T00:00:30Z,478.7,-18.93,102.09,1.011228e-12
2024-05-13T00:01:00Z,478.1,-17.01,102.06,1.029670e-12
2024-05-13T00:01:30Z,477.5,-15.09,102.03,1.048507e-12
2024-05-13T00:02:00Z,476.9,-13.17,102.0,1.067747e-12
2024-05-13T00:02:30Z,476.4,-11.25,101.97,1.087406e-12
2024-05-13T00:03:00Z,475.9,-9.32,101.93,1.107504e-12
2024-05-13T00:03:30Z,475.4,-7.4,101.9,1.128066e-12
2024-05-13T00:04:00Z,475.0,-5.48,101.86,1.148875e-12
2024-05-13T00:04:30Z,474.6,-3.56,101.83,1.169752e-12
2024-05-13T00:05:00Z,474.2,-1.63,101.79,1.190575e-12
2024-05-13T00:05:30Z,473.9,0.29,101.75,1.211128e-12
2024-05-13T00:06:00Z,473.6,2.21,101.72,1.231133e-12
2024-05-13T00:06:30Z,473.4,4.14,101.68,1.250466e-12
2024-05-13T00:07:00Z,473.2,6.06,101.64,1.268936e-12
2024-05-13T00:07:30Z,473.0,7.99,101.61,1.286146e-12
2024-05-13T00:08:00Z,472.9,9.91,101.58,1.301916e-12
2024-05-13T00:08:30Z,472.8,11.83,101.54,1.316182e-12
2024-05-13T00:09:00Z,472.8,13.76,101.51,1.328788e-12
2024-05-13T00:09:30Z,472.8,15.68,101.48,1.339574e-12
2024-05-13T00:10:00Z,472.8,17.6,101.45,1.348643e-12
2024-05-13T00:10:30Z,472.9,19.52,101.42,1.355952e-12
2024-05-13T00:11:00Z,473.0,21.45,101.4,1.361643e-12
2024-05-13T00:11:30Z,473.1,23.37,101.38,1.365735e-12
2024-05-13T00:12:00Z,473.3,25.29,101.36,1.367859e-12
2024-05-13T00:12:30Z,473.5,27.21,101.34,1.368521e-12
2024-05-13T00:13:00Z,473.7,29.13,101.33,1.367851e-12
2024-05-13T00:13:30Z,474.0,31.05,101.33,1.366065e-12
2024-05-13T00:14:00Z,474.3,32.97,101.32,1.363586e-12
2024-05-13T00:14:30Z,474.6,34.89,101.33,1.360368e-12
2024-05-13T00:15:00Z,474.9,36.8,101.34,1.356648e-12
2024-05-13T00:15:30Z,475.2,38.72,101.35,1.352636e-12
2024-05-13T00:16:00Z,475.6,40.63,101.38,1.348800e-12
2024-05-13T00:16:30Z,475.9,42.55,101.41,1.345206e-12
2024-05-13T00:17:00Z,476.3,44.46,101.45,1.342245e-12
2024-05-13T00:17:30Z,476.7,46.37,101.51,1.339874e-12
2024-05-13T00:18:00Z,477.1,48.29,101.57,1.337991e-12
2024-05-13T00:18:30Z,477.5,50.2,101.66,1.337378e-12
2024-05-13T00:19:00Z,477.9,52.11,101.75,1.338103e-12
2024-05-13T00:19:30Z,478.3,54.01,101.87,1.340439e-12
2024-05-13T00:20:00Z,478.6,55.92,102.02,1.344792e-12
2024-05-13T00:20:30Z,479.0,57.83,102.19,1.351269e-12
2024-05-13T00:21:00Z,479.4,59.73,102.39,1.360118e-12
2024-05-13T00:21:30Z,479.7,61.63,102.63,1.371777e-12
2024-05-13T00:22:00Z,480.1,63.54,102.92,1.386980e-12
2024-05-13T00:22:30Z,480.4,65.43,103.27,1.405901e-12
2024-05-13T00:23:00Z,480.7,67.33,103.7,1.428648e-12
2024-05-13T00:23:30Z,481.0,69.23,104.22,1.454237e-12
2024-05-13T00:24:00Z,481.3,71.12,104.86,1.481351e-12
2024-05-13T00:24:30Z,481.5,73.0,105.66,1.509401e-12
2024-05-13T00:25:00Z,481.7,74.88,106.69,1.537539e-12
2024-05-13T00:25:30Z,481.9,76.76,108.04,1.565259e-12
2024-05-13T00:26:00Z,482.1,78.62,109.86,1.592221e-12
2024-05-13T00:26:30Z,482.2,80.46,112.43,1.618350e-12
2024-05-13T00:27:00Z,482.3,82.28,116.25,1.643775e-12
2024-05-13T00:27:30Z,482.4,84.03,122.43,1.668722e-12
2024-05-13T00:28:00Z,482.5,85.66,133.54,1.693652e-12
2024-05-13T00:28:30Z,482.5,86.94,155.72,1.719201e-12
2024-05-13T00:29:00Z,482.5,87.33,-166.3,1.745769e-12
2024-05-13T00:29:30Z,482.5,86.51,-133.6,1.771702e-12
2024-05-13T00:30:00Z,482.4,85.06,-116.69,1.797216e-12
2024-05-13T00:30:30Z,482.3,83.37,-107.94,1.822786e-12
2024-05-13T00:31:00Z,482.2,81.59,-102.85,1.847586e-12
2024-05-13T00:31:30Z,482.0,79.76,-99.6,1.871987e-12
2024-05-13T00:32:00Z,481.8,77.91,-97.36,1.895367e-12
2024-05-13T00:32:30Z,481.6,76.04,-95.74,1.917018e-12
2024-05-13T00:33:00Z,481.4,74.16,-94.53,1.936177e-12
2024-05-13T00:33:30Z,481.1,72.28,-93.6,1.952712e-12
2024-05-13T00:34:00Z,480.8,70.39,-92.86,1.966058e-12
2024-05-13T00:34:30Z,480.5,68.5,-92.27,1.976005e-12
2024-05-13T00:35:00Z,480.2,66.6,-91.79,1.982426e-12
2024-05-13T00:35:30Z,479.9,64.71,-91.4,1.985778e-12
2024-05-13T00:36:00Z,479.5,62.81,-91.07,1.986744e-12
2024-05-13T00:36:30Z,479.1,60.9,-90.8,1.986047e-12
2024-05-13T00:37:00Z,478.7,59.0,-90.57,1.984532e-12
2024-05-13T00:37:30Z,478.3,57.09,-90.38,1.983155e-12
2024-05-13T00:38:00Z,477.9,55.19,-90.22,1.982690e-12
2024-05-13T00:38:30Z,477.5,53.28,-90.09,1.983803e-12
2024-05-13T00:39:00Z,477.1,51.37,-89.98,1.986591e-12
2024-05-13T00:39:30Z,476.7,49.46,-89.89,1.991177e-12
2024-05-13T00:40:00Z,476.3,47.55,-89.81,1.997623e-12
2024-05-13T00:40:30Z,475.9,45.64,-89.75,2.005308e-12
2024-05-13T00:41:00Z,475.5,43.72,-89.7,2.013461e-12
2024-05-13T00:41:30Z,475.1,41.81,-89.66,2.021027e-12
2024-05-13T00:42:00Z,474.7,39.89,-89.63,2.027374e-12
2024-05-13T00:42:30Z,474.3,37.98,-89.61,2.031954e-12
2024-05-13T00:43:00Z,474.0,36.06,-89.6,2.034126e-12
2024-05-13T00:43:30Z,473.7,34.14,-89.59,2.034329e-12
2024-05-13T00:44:00Z,473.3,32.23,-89.59,2.032939e-12
2024-05-13T00:44:30Z,473.1,30.31,-89.59,2.029885e-12
2024-05-13T00:45:00Z,472.8,28.39,-89.6,2.025138e-12
2024-05-13T00:45:30Z,472.6,26.47,-89.61,2.018735e-12
2024-05-13T00:46:00Z,472.4,24.54,-89.63,2.010661e-12
2024-05-13T00:46:30Z,472.2,22.62,-89.65,2.000709e-12
2024-05-13T00:47:00Z,472.0,20.7,-89.67,1.989093e-12
2024-05-13T00:47:30Z,471.9,18.78,-89.7,1.975768e-12
2024-05-13T00:48:00Z,471.9,16.85,-89.73,1.960746e-12
2024-05-13T00:48:30Z,471.8,14.93,-89.76,1.944183e-12
2024-05-13T00:49:00Z,471.9,13.01,-89.79,1.926226e-12
2024-05-13T00:49:30Z,471.9,11.08,-89.82,1.907005e-12
2024-05-13T00:50:00Z,472.0,9.16,-89.85,1.886786e-12
2024-05-13T00:50:30Z,472.1,7.23,-89.89,1.865673e-12
2024-05-13T00:51:00Z,472.3,5.31,-89.92,1.843896e-12
2024-05-13T00:51:30Z,472.5,3.39,-89.96,1.821641e-12
2024-05-13T00:52:00Z,472.7,1.46,-90.0,1.799190e-12
2024-05-13T00:52:30Z,473.0,-0.46,-90.03,1.776501e-12
2024-05-13T00:53:00Z,473.4,-2.39,-90.07,1.754014e-12
2024-05-13T00:53:30Z,473.7,-4.31,-90.11,1.731888e-12
2024-05-13T00:54:00Z,474.1,-6.23,-90.14,1.709962e-12
2024-05-13T00:54:30Z,474.6,-8.16,-90.18,1.688379e-12
2024-05-13T00:55:00Z,475.1,-10.08,-90.21,1.667078e-12
2024-05-13T00:55:30Z,475.6,-12.0,-90.24,1.645714e-12
2024-05-13T00:56:00Z,476.2,-13.92,-90.28,1.624296e-12
2024-05-13T00:56:30Z,476.8,-15.84,-90.31,1.602823e-12
2024-05-13T00:57:00Z,477.4,-17.76,-90.33,1.581065e-12
2024-05-13T00:57:30Z,478.1,-19.68,-90.36,1.558880e-12
2024-05-13T00:58:00Z,478.8,-21.6,-90.39,1.536008e-12
2024-05-13T00:58:30Z,479.5,-23.52,-90.41,1.512207e-12
2024-05-13T00:59:00Z,480.2,-25.44,-90.43,1.487109e-12
2024-05-13T00:59:30Z,481.0,-27.36,-90.44,1.460639e-12
2024-05-13T01:00:00Z,481.7,-29.27,-90.45,1.432593e-12
2024-05-13T01:00:30Z,482.5,-31.19,-90.46,1.403007e-12
2024-05-13T01:01:00Z,483.4,-33.1,-90.46,1.371784e-12
2024-05-13T01:01:30Z,484.2,-35.01,-90.46,1.339087e-12
2024-05-13T01:02:00Z,485.0,-36.92,-90.45,1.305025e-12
2024-05-13T01:02:30Z,485.8,-38.83,-90.43,1.269867e-12
2024-05-13T01:03:00Z,486.7,-40.74,-90.41,1.233752e-12
2024-05-13T01:03:30Z,487.5,-42.65,-90.38,1.196948e-12
2024-05-13T01:04:00Z,488.3,-44.56,-90.33,1.160043e-12
2024-05-13T01:04:30Z,489.2,-46.46,-90.28,1.123228e-12
2024-05-13T01:05:00Z,490.0,-48.37,-90.21,1.086906e-12
2024-05-13T01:05:30Z,490.8,-50.27,-90.13,1.051351e-12
2024-05-13T01:06:00Z,491.6,-52.17,-90.03,1.016863e-12
2024-05-13T01:06:30Z,492.4,-54.07,-89.91,9.833681e-13
2024-05-13T01:07:00Z,493.1,-55.97,-89.77,9.510433e-13
2024-05-13T01:07:30Z,493.8,-57.87,-89.6,9.197274e-13
2024-05-13T01:08:00Z,494.5,-59.77,-89.4,8.891332e-13
2024-05-13T01:08:30Z,495.2,-61.66,-89.16,8.597812e-13
2024-05-13T01:09:00Z,495.9,-63.55,-88.87,8.325248e-13
2024-05-13T01:09:30Z,496.5,-65.44,-88.52,8.084299e-13
2024-05-13T01:10:00Z,497.1,-67.33,-88.09,7.882866e-13
2024-05-13T01:10:30Z,497.6,-69.22,-87.58,7.726465e-13
2024-05-13T01:11:00Z,498.1,-71.1,-86.94,7.612801e-13
2024-05-13T01:11:30Z,498.5,-72.98,-86.14,7.539299e-13
2024-05-13T01:12:00Z,499.0,-74.85,-85.13,7.496703e-13
2024-05-13T01:12:30Z,499.3,-76.71,-83.79,7.480592e-13
2024-05-13T01:13:00Z,499.7,-78.56,-82.0,7.481584e-13
2024-05-13T01:13:30Z,499.9,-80.4,-79.48,7.494776e-13
2024-05-13T01:14:00Z,500.2,-82.2,-75.73,7.513270e-13
2024-05-13T01:14:30Z,500.4,-83.95,-69.72,7.533365e-13
2024-05-13T01:15:00Z,500.5,-85.58,-59.01,7.548434e-13
2024-05-13T01:15:30Z,500.6,-86.88,-37.76,7.560346e-13
2024-05-13T01:16:00Z,500.6,-87.34,-0.57,7.570708e-13
2024-05-13T01:16:30Z,500.6,-86.59,32.99,7.572399e-13
2024-05-13T01:17:00Z,500.5,-85.17,50.65,7.555981e-13
2024-05-13T01:17:30Z,500.4,-83.5,59.74,7.525946e-13
2024-05-13T01:18:00Z,500.2,-81.73,65.01,7.482277e-13
2024-05-13T01:18:30Z,500.0,-79.92,68.36,7.428224e-13
2024-05-13T01:19:00Z,499.8,-78.08,70.66,7.362944e-13
2024-05-13T01:19:30Z,499.5,-76.22,72.31,7.288341e-13
2024-05-13T01:20:00Z,499.1,-74.36,73.55,7.208982e-13
2024-05-13T01:20:30Z,498.7,-72.48,74.5,7.125231e-13
2024-05-13T01:21:00Z,498.3,-70.61,75.25,7.039740e-13
2024-05-13T01:21:30Z,497.8,-68.72,75.86,6.954420e-13
2024-05-13T01:22:00Z,497.2,-66.84,76.34,6.872375e-13
2024-05-13T01:22:30Z,496.7,-64.95,76.75,6.797028e-13
2024-05-13T01:23:00Z,496.1,-63.06,77.08,6.731116e-13
2024-05-13T01:23:30Z,495.5,-61.17,77.35,6.677618e-13
2024-05-13T01:24:00Z,494.8,-59.27,77.58,6.638653e-13
2024-05-13T01:24:30Z,494.1,-57.37,77.78,6.619240e-13
2024-05-13T01:25:00Z,493.4,-55.48,77.94,6.620953e-13
2024-05-13T01:25:30Z,492.7,-53.58,78.08,6.644702e-13
2024-05-13T01:26:00Z,491.9,-51.68,78.19,6.691974e-13
2024-05-13T01:26:30Z,491.1,-49.77,78.28,6.761642e-13
2024-05-13T01:27:00Z,490.4,-47.87,78.36,6.861414e-13
2024-05-13T01:27:30Z,489.6,-45.97,78.42,6.987011e-13
2024-05-13T01:28:00Z,488.7,-44.06,78.47,7.133932e-13
2024-05-13T01:28:30Z,487.9,-42.15,78.51,7.284746e-13
2024-05-13T01:29:00Z,487.1,-40.25,78.55,7.457141e-13
2024-05-13T01:29:30Z,486.3,-38.34,78.57,7.650529e-13
2024-05-13T01:30:00Z,485.5,-36.43,78.58,7.859869e-13
2024-05-13T01:30:30Z,484.7,-34.52,78.59,8.082066e-13
2024-05-13T01:31:00Z,483.9,-32.6,78.59,8.332060e-13
2024-05-13T01:31:30Z,483.1,-30.69,78.59,8.589598e-13
2024-05-13T01:32:00Z,482.3,-28.78,78.58,8.852992e-13
2024-05-13T01:32:30Z,481.5,-26.86,78.57,9.119008e-13
2024-05-13T01:33:00Z,480.8,-24.94,78.55,9.388854e-13
2024-05-13T01:33:30Z,480.1,-23.03,78.53,9.637316e-13
2024-05-13T01:34:00Z,479.4,-21.11,78.51,9.880896e-13
2024-05-13T01:34:30Z,478.7,-19.19,78.48,1.012047e-12
2024-05-13T01:35:00Z,478.0,-17.27,78.46,1.035578e-12
2024-05-13T01:35:30Z,477.4,-15.35,78.43,1.058675e-12
2024-05-13T01:36:00Z,476.8,-13.43,78.4,1.080973e-12
2024-05-13T01:36:30Z,476.3,-11.51,78.37,1.102221e-12
2024-05-13T01:37:00Z,475.8,-9.59,78.33,1.122507e-12
2024-05-13T01:37:30Z,475.3,-7.66,78.3,1.142019e-12
2024-05-13T01:38:00Z,474.9,-5.74,78.26,1.160713e-12
2024-05-13T01:38:30Z,474.5,-3.82,78.23,1.178407e-12
2024-05-13T01:39:00Z,474.1,-1.9,78.19,1.195581e-12
2024-05-13T01:39:30Z,473.8,0.03,78.15,1.212082e-12
2024-05-13T01:40:00Z,473.5,1.95,78.12,1.227732e-12
2024-05-13T01:40:30Z,473.3,3.88,78.08,1.242665e-12
2024-05-13T01:41:00Z,473.1,5.8,78.04,1.256963e-12
2024-05-13T01:41:30Z,472.9,7.72,78.01,1.270596e-12
2024-05-13T01:42:00Z,472.8,9.65,77.97,1.283298e-12
2024-05-13T01:42:30Z,472.7,11.57,77.94,1.295185e-12
2024-05-13T01:43:00Z,472.7,13.49,77.91,1.305368e-12
2024-05-13T01:43:30Z,472.7,15.42,77.88,1.314695e-12
2024-05-13T01:44:00Z,472.7,17.34,77.85,1.323346e-12
2024-05-13T01:44:30Z,472.8,19.26,77.82,1.331190e-12
2024-05-13T01:45:00Z,472.9,21.19,77.8,1.338322e-12
2024-05-13T01:45:30Z,473.0,23.11,77.77,1.344880e-12
2024-05-13T01:46:00Z,473.2,25.03,77.76,1.350426e-12
2024-05-13T01:46:30Z,473.4,26.95,77.74,1.355264e-12
2024-05-13T01:47:00Z,473.6,28.87,77.73,1.359710e-12
2024-05-13T01:47:30Z,473.9,30.79,77.72,1.363600e-12
2024-05-13T01:48:00Z,474.1,32.71,77.72,1.366939e-12
2024-05-13T01:48:30Z,474.4,34.62,77.72,1.369767e-12
2024-05-13T01:49:00Z,474.8,36.54,77.73,1.372150e-12
2024-05-13T01:49:30Z,475.1,38.46,77.74,1.374006e-12
2024-05-13T01:50:00Z,475.5,40.37,77.77,1.375445e-12
2024-05-13T01:50:30Z,475.8,42.29,77.8,1.376237e-12
2024-05-13T01:51:00Z,476.2,44.2,77.84,1.376513e-12
2024-05-13T01:51:30Z,476.6,46.12,77.89,1.376126e-12
2024-05-13T01:52:00Z,477.0,48.03,77.96,1.374401e-12
2024-05-13T01:52:30Z,477.4,49.94,78.04,1.372049e-12
2024-05-13T01:53:00Z,477.8,51.85,78.13,1.369067e-12
2024-05-13T01:53:30Z,478.2,53.76,78.25,1.365457e-12
2024-05-13T01:54:00Z,478.6,55.66,78.39,1.361226e-12
2024-05-13T01:54:30Z,478.9,57.57,78.56,1.356546e-12
2024-05-13T01:55:00Z,479.3,59.47,78.75,1.351689e-12
2024-05-13T01:55:30Z,479.7,61.38,78.99,1.347214e-12
2024-05-13T01:56:00Z,480.0,63.28,79.27,1.343846e-12
2024-05-13T01:56:30Z,480.3,65.18,79.62,1.342059e-12
2024-05-13T01:57:00Z,480.7,67.07,80.03,1.342091e-12
2024-05-13T01:57:30Z,481.0,68.97,80.53,1.343693e-12
2024-05-13T01:58:00Z,481.2,70.86,81.16,1.346136e-12
2024-05-13T01:58:30Z,481.5,72.75,81.94,1.348562e-12
2024-05-13T01:59:00Z,481.7,74.63,82.93,1.351146e-12
2024-05-13T01:59:30Z,481.9,76.5,84.23,1.354594e-12
2024-05-13T02:00:00Z,482.1,78.37,85.97,1.359368e-12
2024-05-13T02:00:30Z,482.2,80.21,88.41,1.365771e-12
2024-05-13T02:01:00Z,482.4,82.03,92.02,1.374573e-12
2024-05-13T02:01:30Z,482.5,83.8,97.78,1.386332e-12
2024-05-13T02:02:00Z,482.5,85.45,107.97,1.401550e-12
2024-05-13T02:02:30Z,482.6,86.8,128.12,1.420884e-12
2024-05-13T02:03:00Z,482.6,87.35,164.56,1.444564e-12
2024-05-13T02:03:30Z,482.5,86.68,-160.58,1.471269e-12
2024-05-13T02:04:00Z,482.5,85.27,-141.96,1.500394e-12
2024-05-13T02:04:30Z,482.4,83.6,-132.46,1.532129e-12
2024-05-13T02:05:00Z,482.3,81.83,-127.02,1.566301e-12
2024-05-13T02:05:30Z,482.1,80.01,-123.57,1.601803e-12
2024-05-13T02:06:00Z,481.9,78.16,-121.22,1.637622e-12
2024-05-13T02:06:30Z,481.7,76.29,-119.54,1.672957e-12
2024-05-13T02:07:00Z,481.5,74.42,-118.28,1.706529e-12
2024-05-13T02:07:30Z,481.3,72.54,-117.32,1.737491e-12
2024-05-13T02:08:00Z,481.0,70.65,-116.56,1.765223e-12
2024-05-13T02:08:30Z,480.7,68.76,-115.95,1.789389e-12
2024-05-13T02:09:00Z,480.4,66.86,-115.46,1.810345e-12
2024-05-13T02:09:30Z,480.0,64.96,-115.05,1.828641e-12
2024-05-13T02:10:00Z,479.7,63.06,-114.72,1.844855e-12
2024-05-13T02:10:30Z,479.3,61.16,-114.44,1.859622e-12
2024-05-13T02:11:00Z,478.9,59.26,-114.21,1.873849e-12
2024-05-13T02:11:30Z,478.5,57.35,-114.01,1.889106e-12
2024-05-13T02:12:00Z,478.1,55.45,-113.85,1.906168e-12
2024-05-13T02:12:30Z,477.7,53.54,-113.71,1.925442e-12
2024-05-13T02:13:00Z,477.3,51.63,-113.6,1.947047e-12
2024-05-13T02:13:30Z,476.9,49.72,-113.5,1.970161e-12
2024-05-13T02:14:00Z,476.5,47.81,-113.43,1.993345e-12
2024-05-13T02:14:30Z,476.1,45.9,-113.36,2.015384e-12
2024-05-13T02:15:00Z,475.7,43.99,-113.31,2.033014e-12
2024-05-13T02:15:30Z,475.3,42.07,-113.27,2.046111e-12
2024-05-13T02:16:00Z,474.9,40.16,-113.24,2.055343e-12
2024-05-13T02:16:30Z,474.5,38.24,-113.22,2.061101e-12
2024-05-13T02:17:00Z,474.2,36.32,-113.2,2.063866e-12
2024-05-13T02:17:30Z,473.8,34.41,-113.2,2.064136e-12
2024-05-13T02:18:00Z,473.5,32.49,-113.19,2.062126e-12
2024-05-13T02:18:30Z,473.2,30.57,-113.2,2.057565e-12
2024-05-13T02:19:00Z,473.0,28.65,-113.21,2.050638e-12
2024-05-13T02:19:30Z,472.7,26.73,-113.22,2.041187e-12
2024-05-13T02:20:00Z,472.5,24.81,-113.23,2.030183e-12
2024-05-13T02:20:30Z,472.3,22.89,-113.25,2.017396e-12
2024-05-13T02:21:00Z,472.2,20.96,-113.28,2.002223e-12
2024-05-13T02:21:30Z,472.1,19.04,-113.3,1.984498e-12
2024-05-13T02:22:00Z,472.0,17.12,-113.33,1.964428e-12
2024-05-13T02:22:30Z,472.0,15.19,-113.36,1.942186e-12
2024-05-13T02:23:00Z,472.0,13.27,-113.39,1.917741e-12
2024-05-13T02:23:30Z,472.0,11.35,-113.42,1.891549e-12
2024-05-13T02:24:00Z,472.1,9.42,-113.45,1.863910e-12
2024-05-13T02:24:30Z,472.2,7.5,-113.49,1.835182e-12
2024-05-13T02:25:00Z,472.4,5.57,-113.52,1.805508e-12
2024-05-13T02:25:30Z,472.6,3.65,-113.56,1.775376e-12
2024-05-13T02:26:00Z,472.8,1.73,-113.6,1.744860e-12
2024-05-13T02:26:30Z,473.1,-0.2,-113.63,1.714075e-12
2024-05-13T02:27:00Z,473.4,-2.12,-113.67,1.683325e-12
2024-05-13T02:27:30Z,473.8,-4.05,-113.71,1.652299e-12
2024-05-13T02:28:00Z,474.2,-5.97,-113.74,1.621563e-12
2024-05-13T02:28:30Z,474.6,-7.89,-113.78,1.591594e-12
2024-05-13T02:29:00Z,475.1,-9.82,-113.81,1.562367e-12
2024-05-13T02:29:30Z,475.6,-11.74,-113.85,1.533997e-12
2024-05-13T02:30:00Z,476.2,-13.66,-113.88,1.506518e-12
2024-05-13T02:30:30Z,476.8,-15.58,-113.91,1.479885e-12
2024-05-13T02:31:00Z,477.4,-17.5,-113.94,1.454319e-12
2024-05-13T02:31:30Z,478.1,-19.42,-113.96,1.429740e-12
2024-05-13T02:32:00Z,478.7,-21.34,-113.99,1.405797e-12
2024-05-13T02:32:30Z,479.4,-23.26,-114.01,1.382570e-12
2024-05-13T02:33:00Z,480.2,-25.18,-114.03,1.359439e-12
2024-05-13T02:33:30Z,480.9,-27.09,-114.05,1.336965e-12
2024-05-13T02:34:00Z,481.7,-29.01,-114.06,1.314956e-12
2024-05-13T02:34:30Z,482.5,-30.92,-114.06,1.293707e-12
2024-05-13T02:35:00Z,483.3,-32.84,-114.07,1.273328e-12
2024-05-13T02:35:30Z,484.1,-34.75,-114.06,1.253811e-12
2024-05-13T02:36:00Z,484.9,-36.66,-114.06,1.235288e-12
2024-05-13T02:36:30Z,485.8,-38.57,-114.04,1.218038e-12
2024-05-13T02:37:00Z,486.6,-40.48,-114.02,1.201984e-12
2024-05-13T02:37:30Z,487.4,-42.39,-113.99,1.187198e-12
2024-05-13T02:38:00Z,488.3,-44.3,-113.95,1.173498e-12
2024-05-13T02:38:30Z,489.1,-46.2,-113.89,1.160722e-12
2024-05-13T02:39:00Z,489.9,-48.11,-113.83,1.148532e-12
2024-05-13T02:39:30Z,490.7,-50.01,-113.75,1.136388e-12
2024-05-13T02:40:00Z,491.5,-51.91,-113.65,1.123485e-12
2024-05-13T02:40:30Z,492.3,-53.81,-113.54,1.109012e-12
2024-05-13T02:41:00Z,493.0,-55.71,-113.4,1.092583e-12
2024-05-13T02:41:30Z,493.7,-57.61,-113.23,1.074389e-12
2024-05-13T02:42:00Z,494.4,-59.51,-113.03,1.055160e-12
2024-05-13T02:42:30Z,495.1,-61.4,-112.8,1.036272e-12
2024-05-13T02:43:00Z,495.8,-63.29,-112.52,1.018606e-12
2024-05-13T02:43:30Z,496.4,-65.18,-112.18,1.002730e-12
2024-05-13T02:44:00Z,496.9,-67.07,-111.77,9.887262e-13
2024-05-13T02:44:30Z,497.5,-68.96,-111.26,9.758452e-13
2024-05-13T02:45:00Z,498.0,-70.84,-110.65,9.643758e-13
2024-05-13T02:45:30Z,498.4,-72.72,-109.87,9.537806e-13
2024-05-13T02:46:00Z,498.9,-74.59,-108.89,9.436832e-13
2024-05-13T02:46:30Z,499.2,-76.45,-107.61,9.335329e-13
2024-05-13T02:47:00Z,499.6,-78.31,-105.89,9.231635e-13
2024-05-13T02:47:30Z,499.8,-80.15,-103.49,9.122704e-13
2024-05-13T02:48:00Z,500.1,-81.96,-99.96,9.009018e-13
2024-05-13T02:48:30Z,500.3,-83.72,-94.36,8.894474e-13
2024-05-13T02:49:00Z,500.4,-85.37,-84.53,8.779824e-13
2024-05-13T02:49:30Z,500.5,-86.74,-65.25,8.669687e-13
2024-05-13T02:50:00Z,500.5,-87.36,-29.8,8.566840e-13
2024-05-13T02:50:30Z,500.5,-86.75,5.82,8.469356e-13
2024-05-13T02:51:00Z,500.4,-85.39,25.28,8.369750e-13
2024-05-13T02:51:30Z,500.3,-83.74,35.18,8.270690e-13
2024-05-13T02:52:00Z,500.2,-81.98,40.82,8.174877e-13
2024-05-13T02:52:30Z,500.0,-80.17,44.37,8.085246e-13
2024-05-13T02:53:00Z,499.7,-78.33,46.78,8.003054e-13
2024-05-13T02:53:30Z,499.4,-76.48,48.51,7.930823e-13
2024-05-13T02:54:00Z,499.0,-74.61,49.79,7.869196e-13
2024-05-13T02:54:30Z,498.7,-72.74,50.78,7.820266e-13
2024-05-13T02:55:00Z,498.2,-70.86,51.56,7.786229e-13
2024-05-13T02:55:30Z,497.7,-68.98,52.18,7.767667e-13
2024-05-13T02:56:00Z,497.2,-67.1,52.68,7.764486e-13
2024-05-13T02:56:30Z,496.7,-65.21,53.09,7.779283e-13
2024-05-13T02:57:00Z,496.1,-63.32,53.43,7.810517e-13
2024-05-13T02:57:30Z,495.4,-61.43,53.71,7.867823e-13
2024-05-13T02:58:00Z,494.8,-59.53,53.95,7.936817e-13
2024-05-13T02:58:30Z,494.1,-57.63,54.15,8.015306e-13
2024-05-13T02:59:00Z,493.4,-55.74,54.31,8.103249e-13
2024-05-13T02:59:30Z,492.7,-53.84,54.45,8.200070e-13
2024-05-13T03:00:00Z,491.9,-51.94,54.57,8.300461e-13
2024-05-13T03:00:30Z,491.1,-50.04,54.67,8.388947e-13
2024-05-13T03:01:00Z,490.3,-48.13,54.75,8.478365e-13
2024-05-13T03:01:30Z,489.5,-46.23,54.81,8.571271e-13
2024-05-13T03:02:00Z,488.7,-44.32,54.86,8.668550e-13
2024-05-13T03:02:30Z,487.9,-42.42,54.9,8.769933e-13
2024-05-13T03:03:00Z,487.1,-40.51,54.94,8.885806e-13
2024-05-13T03:03:30Z,486.3,-38.6,54.96,9.002657e-13
2024-05-13T03:04:00Z,485.4,-36.69,54.97,9.114239e-13
2024-05-13T03:04:30Z,484.6,-34.78,54.98,9.219601e-13
2024-05-13T03:05:00Z,483.8,-32.86,54.99,9.318785e-13
2024-05-13T03:05:30Z,483.0,-30.95,54.98,9.404195e-13
2024-05-13T03:06:00Z,482.3,-29.04,54.98,9.467546e-13
2024-05-13T03:06:30Z,481.5,-27.12,54.96,9.524871e-13
2024-05-13T03:07:00Z,480.7,-25.21,54.95,9.577894e-13
2024-05-13T03:07:30Z,480.0,-23.29,54.93,9.628486e-13
2024-05-13T03:08:00Z,479.3,-21.37,54.91,9.677140e-13
2024-05-13T03:08:30Z,478.6,-19.45,54.88,9.726514e-13
2024-05-13T03:09:00Z,478.0,-17.53,54.86,9.776457e-13
2024-05-13T03:09:30Z,477.4,-15.61,54.83,9.830814e-13
2024-05-13T03:10:00Z,476.8,-13.69,54.8,9.889254e-13
2024-05-13T03:10:30Z,476.2,-11.77,54.76,9.955215e-13
2024-05-13T03:11:00Z,475.7,-9.85,54.73,1.002973e-12
2024-05-13T03:11:30Z,475.2,-7.93,54.7,1.011740e-12
2024-05-13T03:12:00Z,474.8,-6.0,54.66,1.021612e-12
2024-05-13T03:12:30Z,474.4,-4.08,54.63,1.032814e-12
2024-05-13T03:13:00Z,474.0,-2.16,54.59,1.045214e-12
2024-05-13T03:13:30Z,473.7,-0.23,54.55,1.058879e-12
2024-05-13T03:14:00Z,473.4,1.69,54.52,1.073662e-12
2024-05-13T03:14:30Z,473.2,3.61,54.48,1.089540e-12
2024-05-13T03:15:00Z,473.0,5.54,54.44,1.106261e-12
2024-05-13T03:15:30Z,472.8,7.46,54.41,1.123884e-12
2024-05-13T03:16:00Z,472.7,9.39,54.37,1.142187e-12
2024-05-13T03:16:30Z,472.6,11.31,54.34,1.160638e-12
2024-05-13T03:17:00Z,472.5,13.23,54.31,1.179238e-12
2024-05-13T03:17:30Z,472.5,15.16,54.28,1.198209e-12
2024-05-13T03:18:00Z,472.6,17.08,54.25,1.217665e-12
2024-05-13T03:18:30Z,472.6,19.0,54.22,1.237467e-12
2024-05-13T03:19:00Z,472.7,20.92,54.19,1.257571e-12
2024-05-13T03:19:30Z,472.9,22.85,54.17,1.277979e-12
2024-05-13T03:20:00Z,473.0,24.77,54.15,1.298393e-12
2024-05-13T03:20:30Z,473.2,26.69,54.14,1.319247e-12
2024-05-13T03:21:00Z,473.5,28.61,54.12,1.340429e-12
2024-05-13T03:21:30Z,473.7,30.53,54.12,1.361967e-12
2024-05-13T03:22:00Z,474.0,32.45,54.11,1.383689e-12
2024-05-13T03:22:30Z,474.3,34.37,54.11,1.405656e-12
2024-05-13T03:23:00Z,474.6,36.28,54.12,1.427747e-12
2024-05-13T03:23:30Z,474.9,38.2,54.14,1.449862e-12
2024-05-13T03:24:00Z,475.3,40.12,54.16,1.471992e-12
2024-05-13T03:24:30Z,475.7,42.03,54.19,1.494145e-12
2024-05-13T03:25:00Z,476.0,43.94,54.23,1.516494e-12
2024-05-13T03:25:30Z,476.4,45.86,54.28,1.537857e-12
2024-05-13T03:26:00Z,476.8,47.77,54.34,1.559028e-12
2024-05-13T03:26:30Z,477.2,49.68,54.42,1.580115e-12
2024-05-13T03:27:00Z,477.6,51.59,54.51,1.601299e-12
2024-05-13T03:27:30Z,478.0,53.5,54.63,1.622275e-12
2024-05-13T03:28:00Z,478.4,55.41,54.76,1.642826e-12
2024-05-13T03:28:30Z,478.8,57.31,54.93,1.662990e-12
2024-05-13T03:29:00Z,479.2,59.22,55.12,1.683123e-12
2024-05-13T03:29:30Z,479.5,61.12,55.35,1.704096e-12
2024-05-13T03:30:00Z,479.9,63.02,55.63,1.726473e-12
2024-05-13T03:30:30Z,480.2,64.92,55.96,1.750861e-12
2024-05-13T03:31:00Z,480.5,66.82,56.36,1.776627e-12
2024-05-13T03:31:30Z,480.8,68.71,56.85,1.802892e-12
2024-05-13T03:32:00Z,481.1,70.61,57.46,1.827945e-12
2024-05-13T03:32:30Z,481.4,72.49,58.21,1.851480e-12
2024-05-13T03:33:00Z,481.6,74.38,59.17,1.873071e-12
2024-05-13T03:33:30Z,481.8,76.25,60.42,1.893011e-12
2024-05-13T03:34:00Z,482.0,78.12,62.09,1.912013e-12
2024-05-13T03:34:30Z,482.2,79.97,64.42,1.931165e-12
2024-05-13T03:35:00Z,482.3,81.79,67.83,1.951278e-12
2024-05-13T03:35:30Z,482.4,83.57,73.21,1.973310e-12
2024-05-13T03:36:00Z,482.5,85.24,82.57,1.997942e-12
2024-05-13T03:36:30Z,482.5,86.65,100.89,2.025739e-12
2024-05-13T03:37:00Z,482.5,87.35,135.42,2.057022e-12
2024-05-13T03:37:30Z,482.5,86.83,172.16,2.089276e-12
2024-05-13T03:38:00Z,482.4,85.48,-167.36,2.120988e-12
2024-05-13T03:38:30Z,482.3,83.84,-157.02,2.152142e-12
2024-05-13T03:39:00Z,482.2,82.07,-151.2,2.181600e-12
2024-05-13T03:39:30Z,482.1,80.26,-147.56,2.208040e-12
2024-05-13T03:40:00Z,481.9,78.41,-145.09,2.230091e-12
2024-05-13T03:40:30Z,481.7,76.55,-143.34,2.247048e-12
2024-05-13T03:41:00Z,481.5,74.67,-142.03,2.258478e-12
2024-05-13T03:41:30Z,481.3,72.79,-141.03,2.264236e-12
2024-05-13T03:42:00Z,481.0,70.9,-140.25,2.265168e-12
2024-05-13T03:42:30Z,480.7,69.01,-139.63,2.262864e-12
2024-05-13T03:43:00Z,480.4,67.12,-139.12,2.259082e-12
2024-05-13T03:43:30Z,480.0,65.22,-138.7,2.255496e-12
2024-05-13T03:44:00Z,479.7,63.32,-138.36,2.253460e-12
2024-05-13T03:44:30Z,479.3,61.42,-138.08,2.254035e-12
2024-05-13T03:45:00Z,478.9,59.52,-137.84,2.257527e-12
2024-05-13T03:45:30Z,478.6,57.61,-137.64,2.263883e-12
2024-05-13T03:46:00Z,478.2,55.7,-137.47,2.272029e-12
2024-05-13T03:46:30Z,477.7,53.8,-137.33,2.278378e-12
2024-05-13T03:47:00Z,477.3,51.89,-137.22,2.283027e-12
2024-05-13T03:47:30Z,476.9,49.98,-137.12,2.284299e-12
2024-05-13T03:48:00Z,476.5,48.07,-137.04,2.281145e-12
2024-05-13T03:48:30Z,476.1,46.16,-136.97,2.273680e-12
2024-05-13T03:49:00Z,475.7,44.24,-136.92,2.262318e-12
2024-05-13T03:49:30Z,475.3,42.33,-136.88,2.247938e-12
2024-05-13T03:50:00Z,474.9,40.41,-136.85,2.231288e-12
2024-05-13T03:50:30Z,474.6,38.5,-136.83,2.212799e-12
2024-05-13T03:51:00Z,474.2,36.58,-136.81,2.192777e-12
2024-05-13T03:51:30Z,473.9,34.66,-136.8,2.171940e-12
2024-05-13T03:52:00Z,473.6,32.75,-136.8,2.150532e-12
2024-05-13T03:52:30Z,473.3,30.83,-136.8,2.127475e-12
2024-05-13T03:53:00Z,473.0,28.91,-136.81,2.102546e-12
2024-05-13T03:53:30Z,472.8,26.99,-136.82,2.075686e-12
2024-05-13T03:54:00Z,472.6,25.07,-136.84,2.046896e-12
2024-05-13T03:54:30Z,472.4,23.14,-136.86,2.016192e-12
2024-05-13T03:55:00Z,472.2,21.22,-136.88,1.983607e-12
2024-05-13T03:55:30Z,472.1,19.3,-136.9,1.949304e-12
2024-05-13T03:56:00Z,472.0,17.38,-136.93,1.913387e-12
2024-05-13T03:56:30Z,472.0,15.45,-136.96,1.876297e-12
2024-05-13T03:57:00Z,472.0,13.53,-136.99,1.838274e-12
2024-05-13T03:57:30Z,472.0,11.61,-137.02,1.799795e-12
2024-05-13T03:58:00Z,472.1,9.68,-137.05,1.761202e-12
2024-05-13T03:58:30Z,472.2,7.76,-137.09,1.723071e-12
2024-05-13T03:59:00Z,472.4,5.83,-137.12,1.685747e-12
2024-05-13T03:59:30Z,472.6,3.91,-137.16,1.649451e-12
2024-05-13T04:00:00Z,472.8,1.98,-137.2,1.614568e-12
2024-05-13T04:00:30Z,473.1,0.06,-137.23,1.581129e-12
2024-05-13T04:01:00Z,473.4,-1.86,-137.27,1.550046e-12
2024-05-13T04:01:30Z,473.8,-3.79,-137.31,1.521544e-12
2024-05-13T04:02:00Z,474.2,-5.71,-137.34,1.495778e-12
2024-05-13T04:02:30Z,474.6,-7.63,-137.38,1.472813e-12
2024-05-13T04:03:00Z,475.1,-9.56,-137.41,1.452914e-12
2024-05-13T04:03:30Z,475.6,-11.48,-137.45,1.436070e-12
2024-05-13T04:04:00Z,476.2,-13.4,-137.48,1.422560e-12
2024-05-13T04:04:30Z,476.7,-15.32,-137.51,1.412055e-12
2024-05-13T04:05:00Z,477.4,-17.24,-137.54,1.404504e-12
2024-05-13T04:05:30Z,478.0,-19.16,-137.57,1.399434e-12
2024-05-13T04:06:00Z,478.7,-21.08,-137.59,1.396263e-12
2024-05-13T04:06:30Z,479.4,-23.0,-137.61,1.395363e-12
2024-05-13T04:07:00Z,480.1,-24.92,-137.63,1.396160e-12
2024-05-13T04:07:30Z,480.9,-26.83,-137.65,1.399086e-12
2024-05-13T04:08:00Z,481.6,-28.75,-137.66,1.404297e-12
2024-05-13T04:08:30Z,482.4,-30.66,-137.67,1.411381e-12
2024-05-13T04:09:00Z,483.2,-32.58,-137.67,1.420613e-12
2024-05-13T04:09:30Z,484.0,-34.49,-137.67,1.431557e-12
2024-05-13T04:10:00Z,484.9,-36.4,-137.66,1.444296e-12
2024-05-13T04:10:30Z,485.7,-38.31,-137.65,1.457768e-12
2024-05-13T04:11:00Z,486.5,-40.22,-137.63,1.472328e-12
2024-05-13T04:11:30Z,487.4,-42.13,-137.6,1.486996e-12
2024-05-13T04:12:00Z,488.2,-44.04,-137.56,1.500346e-12
2024-05-13T04:12:30Z,489.0,-45.94,-137.51,1.510855e-12
2024-05-13T04:13:00Z,489.8,-47.85,-137.44,1.516696e-12
2024-05-13T04:13:30Z,490.6,-49.75,-137.37,1.516614e-12
2024-05-13T04:14:00Z,491.4,-51.65,-137.27,1.510947e-12
2024-05-13T04:14:30Z,492.2,-53.56,-137.16,1.501296e-12
2024-05-13T04:15:00Z,492.9,-55.46,-137.02,1.490006e-12
2024-05-13T04:15:30Z,493.7,-57.35,-136.86,1.478900e-12
2024-05-13T04:16:00Z,494.4,-59.25,-136.67,1.468707e-12
2024-05-13T04:16:30Z,495.1,-61.14,-136.44,1.459304e-12
2024-05-13T04:17:00Z,495.7,-63.04,-136.17,1.449876e-12
2024-05-13T04:17:30Z,496.3,-64.93,-135.83,1.439364e-12
2024-05-13T04:18:00Z,496.9,-66.82,-135.43,1.426767e-12
2024-05-13T04:18:30Z,497.4,-68.7,-134.95,1.411460e-12
2024-05-13T04:19:00Z,497.9,-70.59,-134.35,1.393020e-12
2024-05-13T04:19:30Z,498.4,-72.46,-133.6,1.370678e-12
2024-05-13T04:20:00Z,498.8,-74.34,-132.65,1.345056e-12
2024-05-13T04:20:30Z,499.2,-76.2,-131.41,1.317003e-12
2024-05-13T04:21:00Z,499.5,-78.06,-129.77,1.286975e-12
2024-05-13T04:21:30Z,499.8,-79.9,-127.48,1.255736e-12
2024-05-13T04:22:00Z,500.1,-81.72,-124.14,1.223759e-12
2024-05-13T04:22:30Z,500.3,-83.48,-118.91,1.191538e-12
2024-05-13T04:23:00Z,500.4,-85.16,-109.87,1.159644e-12
2024-05-13T04:23:30Z,500.5,-86.58,-92.34,1.128518e-12
2024-05-13T04:24:00Z,500.5,-87.34,-58.92,1.098873e-12
2024-05-13T04:24:30Z,500.5,-86.9,-21.6,1.070504e-12
2024-05-13T04:25:00Z,500.5,-85.6,-0.2,1.042275e-12
2024-05-13T04:25:30Z,500.4,-83.97,10.58,1.014355e-12
2024-05-13T04:26:00Z,500.2,-82.22,16.62,9.871457e-13
2024-05-13T04:26:30Z,500.0,-80.42,20.38,9.609964e-13
2024-05-13T04:27:00Z,499.7,-78.58,22.91,9.359240e-13
2024-05-13T04:27:30Z,499.4,-76.73,24.71,9.122368e-13
2024-05-13T04:28:00Z,499.1,-74.87,26.04,8.900886e-13
2024-05-13T04:28:30Z,498.7,-72.99,27.06,8.694358e-13
2024-05-13T04:29:00Z,498.3,-71.12,27.86,8.505118e-13
2024-05-13T04:29:30Z,497.8,-69.24,28.5,8.333428e-13
2024-05-13T04:30:00Z,497.3,-67.35,29.02,8.179857e-13
2024-05-13T04:30:30Z,496.7,-65.46,29.44,8.044731e-13
2024-05-13T04:31:00Z,496.1,-63.57,29.79,7.928673e-13
2024-05-13T04:31:30Z,495.5,-61.68,30.08,7.829165e-13
2024-05-13T04:32:00Z,494.9,-59.79,30.32,7.747068e-13
2024-05-13T04:32:30Z,494.2,-57.89,30.52,7.685602e-13
2024-05-13T04:33:00Z,493.5,-55.99,30.69,7.644125e-13
2024-05-13T04:33:30Z,492.7,-54.09,30.83,7.617783e-13
2024-05-13T04:34:00Z,492.0,-52.19,30.95,7.608353e-13
2024-05-13T04:34:30Z,491.2,-50.29,31.05,7.618129e-13
2024-05-13T04:35:00Z,490.4,-48.39,31.13,7.645848e-13
2024-05-13T04:35:30Z,489.6,-46.49,31.2,7.683503e-13
2024-05-13T04:36:00Z,488.8,-44.58,31.25,7.730258e-13
2024-05-13T04:36:30Z,488.0,-42.67,31.3,7.791958e-13
2024-05-13T04:37:00Z,487.2,-40.77,31.33,7.866106e-13
2024-05-13T04:37:30Z,486.3,-38.86,31.35,7.956133e-13
2024-05-13T04:38:00Z,485.5,-36.95,31.37,8.061800e-13
2024-05-13T04:38:30Z,484.7,-35.04,31.38,8.182591e-13
2024-05-13T04:39:00Z,483.9,-33.12,31.38,8.333389e-13
2024-05-13T04:39:30Z,483.1,-31.21,31.38,8.502247e-13
2024-05-13T04:40:00Z,482.3,-29.3,31.37,8.690262e-13
2024-05-13T04:40:30Z,481.5,-27.38,31.36,8.897581e-13
2024-05-13T04:41:00Z,480.8,-25.46,31.35,9.125756e-13
2024-05-13T04:41:30Z,480.1,-23.55,31.33,9.374416e-13
2024-05-13T04:42:00Z,479.4,-21.63,31.31,9.638908e-13
2024-05-13T04:42:30Z,478.7,-19.71,31.28,9.907861e-13
2024-05-13T04:43:00Z,478.0,-17.79,31.26,1.019413e-12
2024-05-13T04:43:30Z,477.4,-15.87,31.23,1.049404e-12
2024-05-13T04:44:00Z,476.8,-13.95,31.2,1.080492e-12
2024-05-13T04:44:30Z,476.3,-12.03,31.16,1.112306e-12
2024-05-13T04:45:00Z,475.7,-10.11,31.13,1.144575e-12
2024-05-13T04:45:30Z,475.2,-8.19,31.1,1.176828e-12
2024-05-13T04:46:00Z,474.8,-6.26,31.06,1.208282e-12
2024-05-13T04:46:30Z,474.4,-4.34,31.03,1.239021e-12
2024-05-13T04:47:00Z,474.0,-2.42,30.99,1.268253e-12
2024-05-13T04:47:30Z,473.7,-0.49,30.95,1.295537e-12
2024-05-13T04:48:00Z,473.4,1.43,30.92,1.320303e-12
2024-05-13T04:48:30Z,473.1,3.36,30.88,1.342549e-12
2024-05-13T04:49:00Z,472.9,5.28,30.84,1.361909e-12
2024-05-13T04:49:30Z,472.7,7.2,30.81,1.378177e-12
2024-05-13T04:50:00Z,472.6,9.13,30.77,1.391355e-12
2024-05-13T04:50:30Z,472.5,11.05,30.74,1.401289e-12
2024-05-13T04:51:00Z,472.5,12.97,30.71,1.408230e-12
2024-05-13T04:51:30Z,472.5,14.9,30.68,1.411958e-12
2024-05-13T04:52:00Z,472.5,16.82,30.65,1.412779e-12
2024-05-13T04:52:30Z,472.6,18.74,30.62,1.410966e-12
2024-05-13T04:53:00Z,472.6,20.67,30.59,1.406906e-12
2024-05-13T04:53:30Z,472.8,22.59,30.57,1.400748e-12
2024-05-13T04:54:00Z,472.9,24.51,30.55,1.392786e-12
2024-05-13T04:54:30Z,473.1,26.43,30.53,1.384056e-12
2024-05-13T04:55:00Z,473.4,28.35,30.52,1.374872e-12
2024-05-13T04:55:30Z,473.6,30.27,30.51,1.365634e-12
2024-05-13T04:56:00Z,473.9,32.19,30.51,1.356614e-12
2024-05-13T04:56:30Z,474.2,34.11,30.51,1.348245e-12
2024-05-13T04:57:00Z,474.5,36.03,30.51,1.340876e-12
2024-05-13T04:57:30Z,474.8,37.94,30.53,1.334876e-12
2024-05-13T04:58:00Z,475.2,39.86,30.55,1.330221e-12
2024-05-13T04:58:30Z,475.5,41.77,30.58,1.327576e-12
2024-05-13T04:59:00Z,475.9,43.69,30.62,1.326832e-12
2024-05-13T04:59:30Z,476.3,45.6,30.67,1.327866e-12
2024-05-13T05:00:00Z,476.7,47.51,30.73,1.331318e-12
2024-05-13T05:00:30Z,477.1,49.42,30.8,1.337242e-12
2024-05-13T05:01:00Z,477.5,51.33,30.89,1.345494e-12
2024-05-13T05:01:30Z,477.9,53.24,31.0,1.355921e-12
2024-05-13T05:02:00Z,478.3,55.15,31.14,1.368390e-12
2024-05-13T05:02:30Z,478.7,57.06,31.3,1.383016e-12
2024-05-13T05:03:00Z,479.0,58.96,31.48,1.399865e-12
2024-05-13T05:03:30Z,479.4,60.87,31.71,1.419392e-12
2024-05-13T05:04:00Z,479.8,62.77,31.98,1.441962e-12
2024-05-13T05:04:30Z,480.1,64.67,32.3,1.467125e-12
2024-05-13T05:05:00Z,480.4,66.57,32.7,1.493874e-12
2024-05-13T05:05:30Z,480.7,68.46,33.17,1.520920e-12
2024-05-13T05:06:00Z,481.0,70.35,33.76,1.546689e-12
2024-05-13T05:06:30Z,481.3,72.24,34.49,1.570339e-12
2024-05-13T05:07:00Z,481.5,74.13,35.42,1.591893e-12
2024-05-13T05:07:30Z,481.7,76.0,36.62,1.611625e-12
2024-05-13T05:08:00Z,481.9,77.87,38.23,1.630074e-12
2024-05-13T05:08:30Z,482.1,79.72,40.45,1.648239e-12
2024-05-13T05:09:00Z,482.2,81.55,43.67,1.666867e-12
2024-05-13T05:09:30Z,482.3,83.33,48.71,1.686729e-12
2024-05-13T05:10:00Z,482.4,85.02,57.34,1.708048e-12
2024-05-13T05:10:30Z,482.4,86.49,74.0,1.731135e-12
2024-05-13T05:11:00Z,482.4,87.33,106.37,1.756170e-12
2024-05-13T05:11:30Z,482.4,86.96,144.58,1.781248e-12
2024-05-13T05:12:00Z,482.3,85.69,167.09,1.804514e-12
2024-05-13T05:12:30Z,482.3,84.07,178.34,1.825869e-12
2024-05-13T05:13:00Z,482.2,82.31,-175.41,1.845217e-12
2024-05-13T05:13:30Z,482.0,80.5,-171.56,1.861959e-12
2024-05-13T05:14:00Z,481.9,78.66,-168.97,1.876026e-12
2024-05-13T05:14:30Z,481.7,76.8,-167.14,1.887518e-12
2024-05-13T05:15:00Z,481.4,74.92,-165.79,1.897089e-12
2024-05-13T05:15:30Z,481.2,73.04,-164.75,1.906021e-12
2024-05-13T05:16:00Z,480.9,71.15,-163.95,1.915604e-12
2024-05-13T05:16:30Z,480.6,69.26,-163.3,1.927087e-12
2024-05-13T05:17:00Z,480.3,67.37,-162.78,1.941477e-12
2024-05-13T05:17:30Z,480.0,65.47,-162.36,1.959357e-12
2024-05-13T05:18:00Z,479.7,63.57,-162.0,1.980674e-12
2024-05-13T05:18:30Z,479.3,61.67,-161.71,2.005019e-12
2024-05-13T05:19:00Z,478.9,59.77,-161.47,2.031257e-12
2024-05-13T05:19:30Z,478.5,57.86,-161.27,2.057548e-12
2024-05-13T05:20:00Z,478.1,55.96,-161.1,2.082090e-12
2024-05-13T05:20:30Z,477.7,54.05,-160.95,2.103364e-12
2024-05-13T05:21:00Z,477.3,52.14,-160.83,2.120815e-12
2024-05-13T05:21:30Z,476.9,50.23,-160.73,2.134699e-12
2024-05-13T05:22:00Z,476.5,48.32,-160.65,2.145809e-12
2024-05-13T05:22:30Z,476.1,46.41,-160.58,2.154738e-12
2024-05-13T05:23:00Z,475.7,44.5,-160.53,2.161959e-12
2024-05-13T05:23:30Z,475.3,42.58,-160.49,2.167596e-12
2024-05-13T05:24:00Z,474.9,40.67,-160.45,2.171766e-12
2024-05-13T05:24:30Z,474.5,38.75,-160.43,2.173299e-12
2024-05-13T05:25:00Z,474.2,36.84,-160.41,2.172710e-12
2024-05-13T05:25:30Z,473.9,34.92,-160.41,2.170262e-12
2024-05-13T05:26:00Z,473.5,33.0,-160.4,2.165978e-12
2024-05-13T05:26:30Z,473.2,31.08,-160.4,2.159686e-12
2024-05-13T05:27:00Z,473.0,29.16,-160.41,2.151306e-12
2024-05-13T05:27:30Z,472.7,27.24,-160.42,2.140754e-12
2024-05-13T05:28:00Z,472.5,25.32,-160.44,2.127949e-12
2024-05-13T05:28:30Z,472.3,23.4,-160.46,2.112929e-12
2024-05-13T05:29:00Z,472.2,21.48,-160.48,2.095668e-12
2024-05-13T05:29:30Z,472.1,19.55,-160.5,2.076289e-12
2024-05-13T05:30:00Z,472.0,17.63,-160.53,2.054957e-12
2024-05-13T05:30:30Z,471.9,15.71,-160.56,2.031850e-12
2024-05-13T05:31:00Z,471.9,13.78,-160.59,2.007280e-12
2024-05-13T05:31:30Z,472.0,11.86,-160.62,1.981641e-12
2024-05-13T05:32:00Z,472.0,9.94,-160.65,1.955198e-12
2024-05-13T05:32:30Z,472.1,8.01,-160.69,1.928861e-12
2024-05-13T05:33:00Z,472.3,6.09,-160.72,1.902622e-12
2024-05-13T05:33:30Z,472.5,4.16,-160.76,1.877332e-12
2024-05-13T05:34:00Z,472.7,2.24,-160.8,1.853148e-12
2024-05-13T05:34:30Z,473.0,0.32,-160.83,1.830090e-12
2024-05-13T05:35:00Z,473.3,-1.61,-160.87,1.808267e-12
2024-05-13T05:35:30Z,473.7,-3.53,-160.91,1.787921e-12
2024-05-13T05:36:00Z,474.1,-5.46,-160.94,1.769160e-12
2024-05-13T05:36:30Z,474.5,-7.38,-160.98,1.751884e-12
2024-05-13T05:37:00Z,475.0,-9.3,-161.01,1.736114e-12
2024-05-13T05:37:30Z,475.5,-11.22,-161.05,1.721617e-12
2024-05-13T05:38:00Z,476.0,-13.15,-161.08,1.708152e-12
2024-05-13T05:38:30Z,476.6,-15.07,-161.11,1.695426e-12
2024-05-13T05:39:00Z,477.2,-16.99,-161.14,1.682883e-12
2024-05-13T05:39:30Z,477.9,-18.91,-161.17,1.670347e-12
2024-05-13T05:40:00Z,478.6,-20.83,-161.19,1.657922e-12
2024-05-13T05:40:30Z,479.3,-22.75,-161.21,1.645163e-12
2024-05-13T05:41:00Z,480.0,-24.66,-161.23,1.631851e-12
2024-05-13T05:41:30Z,480.7,-26.58,-161.25,1.617718e-12
2024-05-13T05:42:00Z,481.5,-28.5,-161.26,1.602785e-12
2024-05-13T05:42:30Z,482.3,-30.41,-161.27,1.586911e-12
2024-05-13T05:43:00Z,483.1,-32.32,-161.28,1.570059e-12
2024-05-13T05:43:30Z,483.9,-34.24,-161.28,1.552123e-12
2024-05-13T05:44:00Z,484.7,-36.15,-161.27,1.532935e-12
2024-05-13T05:44:30Z,485.6,-38.06,-161.26,1.511901e-12
2024-05-13T05:45:00Z,486.4,-39.97,-161.24,1.487851e-12
2024-05-13T05:45:30Z,487.2,-41.88,-161.21,1.458766e-12
2024-05-13T05:46:00Z,488.1,-43.79,-161.17,1.424402e-12
2024-05-13T05:46:30Z,488.9,-45.69,-161.12,1.384723e-12
2024-05-13T05:47:00Z,489.7,-47.6,-161.06,1.341427e-12
2024-05-13T05:47:30Z,490.5,-49.5,-160.98,1.297604e-12
2024-05-13T05:48:00Z,491.3,-51.4,-160.89,1.256082e-12
2024-05-13T05:48:30Z,492.1,-53.3,-160.78,1.218426e-12
2024-05-13T05:49:00Z,492.8,-55.2,-160.65,1.184793e-12
2024-05-13T05:49:30Z,493.6,-57.1,-160.49,1.154381e-12
2024-05-13T05:50:00Z,494.3,-59.0,-160.3,1.126076e-12
2024-05-13T05:50:30Z,495.0,-60.89,-160.08,1.098985e-12
2024-05-13T05:51:00Z,495.6,-62.79,-159.81,1.072250e-12
2024-05-13T05:51:30Z,496.2,-64.68,-159.49,1.045371e-12
2024-05-13T05:52:00Z,496.8,-66.57,-159.1,1.017645e-12
2024-05-13T05:52:30Z,497.4,-68.45,-158.62,9.895887e-13
2024-05-13T05:53:00Z,497.9,-70.34,-158.04,9.622403e-13
2024-05-13T05:53:30Z,498.3,-72.22,-157.32,9.355036e-13
2024-05-13T05:54:00Z,498.8,-74.09,-156.4,9.100178e-13
2024-05-13T05:54:30Z,499.2,-75.96,-155.21,8.858536e-13
2024-05-13T05:55:00Z,499.5,-77.82,-153.62,8.633492e-13
2024-05-13T05:55:30Z,499.8,-79.66,-151.44,8.426743e-13
2024-05-13T05:56:00Z,500.0,-81.48,-148.28,8.235984e-13
2024-05-13T05:56:30Z,500.2,-83.26,-143.38,8.061134e-13
2024-05-13T05:57:00Z,500.4,-84.94,-135.03,7.900394e-13
2024-05-13T05:57:30Z,500.5,-86.42,-119.06,7.752910e-13
2024-05-13T05:58:00Z,500.5,-87.31,-87.84,7.619279e-13
2024-05-13T05:58:30Z,500.5,-87.02,-49.29,7.496452e-13
2024-05-13T05:59:00Z,500.5,-85.79,-25.83,7.373419e-13
2024-05-13T05:59:30Z,500.4,-84.2,-14.09,7.250109e-13
2024-05-13T06:00:00Z,500.2,-82.46,-7.61,7.162917e-13
2024-05-13T06:00:30Z,500.0,-80.66,-3.63,7.029946e-13
2024-05-13T06:01:00Z,499.8,-78.83,-0.98,6.897617e-13
2024-05-13T06:01:30Z,499.5,-76.98,0.9,6.767690e-13
2024-05-13T06:02:00Z,499.2,-75.11,2.29,6.641627e-13
2024-05-13T06:02:30Z,498.8,-73.24,3.34,6.522394e-13
2024-05-13T06:03:00Z,498.3,-71.37,4.17,6.410557e-13
2024-05-13T06:03:30Z,497.9,-69.49,4.82,6.309453e-13
2024-05-13T06:04:00Z,497.4,-67.6,5.35,6.228710e-13
2024-05-13T06:04:30Z,496.8,-65.71,5.79,6.160385e-13
2024-05-13T06:05:00Z,496.2,-63.82,6.14,6.104020e-13
2024-05-13T06:05:30Z,495.6,-61.93,6.44,6.064547e-13
2024-05-13T06:06:00Z,495.0,-60.04,6.69,6.043049e-13
2024-05-13T06:06:30Z,494.3,-58.14,6.89,6.040681e-13
2024-05-13T06:07:00Z,493.6,-56.25,7.07,6.060850e-13
2024-05-13T06:07:30Z,492.9,-54.35,7.21,6.101690e-13
2024-05-13T06:08:00Z,492.1,-52.45,7.34,6.149026e-13
2024-05-13T06:08:30Z,491.3,-50.54,7.44,6.220355e-13
2024-05-13T06:09:00Z,490.5,-48.64,7.52,6.311570e-13
2024-05-13T06:09:30Z,489.7,-46.74,7.59,6.425118e-13
2024-05-13T06:10:00Z,488.9,-44.83,7.65,6.565540e-13
2024-05-13T06:10:30Z,488.1,-42.93,7.69,6.740887e-13
2024-05-13T06:11:00Z,487.3,-41.02,7.72,6.941229e-13
2024-05-13T06:11:30Z,486.5,-39.11,7.75,7.165395e-13
2024-05-13T06:12:00Z,485.7,-37.2,7.77,7.413197e-13
2024-05-13T06:12:30Z,484.8,-35.29,7.78,7.678401e-13
2024-05-13T06:13:00Z,484.0,-33.38,7.78,7.951334e-13
2024-05-13T06:13:30Z,483.2,-31.46,7.78,8.243997e-13
2024-05-13T06:14:00Z,482.5,-29.55,7.77,8.553798e-13
2024-05-13T06:14:30Z,481.7,-27.63,7.76,8.876552e-13
2024-05-13T06:15:00Z,480.9,-25.72,7.75,9.210019e-13
2024-05-13T06:15:30Z,480.2,-23.8,7.73,9.550448e-13
2024-05-13T06:16:00Z,479.5,-21.88,7.71,9.898814e-13
2024-05-13T06:16:30Z,478.8,-19.97,7.68,1.025319e-12
2024-05-13T06:17:00Z,478.2,-18.05,7.66,1.060581e-12
2024-05-13T06:17:30Z,477.5,-16.13,7.63,1.095569e-12
2024-05-13T06:18:00Z,476.9,-14.21,7.6,1.129871e-12
2024-05-13T06:18:30Z,476.4,-12.28,7.57,1.163184e-12
2024-05-13T06:19:00Z,475.8,-10.36,7.53,1.195362e-12
2024-05-13T06:19:30Z,475.3,-8.44,7.5,1.225857e-12
2024-05-13T06:20:00Z,474.9,-6.52,7.46,1.254466e-12
2024-05-13T06:20:30Z,474.5,-4.59,7.43,1.280829e-12
2024-05-13T06:21:00Z,474.1,-2.67,7.39,1.303603e-12
2024-05-13T06:21:30Z,473.8,-0.75,7.35,1.323452e-12
2024-05-13T06:22:00Z,473.5,1.18,7.32,1.340801e-12
2024-05-13T06:22:30Z,473.2,3.1,7.28,1.355727e-12
2024-05-13T06:23:00Z,473.0,5.02,7.24,1.368304e-12
2024-05-13T06:23:30Z,472.8,6.95,7.21,1.378679e-12
2024-05-13T06:24:00Z,472.7,8.87,7.17,1.387365e-12
2024-05-13T06:24:30Z,472.6,10.8,7.14,1.394391e-12
2024-05-13T06:25:00Z,472.5,12.72,7.11,1.399722e-12
2024-05-13T06:25:30Z,472.5,14.64,7.08,1.403894e-12
2024-05-13T06:26:00Z,472.5,16.57,7.05,1.407049e-12
2024-05-13T06:26:30Z,472.6,18.49,7.02,1.409176e-12
2024-05-13T06:27:00Z,472.7,20.41,6.99,1.410275e-12
2024-05-13T06:27:30Z,472.8,22.33,6.97,1.409910e-12
2024-05-13T06:28:00Z,472.9,24.25,6.95,1.408229e-12
2024-05-13T06:28:30Z,473.1,26.18,6.93,1.405287e-12
2024-05-13T06:29:00Z,473.3,28.1,6.92,1.401026e-12
2024-05-13T06:29:30Z,473.6,30.02,6.91,1.395386e-12
2024-05-13T06:30:00Z,473.9,31.93,6.9,1.388284e-12
2024-05-13T06:30:30Z,474.2,33.85,6.9,1.379810e-12
2024-05-13T06:31:00Z,474.5,35.77,6.91,1.369982e-12
2024-05-13T06:31:30Z,474.8,37.69,6.92,1.359005e-12
2024-05-13T06:32:00Z,475.1,39.6,6.94,1.346965e-12
2024-05-13T06:32:30Z,475.5,41.52,6.97,1.334326e-12
2024-05-13T06:33:00Z,475.9,43.43,7.01,1.321163e-12
2024-05-13T06:33:30Z,476.3,45.35,7.05,1.307847e-12
2024-05-13T06:34:00Z,476.6,47.26,7.11,1.295275e-12
2024-05-13T06:34:30Z,477.0,49.17,7.19,1.284144e-12
2024-05-13T06:35:00Z,477.4,51.08,7.28,1.274710e-12
2024-05-13T06:35:30Z,477.8,52.99,7.38,1.267662e-12
2024-05-13T06:36:00Z,478.2,54.9,7.51,1.263514e-12
2024-05-13T06:36:30Z,478.6,56.8,7.67,1.262476e-12
2024-05-13T06:37:00Z,479.0,58.71,7.85,1.264964e-12
2024-05-13T06:37:30Z,479.3,60.61,8.07,1.271270e-12
2024-05-13T06:38:00Z,479.7,62.51,8.34,1.281889e-12
2024-05-13T06:38:30Z,480.0,64.41,8.65,1.296882e-12
2024-05-13T06:39:00Z,480.3,66.31,9.03,1.316274e-12
2024-05-13T06:39:30Z,480.7,68.21,9.5,1.339756e-12
2024-05-13T06:40:00Z,480.9,70.1,10.07,1.366733e-12
2024-05-13T06:40:30Z,481.2,71.99,10.78,1.395475e-12
2024-05-13T06:41:00Z,481.4,73.88,11.68,1.426440e-12
2024-05-13T06:41:30Z,481.6,75.75,12.84,1.459216e-12
2024-05-13T06:42:00Z,481.8,77.62,14.38,1.493565e-12
2024-05-13T06:42:30Z,482.0,79.48,16.5,1.529358e-12
2024-05-13T06:43:00Z,482.1,81.31,19.56,1.566491e-12
2024-05-13T06:43:30Z,482.2,83.1,24.28,1.605044e-12
2024-05-13T06:44:00Z,482.3,84.81,32.26,1.644869e-12
2024-05-13T06:44:30Z,482.3,86.32,47.44,1.686070e-12
2024-05-13T06:45:00Z,482.4,87.28,77.5,1.728798e-12
2024-05-13T06:45:30Z,482.3,87.08,116.68,1.771571e-12
2024-05-13T06:46:00Z,482.3,85.89,141.34,1.812415e-12
2024-05-13T06:46:30Z,482.2,84.29,153.63,1.851670e-12
2024-05-13T06:47:00Z,482.1,82.55,160.33,1.889140e-12
2024-05-13T06:47:30Z,482.0,80.74,164.42,1.924394e-12
2024-05-13T06:48:00Z,481.8,78.9,167.14,1.957073e-12
2024-05-13T06:48:30Z,481.6,77.04,169.05,1.986767e-12
2024-05-13T06:49:00Z,481.4,75.17,170.45,2.013810e-12
2024-05-13T06:49:30Z,481.2,73.29,171.52,2.039280e-12
2024-05-13T06:50:00Z,480.9,71.41,172.36,2.063874e-12
2024-05-13T06:50:30Z,480.6,69.51,173.02,2.088298e-12
2024-05-13T06:51:00Z,480.3,67.62,173.55,2.112560e-12
2024-05-13T06:51:30Z,480.0,65.72,173.99,2.136024e-12
2024-05-13T06:52:00Z,479.6,63.83,174.35,2.156598e-12
2024-05-13T06:52:30Z,479.3,61.92,174.65,2.170265e-12
2024-05-13T06:53:00Z,478.9,60.02,174.9,2.178344e-12
2024-05-13T06:53:30Z,478.5,58.12,175.11,2.180842e-12
2024-05-13T06:54:00Z,478.1,56.21,175.28,2.178479e-12
2024-05-13T06:54:30Z,477.7,54.3,175.43,2.172296e-12
2024-05-13T06:55:00Z,477.3,52.39,175.55,2.163889e-12
2024-05-13T06:55:30Z,476.9,50.49,175.65,2.153956e-12
2024-05-13T06:56:00Z,476.5,48.57,175.74,2.144701e-12
2024-05-13T06:56:30Z,476.0,46.66,175.8,2.135984e-12
2024-05-13T06:57:00Z,475.6,44.75,175.86,2.127106e-12
2024-05-13T06:57:30Z,475.3,42.84,175.9,2.118258e-12
2024-05-13T06:58:00Z,474.9,40.92,175.94,2.109588e-12
2024-05-13T06:58:30Z,474.5,39.01,175.96,2.101014e-12
2024-05-13T06:59:00Z,474.1,37.09,175.98,2.092697e-12
2024-05-13T06:59:30Z,473.8,35.17,175.99,2.084500e-12
2024-05-13T07:00:00Z,473.5,33.25,175.99,2.076101e-12
2024-05-13T07:00:30Z,473.2,31.33,175.99,2.065814e-12
2024-05-13T07:01:00Z,472.9,29.42,175.99,2.055793e-12
2024-05-13T07:01:30Z,472.7,27.49,175.98,2.045489e-12
2024-05-13T07:02:00Z,472.5,25.57,175.96,2.034959e-12
2024-05-13T07:02:30Z,472.3,23.65,175.94,2.024473e-12
2024-05-13T07:03:00Z,472.1,21.73,175.92,2.013544e-12
2024-05-13T07:03:30Z,472.0,19.81,175.9,2.002145e-12
2024-05-13T07:04:00Z,471.9,17.88,175.87,1.990301e-12
2024-05-13T07:04:30Z,471.9,15.96,175.84,1.977747e-12
2024-05-13T07:05:00Z,471.8,14.04,175.81,1.964663e-12
2024-05-13T07:05:30Z,471.9,12.11,175.78,1.950902e-12
2024-05-13T07:06:00Z,471.9,10.19,175.75,1.936641e-12
2024-05-13T07:06:30Z,472.1,8.27,175.71,1.921647e-12
2024-05-13T07:07:00Z,472.2,6.34,175.68,1.906071e-12
2024-05-13T07:07:30Z,472.4,4.42,175.64,1.890255e-12
2024-05-13T07:08:00Z,472.6,2.49,175.61,1.874061e-12
2024-05-13T07:08:30Z,472.9,0.57,175.57,1.857827e-12
2024-05-13T07:09:00Z,473.2,-1.36,175.53,1.841404e-12
2024-05-13T07:09:30Z,473.6,-3.28,175.5,1.824964e-12
2024-05-13T07:10:00Z,474.0,-5.2,175.46,1.808384e-12
2024-05-13T07:10:30Z,474.4,-7.13,175.42,1.791816e-12
2024-05-13T07:11:00Z,474.9,-9.05,175.39,1.775073e-12
2024-05-13T07:11:30Z,475.4,-10.97,175.35,1.758103e-12
2024-05-13T07:12:00Z,475.9,-12.89,175.32,1.740895e-12
2024-05-13T07:12:30Z,476.5,-14.81,175.29,1.723436e-12
2024-05-13T07:13:00Z,477.1,-16.74,175.26,1.705689e-12
2024-05-13T07:13:30Z,477.8,-18.66,175.23,1.687498e-12
2024-05-13T07:14:00Z,478.4,-20.58,175.21,1.668884e-12
2024-05-13T07:14:30Z,479.1,-22.49,175.18,1.649916e-12
2024-05-13T07:15:00Z,479.9,-24.41,175.16,1.630317e-12
2024-05-13T07:15:30Z,480.6,-26.33,175.15,1.610176e-12
2024-05-13T07:16:00Z,481.4,-28.24,175.13,1.589590e-12
2024-05-13T07:16:30Z,482.2,-30.16,175.12,1.568831e-12
2024-05-13T07:17:00Z,483.0,-32.07,175.12,1.547768e-12
2024-05-13T07:17:30Z,483.8,-33.99,175.12,1.526478e-12
2024-05-13T07:18:00Z,484.6,-35.9,175.12,1.505167e-12
2024-05-13T07:18:30Z,485.4,-37.81,175.14,1.483879e-12
2024-05-13T07:19:00Z,486.3,-39.72,175.16,1.462379e-12
2024-05-13T07:19:30Z,487.1,-41.63,175.18,1.440367e-12
2024-05-13T07:20:00Z,487.9,-43.54,175.22,1.417106e-12
2024-05-13T07:20:30Z,488.8,-45.44,175.27,1.391697e-12
2024-05-13T07:21:00Z,489.6,-47.35,175.33,1.363625e-12
2024-05-13T07:21:30Z,490.4,-49.25,175.4,1.333049e-12
2024-05-13T07:22:00Z,491.2,-51.15,175.49,1.301017e-12
2024-05-13T07:22:30Z,492.0,-53.05,175.6,1.268977e-12
2024-05-13T07:23:00Z,492.7,-54.95,175.73,1.237417e-12
2024-05-13T07:23:30Z,493.5,-56.85,175.88,1.206728e-12
2024-05-13T07:24:00Z,494.2,-58.75,176.06,1.176188e-12
2024-05-13T07:24:30Z,494.9,-60.65,176.28,1.145455e-12
2024-05-13T07:25:00Z,495.5,-62.54,176.55,1.113296e-12
2024-05-13T07:25:30Z,496.2,-64.43,176.86,1.079918e-12
2024-05-13T07:26:00Z,496.7,-66.32,177.24,1.045281e-12
2024-05-13T07:26:30Z,497.3,-68.21,177.7,1.009671e-12
2024-05-13T07:27:00Z,497.8,-70.09,178.27,9.731452e-13
2024-05-13T07:27:30Z,498.3,-71.97,178.97,9.362017e-13
2024-05-13T07:28:00Z,498.7,-73.84,179.86,8.992363e-13
2024-05-13T07:28:30Z,499.1,-75.71,-178.99,8.627324e-13
2024-05-13T07:29:00Z,499.5,-77.57,-177.47,8.271318e-13
2024-05-13T07:29:30Z,499.8,-79.42,-175.38,7.926784e-13
2024-05-13T07:30:00Z,500.0,-81.24,-172.38,7.597979e-13
2024-05-13T07:30:30Z,500.2,-83.03,-167.78,7.286681e-13
2024-05-13T07:31:00Z,500.4,-84.73,-160.04,6.996073e-13
2024-05-13T07:31:30Z,500.5,-86.25,-145.46,6.728846e-13
2024-05-13T07:32:00Z,500.6,-87.25,-116.53,6.488677e-13
2024-05-13T07:32:30Z,500.6,-87.13,-77.29,6.276745e-13
2024-05-13T07:33:00Z,500.5,-85.99,-51.64,6.087255e-13
2024-05-13T07:33:30Z,500.4,-84.42,-38.83,5.919054e-13
2024-05-13T07:34:00Z,500.3,-82.69,-31.88,5.774601e-13
2024-05-13T07:34:30Z,500.1,-80.9,-27.66,5.654539e-13
2024-05-13T07:35:00Z,499.9,-79.07,-24.87,5.560858e-13
2024-05-13T07:35:30Z,499.6,-77.22,-22.91,5.491988e-13
2024-05-13T07:36:00Z,499.2,-75.36,-21.47,5.447257e-13
2024-05-13T07:36:30Z,498.9,-73.49,-20.38,5.424981e-13
2024-05-13T07:37:00Z,498.4,-71.61,-19.53,5.423293e-13
2024-05-13T07:37:30Z,498.0,-69.73,-18.86,5.435950e-13
2024-05-13T07:38:00Z,497.5,-67.85,-18.31,5.465658e-13
2024-05-13T07:38:30Z,496.9,-65.96,-17.87,5.505919e-13
2024-05-13T07:39:00Z,496.4,-64.07,-17.5,5.556041e-13
2024-05-13T07:39:30Z,495.7,-62.18,-17.2,5.616533e-13
2024-05-13T07:40:00Z,495.1,-60.29,-16.94,5.686041e-13
2024-05-13T07:40:30Z,494.4,-58.39,-16.73,5.765035e-13
2024-05-13T07:41:00Z,493.7,-56.49,-16.55,5.852797e-13
2024-05-13T07:41:30Z,493.0,-54.6,-16.41,5.946667e-13
2024-05-13T07:42:00Z,492.2,-52.7,-16.28,6.038655e-13
2024-05-13T07:42:30Z,491.5,-50.8,-16.18,6.138302e-13
2024-05-13T07:43:00Z,490.7,-48.89,-16.09,6.249049e-13
2024-05-13T07:43:30Z,489.9,-46.99,-16.02,6.367159e-13
2024-05-13T07:44:00Z,489.1,-45.08,-15.96,6.497574e-13
2024-05-13T07:44:30Z,488.3,-43.18,-15.92,6.640283e-13
2024-05-13T07:45:00Z,487.5,-41.27,-15.88,6.796303e-13
2024-05-13T07:45:30Z,486.6,-39.36,-15.86,6.966868e-13
2024-05-13T07:46:00Z,485.8,-37.45,-15.84,7.153577e-13
2024-05-13T07:46:30Z,485.0,-35.54,-15.83,7.357560e-13
2024-05-13T07:47:00Z,484.2,-33.63,-15.82,7.580951e-13
2024-05-13T07:47:30Z,483.4,-31.72,-15.82,7.824347e-13
2024-05-13T07:48:00Z,482.6,-29.8,-15.83,8.087610e-13
2024-05-13T07:48:30Z,481.8,-27.89,-15.84,8.370655e-13
2024-05-13T07:49:00Z,481.1,-25.97,-15.85,8.673774e-13
2024-05-13T07:49:30Z,480.3,-24.05,-15.87,8.995653e-13
2024-05-13T07:50:00Z,479.6,-22.14,-15.89,9.328614e-13
2024-05-13T07:50:30Z,478.9,-20.22,-15.92,9.671933e-13
2024-05-13T07:51:00Z,478.3,-18.3,-15.94,1.002517e-12
2024-05-13T07:51:30Z,477.6,-16.38,-15.97,1.038467e-12
2024-05-13T07:52:00Z,477.0,-14.46,-16.0,1.074670e-12
2024-05-13T07:52:30Z,476.5,-12.54,-16.03,1.110648e-12
2024-05-13T07:53:00Z,475.9,-10.62,-16.07,1.145952e-12
2024-05-13T07:53:30Z,475.4,-8.69,-16.1,1.180204e-12
2024-05-13T07:54:00Z,475.0,-6.77,-16.14,1.213031e-12
2024-05-13T07:54:30Z,474.6,-4.85,-16.17,1.244221e-12
2024-05-13T07:55:00Z,474.2,-2.93,-16.21,1.273333e-12
2024-05-13T07:55:30Z,473.8,-1.0,-16.24,1.300278e-12
2024-05-13T07:56:00Z,473.5,0.92,-16.28,1.324772e-12
2024-05-13T07:56:30Z,473.3,2.85,-16.32,1.346878e-12
2024-05-13T07:57:00Z,473.0,4.77,-16.35,1.366641e-12
2024-05-13T07:57:30Z,472.8,6.69,-16.39,1.384057e-12
2024-05-13T07:58:00Z,472.7,8.62,-16.43,1.399270e-12
2024-05-13T07:58:30Z,472.6,10.54,-16.46,1.411985e-12
2024-05-13T07:59:00Z,472.5,12.47,-16.49,1.422605e-12
2024-05-13T07:59:30Z,472.5,14.39,-16.52,1.431123e-12
2024-05-13T08:00:00Z,472.5,16.31,-16.55,1.437817e-12
2024-05-13T08:00:30Z,472.6,18.23,-16.58,1.442626e-12
2024-05-13T08:01:00Z,472.7,20.16,-16.61,1.446105e-12
2024-05-13T08:01:30Z,472.8,22.08,-16.63,1.447934e-12
2024-05-13T08:02:00Z,472.9,24.0,-16.65,1.448705e-12
2024-05-13T08:02:30Z,473.1,25.92,-16.67,1.448664e-12
2024-05-13T08:03:00Z,473.3,27.84,-16.68,1.447881e-12
2024-05-13T08:03:30Z,473.6,29.76,-16.69,1.446520e-12
2024-05-13T08:04:00Z,473.8,31.68,-16.7,1.444758e-12
2024-05-13T08:04:30Z,474.1,33.6,-16.7,1.442734e-12
2024-05-13T08:05:00Z,474.4,35.52,-16.7,1.440539e-12
2024-05-13T08:05:30Z,474.7,37.43,-16.68,1.438396e-12
2024-05-13T08:06:00Z,475.1,39.35,-16.67,1.436432e-12
2024-05-13T08:06:30Z,475.4,41.27,-16.64,1.434691e-12
2024-05-13T08:07:00Z,475.8,43.18,-16.6,1.433167e-12
2024-05-13T08:07:30Z,476.2,45.09,-16.56,1.432375e-12
2024-05-13T08:08:00Z,476.6,47.01,-16.5,1.432691e-12
2024-05-13T08:08:30Z,477.0,48.92,-16.43,1.434154e-12
2024-05-13T08:09:00Z,477.4,50.83,-16.34,1.436916e-12
2024-05-13T08:09:30Z,477.7,52.74,-16.24,1.441007e-12
2024-05-13T08:10:00Z,478.1,54.64,-16.11,1.446303e-12
2024-05-13T08:10:30Z,478.5,56.55,-15.96,1.452930e-12
2024-05-13T08:11:00Z,478.9,58.46,-15.78,1.460857e-12
2024-05-13T08:11:30Z,479.2,60.36,-15.56,1.470254e-12
2024-05-13T08:12:00Z,479.6,62.26,-15.31,1.480965e-12
2024-05-13T08:12:30Z,479.9,64.16,-15.0,1.492682e-12
2024-05-13T08:13:00Z,480.3,66.06,-14.62,1.504996e-12
2024-05-13T08:13:30Z,480.6,67.96,-14.17,1.517166e-12
2024-05-13T08:14:00Z,480.8,69.85,-13.62,1.528920e-12
2024-05-13T08:14:30Z,481.1,71.74,-12.93,1.539944e-12
2024-05-13T08:15:00Z,481.3,73.63,-12.06,1.550204e-12
2024-05-13T08:15:30Z,481.6,75.51,-10.94,1.560033e-12
2024-05-13T08:16:00Z,481.7,77.38,-9.46,1.569696e-12
2024-05-13T08:16:30Z,481.9,79.23,-7.43,1.579554e-12
2024-05-13T08:17:00Z,482.0,81.07,-4.52,1.590263e-12
2024-05-13T08:17:30Z,482.1,82.87,-0.09,1.601984e-12
2024-05-13T08:18:00Z,482.2,84.59,7.31,1.614949e-12
2024-05-13T08:18:30Z,482.3,86.14,21.17,1.629479e-12
2024-05-13T08:19:00Z,482.3,87.21,48.91,1.646070e-12
2024-05-13T08:19:30Z,482.3,87.18,88.48,1.663818e-12
2024-05-13T08:20:00Z,482.2,86.08,115.4,1.681232e-12
2024-05-13T08:20:30Z,482.1,84.51,128.82,1.698787e-12
2024-05-13T08:21:00Z,482.0,82.78,136.03,1.717010e-12
2024-05-13T08:21:30Z,481.9,80.98,140.38,1.736024e-12
2024-05-13T08:22:00Z,481.7,79.15,143.23,1.755903e-12
2024-05-13T08:22:30Z,481.6,77.29,145.23,1.777161e-12
2024-05-13T08:23:00Z,481.3,75.42,146.69,1.800001e-12
2024-05-13T08:23:30Z,481.1,73.54,147.79,1.825118e-12
2024-05-13T08:24:00Z,480.8,71.65,148.65,1.852824e-12
2024-05-13T08:24:30Z,480.5,69.76,149.34,1.883340e-12
2024-05-13T08:25:00Z,480.2,67.87,149.89,1.916180e-12
2024-05-13T08:25:30Z,479.9,65.97,150.33,1.950016e-12
2024-05-13T08:26:00Z,479.6,64.07,150.7,1.983574e-12
2024-05-13T08:26:30Z,479.2,62.17,151.01,2.015264e-12
2024-05-13T08:27:00Z,478.8,60.27,151.26,2.045909e-12
2024-05-13T08:27:30Z,478.4,58.37,151.48,2.072342e-12
2024-05-13T08:28:00Z,478.0,56.46,151.66,2.095182e-12
2024-05-13T08:28:30Z,477.6,54.55,151.81,2.114497e-12
2024-05-13T08:29:00Z,477.2,52.65,151.93,2.130921e-12
2024-05-13T08:29:30Z,476.8,50.74,152.04,2.144541e-12
2024-05-13T08:30:00Z,476.4,48.83,152.12,2.151440e-12
2024-05-13T08:30:30Z,476.0,46.91,152.19,2.155327e-12
2024-05-13T08:31:00Z,475.6,45.0,152.25,2.156504e-12
2024-05-13T08:31:30Z,475.2,43.09,152.3,2.155096e-12
2024-05-13T08:32:00Z,474.8,41.17,152.33,2.151484e-12
2024-05-13T08:32:30Z,474.4,39.26,152.36,2.148277e-12
2024-05-13T08:33:00Z,474.1,37.34,152.37,2.144216e-12
2024-05-13T08:33:30Z,473.7,35.42,152.39,2.138346e-12
2024-05-13T08:34:00Z,473.4,33.5,152.39,2.130688e-12
2024-05-13T08:34:30Z,473.1,31.59,152.39,2.121578e-12
2024-05-13T08:35:00Z,472.8,29.67,152.38,2.109764e-12
2024-05-13T08:35:30Z,472.6,27.75,152.37,2.093801e-12
2024-05-13T08:36:00Z,472.4,25.82,152.36,2.076611e-12
2024-05-13T08:36:30Z,472.2,23.9,152.34,2.058448e-12
2024-05-13T08:37:00Z,472.0,21.98,152.32,2.039275e-12
2024-05-13T08:37:30Z,471.9,20.06,152.3,2.019265e-12
2024-05-13T08:38:00Z,471.8,18.14,152.27,1.998281e-12
2024-05-13T08:38:30Z,471.8,16.21,152.24,1.976408e-12
2024-05-13T08:39:00Z,471.7,14.29,152.21,1.954265e-12
2024-05-13T08:39:30Z,471.8,12.36,152.18,1.932016e-12
2024-05-13T08:40:00Z,471.8,10.44,152.15,1.910098e-12
2024-05-13T08:40:30Z,471.9,8.52,152.11,1.888616e-12
2024-05-13T08:41:00Z,472.1,6.59,152.08,1.867884e-12
2024-05-13T08:41:30Z,472.3,4.67,152.04,1.847939e-12
2024-05-13T08:42:00Z,472.5,2.74,152.01,1.829230e-12
2024-05-13T08:42:30Z,472.8,0.82,151.97,1.811788e-12
2024-05-13T08:43:00Z,473.1,-1.11,151.93,1.795762e-12
2024-05-13T08:43:30Z,473.4,-3.03,151.9,1.780972e-12
2024-05-13T08:44:00Z,473.8,-4.95,151.86,1.767523e-12
2024-05-13T08:44:30Z,474.2,-6.88,151.82,1.755206e-12
2024-05-13T08:45:00Z,474.7,-8.8,151.79,1.744084e-12
2024-05-13T08:45:30Z,475.2,-10.72,151.76,1.733569e-12
2024-05-13T08:46:00Z,475.8,-12.64,151.72,1.723713e-12
2024-05-13T08:46:30Z,476.3,-14.57,151.69,1.714196e-12
2024-05-13T08:47:00Z,476.9,-16.49,151.66,1.704399e-12
2024-05-13T08:47:30Z,477.6,-18.41,151.63,1.694136e-12
2024-05-13T08:48:00Z,478.3,-20.33,151.61,1.683100e-12
2024-05-13T08:48:30Z,478.9,-22.24,151.58,1.671006e-12
2024-05-13T08:49:00Z,479.7,-24.16,151.56,1.657576e-12
2024-05-13T08:49:30Z,480.4,-26.08,151.54,1.642574e-12
2024-05-13T08:50:00Z,481.2,-28.0,151.53,1.625909e-12
2024-05-13T08:50:30Z,482.0,-29.91,151.52,1.607585e-12
2024-05-13T08:51:00Z,482.8,-31.83,151.52,1.587410e-12
2024-05-13T08:51:30Z,483.6,-33.74,151.51,1.565676e-12
2024-05-13T08:52:00Z,484.4,-35.65,151.52,1.542265e-12
2024-05-13T08:52:30Z,485.2,-37.56,151.53,1.516916e-12
2024-05-13T08:53:00Z,486.1,-39.47,151.55,1.489351e-12
2024-05-13T08:53:30Z,486.9,-41.38,151.58,1.458873e-12
2024-05-13T08:54:00Z,487.8,-43.29,151.61,1.424960e-12
2024-05-13T08:54:30Z,488.6,-45.19,151.66,1.388008e-12
2024-05-13T08:55:00Z,489.4,-47.1,151.72,1.349456e-12
2024-05-13T08:55:30Z,490.2,-49.0,151.79,1.310947e-12
2024-05-13T08:56:00Z,491.0,-50.91,151.87,1.273751e-12
2024-05-13T08:56:30Z,491.8,-52.81,151.98,1.238394e-12
2024-05-13T08:57:00Z,492.6,-54.71,152.11,1.204787e-12
2024-05-13T08:57:30Z,493.3,-56.61,152.26,1.172466e-12
2024-05-13T08:58:00Z,494.1,-58.5,152.44,1.140577e-12
2024-05-13T08:58:30Z,494.7,-60.4,152.65,1.109107e-12
2024-05-13T08:59:00Z,495.4,-62.29,152.91,1.078063e-12
2024-05-13T08:59:30Z,496.0,-64.19,153.21,1.047452e-12
2024-05-13T09:00:00Z,496.7,-66.07,153.58,1.028209e-12
2024-05-13T09:00:30Z,497.2,-67.96,154.03,9.990124e-13
2024-05-13T09:01:00Z,497.7,-69.85,154.59,9.706407e-13
2024-05-13T09:01:30Z,498.2,-71.73,155.27,9.438010e-13
2024-05-13T09:02:00Z,498.7,-73.6,156.13,9.174309e-13
2024-05-13T09:02:30Z,499.1,-75.47,157.24,8.926259e-13
2024-05-13T09:03:00Z,499.4,-77.33,158.71,8.690749e-13
2024-05-13T09:03:30Z,499.7,-79.18,160.7,8.469467e-13
2024-05-13T09:04:00Z,500.0,-81.01,163.56,8.260186e-13
2024-05-13T09:04:30Z,500.2,-82.8,167.9,8.063154e-13
2024-05-13T09:05:00Z,500.4,-84.52,175.08,7.879070e-13
2024-05-13T09:05:30Z,500.5,-86.07,-171.57,7.706004e-13
2024-05-13T09:06:00Z,500.6,-87.17,-144.9,7.549519e-13
2024-05-13T09:06:30Z,500.6,-87.22,-105.53,7.413139e-13
2024-05-13T09:07:00Z,500.6,-86.17,-77.65,7.289064e-13
2024-05-13T09:07:30Z,500.5,-84.63,-63.66,7.176414e-13
2024-05-13T09:08:00Z,500.3,-82.92,-56.19,7.079643e-13
2024-05-13T09:08:30Z,500.2,-81.13,-51.71,6.998863e-13
2024-05-13T09:09:00Z,499.9,-79.31,-48.78,6.934830e-13
2024-05-13T09:09:30Z,499.7,-77.46,-46.74,6.884278e-13
2024-05-13T09:10:00Z,499.3,-75.6,-45.24,6.842594e-13
2024-05-13T09:10:30Z,499.0,-73.73,-44.11,6.811899e-13
2024-05-13T09:11:00Z,498.5,-71.86,-43.24,6.794231e-13
2024-05-13T09:11:30Z,498.1,-69.98,-42.54,6.787828e-13
2024-05-13T09:12:00Z,497.6,-68.09,-41.98,6.791963e-13
2024-05-13T09:12:30Z,497.1,-66.21,-41.52,6.804100e-13
2024-05-13T09:13:00Z,496.5,-64.32,-41.15,6.821293e-13
2024-05-13T09:13:30Z,495.9,-62.43,-40.84,6.853135e-13
2024-05-13T09:14:00Z,495.2,-60.53,-40.58,6.881292e-13
2024-05-13T09:14:30Z,494.6,-58.64,-40.36,6.904333e-13
2024-05-13T09:15:00Z,493.9,-56.74,-40.18,6.926614e-13
2024-05-13T09:15:30Z,493.2,-54.84,-40.03,6.945192e-13
2024-05-13T09:16:00Z,492.4,-52.94,-39.9,6.959310e-13
2024-05-13T09:16:30Z,491.7,-51.04,-39.79,6.972183e-13
2024-05-13T09:17:00Z,490.9,-49.14,-39.71,6.973498e-13
2024-05-13T09:17:30Z,490.1,-47.24,-39.63,6.973153e-13
2024-05-13T09:18:00Z,489.3,-45.33,-39.57,6.976477e-13
2024-05-13T09:18:30Z,488.5,-43.43,-39.53,6.986946e-13
2024-05-13T09:19:00Z,487.6,-41.52,-39.49,7.007736e-13
2024-05-13T09:19:30Z,486.8,-39.61,-39.46,7.040045e-13
2024-05-13T09:20:00Z,486.0,-37.7,-39.44,7.086788e-13
2024-05-13T09:20:30Z,485.2,-35.79,-39.43,7.149535e-13
2024-05-13T09:21:00Z,484.4,-33.88,-39.43,7.228001e-13
2024-05-13T09:21:30Z,483.6,-31.96,-39.43,7.326304e-13
2024-05-13T09:22:00Z,482.8,-30.05,-39.43,7.445293e-13
2024-05-13T09:22:30Z,482.0,-28.14,-39.44,7.584702e-13
2024-05-13T09:23:00Z,481.3,-26.22,-39.46,7.745812e-13
2024-05-13T09:23:30Z,480.5,-24.3,-39.47,7.926682e-13
2024-05-13T09:24:00Z,479.8,-22.39,-39.49,8.127230e-13
2024-05-13T09:24:30Z,479.1,-20.47,-39.52,8.346069e-13
2024-05-13T09:25:00Z,478.5,-18.55,-39.54,8.582135e-13
2024-05-13T09:25:30Z,477.8,-16.63,-39.57,8.833361e-13
2024-05-13T09:26:00Z,477.2,-14.71,-39.6,9.096167e-13
2024-05-13T09:26:30Z,476.7,-12.79,-39.63,9.370715e-13
2024-05-13T09:27:00Z,476.1,-10.87,-39.67,9.652574e-13
2024-05-13T09:27:30Z,475.6,-8.95,-39.7,9.942075e-13
2024-05-13T09:28:00Z,475.2,-7.02,-39.73,1.023581e-12
2024-05-13T09:28:30Z,474.7,-5.1,-39.77,1.053214e-12
2024-05-13T09:29:00Z,474.3,-3.18,-39.81,1.083100e-12
2024-05-13T09:29:30Z,474.0,-1.25,-39.84,1.112931e-12
2024-05-13T09:30:00Z,473.7,0.67,-39.88,1.142608e-12
2024-05-13T09:30:30Z,473.4,2.59,-39.92,1.171904e-12
2024-05-13T09:31:00Z,473.2,4.52,-39.95,1.200618e-12
2024-05-13T09:31:30Z,473.0,6.44,-39.99,1.228696e-12
2024-05-13T09:32:00Z,472.8,8.37,-40.02,1.256025e-12
2024-05-13T09:32:30Z,472.7,10.29,-40.06,1.282442e-12
2024-05-13T09:33:00Z,472.7,12.21,-40.09,1.307755e-12
2024-05-13T09:33:30Z,472.6,14.14,-40.12,1.331812e-12
2024-05-13T09:34:00Z,472.6,16.06,-40.15,1.354751e-12
2024-05-13T09:34:30Z,472.7,17.98,-40.18,1.376308e-12
2024-05-13T09:35:00Z,472.8,19.91,-40.21,1.396564e-12
2024-05-13T09:35:30Z,472.9,21.83,-40.23,1.415241e-12
2024-05-13T09:36:00Z,473.0,23.75,-40.25,1.431864e-12
2024-05-13T09:36:30Z,473.2,25.67,-40.27,1.447185e-12
2024-05-13T09:37:00Z,473.4,27.59,-40.29,1.461216e-12
2024-05-13T09:37:30Z,473.6,29.51,-40.3,1.473911e-12
2024-05-13T09:38:00Z,473.9,31.43,-40.3,1.485375e-12
2024-05-13T09:38:30Z,474.2,33.35,-40.3,1.495658e-12
2024-05-13T09:39:00Z,474.5,35.27,-40.3,1.504989e-12
2024-05-13T09:39:30Z,474.8,37.18,-40.29,1.513432e-12
2024-05-13T09:40:00Z,475.2,39.1,-40.27,1.521280e-12
2024-05-13T09:40:30Z,475.5,41.01,-40.25,1.528590e-12
2024-05-13T09:41:00Z,475.9,42.93,-40.21,1.535672e-12
2024-05-13T09:41:30Z,476.3,44.84,-40.17,1.542055e-12
2024-05-13T09:42:00Z,476.6,46.75,-40.11,1.548495e-12
2024-05-13T09:42:30Z,477.0,48.67,-40.04,1.555192e-12
2024-05-13T09:43:00Z,477.4,50.58,-39.96,1.562266e-12
2024-05-13T09:43:30Z,477.8,52.49,-39.85,1.569925e-12
2024-05-13T09:44:00Z,478.2,54.39,-39.73,1.578325e-12
2024-05-13T09:44:30Z,478.6,56.3,-39.58,1.588054e-12
2024-05-13T09:45:00Z,478.9,58.21,-39.41,1.599241e-12
2024-05-13T09:45:30Z,479.3,60.11,-39.2,1.612079e-12
2024-05-13T09:46:00Z,479.7,62.01,-38.95,1.626629e-12
2024-05-13T09:46:30Z,480.0,63.91,-38.64,1.642322e-12
2024-05-13T09:47:00Z,480.3,65.81,-38.28,1.658639e-12
2024-05-13T09:47:30Z,480.6,67.71,-37.84,1.674940e-12
2024-05-13T09:48:00Z,480.9,69.6,-37.3,1.690963e-12
2024-05-13T09:48:30Z,481.2,71.49,-36.63,1.706532e-12
2024-05-13T09:49:00Z,481.4,73.38,-35.79,1.721662e-12
2024-05-13T09:49:30Z,481.6,75.26,-34.7,1.736384e-12
2024-05-13T09:50:00Z,481.8,77.13,-33.28,1.750795e-12
2024-05-13T09:50:30Z,482.0,78.99,-31.34,1.765094e-12
2024-05-13T09:51:00Z,482.1,80.83,-28.58,1.779374e-12
2024-05-13T09:51:30Z,482.2,82.63,-24.4,1.793772e-12
2024-05-13T09:52:00Z,482.3,84.37,-17.52,1.808356e-12
2024-05-13T09:52:30Z,482.3,85.95,-4.85,1.823228e-12
2024-05-13T09:53:00Z,482.3,87.11,20.59,1.838942e-12
2024-05-13T09:53:30Z,482.3,87.25,59.96,1.855080e-12
2024-05-13T09:54:00Z,482.3,86.26,89.2,1.869378e-12
2024-05-13T09:54:30Z,482.2,84.73,103.9,1.882777e-12
2024-05-13T09:55:00Z,482.1,83.02,111.68,1.895516e-12
2024-05-13T09:55:30Z,482.0,81.22,116.3,1.908040e-12
2024-05-13T09:56:00Z,481.8,79.39,119.3,1.920256e-12
2024-05-13T09:56:30Z,481.6,77.54,121.39,1.932677e-12
2024-05-13T09:57:00Z,481.4,75.67,122.91,1.945380e-12
2024-05-13T09:57:30Z,481.2,73.79,124.05,1.958776e-12
2024-05-13T09:58:00Z,480.9,71.9,124.94,1.973239e-12
2024-05-13T09:58:30Z,480.6,70.01,125.65,1.988793e-12
2024-05-13T09:59:00Z,480.3,68.12,126.21,2.005424e-12
2024-05-13T09:59:30Z,480.0,66.22,126.67,2.022170e-12
2024-05-13T10:00:00Z,479.6,64.33,127.05,2.038080e-12
2024-05-13T10:00:30Z,479.2,62.43,127.36,2.052696e-12
2024-05-13T10:01:00Z,478.9,60.52,127.63,2.065673e-12
2024-05-13T10:01:30Z,478.5,58.62,127.84,2.076955e-12
2024-05-13T10:02:00Z,478.1,56.71,128.03,2.086775e-12
2024-05-13T10:02:30Z,477.7,54.81,128.18,2.095331e-12
2024-05-13T10:03:00Z,477.3,52.9,128.31,2.102639e-12
2024-05-13T10:03:30Z,476.8,50.99,128.42,2.108749e-12
2024-05-13T10:04:00Z,476.4,49.08,128.5,2.113749e-12
2024-05-13T10:04:30Z,476.0,47.17,128.58,2.115906e-12
2024-05-13T10:05:00Z,475.6,45.25,128.64,2.116622e-12
2024-05-13T10:05:30Z,475.2,43.34,128.68,2.116099e-12
2024-05-13T10:06:00Z,474.8,41.43,128.72,2.114134e-12
2024-05-13T10:06:30Z,474.4,39.51,128.75,2.110729e-12
2024-05-13T10:07:00Z,474.1,37.59,128.77,2.105868e-12
2024-05-13T10:07:30Z,473.7,35.68,128.78,2.099732e-12
2024-05-13T10:08:00Z,473.4,33.76,128.78,2.092083e-12
2024-05-13T10:08:30Z,473.1,31.84,128.78,2.083154e-12
2024-05-13T10:09:00Z,472.8,29.92,128.78,2.072712e-12
2024-05-13T10:09:30Z,472.6,28.0,128.77,2.061127e-12
2024-05-13T10:10:00Z,472.3,26.08,128.76,2.048327e-12
2024-05-13T10:10:30Z,472.1,24.16,128.74,2.034351e-12
2024-05-13T10:11:00Z,472.0,22.24,128.72,2.019463e-12
2024-05-13T10:11:30Z,471.8,20.31,128.7,2.004880e-12
2024-05-13T10:12:00Z,471.7,18.39,128.67,1.989535e-12
2024-05-13T10:12:30Z,471.7,16.47,128.64,1.973640e-12
2024-05-13T10:13:00Z,471.7,14.54,128.61,1.957189e-12
2024-05-13T10:13:30Z,471.7,12.62,128.58,1.940310e-12
2024-05-13T10:14:00Z,471.7,10.69,128.55,1.923101e-12
2024-05-13T10:14:30Z,471.8,8.77,128.51,1.905713e-12
2024-05-13T10:15:00Z,472.0,6.85,128.48,1.888231e-12
2024-05-13T10:15:30Z,472.1,4.92,128.44,1.870897e-12
2024-05-13T10:16:00Z,472.4,3.0,128.41,1.853737e-12
2024-05-13T10:16:30Z,472.6,1.07,128.37,1.836981e-12
2024-05-13T10:17:00Z,472.9,-0.85,128.33,1.820682e-12
2024-05-13T10:17:30Z,473.3,-2.78,128.3,1.804945e-12
2024-05-13T10:18:00Z,473.6,-4.7,128.26,1.789817e-12
2024-05-13T10:18:30Z,474.1,-6.62,128.23,1.775321e-12
2024-05-13T10:19:00Z,474.5,-8.55,128.19,1.761328e-12
2024-05-13T10:19:30Z,475.0,-10.47,128.16,1.747860e-12
2024-05-13T10:20:00Z,475.6,-12.39,128.12,1.734655e-12
2024-05-13T10:20:30Z,476.1,-14.31,128.09,1.721462e-12
2024-05-13T10:21:00Z,476.7,-16.23,128.06,1.707932e-12
2024-05-13T10:21:30Z,477.4,-18.15,128.03,1.694410e-12
2024-05-13T10:22:00Z,478.0,-20.07,128.01,1.680840e-12
2024-05-13T10:22:30Z,478.7,-21.99,127.98,1.667248e-12
2024-05-13T10:23:00Z,479.5,-23.91,127.96,1.653247e-12
2024-05-13T10:23:30Z,480.2,-25.83,127.94,1.639018e-12
2024-05-13T10:24:00Z,481.0,-27.74,127.93,1.624457e-12
2024-05-13T10:24:30Z,481.7,-29.66,127.92,1.609610e-12
2024-05-13T10:25:00Z,482.5,-31.57,127.91,1.594521e-12
2024-05-13T10:25:30Z,483.4,-33.49,127.91,1.579239e-12
2024-05-13T10:26:00Z,484.2,-35.4,127.92,1.563956e-12
2024-05-13T10:26:30Z,485.0,-37.31,127.93,1.548466e-12
2024-05-13T10:27:00Z,485.9,-39.22,127.94,1.532808e-12
2024-05-13T10:27:30Z,486.7,-41.13,127.97,1.516564e-12
2024-05-13T10:28:00Z,487.5,-43.04,128.0,1.499426e-12
2024-05-13T10:28:30Z,488.4,-44.95,128.05,1.481058e-12
2024-05-13T10:29:00Z,489.2,-46.85,128.11,1.461733e-12
2024-05-13T10:29:30Z,490.0,-48.75,128.18,1.442017e-12
2024-05-13T10:30:00Z,490.8,-50.66,128.26,1.422421e-12
2024-05-13T10:30:30Z,491.6,-52.56,128.36,1.403236e-12
2024-05-13T10:31:00Z,492.4,-54.46,128.49,1.384103e-12
2024-05-13T10:31:30Z,493.2,-56.36,128.63,1.364880e-12
2024-05-13T10:32:00Z,493.9,-58.26,128.81,1.344891e-12
2024-05-13T10:32:30Z,494.6,-60.15,129.02,1.323698e-12
2024-05-13T10:33:00Z,495.3,-62.05,129.27,1.300616e-12
2024-05-13T10:33:30Z,495.9,-63.94,129.57,1.276090e-12
2024-05-13T10:34:00Z,496.5,-65.83,129.93,1.250219e-12
2024-05-13T10:34:30Z,497.1,-67.72,130.37,1.223179e-12
2024-05-13T10:35:00Z,497.6,-69.6,130.91,1.195154e-12
2024-05-13T10:35:30Z,498.1,-71.48,131.57,1.166684e-12
2024-05-13T10:36:00Z,498.6,-73.36,132.41,1.137608e-12
2024-05-13T10:36:30Z,499.0,-75.23,133.48,1.108066e-12
2024-05-13T10:37:00Z,499.4,-77.09,134.89,1.078123e-12
2024-05-13T10:37:30Z,499.7,-78.94,136.81,1.047869e-12
2024-05-13T10:38:00Z,499.9,-80.77,139.53,1.017308e-12
2024-05-13T10:38:30Z,500.2,-82.57,143.62,9.866756e-13
2024-05-13T10:39:00Z,500.4,-84.3,150.31,9.560668e-13
2024-05-13T10:39:30Z,500.5,-85.88,162.54,9.254175e-13
2024-05-13T10:40:00Z,500.6,-87.07,-173.0,8.957148e-13
2024-05-13T10:40:30Z,500.6,-87.28,-134.09,8.678276e-13
2024-05-13T10:41:00Z,500.6,-86.34,-103.94,8.410752e-13
2024-05-13T10:41:30Z,500.5,-84.84,-88.63,8.153882e-13
2024-05-13T10:42:00Z,500.4,-83.15,-80.57,7.914653e-13
2024-05-13T10:42:30Z,500.2,-81.37,-75.81,7.697385e-13
2024-05-13T10:43:00Z,500.0,-79.55,-72.72,7.503271e-13
2024-05-13T10:43:30Z,499.7,-77.7,-70.58,7.331344e-13
2024-05-13T10:44:00Z,499.4,-75.84,-69.03,7.178931e-13
2024-05-13T10:44:30Z,499.1,-73.98,-67.86,7.041863e-13
2024-05-13T10:45:00Z,498.7,-72.1,-66.95,6.922169e-13
2024-05-13T10:45:30Z,498.2,-70.22,-66.23,6.818468e-13
2024-05-13T10:46:00Z,497.7,-68.34,-65.66,6.730924e-13
2024-05-13T10:46:30Z,497.2,-66.45,-65.19,6.658844e-13
2024-05-13T10:47:00Z,496.6,-64.56,-64.8,6.602325e-13
2024-05-13T10:47:30Z,496.0,-62.67,-64.48,6.560602e-13
2024-05-13T10:48:00Z,495.4,-60.78,-64.22,6.530086e-13
2024-05-13T10:48:30Z,494.8,-58.89,-64.0,6.513430e-13
2024-05-13T10:49:00Z,494.1,-56.99,-63.81,6.508475e-13
2024-05-13T10:49:30Z,493.4,-55.09,-63.65,6.511925e-13
2024-05-13T10:50:00Z,492.6,-53.19,-63.52,6.525361e-13
2024-05-13T10:50:30Z,491.9,-51.29,-63.41,6.547465e-13
2024-05-13T10:51:00Z,491.1,-49.39,-63.32,6.578131e-13
2024-05-13T10:51:30Z,490.3,-47.49,-63.25,6.617545e-13
2024-05-13T10:52:00Z,489.5,-45.58,-63.19,6.665560e-13
2024-05-13T10:52:30Z,488.7,-43.67,-63.14,6.721785e-13
2024-05-13T10:53:00Z,487.9,-41.77,-63.1,6.786510e-13
2024-05-13T10:53:30Z,487.1,-39.86,-63.07,6.862015e-13
2024-05-13T10:54:00Z,486.2,-37.95,-63.05,6.946253e-13
2024-05-13T10:54:30Z,485.4,-36.04,-63.04,7.036016e-13
2024-05-13T10:55:00Z,484.6,-34.13,-63.03,7.138148e-13
2024-05-13T10:55:30Z,483.8,-32.22,-63.03,7.254190e-13
2024-05-13T10:56:00Z,483.0,-30.3,-63.04,7.382630e-13
2024-05-13T10:56:30Z,482.3,-28.39,-63.05,7.528892e-13
2024-05-13T10:57:00Z,481.5,-26.47,-63.06,7.691701e-13
2024-05-13T10:57:30Z,480.8,-24.56,-63.08,7.873516e-13
2024-05-13T10:58:00Z,480.1,-22.64,-63.1,8.073537e-13
2024-05-13T10:58:30Z,479.4,-20.72,-63.12,8.291888e-13
2024-05-13T10:59:00Z,478.7,-18.8,-63.14,8.527856e-13
2024-05-13T10:59:30Z,478.1,-16.88,-63.17,8.780518e-13
2024-05-13T11:00:00Z,477.5,-14.96,-63.2,9.047492e-13
2024-05-13T11:00:30Z,476.9,-13.04,-63.23,9.327263e-13
2024-05-13T11:01:00Z,476.3,-11.12,-63.27,9.616738e-13
2024-05-13T11:01:30Z,475.8,-9.2,-63.3,9.915706e-13
2024-05-13T11:02:00Z,475.4,-7.28,-63.33,1.022160e-12
2024-05-13T11:02:30Z,474.9,-5.35,-63.37,1.053135e-12
2024-05-13T11:03:00Z,474.5,-3.43,-63.41,1.084486e-12
2024-05-13T11:03:30Z,474.2,-1.51,-63.44,1.115897e-12
2024-05-13T11:04:00Z,473.9,0.42,-63.48,1.147101e-12
2024-05-13T11:04:30Z,473.6,2.34,-63.52,1.177850e-12
2024-05-13T11:05:00Z,473.3,4.26,-63.55,1.208094e-12
2024-05-13T11:05:30Z,473.1,6.19,-63.59,1.237378e-12
2024-05-13T11:06:00Z,473.0,8.11,-63.62,1.265630e-12
2024-05-13T11:06:30Z,472.9,10.04,-63.66,1.292701e-12
2024-05-13T11:07:00Z,472.8,11.96,-63.69,1.318543e-12
2024-05-13T11:07:30Z,472.8,13.88,-63.72,1.343087e-12
2024-05-13T11:08:00Z,472.8,15.81,-63.75,1.366110e-12
2024-05-13T11:08:30Z,472.8,17.73,-63.78,1.387847e-12
2024-05-13T11:09:00Z,472.9,19.65,-63.81,1.408129e-12
2024-05-13T11:09:30Z,473.0,21.57,-63.83,1.426512e-12
2024-05-13T11:10:00Z,473.1,23.49,-63.86,1.443063e-12
2024-05-13T11:10:30Z,473.3,25.42,-63.87,1.457989e-12
2024-05-13T11:11:00Z,473.5,27.34,-63.89,1.471199e-12
2024-05-13T11:11:30Z,473.7,29.26,-63.9,1.482723e-12
2024-05-13T11:12:00Z,474.0,31.18,-63.91,1.492519e-12
2024-05-13T11:12:30Z,474.2,33.09,-63.91,1.500589e-12
2024-05-13T11:13:00Z,474.5,35.01,-63.9,1.507080e-12
2024-05-13T11:13:30Z,474.9,36.93,-63.89,1.512080e-12
2024-05-13T11:14:00Z,475.2,38.84,-63.88,1.515808e-12
2024-05-13T11:14:30Z,475.5,40.76,-63.85,1.518357e-12
2024-05-13T11:15:00Z,475.9,42.67,-63.82,1.519895e-12
2024-05-13T11:15:30Z,476.3,44.59,-63.78,1.520259e-12
2024-05-13T11:16:00Z,476.7,46.5,-63.72,1.520415e-12
2024-05-13T11:16:30Z,477.0,48.41,-63.65,1.520483e-12
2024-05-13T11:17:00Z,477.4,50.32,-63.57,1.521086e-12
2024-05-13T11:17:30Z,477.8,52.23,-63.47,1.522595e-12
2024-05-13T11:18:00Z,478.2,54.14,-63.35,1.525642e-12
2024-05-13T11:18:30Z,478.6,56.05,-63.21,1.530567e-12
2024-05-13T11:19:00Z,479.0,57.95,-63.03,1.537375e-12
2024-05-13T11:19:30Z,479.3,59.86,-62.83,1.546011e-12
2024-05-13T11:20:00Z,479.7,61.76,-62.58,1.556390e-12
2024-05-13T11:20:30Z,480.0,63.66,-62.29,1.568467e-12
2024-05-13T11:21:00Z,480.3,65.56,-61.94,1.581934e-12
2024-05-13T11:21:30Z,480.6,67.46,-61.51,1.596605e-12
2024-05-13T11:22:00Z,480.9,69.35,-60.98,1.613033e-12
2024-05-13T11:22:30Z,481.2,71.24,-60.33,1.630779e-12
2024-05-13T11:23:00Z,481.4,73.13,-59.51,1.650096e-12
2024-05-13T11:23:30Z,481.6,75.01,-58.47,1.670777e-12
2024-05-13T11:24:00Z,481.8,76.88,-57.09,1.692851e-12
2024-05-13T11:24:30Z,482.0,78.74,-55.23,1.716172e-12
2024-05-13T11:25:00Z,482.1,80.58,-52.61,1.740601e-12
2024-05-13T11:25:30Z,482.2,82.39,-48.67,1.765847e-12
2024-05-13T11:26:00Z,482.3,84.14,-42.27,1.791724e-12
2024-05-13T11:26:30Z,482.4,85.76,-30.67,1.818148e-12
2024-05-13T11:27:00Z,482.4,87.0,-7.44,1.845159e-12
2024-05-13T11:27:30Z,482.4,87.31,31.15,1.872431e-12
2024-05-13T11:28:00Z,482.3,86.43,62.72,1.899213e-12
2024-05-13T11:28:30Z,482.3,84.95,78.86,1.926850e-12
2024-05-13T11:29:00Z,482.2,83.25,87.26,1.953384e-12
2024-05-13T11:29:30Z,482.0,81.47,92.18,1.978794e-12
2024-05-13T11:30:00Z,481.9,79.64,95.35,2.002986e-12
2024-05-13T11:30:30Z,481.7,77.78,97.54,2.026503e-12
2024-05-13T11:31:00Z,481.5,75.92,99.12,2.049395e-12
2024-05-13T11:31:30Z,481.2,74.04,100.31,2.072133e-12
2024-05-13T11:32:00Z,481.0,72.15,101.23,2.093899e-12
2024-05-13T11:32:30Z,480.7,70.27,101.95,2.115708e-12
2024-05-13T11:33:00Z,480.4,68.37,102.54,2.137497e-12
2024-05-13T11:33:30Z,480.0,66.48,103.01,2.158460e-12
2024-05-13T11:34:00Z,479.7,64.58,103.4,2.171985e-12
2024-05-13T11:34:30Z,479.3,62.68,103.72,2.183254e-12
2024-05-13T11:35:00Z,479.0,60.78,103.99,2.191715e-12
2024-05-13T11:35:30Z,478.6,58.87,104.21,2.197650e-12
2024-05-13T11:36:00Z,478.2,56.97,104.4,2.205869e-12
2024-05-13T11:36:30Z,477.8,55.06,104.56,2.211844e-12
2024-05-13T11:37:00Z,477.3,53.15,104.69,2.216096e-12
2024-05-13T11:37:30Z,476.9,51.24,104.8,2.218631e-12
2024-05-13T11:38:00Z,476.5,49.33,104.89,2.214290e-12
2024-05-13T11:38:30Z,476.1,47.42,104.96,2.208422e-12
2024-05-13T11:39:00Z,475.7,45.51,105.02,2.201575e-12
2024-05-13T11:39:30Z,475.3,43.6,105.07,2.193844e-12
2024-05-13T11:40:00Z,474.9,41.68,105.11,2.184766e-12
2024-05-13T11:40:30Z,474.5,39.77,105.14,2.175204e-12
2024-05-13T11:41:00Z,474.2,37.85,105.16,2.165247e-12
2024-05-13T11:41:30Z,473.8,35.93,105.17,2.155546e-12
2024-05-13T11:42:00Z,473.5,34.01,105.18,2.146471e-12
2024-05-13T11:42:30Z,473.2,32.1,105.18,2.137978e-12
2024-05-13T11:43:00Z,472.9,30.18,105.18,2.130328e-12
2024-05-13T11:43:30Z,472.6,28.26,105.17,2.123596e-12
2024-05-13T11:44:00Z,472.4,26.34,105.15,2.117832e-12
2024-05-13T11:44:30Z,472.2,24.41,105.14,2.113116e-12
2024-05-13T11:45:00Z,472.0,22.49,105.12,2.108347e-12
2024-05-13T11:45:30Z,471.9,20.57,105.09,2.103779e-12
2024-05-13T11:46:00Z,471.8,18.65,105.07,2.100129e-12
2024-05-13T11:46:30Z,471.7,16.72,105.04,2.097118e-12
2024-05-13T11:47:00Z,471.7,14.8,105.01,2.094414e-12
2024-05-13T11:47:30Z,471.7,12.88,104.98,2.091879e-12
2024-05-13T11:48:00Z,471.8,10.95,104.95,2.089342e-12
2024-05-13T11:48:30Z,471.9,9.03,104.91,2.086291e-12
2024-05-13T11:49:00Z,472.0,7.1,104.88,2.082314e-12
2024-05-13T11:49:30Z,472.2,5.18,104.84,2.077422e-12
2024-05-13T11:50:00Z,472.4,3.25,104.81,2.071633e-12
2024-05-13T11:50:30Z,472.6,1.33,104.77,2.064508e-12
2024-05-13T11:51:00Z,472.9,-0.59,104.73,2.055871e-12
2024-05-13T11:51:30Z,473.3,-2.52,104.7,2.045434e-12
2024-05-13T11:52:00Z,473.7,-4.44,104.66,2.032907e-12
2024-05-13T11:52:30Z,474.1,-6.37,104.63,2.018099e-12
2024-05-13T11:53:00Z,474.5,-8.29,104.59,2.001034e-12
2024-05-13T11:53:30Z,475.0,-10.21,104.56,1.981591e-12
2024-05-13T11:54:00Z,475.6,-12.13,104.52,1.959808e-12
2024-05-13T11:54:30Z,476.1,-14.06,104.49,1.935720e-12
2024-05-13T11:55:00Z,476.7,-15.98,104.46,1.909377e-12
2024-05-13T11:55:30Z,477.4,-17.9,104.43,1.880851e-12
2024-05-13T11:56:00Z,478.0,-19.82,104.41,1.850378e-12
2024-05-13T11:56:30Z,478.7,-21.74,104.38,1.818126e-12
2024-05-13T11:57:00Z,479.4,-23.65,104.36,1.784678e-12
2024-05-13T11:57:30Z,480.2,-25.57,104.34,1.750386e-12
2024-05-13T11:58:00Z,481.0,-27.49,104.33,1.714966e-12
2024-05-13T11:58:30Z,481.7,-29.4,104.32,1.679184e-12
2024-05-13T11:59:00Z,482.5,-31.32,104.31,1.643372e-12
2024-05-13T11:59:30Z,483.4,-33.23,104.31,1.607811e-12
2024-05-13T12:00:00Z,484.2,-35.14,104.31,1.574671e-12
