t,sme_nt,smu_nt,sml_nt,h_comp_mean_nt,jh_proxy_gw
2015-03-16T12:00:00Z,44.00,39.00,-5.00,22.00,1.388
2015-03-16T12:01:00Z,48.00,40.00,-8.00,22.00,1.521
2015-03-16T12:02:00Z,49.00,42.00,-7.00,22.00,1.554
2015-03-16T12:03:00Z,53.00,43.00,-10.00,23.00,1.688
2015-03-16T12:04:00Z,53.00,44.00,-9.00,23.00,1.688
2015-03-16T12:05:00Z,52.00,46.00,-6.00,22.00,1.655
2015-03-16T12:06:00Z,45.00,42.00,-3.00,21.00,1.421
2015-03-16T12:07:00Z,49.00,40.00,-9.00,21.00,1.554
2015-03-16T12:08:00Z,45.00,41.00,-4.00,21.00,1.421
2015-03-16T12:09:00Z,52.00,42.00,-10.00,21.00,1.655
2015-03-16T12:10:00Z,55.00,44.00,-11.00,21.00,1.756
2015-03-16T12:11:00Z,46.00,42.00,-4.00,21.00,1.454
2015-03-16T12:12:00Z,49.00,40.00,-9.00,20.00,1.554
2015-03-16T12:13:00Z,53.00,39.00,-14.00,20.00,1.688
2015-03-16T12:14:00Z,53.00,38.00,-15.00,20.00,1.688
2015-03-16T12:15:00Z,52.00,39.00,-13.00,20.00,1.655
2015-03-16T12:16:00Z,64.00,43.00,-21.00,19.00,2.063
2015-03-16T12:17:00Z,57.00,43.00,-14.00,20.00,1.824
2015-03-16T12:18:00Z,56.00,37.00,-19.00,21.00,1.790
2015-03-16T12:19:00Z,52.00,42.00,-10.00,22.00,1.655
2015-03-16T12:20:00Z,49.00,42.00,-7.00,22.00,1.554
2015-03-16T12:21:00Z,46.00,38.00,-8.00,21.00,1.454
2015-03-16T12:22:00Z,45.00,37.00,-8.00,20.00,1.421
2015-03-16T12:23:00Z,43.00,34.00,-9.00,20.00,1.355
2015-03-16T12:24:00Z,44.00,33.00,-11.00,20.00,1.388
2015-03-16T12:25:00Z,44.00,34.00,-10.00,20.00,1.388
2015-03-16T12:26:00Z,47.00,36.00,-11.00,19.00,1.487
2015-03-16T12:27:00Z,47.00,38.00,-9.00,19.00,1.487
2015-03-16T12:28:00Z,46.00,39.00,-7.00,19.00,1.454
2015-03-16T12:29:00Z,46.00,38.00,-8.00,18.00,1.454
2015-03-16T12:30:00Z,44.00,36.00,-8.00,18.00,1.388
2015-03-16T12:31:00Z,41.00,35.00,-6.00,16.00,1.289
2015-03-16T12:32:00Z,44.00,32.00,-12.00,16.00,1.388
2015-03-16T12:33:00Z,45.00,32.00,-13.00,17.00,1.421
2015-03-16T12:34:00Z,47.00,33.00,-14.00,16.00,1.487
2015-03-16T12:35:00Z,48.00,34.00,-14.00,16.00,1.521
2015-03-16T12:36:00Z,48.00,33.00,-15.00,16.00,1.521
2015-03-16T12:37:00Z,54.00,31.00,-23.00,17.00,1.722
2015-03-16T12:38:00Z,54.00,28.00,-26.00,17.00,1.722
2015-03-16T12:39:00Z,50.00,29.00,-21.00,18.00,1.587
2015-03-16T12:40:00Z,48.00,27.00,-21.00,19.00,1.521
2015-03-16T12:41:00Z,46.00,29.00,-17.00,20.00,1.454
2015-03-16T12:42:00Z,44.00,30.00,-14.00,20.00,1.388
2015-03-16T12:43:00Z,42.00,30.00,-12.00,20.00,1.322
2015-03-16T12:44:00Z,41.00,29.00,-12.00,20.00,1.289
2015-03-16T12:45:00Z,41.00,29.00,-12.00,20.00,1.289
2015-03-16T12:46:00Z,42.00,30.00,-12.00,20.00,1.322
2015-03-16T12:47:00Z,49.00,37.00,-12.00,20.00,1.554
2015-03-16T12:48:00Z,60.00,47.00,-13.00,20.00,1.926
2015-03-16T12:49:00Z,67.00,57.00,-10.00,19.00,2.167
2015-03-16T12:50:00Z,80.00,71.00,-9.00,19.00,2.624
2015-03-16T12:51:00Z,90.00,81.00,-9.00,18.00,2.983
2015-03-16T12:52:00Z,89.00,78.00,-11.00,18.00,2.947
2015-03-16T12:53:00Z,79.00,69.00,-10.00,18.00,2.588
2015-03-16T12:54:00Z,70.00,63.00,-7.00,18.00,2.272
2015-03-16T12:55:00Z,62.00,54.00,-8.00,18.00,1.995
2015-03-16T12:56:00Z,53.00,39.00,-14.00,18.00,1.688
2015-03-16T12:57:00Z,45.00,30.00,-15.00,19.00,1.421
2015-03-16T12:58:00Z,45.00,31.00,-14.00,19.00,1.421
2015-03-16T12:59:00Z,45.00,33.00,-12.00,19.00,1.421
2015-03-16T13:00:00Z,46.00,35.00,-11.00,19.00,1.454
2015-03-16T13:01:00Z,52.00,37.00,-15.00,21.00,1.655
2015-03-16T13:02:00Z,46.00,39.00,-7.00,21.00,1.454
2015-03-16T13:03:00Z,53.00,44.00,-9.00,21.00,1.688
2015-03-16T13:04:00Z,58.00,55.00,-3.00,19.00,1.858
2015-03-16T13:05:00Z,51.00,48.00,-3.00,18.00,1.621
2015-03-16T13:06:00Z,56.00,48.00,-8.00,19.00,1.790
2015-03-16T13:07:00Z,59.00,41.00,-18.00,22.00,1.892
2015-03-16T13:08:00Z,39.00,35.00,-4.00,21.00,1.223
2015-03-16T13:09:00Z,43.00,41.00,-2.00,19.00,1.355
2015-03-16T13:10:00Z,41.00,42.00,1.00,19.00,1.289
2015-03-16T13:11:00Z,46.00,46.00,0.00,17.00,1.454
2015-03-16T13:12:00Z,54.00,53.00,-1.00,17.00,1.722
2015-03-16T13:13:00Z,62.00,58.00,-4.00,15.00,1.995
2015-03-16T13:14:00Z,60.00,53.00,-7.00,15.00,1.926
2015-03-16T13:15:00Z,66.00,46.00,-20.00,14.00,2.132
2015-03-16T13:16:00Z,73.00,46.00,-27.00,13.00,2.377
2015-03-16T13:17:00Z,71.00,42.00,-29.00,13.00,2.306
2015-03-16T13:18:00Z,69.00,40.00,-29.00,12.00,2.237
2015-03-16T13:19:00Z,87.00,36.00,-51.00,12.00,2.875
2015-03-16T13:20:00Z,91.00,33.00,-58.00,12.00,3.020
2015-03-16T13:21:00Z,103.00,30.00,-73.00,13.00,3.461
2015-03-16T13:22:00Z,127.00,29.00,-98.00,14.00,4.375
2015-03-16T13:23:00Z,138.00,26.00,-112.00,15.00,4.807
2015-03-16T13:24:00Z,141.00,23.00,-118.00,15.00,4.926
2015-03-16T13:25:00Z,138.00,23.00,-115.00,15.00,4.807
2015-03-16T13:26:00Z,126.00,23.00,-103.00,15.00,4.336
2015-03-16T13:27:00Z,121.00,23.00,-98.00,17.00,4.142
2015-03-16T13:28:00Z,112.00,19.00,-93.00,20.00,3.799
2015-03-16T13:29:00Z,105.00,20.00,-85.00,21.00,3.536
2015-03-16T13:30:00Z,101.00,20.00,-81.00,23.00,3.387
2015-03-16T13:31:00Z,97.00,30.00,-67.00,24.00,3.239
2015-03-16T13:32:00Z,76.00,34.00,-42.00,24.00,2.482
2015-03-16T13:33:00Z,53.00,35.00,-18.00,24.00,1.688
2015-03-16T13:34:00Z,54.00,42.00,-12.00,22.00,1.722
2015-03-16T13:35:00Z,56.00,51.00,-5.00,21.00,1.790
2015-03-16T13:36:00Z,62.00,58.00,-4.00,20.00,1.995
2015-03-16T13:37:00Z,58.00,54.00,-4.00,19.00,1.858
2015-03-16T13:38:00Z,71.00,68.00,-3.00,18.00,2.306
2015-03-16T13:39:00Z,89.00,84.00,-5.00,18.00,2.947
2015-03-16T13:40:00Z,90.00,87.00,-3.00,17.00,2.983
2015-03-16T13:41:00Z,88.00,84.00,-4.00,16.00,2.911
2015-03-16T13:42:00Z,79.00,75.00,-4.00,16.00,2.588
2015-03-16T13:43:00Z,75.00,65.00,-10.00,16.00,2.447
2015-03-16T13:44:00Z,59.00,51.00,-8.00,16.00,1.892
2015-03-16T13:45:00Z,45.00,36.00,-9.00,17.00,1.421
2015-03-16T13:46:00Z,44.00,40.00,-4.00,16.00,1.388
2015-03-16T13:47:00Z,55.00,44.00,-11.00,16.00,1.756
2015-03-16T13:48:00Z,63.00,51.00,-12.00,16.00,2.029
2015-03-16T13:49:00Z,80.00,58.00,-22.00,17.00,2.624
2015-03-16T13:50:00Z,92.00,63.00,-29.00,16.00,3.056
2015-03-16T13:51:00Z,100.00,63.00,-37.00,17.00,3.350
2015-03-16T13:52:00Z,86.00,58.00,-28.00,16.00,2.839
2015-03-16T13:53:00Z,69.00,52.00,-17.00,16.00,2.237
2015-03-16T13:54:00Z,61.00,49.00,-12.00,15.00,1.960
2015-03-16T13:55:00Z,60.00,49.00,-11.00,16.00,1.926
2015-03-16T13:56:00Z,57.00,48.00,-9.00,16.00,1.824
2015-03-16T13:57:00Z,55.00,48.00,-7.00,16.00,1.756
2015-03-16T13:58:00Z,52.00,46.00,-6.00,16.00,1.655
2015-03-16T13:59:00Z,50.00,44.00,-6.00,17.00,1.587
2015-03-16T14:00:00Z,44.00,41.00,-3.00,17.00,1.388
2015-03-16T14:01:00Z,48.00,41.00,-7.00,17.00,1.521
2015-03-16T14:02:00Z,47.00,42.00,-5.00,17.00,1.487
2015-03-16T14:03:00Z,45.00,42.00,-3.00,17.00,1.421
2015-03-16T14:04:00Z,46.00,43.00,-3.00,17.00,1.454
2015-03-16T14:05:00Z,44.00,44.00,0.00,17.00,1.388
2015-03-16T14:06:00Z,48.00,46.00,-2.00,17.00,1.521
2015-03-16T14:07:00Z,53.00,46.00,-7.00,17.00,1.688
2015-03-16T14:08:00Z,58.00,42.00,-16.00,17.00,1.858
2015-03-16T14:09:00Z,64.00,39.00,-25.00,17.00,2.063
2015-03-16T14:10:00Z,68.00,38.00,-30.00,17.00,2.202
2015-03-16T14:11:00Z,60.00,39.00,-21.00,17.00,1.926
2015-03-16T14:12:00Z,52.00,40.00,-12.00,17.00,1.655
2015-03-16T14:13:00Z,46.00,44.00,-2.00,17.00,1.454
2015-03-16T14:14:00Z,50.00,49.00,-1.00,17.00,1.587
2015-03-16T14:15:00Z,58.00,55.00,-3.00,16.00,1.858
2015-03-16T14:16:00Z,66.00,59.00,-7.00,16.00,2.132
2015-03-16T14:17:00Z,75.00,64.00,-11.00,16.00,2.447
2015-03-16T14:18:00Z,79.00,66.00,-13.00,16.00,2.588
2015-03-16T14:19:00Z,80.00,64.00,-16.00,15.00,2.624
2015-03-16T14:20:00Z,89.00,63.00,-26.00,15.00,2.947
2015-03-16T14:21:00Z,93.00,61.00,-32.00,14.00,3.093
2015-03-16T14:22:00Z,96.00,60.00,-36.00,14.00,3.203
2015-03-16T14:23:00Z,93.00,60.00,-33.00,14.00,3.093
2015-03-16T14:24:00Z,94.00,61.00,-33.00,15.00,3.129
2015-03-16T14:25:00Z,104.00,64.00,-40.00,14.00,3.499
2015-03-16T14:26:00Z,106.00,64.00,-42.00,14.00,3.573
2015-03-16T14:27:00Z,101.00,59.00,-42.00,14.00,3.387
2015-03-16T14:28:00Z,100.00,55.00,-45.00,15.00,3.350
2015-03-16T14:29:00Z,100.00,52.00,-48.00,16.00,3.350
2015-03-16T14:30:00Z,96.00,47.00,-49.00,15.00,3.203
2015-03-16T14:31:00Z,88.00,39.00,-49.00,15.00,2.911
2015-03-16T14:32:00Z,81.00,34.00,-47.00,15.00,2.660
2015-03-16T14:33:00Z,81.00,36.00,-45.00,15.00,2.660
2015-03-16T14:34:00Z,81.00,37.00,-44.00,15.00,2.660
2015-03-16T14:35:00Z,81.00,37.00,-44.00,15.00,2.660
2015-03-16T14:36:00Z,85.00,39.00,-46.00,15.00,2.803
2015-03-16T14:37:00Z,87.00,41.00,-46.00,16.00,2.875
2015-03-16T14:38:00Z,89.00,42.00,-47.00,16.00,2.947
2015-03-16T14:39:00Z,91.00,43.00,-48.00,16.00,3.020
2015-03-16T14:40:00Z,91.00,44.00,-47.00,16.00,3.020
2015-03-16T14:41:00Z,90.00,44.00,-46.00,17.00,2.983
2015-03-16T14:42:00Z,93.00,45.00,-48.00,17.00,3.093
2015-03-16T14:43:00Z,101.00,47.00,-54.00,17.00,3.387
2015-03-16T14:44:00Z,109.00,47.00,-62.00,18.00,3.686
2015-03-16T14:45:00Z,111.00,46.00,-65.00,18.00,3.761
2015-03-16T14:46:00Z,110.00,45.00,-65.00,19.00,3.723
2015-03-16T14:47:00Z,110.00,46.00,-64.00,20.00,3.723
2015-03-16T14:48:00Z,107.00,45.00,-62.00,20.00,3.611
2015-03-16T14:49:00Z,92.00,46.00,-46.00,20.00,3.056
2015-03-16T14:50:00Z,87.00,49.00,-38.00,20.00,2.875
2015-03-16T14:51:00Z,83.00,54.00,-29.00,20.00,2.731
2015-03-16T14:52:00Z,72.00,58.00,-14.00,20.00,2.341
2015-03-16T14:53:00Z,67.00,60.00,-7.00,20.00,2.167
2015-03-16T14:54:00Z,63.00,60.00,-3.00,20.00,2.029
2015-03-16T14:55:00Z,60.00,61.00,1.00,20.00,1.926
2015-03-16T14:56:00Z,60.00,62.00,2.00,21.00,1.926
2015-03-16T14:57:00Z,61.00,61.00,0.00,22.00,1.960
2015-03-16T14:58:00Z,58.00,61.00,3.00,23.00,1.858
2015-03-16T14:59:00Z,59.00,59.00,0.00,24.00,1.892
2015-03-16T15:00:00Z,56.00,56.00,0.00,24.00,1.790
2015-03-16T15:01:00Z,54.00,54.00,0.00,24.00,1.722
2015-03-16T15:02:00Z,53.00,55.00,2.00,23.00,1.688
2015-03-16T15:03:00Z,54.00,57.00,3.00,23.00,1.722
2015-03-16T15:04:00Z,57.00,59.00,2.00,23.00,1.824
2015-03-16T15:05:00Z,58.00,60.00,2.00,24.00,1.858
2015-03-16T15:06:00Z,57.00,59.00,2.00,24.00,1.824
2015-03-16T15:07:00Z,58.00,58.00,0.00,24.00,1.858
2015-03-16T15:08:00Z,56.00,57.00,1.00,24.00,1.790
2015-03-16T15:09:00Z,56.00,56.00,0.00,24.00,1.790
2015-03-16T15:10:00Z,52.00,53.00,1.00,24.00,1.655
2015-03-16T15:11:00Z,50.00,51.00,1.00,23.00,1.587
2015-03-16T15:12:00Z,46.00,49.00,3.00,23.00,1.454
2015-03-16T15:13:00Z,43.00,48.00,5.00,22.00,1.355
2015-03-16T15:14:00Z,42.00,46.00,4.00,22.00,1.322
2015-03-16T15:15:00Z,40.00,43.00,3.00,22.00,1.256
2015-03-16T15:16:00Z,40.00,42.00,2.00,22.00,1.256
2015-03-16T15:17:00Z,47.00,41.00,-6.00,22.00,1.487
2015-03-16T15:18:00Z,52.00,40.00,-12.00,22.00,1.655
2015-03-16T15:19:00Z,53.00,38.00,-15.00,22.00,1.688
2015-03-16T15:20:00Z,50.00,37.00,-13.00,22.00,1.587
2015-03-16T15:21:00Z,43.00,36.00,-7.00,22.00,1.355
2015-03-16T15:22:00Z,36.00,36.00,0.00,22.00,1.125
2015-03-16T15:23:00Z,33.00,36.00,3.00,22.00,1.028
2015-03-16T15:24:00Z,32.00,35.00,3.00,23.00,0.996
2015-03-16T15:25:00Z,34.00,35.00,1.00,24.00,1.060
2015-03-16T15:26:00Z,34.00,34.00,0.00,25.00,1.060
2015-03-16T15:27:00Z,35.00,32.00,-3.00,26.00,1.093
2015-03-16T15:28:00Z,38.00,34.00,-4.00,27.00,1.191
2015-03-16T15:29:00Z,38.00,35.00,-3.00,27.00,1.191
2015-03-16T15:30:00Z,33.00,32.00,-1.00,28.00,1.028
2015-03-16T15:31:00Z,31.00,31.00,0.00,28.00,0.964
2015-03-16T15:32:00Z,31.00,30.00,-1.00,28.00,0.964
2015-03-16T15:33:00Z,39.00,39.00,0.00,28.00,1.223
2015-03-16T15:34:00Z,48.00,48.00,0.00,28.00,1.521
2015-03-16T15:35:00Z,53.00,53.00,0.00,28.00,1.688
2015-03-16T15:36:00Z,56.00,55.00,-1.00,28.00,1.790
2015-03-16T15:37:00Z,61.00,58.00,-3.00,27.00,1.960
2015-03-16T15:38:00Z,64.00,59.00,-5.00,26.00,2.063
2015-03-16T15:39:00Z,51.00,52.00,1.00,25.00,1.621
2015-03-16T15:40:00Z,48.00,50.00,2.00,24.00,1.521
2015-03-16T15:41:00Z,45.00,45.00,0.00,24.00,1.421
2015-03-16T15:42:00Z,33.00,35.00,2.00,23.00,1.028
2015-03-16T15:43:00Z,28.00,26.00,-2.00,23.00,0.867
2015-03-16T15:44:00Z,36.00,34.00,-2.00,23.00,1.125
2015-03-16T15:45:00Z,45.00,38.00,-7.00,24.00,1.421
2015-03-16T15:46:00Z,54.00,34.00,-20.00,25.00,1.722
2015-03-16T15:47:00Z,55.00,31.00,-24.00,26.00,1.756
2015-03-16T15:48:00Z,48.00,28.00,-20.00,26.00,1.521
2015-03-16T15:49:00Z,33.00,28.00,-5.00,27.00,1.028
2015-03-16T15:50:00Z,33.00,33.00,0.00,27.00,1.028
2015-03-16T15:51:00Z,33.00,33.00,0.00,28.00,1.028
2015-03-16T15:52:00Z,45.00,45.00,0.00,28.00,1.421
2015-03-16T15:53:00Z,48.00,47.00,-1.00,28.00,1.521
2015-03-16T15:54:00Z,45.00,44.00,-1.00,28.00,1.421
2015-03-16T15:55:00Z,35.00,34.00,-1.00,28.00,1.093
2015-03-16T15:56:00Z,33.00,30.00,-3.00,28.00,1.028
2015-03-16T15:57:00Z,36.00,28.00,-8.00,28.00,1.125
2015-03-16T15:58:00Z,38.00,28.00,-10.00,28.00,1.191
2015-03-16T15:59:00Z,30.00,25.00,-5.00,28.00,0.931
2015-03-16T16:00:00Z,29.00,26.00,-3.00,28.00,0.899
2015-03-16T16:01:00Z,31.00,27.00,-4.00,28.00,0.964
2015-03-16T16:02:00Z,31.00,26.00,-5.00,28.00,0.964
2015-03-16T16:03:00Z,31.00,26.00,-5.00,28.00,0.964
2015-03-16T16:04:00Z,32.00,28.00,-4.00,28.00,0.996
2015-03-16T16:05:00Z,34.00,28.00,-6.00,28.00,1.060
2015-03-16T16:06:00Z,37.00,28.00,-9.00,28.00,1.158
2015-03-16T16:07:00Z,37.00,27.00,-10.00,28.00,1.158
2015-03-16T16:08:00Z,35.00,27.00,-8.00,29.00,1.093
2015-03-16T16:09:00Z,32.00,28.00,-4.00,29.00,0.996
2015-03-16T16:10:00Z,29.00,28.00,-1.00,29.00,0.899
2015-03-16T16:11:00Z,27.00,26.00,-1.00,29.00,0.836
2015-03-16T16:12:00Z,31.00,27.00,-4.00,29.00,0.964
2015-03-16T16:13:00Z,39.00,29.00,-10.00,29.00,1.223
2015-03-16T16:14:00Z,40.00,26.00,-14.00,29.00,1.256
2015-03-16T16:15:00Z,37.00,26.00,-11.00,29.00,1.158
2015-03-16T16:16:00Z,36.00,28.00,-8.00,29.00,1.125
2015-03-16T16:17:00Z,30.00,25.00,-5.00,31.00,0.931
2015-03-16T16:18:00Z,34.00,30.00,-4.00,32.00,1.060
2015-03-16T16:19:00Z,40.00,37.00,-3.00,33.00,1.256
2015-03-16T16:20:00Z,40.00,38.00,-2.00,34.00,1.256
2015-03-16T16:21:00Z,37.00,35.00,-2.00,34.00,1.158
2015-03-16T16:22:00Z,34.00,34.00,0.00,35.00,1.060
2015-03-16T16:23:00Z,44.00,42.00,-2.00,34.00,1.388
2015-03-16T16:24:00Z,51.00,48.00,-3.00,32.00,1.621
2015-03-16T16:25:00Z,48.00,51.00,3.00,30.00,1.521
2015-03-16T16:26:00Z,44.00,48.00,4.00,29.00,1.388
2015-03-16T16:27:00Z,36.00,40.00,4.00,28.00,1.125
2015-03-16T16:28:00Z,37.00,41.00,4.00,29.00,1.158
2015-03-16T16:29:00Z,67.00,39.00,-28.00,29.00,2.167
2015-03-16T16:30:00Z,88.00,38.00,-50.00,30.00,2.911
2015-03-16T16:31:00Z,84.00,37.00,-47.00,30.00,2.767
2015-03-16T16:32:00Z,66.00,33.00,-33.00,31.00,2.132
2015-03-16T16:33:00Z,56.00,34.00,-22.00,32.00,1.790
2015-03-16T16:34:00Z,45.00,37.00,-8.00,32.00,1.421
2015-03-16T16:35:00Z,45.00,37.00,-8.00,31.00,1.421
2015-03-16T16:36:00Z,57.00,36.00,-21.00,30.00,1.824
2015-03-16T16:37:00Z,70.00,33.00,-37.00,29.00,2.272
2015-03-16T16:38:00Z,81.00,31.00,-50.00,29.00,2.660
2015-03-16T16:39:00Z,84.00,28.00,-56.00,29.00,2.767
2015-03-16T16:40:00Z,78.00,27.00,-51.00,29.00,2.553
2015-03-16T16:41:00Z,73.00,27.00,-46.00,29.00,2.377
2015-03-16T16:42:00Z,63.00,25.00,-38.00,30.00,2.029
2015-03-16T16:43:00Z,55.00,25.00,-30.00,31.00,1.756
2015-03-16T16:44:00Z,44.00,24.00,-20.00,31.00,1.388
2015-03-16T16:45:00Z,37.00,24.00,-13.00,31.00,1.158
2015-03-16T16:46:00Z,31.00,23.00,-8.00,31.00,0.964
2015-03-16T16:47:00Z,25.00,22.00,-3.00,30.00,0.772
2015-03-16T16:48:00Z,27.00,23.00,-4.00,30.00,0.836
2015-03-16T16:49:00Z,31.00,23.00,-8.00,30.00,0.964
2015-03-16T16:50:00Z,40.00,23.00,-17.00,29.00,1.256
2015-03-16T16:51:00Z,45.00,21.00,-24.00,29.00,1.421
2015-03-16T16:52:00Z,43.00,20.00,-23.00,29.00,1.355
2015-03-16T16:53:00Z,36.00,20.00,-16.00,29.00,1.125
2015-03-16T16:54:00Z,28.00,22.00,-6.00,28.00,0.867
2015-03-16T16:55:00Z,24.00,21.00,-3.00,28.00,0.740
2015-03-16T16:56:00Z,27.00,20.00,-7.00,27.00,0.836
2015-03-16T16:57:00Z,34.00,20.00,-14.00,27.00,1.060
2015-03-16T16:58:00Z,41.00,28.00,-13.00,26.00,1.289
2015-03-16T16:59:00Z,39.00,34.00,-5.00,26.00,1.223
2015-03-16T17:00:00Z,37.00,35.00,-2.00,26.00,1.158
2015-03-16T17:01:00Z,38.00,34.00,-4.00,26.00,1.191
2015-03-16T17:02:00Z,40.00,36.00,-4.00,25.00,1.256
2015-03-16T17:03:00Z,37.00,37.00,0.00,24.00,1.158
2015-03-16T17:04:00Z,34.00,35.00,1.00,24.00,1.060
2015-03-16T17:05:00Z,35.00,33.00,-2.00,22.00,1.093
2015-03-16T17:06:00Z,38.00,30.00,-8.00,19.00,1.191
2015-03-16T17:07:00Z,32.00,31.00,-1.00,18.00,0.996
2015-03-16T17:08:00Z,41.00,35.00,-6.00,18.00,1.289
2015-03-16T17:09:00Z,54.00,38.00,-16.00,17.00,1.722
2015-03-16T17:10:00Z,68.00,40.00,-28.00,17.00,2.202
2015-03-16T17:11:00Z,87.00,39.00,-48.00,17.00,2.875
2015-03-16T17:12:00Z,102.00,37.00,-65.00,17.00,3.424
2015-03-16T17:13:00Z,104.00,32.00,-72.00,18.00,3.499
2015-03-16T17:14:00Z,98.00,30.00,-68.00,18.00,3.276
2015-03-16T17:15:00Z,82.00,28.00,-54.00,18.00,2.695
2015-03-16T17:16:00Z,67.00,26.00,-41.00,17.00,2.167
2015-03-16T17:17:00Z,56.00,26.00,-30.00,17.00,1.790
2015-03-16T17:18:00Z,42.00,25.00,-17.00,17.00,1.322
2015-03-16T17:19:00Z,34.00,21.00,-13.00,17.00,1.060
2015-03-16T17:20:00Z,37.00,20.00,-17.00,19.00,1.158
2015-03-16T17:21:00Z,55.00,28.00,-27.00,20.00,1.756
2015-03-16T17:22:00Z,70.00,39.00,-31.00,22.00,2.272
2015-03-16T17:23:00Z,72.00,46.00,-26.00,24.00,2.341
2015-03-16T17:24:00Z,64.00,56.00,-8.00,30.00,2.063
2015-03-16T17:25:00Z,71.00,65.00,-6.00,34.00,2.306
2015-03-16T17:26:00Z,107.00,102.00,-5.00,38.00,3.611
2015-03-16T17:27:00Z,172.00,166.00,-6.00,41.00,6.195
2015-03-16T17:28:00Z,210.00,205.00,-5.00,42.00,7.843
2015-03-16T17:29:00Z,181.00,176.00,-5.00,42.00,6.577
2015-03-16T17:30:00Z,98.00,95.00,-3.00,41.00,3.276
2015-03-16T17:31:00Z,69.00,69.00,0.00,41.00,2.237
2015-03-16T17:32:00Z,69.00,69.00,0.00,41.00,2.237
2015-03-16T17:33:00Z,65.00,67.00,2.00,41.00,2.098
2015-03-16T17:34:00Z,64.00,66.00,2.00,43.00,2.063
2015-03-16T17:35:00Z,72.00,62.00,-10.00,43.00,2.341
2015-03-16T17:36:00Z,65.00,57.00,-8.00,43.00,2.098
2015-03-16T17:37:00Z,67.00,56.00,-11.00,41.00,2.167
2015-03-16T17:38:00Z,77.00,50.00,-27.00,39.00,2.518
2015-03-16T17:39:00Z,102.00,45.00,-57.00,38.00,3.424
2015-03-16T17:40:00Z,129.00,50.00,-79.00,38.00,4.452
2015-03-16T17:41:00Z,143.00,57.00,-86.00,38.00,5.006
2015-03-16T17:42:00Z,131.00,66.00,-65.00,37.00,4.531
2015-03-16T17:43:00Z,102.00,64.00,-38.00,36.00,3.424
2015-03-16T17:44:00Z,82.00,53.00,-29.00,34.00,2.695
2015-03-16T17:45:00Z,81.00,45.00,-36.00,31.00,2.660
2015-03-16T17:46:00Z,104.00,48.00,-56.00,29.00,3.499
2015-03-16T17:47:00Z,134.00,46.00,-88.00,27.00,4.648
2015-03-16T17:48:00Z,139.00,36.00,-103.00,27.00,4.846
2015-03-16T17:49:00Z,106.00,25.00,-81.00,28.00,3.573
2015-03-16T17:50:00Z,86.00,23.00,-63.00,28.00,2.839
2015-03-16T17:51:00Z,79.00,21.00,-58.00,30.00,2.588
2015-03-16T17:52:00Z,76.00,22.00,-54.00,30.00,2.482
2015-03-16T17:53:00Z,70.00,22.00,-48.00,31.00,2.272
2015-03-16T17:54:00Z,65.00,26.00,-39.00,31.00,2.098
2015-03-16T17:55:00Z,54.00,23.00,-31.00,33.00,1.722
2015-03-16T17:56:00Z,46.00,21.00,-25.00,33.00,1.454
2015-03-16T17:57:00Z,45.00,21.00,-24.00,34.00,1.421
2015-03-16T17:58:00Z,47.00,22.00,-25.00,34.00,1.487
2015-03-16T17:59:00Z,52.00,21.00,-31.00,34.00,1.655
2015-03-16T18:00:00Z,53.00,23.00,-30.00,33.00,1.688
2015-03-16T18:01:00Z,52.00,22.00,-30.00,33.00,1.655
2015-03-16T18:02:00Z,53.00,22.00,-31.00,32.00,1.688
2015-03-16T18:03:00Z,51.00,20.00,-31.00,29.00,1.621
2015-03-16T18:04:00Z,53.00,19.00,-34.00,26.00,1.688
2015-03-16T18:05:00Z,60.00,22.00,-38.00,25.00,1.926
2015-03-16T18:06:00Z,66.00,25.00,-41.00,24.00,2.132
2015-03-16T18:07:00Z,64.00,24.00,-40.00,24.00,2.063
2015-03-16T18:08:00Z,58.00,19.00,-39.00,24.00,1.858
2015-03-16T18:09:00Z,56.00,18.00,-38.00,25.00,1.790
2015-03-16T18:10:00Z,53.00,18.00,-35.00,25.00,1.688
2015-03-16T18:11:00Z,49.00,19.00,-30.00,26.00,1.554
2015-03-16T18:12:00Z,46.00,21.00,-25.00,26.00,1.454
2015-03-16T18:13:00Z,44.00,22.00,-22.00,27.00,1.388
2015-03-16T18:14:00Z,42.00,22.00,-20.00,27.00,1.322
2015-03-16T18:15:00Z,39.00,22.00,-17.00,27.00,1.223
2015-03-16T18:16:00Z,38.00,22.00,-16.00,27.00,1.191
2015-03-16T18:17:00Z,39.00,23.00,-16.00,27.00,1.223
2015-03-16T18:18:00Z,40.00,24.00,-16.00,27.00,1.256
2015-03-16T18:19:00Z,40.00,24.00,-16.00,27.00,1.256
2015-03-16T18:20:00Z,37.00,23.00,-14.00,28.00,1.158
2015-03-16T18:21:00Z,37.00,25.00,-12.00,28.00,1.158
2015-03-16T18:22:00Z,34.00,25.00,-9.00,29.00,1.060
2015-03-16T18:23:00Z,33.00,26.00,-7.00,30.00,1.028
2015-03-16T18:24:00Z,32.00,26.00,-6.00,31.00,0.996
2015-03-16T18:25:00Z,28.00,26.00,-2.00,31.00,0.867
2015-03-16T18:26:00Z,22.00,25.00,3.00,31.00,0.677
2015-03-16T18:27:00Z,29.00,32.00,3.00,30.00,0.899
2015-03-16T18:28:00Z,31.00,34.00,3.00,31.00,0.964
2015-03-16T18:29:00Z,26.00,26.00,0.00,30.00,0.804
2015-03-16T18:30:00Z,31.00,27.00,-4.00,30.00,0.964
2015-03-16T18:31:00Z,35.00,29.00,-6.00,30.00,1.093
2015-03-16T18:32:00Z,32.00,29.00,-3.00,30.00,0.996
2015-03-16T18:33:00Z,28.00,26.00,-2.00,30.00,0.867
2015-03-16T18:34:00Z,23.00,23.00,0.00,30.00,0.709
2015-03-16T18:35:00Z,22.00,22.00,0.00,30.00,0.677
2015-03-16T18:36:00Z,21.00,25.00,4.00,30.00,0.645
2015-03-16T18:37:00Z,23.00,28.00,5.00,31.00,0.709
2015-03-16T18:38:00Z,26.00,33.00,7.00,32.00,0.804
2015-03-16T18:39:00Z,28.00,35.00,7.00,32.00,0.867
2015-03-16T18:40:00Z,31.00,39.00,8.00,31.00,0.964
2015-03-16T18:41:00Z,21.00,32.00,11.00,31.00,0.645
2015-03-16T18:42:00Z,24.00,33.00,9.00,30.00,0.740
2015-03-16T18:43:00Z,23.00,33.00,10.00,29.00,0.709
2015-03-16T18:44:00Z,31.00,35.00,4.00,28.00,0.964
2015-03-16T18:45:00Z,36.00,37.00,1.00,28.00,1.125
2015-03-16T18:46:00Z,29.00,37.00,8.00,27.00,0.899
2015-03-16T18:47:00Z,36.00,37.00,1.00,27.00,1.125
2015-03-16T18:48:00Z,35.00,35.00,0.00,27.00,1.093
2015-03-16T18:49:00Z,34.00,34.00,0.00,26.00,1.060
2015-03-16T18:50:00Z,38.00,34.00,-4.00,26.00,1.191
2015-03-16T18:51:00Z,26.00,33.00,7.00,26.00,0.804
2015-03-16T18:52:00Z,20.00,30.00,10.00,27.00,0.614
2015-03-16T18:53:00Z,19.00,31.00,12.00,27.00,0.583
2015-03-16T18:54:00Z,23.00,32.00,9.00,27.00,0.709
2015-03-16T18:55:00Z,29.00,31.00,2.00,27.00,0.899
2015-03-16T18:56:00Z,34.00,31.00,-3.00,28.00,1.060
2015-03-16T18:57:00Z,33.00,33.00,0.00,28.00,1.028
2015-03-16T18:58:00Z,27.00,34.00,7.00,30.00,0.836
2015-03-16T18:59:00Z,31.00,33.00,2.00,31.00,0.964
2015-03-16T19:00:00Z,26.00,31.00,5.00,31.00,0.804
2015-03-16T19:01:00Z,24.00,29.00,5.00,32.00,0.740
2015-03-16T19:02:00Z,27.00,31.00,4.00,31.00,0.836
2015-03-16T19:03:00Z,28.00,32.00,4.00,31.00,0.867
2015-03-16T19:04:00Z,27.00,31.00,4.00,31.00,0.836
2015-03-16T19:05:00Z,25.00,32.00,7.00,31.00,0.772
2015-03-16T19:06:00Z,22.00,32.00,10.00,31.00,0.677
2015-03-16T19:07:00Z,22.00,32.00,10.00,31.00,0.677
2015-03-16T19:08:00Z,35.00,35.00,0.00,31.00,1.093
2015-03-16T19:09:00Z,27.00,34.00,7.00,32.00,0.836
2015-03-16T19:10:00Z,22.00,31.00,9.00,31.00,0.677
2015-03-16T19:11:00Z,20.00,30.00,10.00,32.00,0.614
2015-03-16T19:12:00Z,24.00,31.00,7.00,31.00,0.740
2015-03-16T19:13:00Z,21.00,31.00,10.00,31.00,0.645
2015-03-16T19:14:00Z,20.00,30.00,10.00,31.00,0.614
2015-03-16T19:15:00Z,25.00,31.00,6.00,30.00,0.772
2015-03-16T19:16:00Z,21.00,30.00,9.00,30.00,0.645
2015-03-16T19:17:00Z,19.00,30.00,11.00,29.00,0.583
2015-03-16T19:18:00Z,19.00,30.00,11.00,29.00,0.583
2015-03-16T19:19:00Z,23.00,29.00,6.00,28.00,0.709
2015-03-16T19:20:00Z,18.00,29.00,11.00,28.00,0.551
2015-03-16T19:21:00Z,18.00,30.00,12.00,28.00,0.551
2015-03-16T19:22:00Z,28.00,33.00,5.00,27.00,0.867
2015-03-16T19:23:00Z,25.00,33.00,8.00,27.00,0.772
2015-03-16T19:24:00Z,22.00,33.00,11.00,27.00,0.677
2015-03-16T19:25:00Z,23.00,33.00,10.00,27.00,0.709
2015-03-16T19:26:00Z,22.00,33.00,11.00,27.00,0.677
2015-03-16T19:27:00Z,25.00,35.00,10.00,27.00,0.772
2015-03-16T19:28:00Z,26.00,36.00,10.00,27.00,0.804
2015-03-16T19:29:00Z,29.00,35.00,6.00,27.00,0.899
2015-03-16T19:30:00Z,34.00,33.00,-1.00,26.00,1.060
2015-03-16T19:31:00Z,30.00,32.00,2.00,26.00,0.931
2015-03-16T19:32:00Z,29.00,30.00,1.00,26.00,0.899
2015-03-16T19:33:00Z,34.00,30.00,-4.00,25.00,1.060
2015-03-16T19:34:00Z,31.00,30.00,-1.00,25.00,0.964
2015-03-16T19:35:00Z,27.00,31.00,4.00,25.00,0.836
2015-03-16T19:36:00Z,25.00,31.00,6.00,24.00,0.772
2015-03-16T19:37:00Z,26.00,34.00,8.00,25.00,0.804
2015-03-16T19:38:00Z,28.00,36.00,8.00,26.00,0.867
2015-03-16T19:39:00Z,24.00,36.00,12.00,28.00,0.740
2015-03-16T19:40:00Z,20.00,33.00,13.00,29.00,0.614
2015-03-16T19:41:00Z,17.00,30.00,13.00,29.00,0.520
2015-03-16T19:42:00Z,22.00,31.00,9.00,29.00,0.677
2015-03-16T19:43:00Z,27.00,32.00,5.00,29.00,0.836
2015-03-16T19:44:00Z,26.00,31.00,5.00,28.00,0.804
2015-03-16T19:45:00Z,28.00,31.00,3.00,28.00,0.867
2015-03-16T19:46:00Z,25.00,31.00,6.00,28.00,0.772
2015-03-16T19:47:00Z,23.00,31.00,8.00,28.00,0.709
2015-03-16T19:48:00Z,27.00,31.00,4.00,28.00,0.836
2015-03-16T19:49:00Z,27.00,31.00,4.00,27.00,0.836
2015-03-16T19:50:00Z,26.00,31.00,5.00,27.00,0.804
2015-03-16T19:51:00Z,27.00,31.00,4.00,26.00,0.836
2015-03-16T19:52:00Z,29.00,32.00,3.00,26.00,0.899
2015-03-16T19:53:00Z,32.00,33.00,1.00,25.00,0.996
2015-03-16T19:54:00Z,34.00,34.00,0.00,25.00,1.060
2015-03-16T19:55:00Z,38.00,34.00,-4.00,25.00,1.191
2015-03-16T19:56:00Z,35.00,34.00,-1.00,25.00,1.093
2015-03-16T19:57:00Z,32.00,33.00,1.00,25.00,0.996
2015-03-16T19:58:00Z,34.00,32.00,-2.00,25.00,1.060
2015-03-16T19:59:00Z,35.00,31.00,-4.00,25.00,1.093
2015-03-16T20:00:00Z,30.00,31.00,1.00,26.00,0.931
2015-03-16T20:01:00Z,34.00,32.00,-2.00,26.00,1.060
2015-03-16T20:02:00Z,44.00,34.00,-10.00,26.00,1.388
2015-03-16T20:03:00Z,46.00,33.00,-13.00,26.00,1.454
2015-03-16T20:04:00Z,41.00,31.00,-10.00,26.00,1.289
2015-03-16T20:05:00Z,32.00,29.00,-3.00,26.00,0.996
2015-03-16T20:06:00Z,41.00,36.00,-5.00,26.00,1.289
2015-03-16T20:07:00Z,45.00,42.00,-3.00,26.00,1.421
2015-03-16T20:08:00Z,48.00,39.00,-9.00,25.00,1.521
2015-03-16T20:09:00Z,50.00,37.00,-13.00,25.00,1.587
2015-03-16T20:10:00Z,33.00,35.00,2.00,24.00,1.028
2015-03-16T20:11:00Z,35.00,36.00,1.00,24.00,1.093
2015-03-16T20:12:00Z,46.00,40.00,-6.00,24.00,1.454
2015-03-16T20:13:00Z,41.00,39.00,-2.00,24.00,1.289
2015-03-16T20:14:00Z,35.00,37.00,2.00,24.00,1.093
2015-03-16T20:15:00Z,32.00,30.00,-2.00,23.00,0.996
2015-03-16T20:16:00Z,34.00,26.00,-8.00,23.00,1.060
2015-03-16T20:17:00Z,43.00,37.00,-6.00,22.00,1.355
2015-03-16T20:18:00Z,41.00,31.00,-10.00,20.00,1.289
2015-03-16T20:19:00Z,45.00,30.00,-15.00,18.00,1.421
2015-03-16T20:20:00Z,37.00,26.00,-11.00,18.00,1.158
2015-03-16T20:21:00Z,35.00,26.00,-9.00,17.00,1.093
2015-03-16T20:22:00Z,40.00,31.00,-9.00,17.00,1.256
2015-03-16T20:23:00Z,42.00,33.00,-9.00,17.00,1.322
2015-03-16T20:24:00Z,43.00,34.00,-9.00,17.00,1.355
2015-03-16T20:25:00Z,37.00,31.00,-6.00,17.00,1.158
2015-03-16T20:26:00Z,33.00,28.00,-5.00,18.00,1.028
2015-03-16T20:27:00Z,29.00,28.00,-1.00,18.00,0.899
2015-03-16T20:28:00Z,27.00,26.00,-1.00,17.00,0.836
2015-03-16T20:29:00Z,31.00,25.00,-6.00,17.00,0.964
2015-03-16T20:30:00Z,25.00,25.00,0.00,17.00,0.772
2015-03-16T20:31:00Z,21.00,27.00,6.00,17.00,0.645
2015-03-16T20:32:00Z,25.00,28.00,3.00,17.00,0.772
2015-03-16T20:33:00Z,24.00,29.00,5.00,17.00,0.740
2015-03-16T20:34:00Z,27.00,29.00,2.00,17.00,0.836
2015-03-16T20:35:00Z,30.00,28.00,-2.00,17.00,0.931
2015-03-16T20:36:00Z,25.00,28.00,3.00,17.00,0.772
2015-03-16T20:37:00Z,27.00,28.00,1.00,16.00,0.836
2015-03-16T20:38:00Z,25.00,27.00,2.00,16.00,0.772
2015-03-16T20:39:00Z,21.00,26.00,5.00,16.00,0.645
2015-03-16T20:40:00Z,21.00,25.00,4.00,15.00,0.645
2015-03-16T20:41:00Z,22.00,25.00,3.00,15.00,0.677
2015-03-16T20:42:00Z,21.00,26.00,5.00,15.00,0.645
2015-03-16T20:43:00Z,20.00,27.00,7.00,15.00,0.614
2015-03-16T20:44:00Z,22.00,28.00,6.00,16.00,0.677
2015-03-16T20:45:00Z,24.00,29.00,5.00,16.00,0.740
2015-03-16T20:46:00Z,24.00,29.00,5.00,17.00,0.740
2015-03-16T20:47:00Z,24.00,28.00,4.00,17.00,0.740
2015-03-16T20:48:00Z,27.00,28.00,1.00,18.00,0.836
2015-03-16T20:49:00Z,26.00,28.00,2.00,18.00,0.804
2015-03-16T20:50:00Z,25.00,29.00,4.00,18.00,0.772
2015-03-16T20:51:00Z,26.00,28.00,2.00,18.00,0.804
2015-03-16T20:52:00Z,27.00,28.00,1.00,19.00,0.836
2015-03-16T20:53:00Z,26.00,27.00,1.00,19.00,0.804
2015-03-16T20:54:00Z,28.00,28.00,0.00,19.00,0.867
2015-03-16T20:55:00Z,27.00,28.00,1.00,19.00,0.836
2015-03-16T20:56:00Z,27.00,28.00,1.00,19.00,0.836
2015-03-16T20:57:00Z,26.00,27.00,1.00,19.00,0.804
2015-03-16T20:58:00Z,29.00,29.00,0.00,19.00,0.899
2015-03-16T20:59:00Z,30.00,29.00,-1.00,19.00,0.931
2015-03-16T21:00:00Z,30.00,30.00,0.00,19.00,0.931
2015-03-16T21:01:00Z,30.00,29.00,-1.00,18.00,0.931
2015-03-16T21:02:00Z,29.00,28.00,-1.00,18.00,0.899
2015-03-16T21:03:00Z,28.00,28.00,0.00,18.00,0.867
2015-03-16T21:04:00Z,28.00,30.00,2.00,18.00,0.867
2015-03-16T21:05:00Z,26.00,28.00,2.00,18.00,0.804
2015-03-16T21:06:00Z,27.00,28.00,1.00,18.00,0.836
2015-03-16T21:07:00Z,27.00,29.00,2.00,18.00,0.836
2015-03-16T21:08:00Z,26.00,28.00,2.00,19.00,0.804
2015-03-16T21:09:00Z,23.00,26.00,3.00,18.00,0.709
2015-03-16T21:10:00Z,28.00,28.00,0.00,18.00,0.867
2015-03-16T21:11:00Z,29.00,29.00,0.00,18.00,0.899
2015-03-16T21:12:00Z,29.00,29.00,0.00,18.00,0.899
2015-03-16T21:13:00Z,28.00,30.00,2.00,18.00,0.867
2015-03-16T21:14:00Z,29.00,31.00,2.00,18.00,0.899
2015-03-16T21:15:00Z,29.00,31.00,2.00,18.00,0.899
2015-03-16T21:16:00Z,29.00,30.00,1.00,19.00,0.899
2015-03-16T21:17:00Z,30.00,29.00,-1.00,19.00,0.931
2015-03-16T21:18:00Z,29.00,28.00,-1.00,19.00,0.899
2015-03-16T21:19:00Z,27.00,27.00,0.00,19.00,0.836
2015-03-16T21:20:00Z,27.00,27.00,0.00,18.00,0.836
2015-03-16T21:21:00Z,29.00,26.00,-3.00,17.00,0.899
2015-03-16T21:22:00Z,28.00,25.00,-3.00,16.00,0.867
2015-03-16T21:23:00Z,31.00,27.00,-4.00,15.00,0.964
2015-03-16T21:24:00Z,31.00,27.00,-4.00,15.00,0.964
2015-03-16T21:25:00Z,31.00,27.00,-4.00,14.00,0.964
2015-03-16T21:26:00Z,31.00,28.00,-3.00,14.00,0.964
2015-03-16T21:27:00Z,29.00,29.00,0.00,14.00,0.899
2015-03-16T21:28:00Z,27.00,29.00,2.00,14.00,0.836
2015-03-16T21:29:00Z,27.00,29.00,2.00,15.00,0.836
2015-03-16T21:30:00Z,26.00,29.00,3.00,15.00,0.804
2015-03-16T21:31:00Z,25.00,28.00,3.00,15.00,0.772
2015-03-16T21:32:00Z,23.00,28.00,5.00,15.00,0.709
2015-03-16T21:33:00Z,24.00,28.00,4.00,15.00,0.740
2015-03-16T21:34:00Z,24.00,28.00,4.00,15.00,0.740
2015-03-16T21:35:00Z,25.00,28.00,3.00,15.00,0.772
2015-03-16T21:36:00Z,25.00,28.00,3.00,15.00,0.772
2015-03-16T21:37:00Z,25.00,29.00,4.00,16.00,0.772
2015-03-16T21:38:00Z,25.00,29.00,4.00,16.00,0.772
2015-03-16T21:39:00Z,28.00,29.00,1.00,16.00,0.867
2015-03-16T21:40:00Z,28.00,28.00,0.00,17.00,0.867
2015-03-16T21:41:00Z,28.00,28.00,0.00,17.00,0.867
2015-03-16T21:42:00Z,31.00,29.00,-2.00,17.00,0.964
2015-03-16T21:43:00Z,29.00,29.00,0.00,17.00,0.899
2015-03-16T21:44:00Z,27.00,28.00,1.00,16.00,0.836
2015-03-16T21:45:00Z,25.00,28.00,3.00,16.00,0.772
2015-03-16T21:46:00Z,26.00,28.00,2.00,15.00,0.804
2015-03-16T21:47:00Z,26.00,27.00,1.00,15.00,0.804
2015-03-16T21:48:00Z,27.00,27.00,0.00,15.00,0.836
2015-03-16T21:49:00Z,27.00,27.00,0.00,14.00,0.836
2015-03-16T21:50:00Z,27.00,26.00,-1.00,14.00,0.836
2015-03-16T21:51:00Z,27.00,26.00,-1.00,14.00,0.836
2015-03-16T21:52:00Z,27.00,26.00,-1.00,14.00,0.836
2015-03-16T21:53:00Z,25.00,25.00,0.00,14.00,0.772
2015-03-16T21:54:00Z,25.00,24.00,-1.00,14.00,0.772
2015-03-16T21:55:00Z,29.00,25.00,-4.00,14.00,0.899
2015-03-16T21:56:00Z,29.00,25.00,-4.00,14.00,0.899
2015-03-16T21:57:00Z,28.00,26.00,-2.00,14.00,0.867
2015-03-16T21:58:00Z,26.00,25.00,-1.00,14.00,0.804
2015-03-16T21:59:00Z,25.00,25.00,0.00,13.00,0.772
2015-03-16T22:00:00Z,24.00,24.00,0.00,14.00,0.740
2015-03-16T22:01:00Z,28.00,25.00,-3.00,13.00,0.867
2015-03-16T22:02:00Z,29.00,25.00,-4.00,13.00,0.899
2015-03-16T22:03:00Z,27.00,25.00,-2.00,13.00,0.836
2015-03-16T22:04:00Z,26.00,24.00,-2.00,13.00,0.804
2015-03-16T22:05:00Z,28.00,25.00,-3.00,13.00,0.867
2015-03-16T22:06:00Z,29.00,26.00,-3.00,13.00,0.899
2015-03-16T22:07:00Z,27.00,26.00,-1.00,13.00,0.836
2015-03-16T22:08:00Z,26.00,26.00,0.00,13.00,0.804
2015-03-16T22:09:00Z,28.00,25.00,-3.00,14.00,0.867
2015-03-16T22:10:00Z,32.00,25.00,-7.00,14.00,0.996
2015-03-16T22:11:00Z,32.00,25.00,-7.00,15.00,0.996
2015-03-16T22:12:00Z,28.00,24.00,-4.00,15.00,0.867
2015-03-16T22:13:00Z,26.00,24.00,-2.00,14.00,0.804
2015-03-16T22:14:00Z,25.00,24.00,-1.00,14.00,0.772
2015-03-16T22:15:00Z,28.00,26.00,-2.00,14.00,0.867
2015-03-16T22:16:00Z,25.00,25.00,0.00,14.00,0.772
2015-03-16T22:17:00Z,27.00,26.00,-1.00,13.00,0.836
2015-03-16T22:18:00Z,28.00,27.00,-1.00,13.00,0.867
2015-03-16T22:19:00Z,25.00,25.00,0.00,13.00,0.772
2015-03-16T22:20:00Z,23.00,24.00,1.00,13.00,0.709
2015-03-16T22:21:00Z,26.00,26.00,0.00,13.00,0.804
2015-03-16T22:22:00Z,26.00,26.00,0.00,13.00,0.804
2015-03-16T22:23:00Z,25.00,25.00,0.00,13.00,0.772
2015-03-16T22:24:00Z,24.00,24.00,0.00,13.00,0.740
2015-03-16T22:25:00Z,23.00,23.00,0.00,13.00,0.709
2015-03-16T22:26:00Z,23.00,23.00,0.00,12.00,0.709
2015-03-16T22:27:00Z,25.00,23.00,-2.00,12.00,0.772
2015-03-16T22:28:00Z,26.00,23.00,-3.00,12.00,0.804
2015-03-16T22:29:00Z,26.00,23.00,-3.00,12.00,0.804
2015-03-16T22:30:00Z,26.00,25.00,-1.00,12.00,0.804
2015-03-16T22:31:00Z,26.00,25.00,-1.00,13.00,0.804
2015-03-16T22:32:00Z,28.00,25.00,-3.00,13.00,0.867
2015-03-16T22:33:00Z,29.00,25.00,-4.00,13.00,0.899
2015-03-16T22:34:00Z,26.00,25.00,-1.00,13.00,0.804
2015-03-16T22:35:00Z,27.00,25.00,-2.00,13.00,0.836
2015-03-16T22:36:00Z,28.00,24.00,-4.00,13.00,0.867
2015-03-16T22:37:00Z,28.00,23.00,-5.00,12.00,0.867
2015-03-16T22:38:00Z,26.00,24.00,-2.00,12.00,0.804
2015-03-16T22:39:00Z,26.00,23.00,-3.00,12.00,0.804
2015-03-16T22:40:00Z,26.00,23.00,-3.00,12.00,0.804
2015-03-16T22:41:00Z,26.00,23.00,-3.00,12.00,0.804
2015-03-16T22:42:00Z,25.00,21.00,-4.00,11.00,0.772
2015-03-16T22:43:00Z,28.00,22.00,-6.00,11.00,0.867
2015-03-16T22:44:00Z,30.00,24.00,-6.00,11.00,0.931
2015-03-16T22:45:00Z,32.00,25.00,-7.00,11.00,0.996
2015-03-16T22:46:00Z,30.00,27.00,-3.00,12.00,0.931
2015-03-16T22:47:00Z,31.00,29.00,-2.00,12.00,0.964
2015-03-16T22:48:00Z,29.00,28.00,-1.00,13.00,0.899
2015-03-16T22:49:00Z,26.00,26.00,0.00,13.00,0.804
2015-03-16T22:50:00Z,22.00,22.00,0.00,13.00,0.677
2015-03-16T22:51:00Z,23.00,22.00,-1.00,13.00,0.709
2015-03-16T22:52:00Z,24.00,23.00,-1.00,14.00,0.740
2015-03-16T22:53:00Z,24.00,22.00,-2.00,14.00,0.740
2015-03-16T22:54:00Z,28.00,24.00,-4.00,14.00,0.867
2015-03-16T22:55:00Z,28.00,24.00,-4.00,14.00,0.867
2015-03-16T22:56:00Z,29.00,25.00,-4.00,14.00,0.899
2015-03-16T22:57:00Z,30.00,25.00,-5.00,14.00,0.931
2015-03-16T22:58:00Z,32.00,25.00,-7.00,14.00,0.996
2015-03-16T22:59:00Z,30.00,25.00,-5.00,14.00,0.931
2015-03-16T23:00:00Z,30.00,24.00,-6.00,15.00,0.931
2015-03-16T23:01:00Z,28.00,23.00,-5.00,15.00,0.867
2015-03-16T23:02:00Z,27.00,23.00,-4.00,14.00,0.836
2015-03-16T23:03:00Z,28.00,25.00,-3.00,14.00,0.867
2015-03-16T23:04:00Z,28.00,24.00,-4.00,14.00,0.867
2015-03-16T23:05:00Z,28.00,23.00,-5.00,15.00,0.867
2015-03-16T23:06:00Z,34.00,25.00,-9.00,14.00,1.060
2015-03-16T23:07:00Z,30.00,24.00,-6.00,14.00,0.931
2015-03-16T23:08:00Z,30.00,24.00,-6.00,14.00,0.931
2015-03-16T23:09:00Z,32.00,24.00,-8.00,13.00,0.996
2015-03-16T23:10:00Z,32.00,27.00,-5.00,13.00,0.996
2015-03-16T23:11:00Z,30.00,27.00,-3.00,13.00,0.931
2015-03-16T23:12:00Z,28.00,25.00,-3.00,13.00,0.867
2015-03-16T23:13:00Z,28.00,24.00,-4.00,12.00,0.867
2015-03-16T23:14:00Z,29.00,24.00,-5.00,12.00,0.899
2015-03-16T23:15:00Z,28.00,23.00,-5.00,12.00,0.867
2015-03-16T23:16:00Z,30.00,23.00,-7.00,11.00,0.931
2015-03-16T23:17:00Z,31.00,23.00,-8.00,11.00,0.964
2015-03-16T23:18:00Z,31.00,22.00,-9.00,11.00,0.964
2015-03-16T23:19:00Z,31.00,22.00,-9.00,11.00,0.964
2015-03-16T23:20:00Z,30.00,21.00,-9.00,11.00,0.931
2015-03-16T23:21:00Z,31.00,21.00,-10.00,11.00,0.964
2015-03-16T23:22:00Z,35.00,24.00,-11.00,11.00,1.093
2015-03-16T23:23:00Z,38.00,25.00,-13.00,11.00,1.191
2015-03-16T23:24:00Z,39.00,27.00,-12.00,11.00,1.223
2015-03-16T23:25:00Z,35.00,26.00,-9.00,12.00,1.093
2015-03-16T23:26:00Z,32.00,25.00,-7.00,12.00,0.996
2015-03-16T23:27:00Z,34.00,25.00,-9.00,12.00,1.060
2015-03-16T23:28:00Z,32.00,24.00,-8.00,13.00,0.996
2015-03-16T23:29:00Z,34.00,25.00,-9.00,13.00,1.060
2015-03-16T23:30:00Z,39.00,30.00,-9.00,13.00,1.223
2015-03-16T23:31:00Z,44.00,34.00,-10.00,13.00,1.388
2015-03-16T23:32:00Z,44.00,36.00,-8.00,13.00,1.388
2015-03-16T23:33:00Z,42.00,35.00,-7.00,13.00,1.322
2015-03-16T23:34:00Z,38.00,32.00,-6.00,13.00,1.191
2015-03-16T23:35:00Z,35.00,31.00,-4.00,13.00,1.093
2015-03-16T23:36:00Z,38.00,32.00,-6.00,13.00,1.191
2015-03-16T23:37:00Z,35.00,29.00,-6.00,13.00,1.093
2015-03-16T23:38:00Z,34.00,29.00,-5.00,13.00,1.060
2015-03-16T23:39:00Z,32.00,28.00,-4.00,12.00,0.996
2015-03-16T23:40:00Z,33.00,26.00,-7.00,11.00,1.028
2015-03-16T23:41:00Z,30.00,25.00,-5.00,11.00,0.931
2015-03-16T23:42:00Z,32.00,25.00,-7.00,11.00,0.996
2015-03-16T23:43:00Z,36.00,27.00,-9.00,12.00,1.125
2015-03-16T23:44:00Z,43.00,32.00,-11.00,12.00,1.355
2015-03-16T23:45:00Z,48.00,37.00,-11.00,12.00,1.521
2015-03-16T23:46:00Z,41.00,31.00,-10.00,12.00,1.289
2015-03-16T23:47:00Z,39.00,29.00,-10.00,12.00,1.223
2015-03-16T23:48:00Z,36.00,27.00,-9.00,12.00,1.125
2015-03-16T23:49:00Z,32.00,26.00,-6.00,12.00,0.996
2015-03-16T23:50:00Z,28.00,25.00,-3.00,12.00,0.867
2015-03-16T23:51:00Z,26.00,26.00,0.00,11.00,0.804
2015-03-16T23:52:00Z,27.00,24.00,-3.00,11.00,0.836
2015-03-16T23:53:00Z,29.00,21.00,-8.00,11.00,0.899
2015-03-16T23:54:00Z,27.00,18.00,-9.00,11.00,0.836
2015-03-16T23:55:00Z,29.00,20.00,-9.00,11.00,0.899
2015-03-16T23:56:00Z,28.00,21.00,-7.00,11.00,0.867
2015-03-16T23:57:00Z,29.00,21.00,-8.00,13.00,0.899
2015-03-16T23:58:00Z,40.00,28.00,-12.00,13.00,1.256
2015-03-16T23:59:00Z,45.00,31.00,-14.00,13.00,1.421
2015-03-17T00:00:00Z,50.00,31.00,-19.00,15.00,1.587
2015-03-17T00:01:00Z,43.00,27.00,-16.00,15.00,1.355
2015-03-17T00:02:00Z,32.00,24.00,-8.00,15.00,0.996
2015-03-17T00:03:00Z,34.00,27.00,-7.00,14.00,1.060
2015-03-17T00:04:00Z,26.00,26.00,0.00,14.00,0.804
2015-03-17T00:05:00Z,39.00,22.00,-17.00,14.00,1.223
2015-03-17T00:06:00Z,40.00,18.00,-22.00,14.00,1.256
2015-03-17T00:07:00Z,31.00,17.00,-14.00,15.00,0.964
2015-03-17T00:08:00Z,37.00,20.00,-17.00,15.00,1.158
2015-03-17T00:09:00Z,48.00,32.00,-16.00,16.00,1.521
2015-03-17T00:10:00Z,50.00,36.00,-14.00,18.00,1.587
2015-03-17T00:11:00Z,39.00,25.00,-14.00,18.00,1.223
2015-03-17T00:12:00Z,43.00,30.00,-13.00,18.00,1.355
2015-03-17T00:13:00Z,55.00,34.00,-21.00,17.00,1.756
2015-03-17T00:14:00Z,49.00,31.00,-18.00,17.00,1.554
2015-03-17T00:15:00Z,44.00,29.00,-15.00,17.00,1.388
2015-03-17T00:16:00Z,31.00,26.00,-5.00,17.00,0.964
2015-03-17T00:17:00Z,35.00,31.00,-4.00,16.00,1.093
2015-03-17T00:18:00Z,44.00,36.00,-8.00,15.00,1.388
2015-03-17T00:19:00Z,39.00,31.00,-8.00,15.00,1.223
2015-03-17T00:20:00Z,28.00,25.00,-3.00,15.00,0.867
2015-03-17T00:21:00Z,28.00,26.00,-2.00,14.00,0.867
2015-03-17T00:22:00Z,33.00,30.00,-3.00,15.00,1.028
2015-03-17T00:23:00Z,33.00,30.00,-3.00,15.00,1.028
2015-03-17T00:24:00Z,34.00,28.00,-6.00,15.00,1.060
2015-03-17T00:25:00Z,34.00,29.00,-5.00,15.00,1.060
2015-03-17T00:26:00Z,36.00,28.00,-8.00,15.00,1.125
2015-03-17T00:27:00Z,35.00,29.00,-6.00,15.00,1.093
2015-03-17T00:28:00Z,37.00,28.00,-9.00,15.00,1.158
2015-03-17T00:29:00Z,37.00,29.00,-8.00,15.00,1.158
2015-03-17T00:30:00Z,34.00,29.00,-5.00,16.00,1.060
2015-03-17T00:31:00Z,33.00,28.00,-5.00,16.00,1.028
2015-03-17T00:32:00Z,34.00,26.00,-8.00,16.00,1.060
2015-03-17T00:33:00Z,33.00,24.00,-9.00,17.00,1.028
2015-03-17T00:34:00Z,34.00,25.00,-9.00,16.00,1.060
2015-03-17T00:35:00Z,38.00,26.00,-12.00,16.00,1.191
2015-03-17T00:36:00Z,38.00,25.00,-13.00,15.00,1.191
2015-03-17T00:37:00Z,39.00,25.00,-14.00,14.00,1.223
2015-03-17T00:38:00Z,38.00,25.00,-13.00,14.00,1.191
2015-03-17T00:39:00Z,38.00,25.00,-13.00,13.00,1.191
2015-03-17T00:40:00Z,37.00,23.00,-14.00,13.00,1.158
2015-03-17T00:41:00Z,39.00,23.00,-16.00,13.00,1.223
2015-03-17T00:42:00Z,38.00,22.00,-16.00,12.00,1.191
2015-03-17T00:43:00Z,37.00,22.00,-15.00,12.00,1.158
2015-03-17T00:44:00Z,35.00,23.00,-12.00,11.00,1.093
2015-03-17T00:45:00Z,35.00,23.00,-12.00,12.00,1.093
2015-03-17T00:46:00Z,35.00,23.00,-12.00,11.00,1.093
2015-03-17T00:47:00Z,34.00,23.00,-11.00,11.00,1.060
2015-03-17T00:48:00Z,33.00,23.00,-10.00,11.00,1.028
2015-03-17T00:49:00Z,34.00,23.00,-11.00,11.00,1.060
2015-03-17T00:50:00Z,35.00,22.00,-13.00,12.00,1.093
2015-03-17T00:51:00Z,34.00,20.00,-14.00,11.00,1.060
2015-03-17T00:52:00Z,32.00,19.00,-13.00,11.00,0.996
2015-03-17T00:53:00Z,33.00,21.00,-12.00,11.00,1.028
2015-03-17T00:54:00Z,35.00,24.00,-11.00,11.00,1.093
2015-03-17T00:55:00Z,34.00,22.00,-12.00,11.00,1.060
2015-03-17T00:56:00Z,34.00,21.00,-13.00,12.00,1.060
2015-03-17T00:57:00Z,36.00,23.00,-13.00,11.00,1.125
2015-03-17T00:58:00Z,34.00,22.00,-12.00,12.00,1.060
2015-03-17T00:59:00Z,33.00,23.00,-10.00,12.00,1.028
2015-03-17T01:00:00Z,39.00,29.00,-10.00,12.00,1.223
2015-03-17T01:01:00Z,39.00,29.00,-10.00,12.00,1.223
2015-03-17T01:02:00Z,34.00,24.00,-10.00,12.00,1.060
2015-03-17T01:03:00Z,29.00,20.00,-9.00,12.00,0.899
2015-03-17T01:04:00Z,28.00,20.00,-8.00,12.00,0.867
2015-03-17T01:05:00Z,31.00,23.00,-8.00,13.00,0.964
2015-03-17T01:06:00Z,36.00,26.00,-10.00,13.00,1.125
2015-03-17T01:07:00Z,36.00,25.00,-11.00,13.00,1.125
2015-03-17T01:08:00Z,36.00,23.00,-13.00,13.00,1.125
2015-03-17T01:09:00Z,41.00,30.00,-11.00,13.00,1.289
2015-03-17T01:10:00Z,37.00,27.00,-10.00,14.00,1.158
2015-03-17T01:11:00Z,35.00,27.00,-8.00,14.00,1.093
2015-03-17T01:12:00Z,36.00,28.00,-8.00,14.00,1.125
2015-03-17T01:13:00Z,35.00,25.00,-10.00,15.00,1.093
2015-03-17T01:14:00Z,37.00,26.00,-11.00,15.00,1.158
2015-03-17T01:15:00Z,39.00,29.00,-10.00,15.00,1.223
2015-03-17T01:16:00Z,42.00,32.00,-10.00,15.00,1.322
2015-03-17T01:17:00Z,42.00,32.00,-10.00,15.00,1.322
2015-03-17T01:18:00Z,43.00,32.00,-11.00,15.00,1.355
2015-03-17T01:19:00Z,40.00,30.00,-10.00,14.00,1.256
2015-03-17T01:20:00Z,41.00,31.00,-10.00,14.00,1.289
2015-03-17T01:21:00Z,44.00,34.00,-10.00,14.00,1.388
2015-03-17T01:22:00Z,47.00,36.00,-11.00,14.00,1.487
2015-03-17T01:23:00Z,47.00,36.00,-11.00,14.00,1.487
2015-03-17T01:24:00Z,43.00,34.00,-9.00,14.00,1.355
2015-03-17T01:25:00Z,40.00,31.00,-9.00,14.00,1.256
2015-03-17T01:26:00Z,36.00,28.00,-8.00,14.00,1.125
2015-03-17T01:27:00Z,40.00,30.00,-10.00,13.00,1.256
2015-03-17T01:28:00Z,44.00,32.00,-12.00,13.00,1.388
2015-03-17T01:29:00Z,42.00,30.00,-12.00,13.00,1.322
2015-03-17T01:30:00Z,37.00,27.00,-10.00,13.00,1.158
2015-03-17T01:31:00Z,34.00,25.00,-9.00,13.00,1.060
2015-03-17T01:32:00Z,35.00,26.00,-9.00,13.00,1.093
2015-03-17T01:33:00Z,37.00,28.00,-9.00,13.00,1.158
2015-03-17T01:34:00Z,36.00,28.00,-8.00,13.00,1.125
2015-03-17T01:35:00Z,33.00,26.00,-7.00,13.00,1.028
2015-03-17T01:36:00Z,33.00,24.00,-9.00,13.00,1.028
2015-03-17T01:37:00Z,35.00,24.00,-11.00,13.00,1.093
2015-03-17T01:38:00Z,40.00,26.00,-14.00,13.00,1.256
2015-03-17T01:39:00Z,44.00,29.00,-15.00,13.00,1.388
2015-03-17T01:40:00Z,43.00,28.00,-15.00,13.00,1.355
2015-03-17T01:41:00Z,41.00,27.00,-14.00,13.00,1.289
2015-03-17T01:42:00Z,49.00,25.00,-24.00,13.00,1.554
2015-03-17T01:43:00Z,44.00,27.00,-17.00,13.00,1.388
2015-03-17T01:44:00Z,40.00,31.00,-9.00,13.00,1.256
2015-03-17T01:45:00Z,43.00,34.00,-9.00,13.00,1.355
2015-03-17T01:46:00Z,43.00,32.00,-11.00,13.00,1.355
2015-03-17T01:47:00Z,39.00,29.00,-10.00,13.00,1.223
2015-03-17T01:48:00Z,41.00,28.00,-13.00,13.00,1.289
2015-03-17T01:49:00Z,48.00,30.00,-18.00,13.00,1.521
2015-03-17T01:50:00Z,51.00,33.00,-18.00,13.00,1.621
2015-03-17T01:51:00Z,56.00,35.00,-21.00,13.00,1.790
2015-03-17T01:52:00Z,76.00,31.00,-45.00,14.00,2.482
2015-03-17T01:53:00Z,62.00,30.00,-32.00,14.00,1.995
2015-03-17T01:54:00Z,38.00,33.00,-5.00,15.00,1.191
2015-03-17T01:55:00Z,49.00,44.00,-5.00,16.00,1.554
2015-03-17T01:56:00Z,65.00,57.00,-8.00,17.00,2.098
2015-03-17T01:57:00Z,50.00,40.00,-10.00,18.00,1.587
2015-03-17T01:58:00Z,44.00,33.00,-11.00,18.00,1.388
2015-03-17T01:59:00Z,51.00,39.00,-12.00,17.00,1.621
2015-03-17T02:00:00Z,62.00,52.00,-10.00,15.00,1.995
2015-03-17T02:01:00Z,59.00,47.00,-12.00,14.00,1.892
2015-03-17T02:02:00Z,55.00,43.00,-12.00,13.00,1.756
2015-03-17T02:03:00Z,72.00,59.00,-13.00,13.00,2.341
2015-03-17T02:04:00Z,73.00,59.00,-14.00,13.00,2.377
2015-03-17T02:05:00Z,65.00,52.00,-13.00,13.00,2.098
2015-03-17T02:06:00Z,65.00,54.00,-11.00,13.00,2.098
2015-03-17T02:07:00Z,72.00,61.00,-11.00,13.00,2.341
2015-03-17T02:08:00Z,59.00,50.00,-9.00,13.00,1.892
2015-03-17T02:09:00Z,53.00,44.00,-9.00,13.00,1.688
2015-03-17T02:10:00Z,56.00,46.00,-10.00,13.00,1.790
2015-03-17T02:11:00Z,58.00,47.00,-11.00,13.00,1.858
2015-03-17T02:12:00Z,61.00,50.00,-11.00,13.00,1.960
2015-03-17T02:13:00Z,64.00,55.00,-9.00,13.00,2.063
2015-03-17T02:14:00Z,69.00,59.00,-10.00,13.00,2.237
2015-03-17T02:15:00Z,67.00,60.00,-7.00,13.00,2.167
2015-03-17T02:16:00Z,68.00,62.00,-6.00,14.00,2.202
2015-03-17T02:17:00Z,69.00,62.00,-7.00,15.00,2.237
2015-03-17T02:18:00Z,68.00,59.00,-9.00,15.00,2.202
2015-03-17T02:19:00Z,67.00,56.00,-11.00,16.00,2.167
2015-03-17T02:20:00Z,70.00,57.00,-13.00,16.00,2.272
2015-03-17T02:21:00Z,73.00,56.00,-17.00,16.00,2.377
2015-03-17T02:22:00Z,70.00,49.00,-21.00,16.00,2.272
2015-03-17T02:23:00Z,72.00,50.00,-22.00,16.00,2.341
2015-03-17T02:24:00Z,99.00,77.00,-22.00,16.00,3.313
2015-03-17T02:25:00Z,99.00,78.00,-21.00,16.00,3.313
2015-03-17T02:26:00Z,79.00,60.00,-19.00,16.00,2.588
2015-03-17T02:27:00Z,82.00,65.00,-17.00,16.00,2.695
2015-03-17T02:28:00Z,86.00,69.00,-17.00,17.00,2.839
2015-03-17T02:29:00Z,77.00,59.00,-18.00,17.00,2.518
2015-03-17T02:30:00Z,77.00,56.00,-21.00,17.00,2.518
2015-03-17T02:31:00Z,76.00,57.00,-19.00,16.00,2.482
2015-03-17T02:32:00Z,92.00,74.00,-18.00,15.00,3.056
2015-03-17T02:33:00Z,101.00,86.00,-15.00,15.00,3.387
2015-03-17T02:34:00Z,90.00,79.00,-11.00,14.00,2.983
2015-03-17T02:35:00Z,98.00,86.00,-12.00,14.00,3.276
2015-03-17T02:36:00Z,103.00,91.00,-12.00,14.00,3.461
2015-03-17T02:37:00Z,107.00,93.00,-14.00,14.00,3.611
2015-03-17T02:38:00Z,106.00,93.00,-13.00,13.00,3.573
2015-03-17T02:39:00Z,119.00,96.00,-23.00,13.00,4.066
2015-03-17T02:40:00Z,108.00,100.00,-8.00,13.00,3.648
2015-03-17T02:41:00Z,111.00,105.00,-6.00,13.00,3.761
2015-03-17T02:42:00Z,113.00,107.00,-6.00,13.00,3.837
2015-03-17T02:43:00Z,116.00,108.00,-8.00,13.00,3.951
2015-03-17T02:44:00Z,120.00,109.00,-11.00,14.00,4.104
2015-03-17T02:45:00Z,117.00,108.00,-9.00,14.00,3.989
2015-03-17T02:46:00Z,113.00,107.00,-6.00,15.00,3.837
2015-03-17T02:47:00Z,109.00,105.00,-4.00,15.00,3.686
2015-03-17T02:48:00Z,107.00,101.00,-6.00,15.00,3.611
2015-03-17T02:49:00Z,103.00,97.00,-6.00,15.00,3.461
2015-03-17T02:50:00Z,98.00,91.00,-7.00,15.00,3.276
2015-03-17T02:51:00Z,94.00,83.00,-11.00,15.00,3.129
2015-03-17T02:52:00Z,85.00,73.00,-12.00,14.00,2.803
2015-03-17T02:53:00Z,78.00,68.00,-10.00,13.00,2.553
2015-03-17T02:54:00Z,79.00,67.00,-12.00,13.00,2.588
2015-03-17T02:55:00Z,75.00,68.00,-7.00,13.00,2.447
2015-03-17T02:56:00Z,75.00,69.00,-6.00,13.00,2.447
2015-03-17T02:57:00Z,76.00,70.00,-6.00,14.00,2.482
2015-03-17T02:58:00Z,80.00,73.00,-7.00,14.00,2.624
2015-03-17T02:59:00Z,83.00,75.00,-8.00,13.00,2.731
2015-03-17T03:00:00Z,82.00,73.00,-9.00,13.00,2.695
2015-03-17T03:01:00Z,80.00,70.00,-10.00,13.00,2.624
2015-03-17T03:02:00Z,76.00,69.00,-7.00,14.00,2.482
2015-03-17T03:03:00Z,72.00,66.00,-6.00,14.00,2.341
2015-03-17T03:04:00Z,65.00,60.00,-5.00,13.00,2.098
2015-03-17T03:05:00Z,59.00,54.00,-5.00,13.00,1.892
2015-03-17T03:06:00Z,56.00,51.00,-5.00,13.00,1.790
2015-03-17T03:07:00Z,57.00,52.00,-5.00,13.00,1.824
2015-03-17T03:08:00Z,58.00,52.00,-6.00,12.00,1.858
2015-03-17T03:09:00Z,57.00,50.00,-7.00,12.00,1.824
2015-03-17T03:10:00Z,58.00,50.00,-8.00,12.00,1.858
2015-03-17T03:11:00Z,57.00,49.00,-8.00,12.00,1.824
2015-03-17T03:12:00Z,54.00,46.00,-8.00,12.00,1.722
2015-03-17T03:13:00Z,51.00,43.00,-8.00,12.00,1.621
2015-03-17T03:14:00Z,48.00,40.00,-8.00,12.00,1.521
2015-03-17T03:15:00Z,51.00,42.00,-9.00,12.00,1.621
2015-03-17T03:16:00Z,53.00,45.00,-8.00,12.00,1.688
2015-03-17T03:17:00Z,54.00,46.00,-8.00,11.00,1.722
2015-03-17T03:18:00Z,54.00,46.00,-8.00,11.00,1.722
2015-03-17T03:19:00Z,54.00,47.00,-7.00,10.00,1.722
2015-03-17T03:20:00Z,57.00,50.00,-7.00,11.00,1.824
2015-03-17T03:21:00Z,58.00,51.00,-7.00,11.00,1.858
2015-03-17T03:22:00Z,59.00,51.00,-8.00,11.00,1.892
2015-03-17T03:23:00Z,59.00,51.00,-8.00,12.00,1.892
2015-03-17T03:24:00Z,56.00,48.00,-8.00,12.00,1.790
2015-03-17T03:25:00Z,54.00,45.00,-9.00,12.00,1.722
2015-03-17T03:26:00Z,51.00,42.00,-9.00,12.00,1.621
2015-03-17T03:27:00Z,50.00,41.00,-9.00,13.00,1.587
2015-03-17T03:28:00Z,50.00,42.00,-8.00,13.00,1.587
2015-03-17T03:29:00Z,52.00,46.00,-6.00,12.00,1.655
2015-03-17T03:30:00Z,53.00,46.00,-7.00,11.00,1.688
2015-03-17T03:31:00Z,50.00,42.00,-8.00,11.00,1.587
2015-03-17T03:32:00Z,49.00,41.00,-8.00,11.00,1.554
2015-03-17T03:33:00Z,51.00,43.00,-8.00,11.00,1.621
2015-03-17T03:34:00Z,50.00,43.00,-7.00,12.00,1.587
2015-03-17T03:35:00Z,53.00,42.00,-11.00,12.00,1.688
2015-03-17T03:36:00Z,48.00,42.00,-6.00,12.00,1.521
2015-03-17T03:37:00Z,46.00,40.00,-6.00,12.00,1.454
2015-03-17T03:38:00Z,50.00,42.00,-8.00,12.00,1.587
2015-03-17T03:39:00Z,52.00,43.00,-9.00,11.00,1.655
2015-03-17T03:40:00Z,51.00,39.00,-12.00,11.00,1.621
2015-03-17T03:41:00Z,53.00,40.00,-13.00,12.00,1.688
2015-03-17T03:42:00Z,50.00,39.00,-11.00,12.00,1.587
2015-03-17T03:43:00Z,51.00,41.00,-10.00,12.00,1.621
2015-03-17T03:44:00Z,53.00,44.00,-9.00,13.00,1.688
2015-03-17T03:45:00Z,54.00,45.00,-9.00,13.00,1.722
2015-03-17T03:46:00Z,51.00,42.00,-9.00,13.00,1.621
2015-03-17T03:47:00Z,51.00,42.00,-9.00,13.00,1.621
2015-03-17T03:48:00Z,51.00,43.00,-8.00,14.00,1.621
2015-03-17T03:49:00Z,48.00,40.00,-8.00,14.00,1.521
2015-03-17T03:50:00Z,46.00,38.00,-8.00,14.00,1.454
2015-03-17T03:51:00Z,44.00,37.00,-7.00,14.00,1.388
2015-03-17T03:52:00Z,51.00,38.00,-13.00,14.00,1.621
2015-03-17T03:53:00Z,66.00,43.00,-23.00,14.00,2.132
2015-03-17T03:54:00Z,78.00,43.00,-35.00,14.00,2.553
2015-03-17T03:55:00Z,75.00,41.00,-34.00,13.00,2.447
2015-03-17T03:56:00Z,63.00,36.00,-27.00,12.00,2.029
2015-03-17T03:57:00Z,54.00,34.00,-20.00,12.00,1.722
2015-03-17T03:58:00Z,47.00,37.00,-10.00,13.00,1.487
2015-03-17T03:59:00Z,48.00,41.00,-7.00,13.00,1.521
2015-03-17T04:00:00Z,50.00,44.00,-6.00,14.00,1.587
2015-03-17T04:01:00Z,50.00,43.00,-7.00,14.00,1.587
2015-03-17T04:02:00Z,48.00,42.00,-6.00,14.00,1.521
2015-03-17T04:03:00Z,48.00,40.00,-8.00,13.00,1.521
2015-03-17T04:04:00Z,48.00,38.00,-10.00,12.00,1.521
2015-03-17T04:05:00Z,47.00,38.00,-9.00,12.00,1.487
2015-03-17T04:06:00Z,48.00,39.00,-9.00,13.00,1.521
2015-03-17T04:07:00Z,51.00,40.00,-11.00,13.00,1.621
2015-03-17T04:08:00Z,46.00,39.00,-7.00,12.00,1.454
2015-03-17T04:09:00Z,45.00,38.00,-7.00,12.00,1.421
2015-03-17T04:10:00Z,45.00,37.00,-8.00,12.00,1.421
2015-03-17T04:11:00Z,47.00,38.00,-9.00,11.00,1.487
2015-03-17T04:12:00Z,51.00,43.00,-8.00,11.00,1.621
2015-03-17T04:13:00Z,52.00,46.00,-6.00,11.00,1.655
2015-03-17T04:14:00Z,54.00,48.00,-6.00,12.00,1.722
2015-03-17T04:15:00Z,58.00,49.00,-9.00,12.00,1.858
2015-03-17T04:16:00Z,53.00,47.00,-6.00,12.00,1.688
2015-03-17T04:17:00Z,53.00,48.00,-5.00,13.00,1.688
2015-03-17T04:18:00Z,52.00,47.00,-5.00,13.00,1.655
2015-03-17T04:19:00Z,51.00,47.00,-4.00,13.00,1.621
2015-03-17T04:20:00Z,52.00,46.00,-6.00,12.00,1.655
2015-03-17T04:21:00Z,55.00,46.00,-9.00,12.00,1.756
2015-03-17T04:22:00Z,52.00,47.00,-5.00,12.00,1.655
2015-03-17T04:23:00Z,55.00,48.00,-7.00,12.00,1.756
2015-03-17T04:24:00Z,54.00,46.00,-8.00,12.00,1.722
2015-03-17T04:25:00Z,54.00,47.00,-7.00,11.00,1.722
2015-03-17T04:26:00Z,55.00,47.00,-8.00,12.00,1.756
2015-03-17T04:27:00Z,56.00,47.00,-9.00,12.00,1.790
2015-03-17T04:28:00Z,54.00,44.00,-10.00,12.00,1.722
2015-03-17T04:29:00Z,51.00,43.00,-8.00,12.00,1.621
2015-03-17T04:30:00Z,48.00,41.00,-7.00,13.00,1.521
2015-03-17T04:31:00Z,47.00,38.00,-9.00,13.00,1.487
2015-03-17T04:32:00Z,46.00,36.00,-10.00,13.00,1.454
2015-03-17T04:33:00Z,45.00,37.00,-8.00,14.00,1.421
2015-03-17T04:34:00Z,46.00,34.00,-12.00,13.00,1.454
2015-03-17T04:35:00Z,43.00,33.00,-10.00,13.00,1.355
2015-03-17T04:36:00Z,42.00,34.00,-8.00,15.00,1.322
2015-03-17T04:37:00Z,45.00,33.00,-12.00,15.00,1.421
2015-03-17T04:38:00Z,38.00,30.00,-8.00,16.00,1.191
2015-03-17T04:39:00Z,33.00,28.00,-5.00,16.00,1.028
2015-03-17T04:40:00Z,31.00,26.00,-5.00,15.00,0.964
2015-03-17T04:41:00Z,35.00,31.00,-4.00,15.00,1.093
2015-03-17T04:42:00Z,34.00,28.00,-6.00,15.00,1.060
2015-03-17T04:43:00Z,36.00,30.00,-6.00,15.00,1.125
2015-03-17T04:44:00Z,38.00,30.00,-8.00,15.00,1.191
2015-03-17T04:45:00Z,52.00,31.00,-21.00,17.00,1.655
2015-03-17T04:46:00Z,147.00,62.00,-85.00,32.00,5.166
2015-03-17T04:47:00Z,269.00,131.00,-138.00,60.00,10.603
2015-03-17T04:48:00Z,134.00,76.00,-58.00,67.00,4.648
2015-03-17T04:49:00Z,159.00,106.00,-53.00,63.00,5.655
2015-03-17T04:50:00Z,152.00,122.00,-30.00,59.00,5.369
2015-03-17T04:51:00Z,138.00,100.00,-38.00,57.00,4.807
2015-03-17T04:52:00Z,101.00,75.00,-26.00,57.00,3.387
2015-03-17T04:53:00Z,103.00,85.00,-18.00,58.00,3.461
2015-03-17T04:54:00Z,105.00,86.00,-19.00,57.00,3.536
2015-03-17T04:55:00Z,71.00,64.00,-7.00,54.00,2.306
2015-03-17T04:56:00Z,58.00,59.00,1.00,54.00,1.858
2015-03-17T04:57:00Z,55.00,56.00,1.00,53.00,1.756
2015-03-17T04:58:00Z,41.00,49.00,8.00,53.00,1.289
2015-03-17T04:59:00Z,43.00,48.00,5.00,52.00,1.355
2015-03-17T05:00:00Z,57.00,58.00,1.00,51.00,1.824
2015-03-17T05:01:00Z,44.00,45.00,1.00,50.00,1.388
2015-03-17T05:02:00Z,39.00,40.00,1.00,52.00,1.223
2015-03-17T05:03:00Z,57.00,54.00,-3.00,53.00,1.824
2015-03-17T05:04:00Z,59.00,55.00,-4.00,55.00,1.892
2015-03-17T05:05:00Z,53.00,49.00,-4.00,57.00,1.688
2015-03-17T05:06:00Z,46.00,47.00,1.00,59.00,1.454
2015-03-17T05:07:00Z,45.00,42.00,-3.00,60.00,1.421
2015-03-17T05:08:00Z,55.00,50.00,-5.00,60.00,1.756
2015-03-17T05:09:00Z,54.00,48.00,-6.00,60.00,1.722
2015-03-17T05:10:00Z,49.00,46.00,-3.00,60.00,1.554
2015-03-17T05:11:00Z,40.00,45.00,5.00,61.00,1.256
2015-03-17T05:12:00Z,35.00,44.00,9.00,63.00,1.093
2015-03-17T05:13:00Z,31.00,45.00,14.00,63.00,0.964
2015-03-17T05:14:00Z,30.00,45.00,15.00,63.00,0.931
2015-03-17T05:15:00Z,38.00,50.00,12.00,60.00,1.191
2015-03-17T05:16:00Z,37.00,54.00,17.00,59.00,1.158
2015-03-17T05:17:00Z,35.00,55.00,20.00,59.00,1.093
2015-03-17T05:18:00Z,49.00,62.00,13.00,60.00,1.554
2015-03-17T05:19:00Z,67.00,74.00,7.00,60.00,2.167
2015-03-17T05:20:00Z,78.00,86.00,8.00,61.00,2.553
2015-03-17T05:21:00Z,73.00,80.00,7.00,58.00,2.377
2015-03-17T05:22:00Z,69.00,76.00,7.00,54.00,2.237
2015-03-17T05:23:00Z,71.00,72.00,1.00,51.00,2.306
2015-03-17T05:24:00Z,53.00,65.00,12.00,50.00,1.688
2015-03-17T05:25:00Z,46.00,59.00,13.00,52.00,1.454
2015-03-17T05:26:00Z,46.00,53.00,7.00,52.00,1.454
2015-03-17T05:27:00Z,42.00,51.00,9.00,52.00,1.322
2015-03-17T05:28:00Z,43.00,54.00,11.00,53.00,1.355
2015-03-17T05:29:00Z,33.00,46.00,13.00,53.00,1.028
2015-03-17T05:30:00Z,31.00,45.00,14.00,52.00,0.964
2015-03-17T05:31:00Z,38.00,50.00,12.00,52.00,1.191
2015-03-17T05:32:00Z,40.00,50.00,10.00,51.00,1.256
2015-03-17T05:33:00Z,35.00,46.00,11.00,51.00,1.093
2015-03-17T05:34:00Z,31.00,47.00,16.00,52.00,0.964
2015-03-17T05:35:00Z,27.00,48.00,21.00,53.00,0.836
2015-03-17T05:36:00Z,26.00,49.00,23.00,54.00,0.804
2015-03-17T05:37:00Z,27.00,49.00,22.00,54.00,0.836
2015-03-17T05:38:00Z,29.00,50.00,21.00,54.00,0.899
2015-03-17T05:39:00Z,50.00,52.00,2.00,52.00,1.587
2015-03-17T05:40:00Z,62.00,54.00,-8.00,48.00,1.995
2015-03-17T05:41:00Z,57.00,57.00,0.00,47.00,1.824
2015-03-17T05:42:00Z,46.00,58.00,12.00,50.00,1.454
2015-03-17T05:43:00Z,38.00,54.00,16.00,54.00,1.191
2015-03-17T05:44:00Z,28.00,46.00,18.00,56.00,0.867
2015-03-17T05:45:00Z,41.00,51.00,10.00,55.00,1.289
2015-03-17T05:46:00Z,49.00,62.00,13.00,54.00,1.554
2015-03-17T05:47:00Z,50.00,65.00,15.00,57.00,1.587
2015-03-17T05:48:00Z,50.00,59.00,9.00,58.00,1.587
2015-03-17T05:49:00Z,39.00,53.00,14.00,58.00,1.223
2015-03-17T05:50:00Z,48.00,62.00,14.00,60.00,1.521
2015-03-17T05:51:00Z,50.00,62.00,12.00,62.00,1.587
2015-03-17T05:52:00Z,59.00,58.00,-1.00,61.00,1.892
2015-03-17T05:53:00Z,93.00,83.00,-10.00,55.00,3.093
2015-03-17T05:54:00Z,84.00,79.00,-5.00,52.00,2.767
2015-03-17T05:55:00Z,81.00,76.00,-5.00,49.00,2.660
2015-03-17T05:56:00Z,85.00,72.00,-13.00,46.00,2.803
2015-03-17T05:57:00Z,83.00,70.00,-13.00,46.00,2.731
2015-03-17T05:58:00Z,66.00,70.00,4.00,51.00,2.132
2015-03-17T05:59:00Z,72.00,74.00,2.00,52.00,2.341
2015-03-17T06:00:00Z,63.00,60.00,-3.00,50.00,2.029
2015-03-17T06:01:00Z,98.00,91.00,-7.00,48.00,3.276
2015-03-17T06:02:00Z,100.00,101.00,1.00,48.00,3.350
2015-03-17T06:03:00Z,82.00,86.00,4.00,49.00,2.695
2015-03-17T06:04:00Z,84.00,91.00,7.00,49.00,2.767
2015-03-17T06:05:00Z,100.00,100.00,0.00,49.00,3.350
2015-03-17T06:06:00Z,107.00,95.00,-12.00,49.00,3.611
2015-03-17T06:07:00Z,113.00,98.00,-15.00,50.00,3.837
2015-03-17T06:08:00Z,113.00,100.00,-13.00,50.00,3.837
2015-03-17T06:09:00Z,114.00,100.00,-14.00,49.00,3.875
2015-03-17T06:10:00Z,142.00,126.00,-16.00,47.00,4.966
2015-03-17T06:11:00Z,167.00,154.00,-13.00,47.00,5.986
2015-03-17T06:12:00Z,181.00,168.00,-13.00,48.00,6.577
2015-03-17T06:13:00Z,180.00,164.00,-16.00,50.00,6.534
2015-03-17T06:14:00Z,178.00,160.00,-18.00,48.00,6.449
2015-03-17T06:15:00Z,204.00,180.00,-24.00,46.00,7.577
2015-03-17T06:16:00Z,258.00,208.00,-50.00,46.00,10.070
2015-03-17T06:17:00Z,313.00,237.00,-76.00,48.00,12.819
2015-03-17T06:18:00Z,356.00,275.00,-81.00,46.00,15.116
2015-03-17T06:19:00Z,416.00,330.00,-86.00,47.00,18.537
2015-03-17T06:20:00Z,465.00,356.00,-109.00,46.00,21.518
2015-03-17T06:21:00Z,540.00,390.00,-150.00,47.00,26.406
2015-03-17T06:22:00Z,575.00,399.00,-176.00,47.00,28.822
2015-03-17T06:23:00Z,569.00,385.00,-184.00,45.00,28.402
2015-03-17T06:24:00Z,599.00,405.00,-194.00,43.00,30.528
2015-03-17T06:25:00Z,603.00,400.00,-203.00,43.00,30.816
2015-03-17T06:26:00Z,639.00,404.00,-235.00,42.00,33.461
2015-03-17T06:27:00Z,669.00,407.00,-262.00,40.00,35.735
2015-03-17T06:28:00Z,644.00,382.00,-262.00,38.00,33.836
2015-03-17T06:29:00Z,619.00,360.00,-259.00,38.00,31.981
2015-03-17T06:30:00Z,585.00,315.00,-270.00,36.00,29.528
2015-03-17T06:31:00Z,575.00,282.00,-293.00,35.00,28.822
2015-03-17T06:32:00Z,608.00,297.00,-311.00,35.00,31.178
2015-03-17T06:33:00Z,650.00,325.00,-325.00,32.00,34.288
2015-03-17T06:34:00Z,693.00,361.00,-332.00,29.00,37.599
2015-03-17T06:35:00Z,705.00,384.00,-321.00,26.00,38.546
2015-03-17T06:36:00Z,723.00,412.00,-311.00,25.00,39.986
2015-03-17T06:37:00Z,746.00,434.00,-312.00,24.00,41.858
2015-03-17T06:38:00Z,772.00,454.00,-318.00,21.00,44.019
2015-03-17T06:39:00Z,759.00,434.00,-325.00,18.00,42.933
2015-03-17T06:40:00Z,760.00,418.00,-342.00,17.00,43.016
2015-03-17T06:41:00Z,740.00,389.00,-351.00,16.00,41.366
2015-03-17T06:42:00Z,720.00,364.00,-356.00,15.00,39.744
2015-03-17T06:43:00Z,733.00,343.00,-390.00,14.00,40.795
2015-03-17T06:44:00Z,723.00,319.00,-404.00,11.00,39.986
2015-03-17T06:45:00Z,709.00,298.00,-411.00,10.00,38.864
2015-03-17T06:46:00Z,693.00,276.00,-417.00,8.00,37.599
2015-03-17T06:47:00Z,661.00,253.00,-408.00,7.00,35.122
2015-03-17T06:48:00Z,616.00,235.00,-381.00,6.00,31.761
2015-03-17T06:49:00Z,580.00,227.00,-353.00,4.00,29.174
2015-03-17T06:50:00Z,557.00,233.00,-324.00,5.00,27.569
2015-03-17T06:51:00Z,561.00,231.00,-330.00,10.00,27.845
2015-03-17T06:52:00Z,555.00,216.00,-339.00,4.00,27.431
2015-03-17T06:53:00Z,554.00,207.00,-347.00,-1.00,27.362
2015-03-17T06:54:00Z,536.00,195.00,-341.00,-2.00,26.135
2015-03-17T06:55:00Z,501.00,176.00,-325.00,-2.00,23.815
2015-03-17T06:56:00Z,478.00,184.00,-294.00,-1.00,22.337
2015-03-17T06:57:00Z,451.00,187.00,-264.00,-2.00,20.649
2015-03-17T06:58:00Z,422.00,180.00,-242.00,-5.00,18.893
2015-03-17T06:59:00Z,398.00,167.00,-231.00,-6.00,17.484
2015-03-17T07:00:00Z,379.00,149.00,-230.00,-8.00,16.397
2015-03-17T07:01:00Z,360.00,143.00,-217.00,-13.00,15.336
2015-03-17T07:02:00Z,364.00,153.00,-211.00,-11.00,15.557
2015-03-17T07:03:00Z,347.00,155.00,-192.00,-8.00,14.624
2015-03-17T07:04:00Z,339.00,156.00,-183.00,-8.00,14.192
2015-03-17T07:05:00Z,325.00,149.00,-176.00,-9.00,13.447
2015-03-17T07:06:00Z,299.00,143.00,-156.00,-11.00,12.099
2015-03-17T07:07:00Z,280.00,146.00,-134.00,-11.00,11.144
2015-03-17T07:08:00Z,262.00,142.00,-120.00,-11.00,10.263
2015-03-17T07:09:00Z,256.00,145.00,-111.00,-12.00,9.974
2015-03-17T07:10:00Z,260.00,152.00,-108.00,-12.00,10.166
2015-03-17T07:11:00Z,255.00,152.00,-103.00,-11.00,9.926
2015-03-17T07:12:00Z,248.00,142.00,-106.00,-12.00,9.593
2015-03-17T07:13:00Z,258.00,141.00,-117.00,-13.00,10.070
2015-03-17T07:14:00Z,277.00,137.00,-140.00,-13.00,10.996
2015-03-17T07:15:00Z,305.00,131.00,-174.00,-13.00,12.406
2015-03-17T07:16:00Z,325.00,119.00,-206.00,-14.00,13.447
2015-03-17T07:17:00Z,380.00,140.00,-240.00,-14.00,16.454
2015-03-17T07:18:00Z,455.00,160.00,-295.00,-14.00,20.896
2015-03-17T07:19:00Z,511.00,165.00,-346.00,-13.00,24.469
2015-03-17T07:20:00Z,543.00,168.00,-375.00,-14.00,26.610
2015-03-17T07:21:00Z,580.00,185.00,-395.00,-15.00,29.174
2015-03-17T07:22:00Z,605.00,197.00,-408.00,-16.00,30.961
2015-03-17T07:23:00Z,625.00,206.00,-419.00,-17.00,32.422
2015-03-17T07:24:00Z,647.00,226.00,-421.00,-18.00,34.061
2015-03-17T07:25:00Z,634.00,228.00,-406.00,-19.00,33.088
2015-03-17T07:26:00Z,639.00,231.00,-408.00,-19.00,33.461
2015-03-17T07:27:00Z,643.00,243.00,-400.00,-20.00,33.761
2015-03-17T07:28:00Z,607.00,243.00,-364.00,-20.00,31.106
2015-03-17T07:29:00Z,567.00,230.00,-337.00,-20.00,28.262
2015-03-17T07:30:00Z,551.00,226.00,-325.00,-21.00,27.156
2015-03-17T07:31:00Z,509.00,205.00,-304.00,-21.00,24.338
2015-03-17T07:32:00Z,516.00,202.00,-314.00,-21.00,24.799
2015-03-17T07:33:00Z,516.00,217.00,-299.00,-24.00,24.799
2015-03-17T07:34:00Z,520.00,222.00,-298.00,-27.00,25.064
2015-03-17T07:35:00Z,467.00,197.00,-270.00,-28.00,21.643
2015-03-17T07:36:00Z,474.00,185.00,-289.00,-29.00,22.084
2015-03-17T07:37:00Z,486.00,183.00,-303.00,-32.00,22.847
2015-03-17T07:38:00Z,460.00,174.00,-286.00,-32.00,21.206
2015-03-17T07:39:00Z,479.00,177.00,-302.00,-31.00,22.400
2015-03-17T07:40:00Z,517.00,182.00,-335.00,-31.00,24.865
2015-03-17T07:41:00Z,597.00,190.00,-407.00,-31.00,30.384
2015-03-17T07:42:00Z,634.00,205.00,-429.00,-31.00,33.088
2015-03-17T07:43:00Z,747.00,228.00,-519.00,-29.00,41.940
2015-03-17T07:44:00Z,679.00,233.00,-446.00,-28.00,36.506
2015-03-17T07:45:00Z,640.00,243.00,-397.00,-27.00,33.536
2015-03-17T07:46:00Z,653.00,258.00,-395.00,-27.00,34.514
2015-03-17T07:47:00Z,672.00,261.00,-411.00,-27.00,35.965
2015-03-17T07:48:00Z,694.00,249.00,-445.00,-28.00,37.677
2015-03-17T07:49:00Z,710.00,227.00,-483.00,-28.00,38.944
2015-03-17T07:50:00Z,742.00,226.00,-516.00,-28.00,41.530
2015-03-17T07:51:00Z,750.00,212.00,-538.00,-29.00,42.188
2015-03-17T07:52:00Z,780.00,206.00,-574.00,-30.00,44.694
2015-03-17T07:53:00Z,798.00,210.00,-588.00,-30.00,46.228
2015-03-17T07:54:00Z,824.00,193.00,-631.00,-32.00,48.484
2015-03-17T07:55:00Z,850.00,179.00,-671.00,-33.00,50.787
2015-03-17T07:56:00Z,826.00,166.00,-660.00,-33.00,48.660
2015-03-17T07:57:00Z,816.00,142.00,-674.00,-35.00,47.785
2015-03-17T07:58:00Z,815.00,130.00,-685.00,-37.00,47.698
2015-03-17T07:59:00Z,801.00,124.00,-677.00,-38.00,46.486
2015-03-17T08:00:00Z,774.00,117.00,-657.00,-38.00,44.188
2015-03-17T08:01:00Z,750.00,115.00,-635.00,-39.00,42.188
2015-03-17T08:02:00Z,691.00,85.00,-606.00,-40.00,37.442
2015-03-17T08:03:00Z,647.00,87.00,-560.00,-39.00,34.061
2015-03-17T08:04:00Z,621.00,88.00,-533.00,-40.00,32.127
2015-03-17T08:05:00Z,634.00,88.00,-546.00,-42.00,33.088
2015-03-17T08:06:00Z,665.00,89.00,-576.00,-44.00,35.428
2015-03-17T08:07:00Z,727.00,102.00,-625.00,-44.00,40.309
2015-03-17T08:08:00Z,784.00,119.00,-665.00,-42.00,45.033
2015-03-17T08:09:00Z,775.00,121.00,-654.00,-41.00,44.272
2015-03-17T08:10:00Z,717.00,119.00,-598.00,-41.00,39.503
2015-03-17T08:11:00Z,729.00,119.00,-610.00,-43.00,40.470
2015-03-17T08:12:00Z,722.00,124.00,-598.00,-44.00,39.905
2015-03-17T08:13:00Z,695.00,122.00,-573.00,-45.00,37.756
2015-03-17T08:14:00Z,674.00,118.00,-556.00,-42.00,36.120
2015-03-17T08:15:00Z,699.00,110.00,-589.00,-42.00,38.071
2015-03-17T08:16:00Z,790.00,104.00,-686.00,-41.00,45.543
2015-03-17T08:17:00Z,847.00,98.00,-749.00,-39.00,50.519
2015-03-17T08:18:00Z,859.00,87.00,-772.00,-39.00,51.596
2015-03-17T08:19:00Z,844.00,75.00,-769.00,-39.00,50.252
2015-03-17T08:20:00Z,836.00,59.00,-777.00,-40.00,49.541
2015-03-17T08:21:00Z,804.00,39.00,-765.00,-40.00,46.745
2015-03-17T08:22:00Z,731.00,17.00,-714.00,-42.00,40.633
2015-03-17T08:23:00Z,741.00,22.00,-719.00,-44.00,41.448
2015-03-17T08:24:00Z,753.00,27.00,-726.00,-45.00,42.435
2015-03-17T08:25:00Z,723.00,25.00,-698.00,-47.00,39.986
2015-03-17T08:26:00Z,725.00,25.00,-700.00,-48.00,40.147
2015-03-17T08:27:00Z,752.00,30.00,-722.00,-50.00,42.353
2015-03-17T08:28:00Z,716.00,27.00,-689.00,-52.00,39.423
2015-03-17T08:29:00Z,706.00,19.00,-687.00,-53.00,38.625
2015-03-17T08:30:00Z,670.00,14.00,-656.00,-54.00,35.811
2015-03-17T08:31:00Z,731.00,15.00,-716.00,-53.00,40.633
2015-03-17T08:32:00Z,732.00,13.00,-719.00,-54.00,40.714
2015-03-17T08:33:00Z,600.00,8.00,-592.00,-54.00,30.600
2015-03-17T08:34:00Z,548.00,6.00,-542.00,-56.00,26.951
2015-03-17T08:35:00Z,563.00,10.00,-553.00,-58.00,27.984
2015-03-17T08:36:00Z,607.00,13.00,-594.00,-59.00,31.106
2015-03-17T08:37:00Z,675.00,17.00,-658.00,-60.00,36.197
2015-03-17T08:38:00Z,735.00,19.00,-716.00,-61.00,40.958
2015-03-17T08:39:00Z,797.00,24.00,-773.00,-63.00,46.142
2015-03-17T08:40:00Z,825.00,25.00,-800.00,-64.00,48.572
2015-03-17T08:41:00Z,824.00,17.00,-807.00,-67.00,48.484
2015-03-17T08:42:00Z,799.00,15.00,-784.00,-69.00,46.314
2015-03-17T08:43:00Z,792.00,16.00,-776.00,-71.00,45.714
2015-03-17T08:44:00Z,839.00,7.00,-832.00,-71.00,49.807
2015-03-17T08:45:00Z,875.00,1.00,-874.00,-72.00,53.047
2015-03-17T08:46:00Z,899.00,1.00,-898.00,-73.00,55.257
2015-03-17T08:47:00Z,979.00,14.00,-965.00,-73.00,62.915
2015-03-17T08:48:00Z,992.00,39.00,-953.00,-73.00,64.202
2015-03-17T08:49:00Z,968.00,74.00,-894.00,-72.00,61.836
2015-03-17T08:50:00Z,979.00,95.00,-884.00,-70.00,62.915
2015-03-17T08:51:00Z,979.00,104.00,-875.00,-69.00,62.915
2015-03-17T08:52:00Z,1016.00,102.00,-914.00,-70.00,66.609
2015-03-17T08:53:00Z,978.00,111.00,-867.00,-69.00,62.817
2015-03-17T08:54:00Z,952.00,113.00,-839.00,-69.00,60.281
2015-03-17T08:55:00Z,899.00,103.00,-796.00,-69.00,55.257
2015-03-17T08:56:00Z,874.00,98.00,-776.00,-70.00,52.956
2015-03-17T08:57:00Z,852.00,83.00,-769.00,-72.00,50.967
2015-03-17T08:58:00Z,808.00,69.00,-739.00,-76.00,47.090
2015-03-17T08:59:00Z,779.00,61.00,-718.00,-78.00,44.609
2015-03-17T09:00:00Z,793.00,53.00,-740.00,-78.00,45.800
2015-03-17T09:01:00Z,835.00,44.00,-791.00,-78.00,49.453
2015-03-17T09:02:00Z,847.00,55.00,-792.00,-80.00,50.519
2015-03-17T09:03:00Z,874.00,78.00,-796.00,-80.00,52.956
2015-03-17T09:04:00Z,940.00,146.00,-794.00,-80.00,59.126
2015-03-17T09:05:00Z,880.00,168.00,-712.00,-80.00,53.504
2015-03-17T09:06:00Z,727.00,130.00,-597.00,-82.00,40.309
2015-03-17T09:07:00Z,696.00,105.00,-591.00,-84.00,37.835
2015-03-17T09:08:00Z,628.00,87.00,-541.00,-85.00,32.643
2015-03-17T09:09:00Z,639.00,110.00,-529.00,-87.00,33.461
2015-03-17T09:10:00Z,747.00,128.00,-619.00,-90.00,41.940
2015-03-17T09:11:00Z,759.00,128.00,-631.00,-92.00,42.933
2015-03-17T09:12:00Z,729.00,126.00,-603.00,-91.00,40.470
2015-03-17T09:13:00Z,678.00,119.00,-559.00,-90.00,36.429
2015-03-17T09:14:00Z,594.00,113.00,-481.00,-92.00,30.169
2015-03-17T09:15:00Z,665.00,112.00,-553.00,-93.00,35.428
2015-03-17T09:16:00Z,632.00,106.00,-526.00,-94.00,32.940
2015-03-17T09:17:00Z,629.00,80.00,-549.00,-95.00,32.717
2015-03-17T09:18:00Z,683.00,63.00,-620.00,-95.00,36.817
2015-03-17T09:19:00Z,665.00,45.00,-620.00,-97.00,35.428
2015-03-17T09:20:00Z,682.00,57.00,-625.00,-96.00,36.739
2015-03-17T09:21:00Z,743.00,83.00,-660.00,-94.00,41.612
2015-03-17T09:22:00Z,770.00,92.00,-678.00,-93.00,43.852
2015-03-17T09:23:00Z,661.00,59.00,-602.00,-92.00,35.122
2015-03-17T09:24:00Z,613.00,70.00,-543.00,-93.00,31.542
2015-03-17T09:25:00Z,616.00,86.00,-530.00,-95.00,31.761
2015-03-17T09:26:00Z,603.00,82.00,-521.00,-96.00,30.816
2015-03-17T09:27:00Z,613.00,97.00,-516.00,-96.00,31.542
2015-03-17T09:28:00Z,632.00,114.00,-518.00,-97.00,32.940
2015-03-17T09:29:00Z,665.00,121.00,-544.00,-98.00,35.428
2015-03-17T09:30:00Z,645.00,116.00,-529.00,-97.00,33.911
2015-03-17T09:31:00Z,605.00,113.00,-492.00,-97.00,30.961
2015-03-17T09:32:00Z,607.00,122.00,-485.00,-97.00,31.106
2015-03-17T09:33:00Z,628.00,141.00,-487.00,-98.00,32.643
2015-03-17T09:34:00Z,666.00,151.00,-515.00,-98.00,35.504
2015-03-17T09:35:00Z,611.00,158.00,-453.00,-97.00,31.396
2015-03-17T09:36:00Z,530.00,164.00,-366.00,-100.00,25.731
2015-03-17T09:37:00Z,485.00,151.00,-334.00,-101.00,22.783
2015-03-17T09:38:00Z,492.00,180.00,-312.00,-100.00,23.232
2015-03-17T09:39:00Z,557.00,249.00,-308.00,-99.00,27.569
2015-03-17T09:40:00Z,627.00,340.00,-287.00,-98.00,32.570
2015-03-17T09:41:00Z,571.00,301.00,-270.00,-98.00,28.541
2015-03-17T09:42:00Z,418.00,223.00,-195.00,-96.00,18.655
2015-03-17T09:43:00Z,399.00,183.00,-216.00,-93.00,17.542
2015-03-17T09:44:00Z,506.00,223.00,-283.00,-92.00,24.141
2015-03-17T09:45:00Z,555.00,228.00,-327.00,-94.00,27.431
2015-03-17T09:46:00Z,569.00,222.00,-347.00,-94.00,28.402
2015-03-17T09:47:00Z,572.00,218.00,-354.00,-93.00,28.611
2015-03-17T09:48:00Z,586.00,238.00,-348.00,-93.00,29.599
2015-03-17T09:49:00Z,558.00,223.00,-335.00,-93.00,27.638
2015-03-17T09:50:00Z,549.00,230.00,-319.00,-93.00,27.019
2015-03-17T09:51:00Z,571.00,261.00,-310.00,-92.00,28.541
2015-03-17T09:52:00Z,539.00,245.00,-294.00,-91.00,26.338
2015-03-17T09:53:00Z,481.00,197.00,-284.00,-89.00,22.528
2015-03-17T09:54:00Z,500.00,217.00,-283.00,-87.00,23.750
2015-03-17T09:55:00Z,523.00,249.00,-274.00,-86.00,25.264
2015-03-17T09:56:00Z,570.00,312.00,-258.00,-85.00,28.471
2015-03-17T09:57:00Z,567.00,319.00,-248.00,-85.00,28.262
2015-03-17T09:58:00Z,538.00,299.00,-239.00,-84.00,26.271
2015-03-17T09:59:00Z,548.00,321.00,-227.00,-84.00,26.951
2015-03-17T10:00:00Z,534.00,328.00,-206.00,-84.00,26.000
2015-03-17T10:01:00Z,472.00,275.00,-197.00,-83.00,21.957
2015-03-17T10:02:00Z,455.00,266.00,-189.00,-83.00,20.896
2015-03-17T10:03:00Z,434.00,242.00,-192.00,-82.00,19.612
2015-03-17T10:04:00Z,480.00,279.00,-201.00,-81.00,22.464
2015-03-17T10:05:00Z,504.00,307.00,-197.00,-80.00,24.011
2015-03-17T10:06:00Z,434.00,253.00,-181.00,-78.00,19.612
2015-03-17T10:07:00Z,408.00,246.00,-162.00,-78.00,18.066
2015-03-17T10:08:00Z,440.00,274.00,-166.00,-77.00,19.976
2015-03-17T10:09:00Z,418.00,273.00,-145.00,-76.00,18.655
2015-03-17T10:10:00Z,338.00,188.00,-150.00,-75.00,14.139
2015-03-17T10:11:00Z,388.00,199.00,-189.00,-74.00,16.909
2015-03-17T10:12:00Z,397.00,209.00,-188.00,-73.00,17.426
2015-03-17T10:13:00Z,339.00,186.00,-153.00,-72.00,14.192
2015-03-17T10:14:00Z,288.00,183.00,-105.00,-71.00,11.543
2015-03-17T10:15:00Z,269.00,188.00,-81.00,-71.00,10.603
2015-03-17T10:16:00Z,266.00,214.00,-52.00,-72.00,10.456
2015-03-17T10:17:00Z,272.00,239.00,-33.00,-71.00,10.749
2015-03-17T10:18:00Z,286.00,244.00,-42.00,-70.00,11.443
2015-03-17T10:19:00Z,328.00,242.00,-86.00,-69.00,13.605
2015-03-17T10:20:00Z,349.00,244.00,-105.00,-70.00,14.733
2015-03-17T10:21:00Z,340.00,254.00,-86.00,-70.00,14.246
2015-03-17T10:22:00Z,363.00,260.00,-103.00,-69.00,15.502
2015-03-17T10:23:00Z,416.00,262.00,-154.00,-69.00,18.537
2015-03-17T10:24:00Z,419.00,270.00,-149.00,-70.00,18.715
2015-03-17T10:25:00Z,383.00,269.00,-114.00,-71.00,16.624
2015-03-17T10:26:00Z,323.00,253.00,-70.00,-72.00,13.342
2015-03-17T10:27:00Z,270.00,243.00,-27.00,-72.00,10.651
2015-03-17T10:28:00Z,267.00,243.00,-24.00,-71.00,10.505
2015-03-17T10:29:00Z,277.00,237.00,-40.00,-71.00,10.996
2015-03-17T10:30:00Z,269.00,219.00,-50.00,-71.00,10.603
2015-03-17T10:31:00Z,256.00,214.00,-42.00,-71.00,9.974
2015-03-17T10:32:00Z,254.00,204.00,-50.00,-71.00,9.878
2015-03-17T10:33:00Z,231.00,194.00,-37.00,-70.00,8.798
2015-03-17T10:34:00Z,203.00,190.00,-13.00,-69.00,7.532
2015-03-17T10:35:00Z,173.00,171.00,-2.00,-70.00,6.238
2015-03-17T10:36:00Z,169.00,159.00,-10.00,-70.00,6.070
2015-03-17T10:37:00Z,197.00,168.00,-29.00,-70.00,7.268
2015-03-17T10:38:00Z,210.00,178.00,-32.00,-70.00,7.843
2015-03-17T10:39:00Z,194.00,176.00,-18.00,-70.00,7.137
2015-03-17T10:40:00Z,185.00,181.00,-4.00,-68.00,6.748
2015-03-17T10:41:00Z,210.00,196.00,-14.00,-67.00,7.843
2015-03-17T10:42:00Z,232.00,196.00,-36.00,-67.00,8.844
2015-03-17T10:43:00Z,262.00,203.00,-59.00,-67.00,10.263
2015-03-17T10:44:00Z,285.00,202.00,-83.00,-67.00,11.393
2015-03-17T10:45:00Z,264.00,194.00,-70.00,-67.00,10.359
2015-03-17T10:46:00Z,231.00,189.00,-42.00,-66.00,8.798
2015-03-17T10:47:00Z,231.00,183.00,-48.00,-66.00,8.798
2015-03-17T10:48:00Z,225.00,181.00,-44.00,-65.00,8.522
2015-03-17T10:49:00Z,197.00,172.00,-25.00,-65.00,7.268
2015-03-17T10:50:00Z,208.00,168.00,-40.00,-63.00,7.754
2015-03-17T10:51:00Z,204.00,162.00,-42.00,-62.00,7.577
2015-03-17T10:52:00Z,205.00,161.00,-44.00,-61.00,7.621
2015-03-17T10:53:00Z,217.00,160.00,-57.00,-61.00,8.158
2015-03-17T10:54:00Z,197.00,158.00,-39.00,-61.00,7.268
2015-03-17T10:55:00Z,188.00,149.00,-39.00,-62.00,6.877
2015-03-17T10:56:00Z,201.00,142.00,-59.00,-63.00,7.444
2015-03-17T10:57:00Z,205.00,137.00,-68.00,-64.00,7.621
2015-03-17T10:58:00Z,193.00,140.00,-53.00,-64.00,7.094
2015-03-17T10:59:00Z,190.00,146.00,-44.00,-63.00,6.963
2015-03-17T11:00:00Z,188.00,147.00,-41.00,-62.00,6.877
2015-03-17T11:01:00Z,200.00,145.00,-55.00,-60.00,7.400
2015-03-17T11:02:00Z,220.00,138.00,-82.00,-59.00,8.294
2015-03-17T11:03:00Z,230.00,132.00,-98.00,-58.00,8.752
2015-03-17T11:04:00Z,232.00,131.00,-101.00,-57.00,8.844
2015-03-17T11:05:00Z,229.00,124.00,-105.00,-57.00,8.705
2015-03-17T11:06:00Z,220.00,124.00,-96.00,-58.00,8.294
2015-03-17T11:07:00Z,214.00,133.00,-81.00,-60.00,8.023
2015-03-17T11:08:00Z,200.00,132.00,-68.00,-61.00,7.400
2015-03-17T11:09:00Z,214.00,135.00,-79.00,-59.00,8.023
2015-03-17T11:10:00Z,220.00,134.00,-86.00,-60.00,8.294
2015-03-17T11:11:00Z,208.00,131.00,-77.00,-60.00,7.754
2015-03-17T11:12:00Z,215.00,129.00,-86.00,-60.00,8.068
2015-03-17T11:13:00Z,259.00,134.00,-125.00,-59.00,10.118
2015-03-17T11:14:00Z,260.00,129.00,-131.00,-58.00,10.166
2015-03-17T11:15:00Z,283.00,158.00,-125.00,-55.00,11.293
2015-03-17T11:16:00Z,279.00,181.00,-98.00,-52.00,11.094
2015-03-17T11:17:00Z,263.00,181.00,-82.00,-52.00,10.311
2015-03-17T11:18:00Z,245.00,179.00,-66.00,-54.00,9.451
2015-03-17T11:19:00Z,244.00,188.00,-56.00,-54.00,9.404
2015-03-17T11:20:00Z,226.00,185.00,-41.00,-52.00,8.568
2015-03-17T11:21:00Z,195.00,183.00,-12.00,-51.00,7.181
2015-03-17T11:22:00Z,179.00,186.00,7.00,-50.00,6.491
2015-03-17T11:23:00Z,166.00,180.00,14.00,-49.00,5.944
2015-03-17T11:24:00Z,162.00,172.00,10.00,-50.00,5.779
2015-03-17T11:25:00Z,155.00,164.00,9.00,-50.00,5.491
2015-03-17T11:26:00Z,164.00,177.00,13.00,-50.00,5.861
2015-03-17T11:27:00Z,178.00,194.00,16.00,-50.00,6.449
2015-03-17T11:28:00Z,177.00,207.00,30.00,-49.00,6.407
2015-03-17T11:29:00Z,178.00,205.00,27.00,-49.00,6.449
2015-03-17T11:30:00Z,174.00,197.00,23.00,-49.00,6.280
2015-03-17T11:31:00Z,178.00,192.00,14.00,-48.00,6.449
2015-03-17T11:32:00Z,170.00,190.00,20.00,-47.00,6.111
2015-03-17T11:33:00Z,156.00,179.00,23.00,-47.00,5.532
2015-03-17T11:34:00Z,159.00,182.00,23.00,-45.00,5.655
2015-03-17T11:35:00Z,175.00,185.00,10.00,-44.00,6.322
2015-03-17T11:36:00Z,162.00,188.00,26.00,-43.00,5.779
2015-03-17T11:37:00Z,196.00,209.00,13.00,-41.00,7.225
2015-03-17T11:38:00Z,227.00,227.00,0.00,-42.00,8.614
2015-03-17T11:39:00Z,260.00,245.00,-15.00,-43.00,10.166
2015-03-17T11:40:00Z,244.00,253.00,9.00,-43.00,9.404
2015-03-17T11:41:00Z,241.00,246.00,5.00,-41.00,9.263
2015-03-17T11:42:00Z,227.00,221.00,-6.00,-42.00,8.614
2015-03-17T11:43:00Z,190.00,188.00,-2.00,-42.00,6.963
2015-03-17T11:44:00Z,175.00,167.00,-8.00,-43.00,6.322
2015-03-17T11:45:00Z,152.00,154.00,2.00,-44.00,5.369
2015-03-17T11:46:00Z,161.00,150.00,-11.00,-44.00,5.737
2015-03-17T11:47:00Z,151.00,148.00,-3.00,-42.00,5.328
2015-03-17T11:48:00Z,117.00,131.00,14.00,-44.00,3.989
2015-03-17T11:49:00Z,118.00,123.00,5.00,-45.00,4.027
2015-03-17T11:50:00Z,135.00,119.00,-16.00,-45.00,4.688
2015-03-17T11:51:00Z,121.00,114.00,-7.00,-45.00,4.142
2015-03-17T11:52:00Z,114.00,110.00,-4.00,-44.00,3.875
2015-03-17T11:53:00Z,123.00,110.00,-13.00,-45.00,4.220
2015-03-17T11:54:00Z,116.00,103.00,-13.00,-45.00,3.951
2015-03-17T11:55:00Z,134.00,100.00,-34.00,-45.00,4.648
2015-03-17T11:56:00Z,142.00,95.00,-47.00,-44.00,4.966
2015-03-17T11:57:00Z,116.00,80.00,-36.00,-44.00,3.951
2015-03-17T11:58:00Z,80.00,59.00,-21.00,-45.00,2.624
2015-03-17T11:59:00Z,66.00,48.00,-18.00,-47.00,2.132
2015-03-17T12:00:00Z,83.00,63.00,-20.00,-47.00,2.731
2015-03-17T12:01:00Z,84.00,61.00,-23.00,-46.00,2.767
2015-03-17T12:02:00Z,69.00,47.00,-22.00,-43.00,2.237
2015-03-17T12:03:00Z,65.00,55.00,-10.00,-41.00,2.098
2015-03-17T12:04:00Z,72.00,53.00,-19.00,-40.00,2.341
2015-03-17T12:05:00Z,88.00,69.00,-19.00,-39.00,2.911
2015-03-17T12:06:00Z,137.00,74.00,-63.00,-38.00,4.767
2015-03-17T12:07:00Z,115.00,98.00,-17.00,-39.00,3.913
2015-03-17T12:08:00Z,179.00,125.00,-54.00,-45.00,6.491
2015-03-17T12:09:00Z,244.00,144.00,-100.00,-52.00,9.404
2015-03-17T12:10:00Z,255.00,156.00,-99.00,-55.00,9.926
2015-03-17T12:11:00Z,265.00,156.00,-109.00,-51.00,10.408
2015-03-17T12:12:00Z,286.00,165.00,-121.00,-43.00,11.443
2015-03-17T12:13:00Z,191.00,138.00,-53.00,-46.00,7.007
2015-03-17T12:14:00Z,202.00,123.00,-79.00,-47.00,7.488
2015-03-17T12:15:00Z,237.00,135.00,-102.00,-44.00,9.076
2015-03-17T12:16:00Z,252.00,134.00,-118.00,-41.00,9.783
2015-03-17T12:17:00Z,276.00,130.00,-146.00,-43.00,10.946
2015-03-17T12:18:00Z,274.00,115.00,-159.00,-45.00,10.848
2015-03-17T12:19:00Z,292.00,110.00,-182.00,-47.00,11.744
2015-03-17T12:20:00Z,314.00,124.00,-190.00,-47.00,12.871
2015-03-17T12:21:00Z,347.00,179.00,-168.00,-48.00,14.624
2015-03-17T12:22:00Z,357.00,224.00,-133.00,-48.00,15.171
2015-03-17T12:23:00Z,397.00,251.00,-146.00,-47.00,17.426
2015-03-17T12:24:00Z,401.00,264.00,-137.00,-46.00,17.658
2015-03-17T12:25:00Z,376.00,271.00,-105.00,-44.00,16.228
2015-03-17T12:26:00Z,333.00,261.00,-72.00,-44.00,13.871
2015-03-17T12:27:00Z,327.00,249.00,-78.00,-45.00,13.553
2015-03-17T12:28:00Z,322.00,241.00,-81.00,-43.00,13.289
2015-03-17T12:29:00Z,350.00,238.00,-112.00,-44.00,14.787
2015-03-17T12:30:00Z,363.00,232.00,-131.00,-44.00,15.502
2015-03-17T12:31:00Z,332.00,216.00,-116.00,-45.00,13.818
2015-03-17T12:32:00Z,299.00,194.00,-105.00,-50.00,12.099
2015-03-17T12:33:00Z,243.00,146.00,-97.00,-55.00,9.357
2015-03-17T12:34:00Z,234.00,134.00,-100.00,-54.00,8.936
2015-03-17T12:35:00Z,241.00,111.00,-130.00,-52.00,9.263
2015-03-17T12:36:00Z,233.00,103.00,-130.00,-51.00,8.890
2015-03-17T12:37:00Z,181.00,93.00,-88.00,-53.00,6.577
2015-03-17T12:38:00Z,191.00,98.00,-93.00,-55.00,7.007
2015-03-17T12:39:00Z,235.00,119.00,-116.00,-55.00,8.983
2015-03-17T12:40:00Z,297.00,153.00,-144.00,-56.00,11.997
2015-03-17T12:41:00Z,321.00,172.00,-149.00,-58.00,13.236
2015-03-17T12:42:00Z,351.00,176.00,-175.00,-61.00,14.842
2015-03-17T12:43:00Z,384.00,189.00,-195.00,-63.00,16.681
2015-03-17T12:44:00Z,413.00,181.00,-232.00,-63.00,18.360
2015-03-17T12:45:00Z,440.00,187.00,-253.00,-63.00,19.976
2015-03-17T12:46:00Z,507.00,204.00,-303.00,-63.00,24.207
2015-03-17T12:47:00Z,516.00,218.00,-298.00,-64.00,24.799
2015-03-17T12:48:00Z,490.00,224.00,-266.00,-67.00,23.103
2015-03-17T12:49:00Z,517.00,242.00,-275.00,-67.00,24.865
2015-03-17T12:50:00Z,508.00,245.00,-263.00,-66.00,24.272
2015-03-17T12:51:00Z,492.00,260.00,-232.00,-65.00,23.232
2015-03-17T12:52:00Z,525.00,291.00,-234.00,-67.00,25.397
2015-03-17T12:53:00Z,519.00,307.00,-212.00,-69.00,24.998
2015-03-17T12:54:00Z,483.00,297.00,-186.00,-72.00,22.655
2015-03-17T12:55:00Z,445.00,276.00,-169.00,-74.00,20.281
2015-03-17T12:56:00Z,448.00,275.00,-173.00,-75.00,20.465
2015-03-17T12:57:00Z,516.00,284.00,-232.00,-74.00,24.799
2015-03-17T12:58:00Z,596.00,297.00,-299.00,-77.00,30.313
2015-03-17T12:59:00Z,638.00,311.00,-327.00,-79.00,33.387
2015-03-17T13:00:00Z,675.00,312.00,-363.00,-80.00,36.197
2015-03-17T13:01:00Z,731.00,336.00,-395.00,-81.00,40.633
2015-03-17T13:02:00Z,773.00,358.00,-415.00,-83.00,44.104
2015-03-17T13:03:00Z,816.00,376.00,-440.00,-84.00,47.785
2015-03-17T13:04:00Z,841.00,389.00,-452.00,-82.00,49.985
2015-03-17T13:05:00Z,851.00,394.00,-457.00,-83.00,50.877
2015-03-17T13:06:00Z,864.00,393.00,-471.00,-84.00,52.047
2015-03-17T13:07:00Z,890.00,407.00,-483.00,-86.00,54.423
2015-03-17T13:08:00Z,930.00,412.00,-518.00,-85.00,58.171
2015-03-17T13:09:00Z,987.00,407.00,-580.00,-87.00,63.706
2015-03-17T13:10:00Z,1118.00,417.00,-701.00,-87.00,77.287
2015-03-17T13:11:00Z,1141.00,412.00,-729.00,-86.00,79.796
2015-03-17T13:12:00Z,1106.00,387.00,-719.00,-87.00,75.993
2015-03-17T13:13:00Z,1084.00,349.00,-735.00,-89.00,73.647
2015-03-17T13:14:00Z,1120.00,327.00,-793.00,-90.00,77.504
2015-03-17T13:15:00Z,1097.00,312.00,-785.00,-89.00,75.029
2015-03-17T13:16:00Z,1019.00,292.00,-727.00,-91.00,66.913
2015-03-17T13:17:00Z,1142.00,254.00,-888.00,-92.00,79.906
2015-03-17T13:18:00Z,1153.00,218.00,-935.00,-92.00,81.119
2015-03-17T13:19:00Z,1170.00,199.00,-971.00,-92.00,83.011
2015-03-17T13:20:00Z,1355.00,192.00,-1163.00,-93.00,104.911
2015-03-17T13:21:00Z,1391.00,167.00,-1224.00,-94.00,109.451
2015-03-17T13:22:00Z,1153.00,157.00,-996.00,-93.00,81.119
2015-03-17T13:23:00Z,986.00,150.00,-836.00,-93.00,63.607
2015-03-17T13:24:00Z,996.00,130.00,-866.00,-93.00,64.601
2015-03-17T13:25:00Z,995.00,114.00,-881.00,-93.00,64.501
2015-03-17T13:26:00Z,1139.00,169.00,-970.00,-94.00,79.576
2015-03-17T13:27:00Z,1285.00,247.00,-1038.00,-94.00,96.343
2015-03-17T13:28:00Z,1265.00,290.00,-975.00,-82.00,93.958
2015-03-17T13:29:00Z,1343.00,437.00,-906.00,-76.00,103.418
2015-03-17T13:30:00Z,1505.00,320.00,-1185.00,-73.00,124.426
2015-03-17T13:31:00Z,1731.00,188.00,-1543.00,-76.00,156.803
2015-03-17T13:32:00Z,1757.00,215.00,-1542.00,-74.00,160.757
2015-03-17T13:33:00Z,2169.00,269.00,-1900.00,-73.00,229.730
2015-03-17T13:34:00Z,2240.00,179.00,-2061.00,-75.00,242.816
2015-03-17T13:35:00Z,2035.00,178.00,-1857.00,-78.00,205.993
2015-03-17T13:36:00Z,1672.00,163.00,-1509.00,-75.00,148.005
2015-03-17T13:37:00Z,1694.00,228.00,-1466.00,-80.00,151.257
2015-03-17T13:38:00Z,1665.00,269.00,-1396.00,-70.00,146.978
2015-03-17T13:39:00Z,1825.00,230.00,-1595.00,-73.00,171.322
2015-03-17T13:40:00Z,2021.00,218.00,-1803.00,-78.00,203.585
2015-03-17T13:41:00Z,2198.00,250.00,-1948.00,-77.00,235.032
2015-03-17T13:42:00Z,2024.00,276.00,-1748.00,-77.00,204.100
2015-03-17T13:43:00Z,1807.00,272.00,-1535.00,-76.00,168.494
2015-03-17T13:44:00Z,1731.00,248.00,-1483.00,-77.00,156.803
2015-03-17T13:45:00Z,1710.00,222.00,-1488.00,-75.00,153.643
2015-03-17T13:46:00Z,1552.00,192.00,-1360.00,-77.00,130.865
2015-03-17T13:47:00Z,1715.00,206.00,-1509.00,-79.00,154.393
2015-03-17T13:48:00Z,1837.00,219.00,-1618.00,-77.00,173.220
2015-03-17T13:49:00Z,1921.00,195.00,-1726.00,-76.00,186.788
2015-03-17T13:50:00Z,2059.00,341.00,-1718.00,-70.00,210.152
2015-03-17T13:51:00Z,2149.00,407.00,-1742.00,-68.00,226.107
2015-03-17T13:52:00Z,1952.00,457.00,-1495.00,-64.00,191.921
2015-03-17T13:53:00Z,1793.00,624.00,-1169.00,-53.00,166.310
2015-03-17T13:54:00Z,1997.00,664.00,-1333.00,-58.00,199.490
2015-03-17T13:55:00Z,1744.00,558.00,-1186.00,-69.00,158.774
2015-03-17T13:56:00Z,1856.00,573.00,-1283.00,-73.00,176.246
2015-03-17T13:57:00Z,2061.00,644.00,-1417.00,-75.00,210.500
2015-03-17T13:58:00Z,2298.00,662.00,-1636.00,-77.00,253.768
2015-03-17T13:59:00Z,2269.00,653.00,-1616.00,-76.00,248.263
2015-03-17T14:00:00Z,1883.00,505.00,-1378.00,-78.00,180.589
2015-03-17T14:01:00Z,1580.00,378.00,-1202.00,-82.00,134.774
2015-03-17T14:02:00Z,1615.00,352.00,-1263.00,-80.00,139.738
2015-03-17T14:03:00Z,1644.00,379.00,-1265.00,-80.00,143.916
2015-03-17T14:04:00Z,1640.00,394.00,-1246.00,-82.00,143.336
2015-03-17T14:05:00Z,1631.00,370.00,-1261.00,-88.00,142.036
2015-03-17T14:06:00Z,1601.00,357.00,-1244.00,-88.00,137.742
2015-03-17T14:07:00Z,1615.00,442.00,-1173.00,-79.00,139.738
2015-03-17T14:08:00Z,1725.00,484.00,-1241.00,-83.00,155.897
2015-03-17T14:09:00Z,1512.00,436.00,-1076.00,-82.00,125.375
2015-03-17T14:10:00Z,1466.00,461.00,-1005.00,-79.00,119.200
2015-03-17T14:11:00Z,1519.00,483.00,-1036.00,-83.00,126.328
2015-03-17T14:12:00Z,1476.00,396.00,-1080.00,-83.00,120.530
2015-03-17T14:13:00Z,1365.00,320.00,-1045.00,-84.00,106.163
2015-03-17T14:14:00Z,1277.00,235.00,-1042.00,-89.00,95.386
2015-03-17T14:15:00Z,1302.00,202.00,-1100.00,-88.00,98.392
2015-03-17T14:16:00Z,1352.00,202.00,-1150.00,-88.00,104.537
2015-03-17T14:17:00Z,1355.00,193.00,-1162.00,-90.00,104.911
2015-03-17T14:18:00Z,1302.00,179.00,-1123.00,-95.00,98.392
2015-03-17T14:19:00Z,1224.00,169.00,-1055.00,-98.00,89.156
2015-03-17T14:20:00Z,1262.00,202.00,-1060.00,-95.00,93.603
2015-03-17T14:21:00Z,1387.00,240.00,-1147.00,-92.00,108.942
2015-03-17T14:22:00Z,1421.00,279.00,-1142.00,-90.00,113.303
2015-03-17T14:23:00Z,1346.00,269.00,-1077.00,-90.00,103.790
2015-03-17T14:24:00Z,1302.00,254.00,-1048.00,-89.00,98.392
2015-03-17T14:25:00Z,1412.00,297.00,-1115.00,-86.00,112.141
2015-03-17T14:26:00Z,1723.00,344.00,-1379.00,-86.00,155.596
2015-03-17T14:27:00Z,2155.00,381.00,-1774.00,-87.00,227.191
2015-03-17T14:28:00Z,2049.00,325.00,-1724.00,-83.00,208.414
2015-03-17T14:29:00Z,1883.00,309.00,-1574.00,-81.00,180.589
2015-03-17T14:30:00Z,1793.00,335.00,-1458.00,-82.00,166.310
2015-03-17T14:31:00Z,1682.00,345.00,-1337.00,-83.00,149.479
2015-03-17T14:32:00Z,1514.00,242.00,-1272.00,-83.00,125.647
2015-03-17T14:33:00Z,1432.00,210.00,-1222.00,-84.00,114.732
2015-03-17T14:34:00Z,1511.00,254.00,-1257.00,-86.00,125.239
2015-03-17T14:35:00Z,1368.00,293.00,-1075.00,-87.00,106.540
2015-03-17T14:36:00Z,1314.00,328.00,-986.00,-89.00,99.851
2015-03-17T14:37:00Z,1463.00,372.00,-1091.00,-90.00,118.803
2015-03-17T14:38:00Z,1428.00,401.00,-1027.00,-88.00,114.211
2015-03-17T14:39:00Z,1237.00,426.00,-811.00,-86.00,90.666
2015-03-17T14:40:00Z,1154.00,480.00,-674.00,-77.00,81.230
2015-03-17T14:41:00Z,1356.00,533.00,-823.00,-77.00,105.036
2015-03-17T14:42:00Z,1328.00,541.00,-787.00,-79.00,101.565
2015-03-17T14:43:00Z,1492.00,500.00,-992.00,-79.00,122.672
2015-03-17T14:44:00Z,1558.00,446.00,-1112.00,-83.00,131.698
2015-03-17T14:45:00Z,1855.00,465.00,-1390.00,-85.00,176.086
2015-03-17T14:46:00Z,1767.00,476.00,-1291.00,-86.00,162.290
2015-03-17T14:47:00Z,1666.00,471.00,-1195.00,-89.00,147.124
2015-03-17T14:48:00Z,1853.00,488.00,-1365.00,-89.00,175.766
2015-03-17T14:49:00Z,1799.00,493.00,-1306.00,-89.00,167.244
2015-03-17T14:50:00Z,1923.00,471.00,-1452.00,-91.00,187.118
2015-03-17T14:51:00Z,1939.00,456.00,-1483.00,-91.00,189.760
2015-03-17T14:52:00Z,1985.00,446.00,-1539.00,-92.00,197.458
2015-03-17T14:53:00Z,2025.00,428.00,-1597.00,-94.00,204.272
2015-03-17T14:54:00Z,1695.00,441.00,-1254.00,-95.00,151.406
2015-03-17T14:55:00Z,1673.00,444.00,-1229.00,-97.00,148.153
2015-03-17T14:56:00Z,1610.00,457.00,-1153.00,-99.00,139.024
2015-03-17T14:57:00Z,1632.00,472.00,-1160.00,-100.00,142.180
2015-03-17T14:58:00Z,1577.00,475.00,-1102.00,-98.00,134.353
2015-03-17T14:59:00Z,1574.00,445.00,-1129.00,-100.00,133.932
2015-03-17T15:00:00Z,1521.00,448.00,-1073.00,-99.00,126.600
2015-03-17T15:01:00Z,1466.00,411.00,-1055.00,-100.00,119.200
2015-03-17T15:02:00Z,1509.00,432.00,-1077.00,-99.00,124.968
2015-03-17T15:03:00Z,1376.00,439.00,-937.00,-99.00,107.548
2015-03-17T15:04:00Z,1359.00,434.00,-925.00,-105.00,105.411
2015-03-17T15:05:00Z,1253.00,429.00,-824.00,-106.00,92.540
2015-03-17T15:06:00Z,1091.00,442.00,-649.00,-103.00,74.390
2015-03-17T15:07:00Z,919.00,424.00,-495.00,-100.00,57.130
2015-03-17T15:08:00Z,875.00,421.00,-454.00,-102.00,53.047
2015-03-17T15:09:00Z,818.00,432.00,-386.00,-103.00,47.959
2015-03-17T15:10:00Z,769.00,466.00,-303.00,-101.00,43.768
2015-03-17T15:11:00Z,742.00,491.00,-251.00,-104.00,41.530
2015-03-17T15:12:00Z,665.00,441.00,-224.00,-104.00,35.428
2015-03-17T15:13:00Z,620.00,367.00,-253.00,-105.00,32.054
2015-03-17T15:14:00Z,615.00,314.00,-301.00,-108.00,31.688
2015-03-17T15:15:00Z,695.00,312.00,-383.00,-109.00,37.756
2015-03-17T15:16:00Z,684.00,267.00,-417.00,-113.00,36.895
2015-03-17T15:17:00Z,680.00,245.00,-435.00,-115.00,36.584
2015-03-17T15:18:00Z,654.00,236.00,-418.00,-116.00,34.590
2015-03-17T15:19:00Z,637.00,213.00,-424.00,-119.00,33.312
2015-03-17T15:20:00Z,667.00,235.00,-432.00,-118.00,35.581
2015-03-17T15:21:00Z,687.00,234.00,-453.00,-119.00,37.129
2015-03-17T15:22:00Z,687.00,170.00,-517.00,-121.00,37.129
2015-03-17T15:23:00Z,701.00,165.00,-536.00,-125.00,38.229
2015-03-17T15:24:00Z,622.00,132.00,-490.00,-129.00,32.201
2015-03-17T15:25:00Z,642.00,212.00,-430.00,-134.00,33.686
2015-03-17T15:26:00Z,635.00,303.00,-332.00,-132.00,33.163
2015-03-17T15:27:00Z,615.00,312.00,-303.00,-123.00,31.688
2015-03-17T15:28:00Z,571.00,331.00,-240.00,-124.00,28.541
2015-03-17T15:29:00Z,552.00,329.00,-223.00,-123.00,27.225
2015-03-17T15:30:00Z,606.00,334.00,-272.00,-124.00,31.033
2015-03-17T15:31:00Z,732.00,376.00,-356.00,-122.00,40.714
2015-03-17T15:32:00Z,719.00,349.00,-370.00,-122.00,39.664
2015-03-17T15:33:00Z,660.00,275.00,-385.00,-125.00,35.046
2015-03-17T15:34:00Z,633.00,262.00,-371.00,-126.00,33.014
2015-03-17T15:35:00Z,627.00,248.00,-379.00,-130.00,32.570
2015-03-17T15:36:00Z,634.00,258.00,-376.00,-133.00,33.088
2015-03-17T15:37:00Z,654.00,290.00,-364.00,-134.00,34.590
2015-03-17T15:38:00Z,655.00,312.00,-343.00,-133.00,34.666
2015-03-17T15:39:00Z,641.00,247.00,-394.00,-134.00,33.611
2015-03-17T15:40:00Z,579.00,121.00,-458.00,-137.00,29.103
2015-03-17T15:41:00Z,588.00,68.00,-520.00,-138.00,29.741
2015-03-17T15:42:00Z,619.00,92.00,-527.00,-138.00,31.981
2015-03-17T15:43:00Z,611.00,53.00,-558.00,-140.00,31.396
2015-03-17T15:44:00Z,673.00,86.00,-587.00,-140.00,36.043
2015-03-17T15:45:00Z,663.00,131.00,-532.00,-140.00,35.275
2015-03-17T15:46:00Z,587.00,152.00,-435.00,-140.00,29.670
2015-03-17T15:47:00Z,590.00,124.00,-466.00,-137.00,29.883
2015-03-17T15:48:00Z,509.00,68.00,-441.00,-136.00,24.338
2015-03-17T15:49:00Z,499.00,77.00,-422.00,-137.00,23.685
2015-03-17T15:50:00Z,491.00,75.00,-416.00,-137.00,23.168
2015-03-17T15:51:00Z,464.00,62.00,-402.00,-137.00,21.455
2015-03-17T15:52:00Z,496.00,64.00,-432.00,-136.00,23.491
2015-03-17T15:53:00Z,540.00,61.00,-479.00,-138.00,26.406
2015-03-17T15:54:00Z,621.00,55.00,-566.00,-139.00,32.127
2015-03-17T15:55:00Z,659.00,57.00,-602.00,-142.00,34.970
2015-03-17T15:56:00Z,736.00,112.00,-624.00,-141.00,41.039
2015-03-17T15:57:00Z,705.00,136.00,-569.00,-142.00,38.546
2015-03-17T15:58:00Z,659.00,165.00,-494.00,-144.00,34.970
2015-03-17T15:59:00Z,678.00,246.00,-432.00,-144.00,36.429
2015-03-17T16:00:00Z,636.00,242.00,-394.00,-143.00,33.237
2015-03-17T16:01:00Z,534.00,177.00,-357.00,-142.00,26.000
2015-03-17T16:02:00Z,426.00,111.00,-315.00,-144.00,19.132
2015-03-17T16:03:00Z,421.00,148.00,-273.00,-146.00,18.833
2015-03-17T16:04:00Z,403.00,173.00,-230.00,-147.00,17.774
2015-03-17T16:05:00Z,405.00,178.00,-227.00,-146.00,17.891
2015-03-17T16:06:00Z,425.00,187.00,-238.00,-145.00,19.072
2015-03-17T16:07:00Z,421.00,144.00,-277.00,-146.00,18.833
2015-03-17T16:08:00Z,438.00,153.00,-285.00,-149.00,19.855
2015-03-17T16:09:00Z,418.00,155.00,-263.00,-151.00,18.655
2015-03-17T16:10:00Z,415.00,151.00,-264.00,-152.00,18.478
2015-03-17T16:11:00Z,427.00,139.00,-288.00,-152.00,19.192
2015-03-17T16:12:00Z,401.00,123.00,-278.00,-153.00,17.658
2015-03-17T16:13:00Z,339.00,124.00,-215.00,-155.00,14.192
2015-03-17T16:14:00Z,315.00,153.00,-162.00,-156.00,12.923
2015-03-17T16:15:00Z,324.00,170.00,-154.00,-156.00,13.394
2015-03-17T16:16:00Z,333.00,198.00,-135.00,-157.00,13.871
2015-03-17T16:17:00Z,345.00,202.00,-143.00,-157.00,14.516
2015-03-17T16:18:00Z,379.00,228.00,-151.00,-157.00,16.397
2015-03-17T16:19:00Z,381.00,234.00,-147.00,-156.00,16.511
2015-03-17T16:20:00Z,391.00,233.00,-158.00,-155.00,17.081
2015-03-17T16:21:00Z,456.00,253.00,-203.00,-155.00,20.958
2015-03-17T16:22:00Z,445.00,236.00,-209.00,-154.00,20.281
2015-03-17T16:23:00Z,422.00,217.00,-205.00,-154.00,18.893
2015-03-17T16:24:00Z,442.00,235.00,-207.00,-154.00,20.098
2015-03-17T16:25:00Z,450.00,216.00,-234.00,-155.00,20.587
2015-03-17T16:26:00Z,476.00,202.00,-274.00,-156.00,22.210
2015-03-17T16:27:00Z,528.00,212.00,-316.00,-156.00,25.597
2015-03-17T16:28:00Z,622.00,208.00,-414.00,-154.00,32.201
2015-03-17T16:29:00Z,785.00,229.00,-556.00,-152.00,45.118
2015-03-17T16:30:00Z,999.00,248.00,-751.00,-149.00,64.900
2015-03-17T16:31:00Z,1086.00,243.00,-843.00,-146.00,73.859
2015-03-17T16:32:00Z,1076.00,225.00,-851.00,-144.00,72.802
2015-03-17T16:33:00Z,1119.00,217.00,-902.00,-143.00,77.396
2015-03-17T16:34:00Z,1193.00,229.00,-964.00,-144.00,85.604
2015-03-17T16:35:00Z,1277.00,244.00,-1033.00,-145.00,95.386
2015-03-17T16:36:00Z,1432.00,225.00,-1207.00,-145.00,114.732
2015-03-17T16:37:00Z,1632.00,181.00,-1451.00,-146.00,142.180
2015-03-17T16:38:00Z,1461.00,189.00,-1272.00,-146.00,118.538
2015-03-17T16:39:00Z,1411.00,197.00,-1214.00,-146.00,112.012
2015-03-17T16:40:00Z,1383.00,207.00,-1176.00,-146.00,108.434
2015-03-17T16:41:00Z,1464.00,213.00,-1251.00,-145.00,118.935
2015-03-17T16:42:00Z,1472.00,173.00,-1299.00,-145.00,119.997
2015-03-17T16:43:00Z,1355.00,133.00,-1222.00,-145.00,104.911
2015-03-17T16:44:00Z,1465.00,109.00,-1356.00,-146.00,119.068
2015-03-17T16:45:00Z,1642.00,130.00,-1512.00,-147.00,143.626
2015-03-17T16:46:00Z,1692.00,126.00,-1566.00,-148.00,150.960
2015-03-17T16:47:00Z,1640.00,109.00,-1531.00,-152.00,143.336
2015-03-17T16:48:00Z,1594.00,137.00,-1457.00,-152.00,136.749
2015-03-17T16:49:00Z,1529.00,140.00,-1389.00,-152.00,127.694
2015-03-17T16:50:00Z,1423.00,125.00,-1298.00,-153.00,113.563
2015-03-17T16:51:00Z,1339.00,102.00,-1237.00,-153.00,102.922
2015-03-17T16:52:00Z,1412.00,124.00,-1288.00,-152.00,112.141
2015-03-17T16:53:00Z,1315.00,153.00,-1162.00,-152.00,99.973
2015-03-17T16:54:00Z,1312.00,225.00,-1087.00,-151.00,99.607
2015-03-17T16:55:00Z,1360.00,297.00,-1063.00,-150.00,105.536
2015-03-17T16:56:00Z,1284.00,218.00,-1066.00,-151.00,96.223
2015-03-17T16:57:00Z,1216.00,219.00,-997.00,-151.00,88.233
2015-03-17T16:58:00Z,1061.00,251.00,-810.00,-151.00,71.230
2015-03-17T16:59:00Z,1020.00,304.00,-716.00,-151.00,67.014
2015-03-17T17:00:00Z,983.00,246.00,-737.00,-150.00,63.310
2015-03-17T17:01:00Z,970.00,195.00,-775.00,-150.00,62.031
2015-03-17T17:02:00Z,1087.00,222.00,-865.00,-151.00,73.965
2015-03-17T17:03:00Z,1003.00,254.00,-749.00,-152.00,65.300
2015-03-17T17:04:00Z,819.00,208.00,-611.00,-153.00,48.047
2015-03-17T17:05:00Z,750.00,144.00,-606.00,-152.00,42.188
2015-03-17T17:06:00Z,781.00,95.00,-686.00,-152.00,44.779
2015-03-17T17:07:00Z,803.00,78.00,-725.00,-154.00,46.658
2015-03-17T17:08:00Z,764.00,68.00,-696.00,-155.00,43.349
2015-03-17T17:09:00Z,699.00,33.00,-666.00,-154.00,38.071
2015-03-17T17:10:00Z,812.00,35.00,-777.00,-155.00,47.437
2015-03-17T17:11:00Z,856.00,64.00,-792.00,-158.00,51.326
2015-03-17T17:12:00Z,842.00,80.00,-762.00,-159.00,50.074
2015-03-17T17:13:00Z,719.00,83.00,-636.00,-160.00,39.664
2015-03-17T17:14:00Z,585.00,88.00,-497.00,-161.00,29.528
2015-03-17T17:15:00Z,503.00,99.00,-404.00,-162.00,23.945
2015-03-17T17:16:00Z,560.00,93.00,-467.00,-162.00,27.776
2015-03-17T17:17:00Z,613.00,84.00,-529.00,-163.00,31.542
2015-03-17T17:18:00Z,677.00,77.00,-600.00,-163.00,36.352
2015-03-17T17:19:00Z,717.00,96.00,-621.00,-163.00,39.503
2015-03-17T17:20:00Z,655.00,92.00,-563.00,-164.00,34.666
2015-03-17T17:21:00Z,553.00,75.00,-478.00,-164.00,27.293
2015-03-17T17:22:00Z,702.00,28.00,-674.00,-165.00,38.308
2015-03-17T17:23:00Z,931.00,-30.00,-961.00,-167.00,58.267
2015-03-17T17:24:00Z,1257.00,-28.00,-1285.00,-169.00,93.012
2015-03-17T17:25:00Z,1283.00,-16.00,-1299.00,-171.00,96.103
2015-03-17T17:26:00Z,1190.00,24.00,-1166.00,-171.00,85.263
2015-03-17T17:27:00Z,1063.00,103.00,-960.00,-175.00,71.439
2015-03-17T17:28:00Z,972.00,148.00,-824.00,-177.00,62.227
2015-03-17T17:29:00Z,947.00,204.00,-743.00,-176.00,59.798
2015-03-17T17:30:00Z,907.00,257.00,-650.00,-173.00,56.003
2015-03-17T17:31:00Z,842.00,267.00,-575.00,-172.00,50.074
2015-03-17T17:32:00Z,796.00,294.00,-502.00,-171.00,46.057
2015-03-17T17:33:00Z,770.00,296.00,-474.00,-167.00,43.852
2015-03-17T17:34:00Z,782.00,305.00,-477.00,-165.00,44.863
2015-03-17T17:35:00Z,819.00,322.00,-497.00,-164.00,48.047
2015-03-17T17:36:00Z,861.00,346.00,-515.00,-162.00,51.776
2015-03-17T17:37:00Z,795.00,330.00,-465.00,-163.00,45.971
2015-03-17T17:38:00Z,689.00,313.00,-376.00,-164.00,37.285
2015-03-17T17:39:00Z,653.00,315.00,-338.00,-164.00,34.514
2015-03-17T17:40:00Z,657.00,339.00,-318.00,-162.00,34.818
2015-03-17T17:41:00Z,661.00,347.00,-314.00,-159.00,35.122
2015-03-17T17:42:00Z,606.00,297.00,-309.00,-157.00,31.033
2015-03-17T17:43:00Z,525.00,230.00,-295.00,-154.00,25.397
2015-03-17T17:44:00Z,541.00,244.00,-297.00,-151.00,26.474
2015-03-17T17:45:00Z,707.00,275.00,-432.00,-147.00,38.705
2015-03-17T17:46:00Z,1147.00,320.00,-827.00,-144.00,80.456
2015-03-17T17:47:00Z,1545.00,348.00,-1197.00,-142.00,129.896
2015-03-17T17:48:00Z,1189.00,333.00,-856.00,-139.00,85.150
2015-03-17T17:49:00Z,1029.00,381.00,-648.00,-136.00,67.929
2015-03-17T17:50:00Z,1163.00,390.00,-773.00,-135.00,82.230
2015-03-17T17:51:00Z,1181.00,386.00,-795.00,-136.00,84.247
2015-03-17T17:52:00Z,1074.00,430.00,-644.00,-136.00,72.592
2015-03-17T17:53:00Z,974.00,443.00,-531.00,-136.00,62.424
2015-03-17T17:54:00Z,892.00,437.00,-455.00,-135.00,54.608
2015-03-17T17:55:00Z,816.00,425.00,-391.00,-136.00,47.785
2015-03-17T17:56:00Z,855.00,414.00,-441.00,-136.00,51.236
2015-03-17T17:57:00Z,901.00,383.00,-518.00,-136.00,55.443
2015-03-17T17:58:00Z,954.00,411.00,-543.00,-138.00,60.474
2015-03-17T17:59:00Z,896.00,409.00,-487.00,-139.00,54.979
2015-03-17T18:00:00Z,834.00,375.00,-459.00,-139.00,49.364
2015-03-17T18:01:00Z,842.00,352.00,-490.00,-139.00,50.074
2015-03-17T18:02:00Z,826.00,333.00,-493.00,-140.00,48.660
2015-03-17T18:03:00Z,825.00,310.00,-515.00,-140.00,48.572
2015-03-17T18:04:00Z,856.00,298.00,-558.00,-139.00,51.326
2015-03-17T18:05:00Z,889.00,308.00,-581.00,-140.00,54.331
2015-03-17T18:06:00Z,900.00,308.00,-592.00,-140.00,55.350
2015-03-17T18:07:00Z,1029.00,296.00,-733.00,-140.00,67.929
2015-03-17T18:08:00Z,1311.00,322.00,-989.00,-141.00,99.485
2015-03-17T18:09:00Z,1322.00,316.00,-1006.00,-141.00,100.829
2015-03-17T18:10:00Z,1391.00,290.00,-1101.00,-141.00,109.451
2015-03-17T18:11:00Z,1513.00,267.00,-1246.00,-142.00,125.511
2015-03-17T18:12:00Z,1472.00,221.00,-1251.00,-144.00,119.997
2015-03-17T18:13:00Z,1406.00,196.00,-1210.00,-145.00,111.369
2015-03-17T18:14:00Z,1427.00,200.00,-1227.00,-144.00,114.082
2015-03-17T18:15:00Z,1477.00,209.00,-1268.00,-144.00,120.664
2015-03-17T18:16:00Z,1533.00,202.00,-1331.00,-144.00,128.243
2015-03-17T18:17:00Z,1506.00,167.00,-1339.00,-145.00,124.561
2015-03-17T18:18:00Z,1409.00,172.00,-1237.00,-146.00,111.755
2015-03-17T18:19:00Z,1377.00,177.00,-1200.00,-147.00,107.675
2015-03-17T18:20:00Z,1428.00,194.00,-1234.00,-146.00,114.211
2015-03-17T18:21:00Z,1420.00,229.00,-1191.00,-146.00,113.174
2015-03-17T18:22:00Z,1422.00,228.00,-1194.00,-145.00,113.433
2015-03-17T18:23:00Z,1370.00,230.00,-1140.00,-146.00,106.791
2015-03-17T18:24:00Z,1275.00,243.00,-1032.00,-146.00,95.147
2015-03-17T18:25:00Z,1297.00,235.00,-1062.00,-146.00,97.787
2015-03-17T18:26:00Z,1329.00,234.00,-1095.00,-145.00,101.688
2015-03-17T18:27:00Z,1308.00,228.00,-1080.00,-144.00,99.120
2015-03-17T18:28:00Z,1246.00,227.00,-1019.00,-144.00,91.718
2015-03-17T18:29:00Z,1178.00,219.00,-959.00,-143.00,83.909
2015-03-17T18:30:00Z,1253.00,218.00,-1035.00,-141.00,92.540
2015-03-17T18:31:00Z,1256.00,246.00,-1010.00,-140.00,92.894
2015-03-17T18:32:00Z,1297.00,284.00,-1013.00,-140.00,97.787
2015-03-17T18:33:00Z,1377.00,299.00,-1078.00,-139.00,107.675
2015-03-17T18:34:00Z,1491.00,299.00,-1192.00,-139.00,122.538
2015-03-17T18:35:00Z,1616.00,298.00,-1318.00,-139.00,139.881
2015-03-17T18:36:00Z,1654.00,312.00,-1342.00,-137.00,145.370
2015-03-17T18:37:00Z,1596.00,300.00,-1296.00,-136.00,137.033
2015-03-17T18:38:00Z,1448.00,274.00,-1174.00,-137.00,116.825
2015-03-17T18:39:00Z,1427.00,267.00,-1160.00,-136.00,114.082
2015-03-17T18:40:00Z,1412.00,262.00,-1150.00,-137.00,112.141
2015-03-17T18:41:00Z,1334.00,255.00,-1079.00,-138.00,102.304
2015-03-17T18:42:00Z,1286.00,249.00,-1037.00,-139.00,96.463
2015-03-17T18:43:00Z,1251.00,246.00,-1005.00,-141.00,92.305
2015-03-17T18:44:00Z,1215.00,233.00,-982.00,-140.00,88.118
2015-03-17T18:45:00Z,1178.00,212.00,-966.00,-139.00,83.909
2015-03-17T18:46:00Z,1086.00,198.00,-888.00,-140.00,73.859
2015-03-17T18:47:00Z,1078.00,198.00,-880.00,-141.00,73.013
2015-03-17T18:48:00Z,1077.00,192.00,-885.00,-142.00,72.908
2015-03-17T18:49:00Z,1100.00,210.00,-890.00,-141.00,75.350
2015-03-17T18:50:00Z,1105.00,224.00,-881.00,-142.00,75.886
2015-03-17T18:51:00Z,1119.00,230.00,-889.00,-141.00,77.396
2015-03-17T18:52:00Z,1151.00,223.00,-928.00,-142.00,80.898
2015-03-17T18:53:00Z,1156.00,209.00,-947.00,-143.00,81.452
2015-03-17T18:54:00Z,1136.00,211.00,-925.00,-147.00,79.247
2015-03-17T18:55:00Z,1139.00,191.00,-948.00,-149.00,79.576
2015-03-17T18:56:00Z,1202.00,221.00,-981.00,-149.00,86.628
2015-03-17T18:57:00Z,1208.00,218.00,-990.00,-150.00,87.314
2015-03-17T18:58:00Z,1205.00,200.00,-1005.00,-149.00,86.971
2015-03-17T18:59:00Z,1237.00,206.00,-1031.00,-146.00,90.666
2015-03-17T19:00:00Z,1254.00,214.00,-1040.00,-143.00,92.658
2015-03-17T19:01:00Z,1338.00,234.00,-1104.00,-143.00,102.799
2015-03-17T19:02:00Z,1387.00,241.00,-1146.00,-144.00,108.942
2015-03-17T19:03:00Z,1420.00,243.00,-1177.00,-144.00,113.174
2015-03-17T19:04:00Z,1409.00,241.00,-1168.00,-145.00,111.755
2015-03-17T19:05:00Z,1357.00,209.00,-1148.00,-146.00,105.161
2015-03-17T19:06:00Z,1315.00,199.00,-1116.00,-147.00,99.973
2015-03-17T19:07:00Z,1356.00,208.00,-1148.00,-145.00,105.036
2015-03-17T19:08:00Z,1542.00,236.00,-1306.00,-144.00,129.482
2015-03-17T19:09:00Z,1515.00,242.00,-1273.00,-145.00,125.783
2015-03-17T19:10:00Z,1444.00,237.00,-1207.00,-146.00,116.300
2015-03-17T19:11:00Z,1470.00,282.00,-1188.00,-147.00,119.731
2015-03-17T19:12:00Z,1557.00,284.00,-1273.00,-150.00,131.559
2015-03-17T19:13:00Z,1520.00,259.00,-1261.00,-152.00,126.464
2015-03-17T19:14:00Z,1429.00,284.00,-1145.00,-156.00,114.341
2015-03-17T19:15:00Z,1295.00,313.00,-982.00,-159.00,97.546
2015-03-17T19:16:00Z,1279.00,303.00,-976.00,-160.00,95.624
2015-03-17T19:17:00Z,1298.00,259.00,-1039.00,-159.00,97.908
2015-03-17T19:18:00Z,1182.00,238.00,-944.00,-160.00,84.359
2015-03-17T19:19:00Z,1227.00,246.00,-981.00,-161.00,89.504
2015-03-17T19:20:00Z,1170.00,230.00,-940.00,-162.00,83.011
2015-03-17T19:21:00Z,1080.00,228.00,-852.00,-164.00,73.224
2015-03-17T19:22:00Z,990.00,225.00,-765.00,-165.00,64.004
2015-03-17T19:23:00Z,977.00,236.00,-741.00,-166.00,62.719
2015-03-17T19:24:00Z,940.00,228.00,-712.00,-166.00,59.126
2015-03-17T19:25:00Z,937.00,221.00,-716.00,-166.00,58.839
2015-03-17T19:26:00Z,940.00,201.00,-739.00,-164.00,59.126
2015-03-17T19:27:00Z,975.00,203.00,-772.00,-163.00,62.522
2015-03-17T19:28:00Z,1118.00,201.00,-917.00,-165.00,77.287
2015-03-17T19:29:00Z,1203.00,187.00,-1016.00,-170.00,86.742
2015-03-17T19:30:00Z,1144.00,194.00,-950.00,-171.00,80.126
2015-03-17T19:31:00Z,1111.00,231.00,-880.00,-171.00,76.531
2015-03-17T19:32:00Z,1093.00,273.00,-820.00,-169.00,74.603
2015-03-17T19:33:00Z,1035.00,263.00,-772.00,-167.00,68.543
2015-03-17T19:34:00Z,970.00,222.00,-748.00,-167.00,62.031
2015-03-17T19:35:00Z,979.00,194.00,-785.00,-166.00,62.915
2015-03-17T19:36:00Z,954.00,177.00,-777.00,-167.00,60.474
2015-03-17T19:37:00Z,904.00,170.00,-734.00,-172.00,55.723
2015-03-17T19:38:00Z,880.00,170.00,-710.00,-173.00,53.504
2015-03-17T19:39:00Z,854.00,197.00,-657.00,-172.00,51.146
2015-03-17T19:40:00Z,750.00,204.00,-546.00,-172.00,42.188
2015-03-17T19:41:00Z,636.00,196.00,-440.00,-171.00,33.237
2015-03-17T19:42:00Z,612.00,212.00,-400.00,-169.00,31.469
2015-03-17T19:43:00Z,613.00,232.00,-381.00,-168.00,31.542
2015-03-17T19:44:00Z,614.00,240.00,-374.00,-167.00,31.615
2015-03-17T19:45:00Z,635.00,231.00,-404.00,-167.00,33.163
2015-03-17T19:46:00Z,679.00,229.00,-450.00,-169.00,36.506
2015-03-17T19:47:00Z,606.00,219.00,-387.00,-173.00,31.033
2015-03-17T19:48:00Z,531.00,223.00,-308.00,-173.00,25.799
2015-03-17T19:49:00Z,511.00,243.00,-268.00,-169.00,24.469
2015-03-17T19:50:00Z,423.00,235.00,-188.00,-163.00,18.953
2015-03-17T19:51:00Z,403.00,218.00,-185.00,-165.00,17.774
2015-03-17T19:52:00Z,420.00,187.00,-233.00,-167.00,18.774
2015-03-17T19:53:00Z,430.00,166.00,-264.00,-167.00,19.372
2015-03-17T19:54:00Z,479.00,178.00,-301.00,-165.00,22.400
2015-03-17T19:55:00Z,494.00,179.00,-315.00,-165.00,23.361
2015-03-17T19:56:00Z,477.00,167.00,-310.00,-165.00,22.274
2015-03-17T19:57:00Z,488.00,157.00,-331.00,-164.00,22.975
2015-03-17T19:58:00Z,513.00,136.00,-377.00,-161.00,24.601
2015-03-17T19:59:00Z,545.00,123.00,-422.00,-161.00,26.746
2015-03-17T20:00:00Z,805.00,128.00,-677.00,-161.00,46.831
2015-03-17T20:01:00Z,1056.00,118.00,-938.00,-160.00,70.710
2015-03-17T20:02:00Z,1180.00,97.00,-1083.00,-160.00,84.134
2015-03-17T20:03:00Z,1082.00,93.00,-989.00,-160.00,73.435
2015-03-17T20:04:00Z,1041.00,94.00,-947.00,-158.00,69.159
2015-03-17T20:05:00Z,1032.00,78.00,-954.00,-158.00,68.236
2015-03-17T20:06:00Z,1008.00,78.00,-930.00,-157.00,65.802
2015-03-17T20:07:00Z,944.00,62.00,-882.00,-157.00,59.510
2015-03-17T20:08:00Z,1302.00,40.00,-1262.00,-156.00,98.392
2015-03-17T20:09:00Z,1171.00,23.00,-1148.00,-154.00,83.123
2015-03-17T20:10:00Z,1007.00,13.00,-994.00,-153.00,65.702
2015-03-17T20:11:00Z,823.00,1.00,-822.00,-154.00,48.397
2015-03-17T20:12:00Z,834.00,-16.00,-850.00,-155.00,49.364
2015-03-17T20:13:00Z,1355.00,-12.00,-1367.00,-158.00,104.911
2015-03-17T20:14:00Z,1344.00,-22.00,-1366.00,-160.00,103.542
2015-03-17T20:15:00Z,1148.00,-21.00,-1169.00,-162.00,80.567
2015-03-17T20:16:00Z,943.00,-28.00,-971.00,-162.00,59.414
2015-03-17T20:17:00Z,766.00,-8.00,-774.00,-164.00,43.516
2015-03-17T20:18:00Z,676.00,-9.00,-685.00,-164.00,36.274
2015-03-17T20:19:00Z,792.00,-24.00,-816.00,-163.00,45.714
2015-03-17T20:20:00Z,1026.00,-39.00,-1065.00,-163.00,67.624
2015-03-17T20:21:00Z,1171.00,-26.00,-1197.00,-164.00,83.123
2015-03-17T20:22:00Z,1231.00,-43.00,-1274.00,-165.00,89.968
2015-03-17T20:23:00Z,1214.00,-63.00,-1277.00,-165.00,88.003
2015-03-17T20:24:00Z,1215.00,-63.00,-1278.00,-164.00,88.118
2015-03-17T20:25:00Z,1234.00,-41.00,-1275.00,-164.00,90.316
2015-03-17T20:26:00Z,1196.00,-12.00,-1208.00,-165.00,85.945
2015-03-17T20:27:00Z,1142.00,11.00,-1131.00,-167.00,79.906
2015-03-17T20:28:00Z,1114.00,35.00,-1079.00,-168.00,76.855
2015-03-17T20:29:00Z,1123.00,47.00,-1076.00,-169.00,77.830
2015-03-17T20:30:00Z,1126.00,52.00,-1074.00,-170.00,78.156
2015-03-17T20:31:00Z,1115.00,61.00,-1054.00,-170.00,76.963
2015-03-17T20:32:00Z,1047.00,65.00,-982.00,-169.00,69.777
2015-03-17T20:33:00Z,1033.00,48.00,-985.00,-170.00,68.338
2015-03-17T20:34:00Z,1079.00,29.00,-1050.00,-168.00,73.118
2015-03-17T20:35:00Z,1246.00,1.00,-1245.00,-168.00,91.718
2015-03-17T20:36:00Z,1237.00,-28.00,-1265.00,-167.00,90.666
2015-03-17T20:37:00Z,1164.00,-33.00,-1197.00,-167.00,82.341
2015-03-17T20:38:00Z,923.00,-41.00,-964.00,-167.00,57.508
2015-03-17T20:39:00Z,867.00,-47.00,-914.00,-168.00,52.319
2015-03-17T20:40:00Z,867.00,-44.00,-911.00,-170.00,52.319
2015-03-17T20:41:00Z,829.00,-48.00,-877.00,-172.00,48.923
2015-03-17T20:42:00Z,755.00,-51.00,-806.00,-173.00,42.601
2015-03-17T20:43:00Z,722.00,-53.00,-775.00,-173.00,39.905
2015-03-17T20:44:00Z,777.00,-58.00,-835.00,-172.00,44.441
2015-03-17T20:45:00Z,1046.00,-68.00,-1114.00,-171.00,69.674
2015-03-17T20:46:00Z,1204.00,-58.00,-1262.00,-169.00,86.857
2015-03-17T20:47:00Z,1286.00,-67.00,-1353.00,-166.00,96.463
2015-03-17T20:48:00Z,1213.00,-84.00,-1297.00,-163.00,87.888
2015-03-17T20:49:00Z,1161.00,-48.00,-1209.00,-162.00,82.007
2015-03-17T20:50:00Z,1267.00,131.00,-1136.00,-162.00,94.195
2015-03-17T20:51:00Z,1322.00,77.00,-1245.00,-162.00,100.829
2015-03-17T20:52:00Z,1364.00,88.00,-1276.00,-164.00,106.037
2015-03-17T20:53:00Z,1363.00,185.00,-1178.00,-165.00,105.912
2015-03-17T20:54:00Z,1444.00,315.00,-1129.00,-164.00,116.300
2015-03-17T20:55:00Z,1435.00,290.00,-1145.00,-165.00,115.123
2015-03-17T20:56:00Z,1272.00,202.00,-1070.00,-166.00,94.789
2015-03-17T20:57:00Z,1083.00,108.00,-975.00,-165.00,73.541
2015-03-17T20:58:00Z,882.00,11.00,-871.00,-167.00,53.687
2015-03-17T20:59:00Z,775.00,-34.00,-809.00,-169.00,44.272
2015-03-17T21:00:00Z,956.00,108.00,-848.00,-171.00,60.668
2015-03-17T21:01:00Z,1196.00,232.00,-964.00,-171.00,85.945
2015-03-17T21:02:00Z,1397.00,267.00,-1130.00,-172.00,110.216
2015-03-17T21:03:00Z,1521.00,253.00,-1268.00,-171.00,126.600
2015-03-17T21:04:00Z,1488.00,195.00,-1293.00,-169.00,122.135
2015-03-17T21:05:00Z,1307.00,136.00,-1171.00,-166.00,98.999
2015-03-17T21:06:00Z,1234.00,134.00,-1100.00,-164.00,90.316
2015-03-17T21:07:00Z,1108.00,39.00,-1069.00,-164.00,76.208
2015-03-17T21:08:00Z,1180.00,34.00,-1146.00,-165.00,84.134
2015-03-17T21:09:00Z,1383.00,80.00,-1303.00,-165.00,108.434
2015-03-17T21:10:00Z,1432.00,53.00,-1379.00,-166.00,114.732
2015-03-17T21:11:00Z,1514.00,44.00,-1470.00,-166.00,125.647
2015-03-17T21:12:00Z,1476.00,-24.00,-1500.00,-167.00,120.530
2015-03-17T21:13:00Z,1375.00,-74.00,-1449.00,-167.00,107.422
2015-03-17T21:14:00Z,1329.00,-96.00,-1425.00,-171.00,101.688
2015-03-17T21:15:00Z,1246.00,-101.00,-1347.00,-172.00,91.718
2015-03-17T21:16:00Z,1382.00,-67.00,-1449.00,-173.00,108.307
2015-03-17T21:17:00Z,1595.00,19.00,-1576.00,-175.00,136.891
2015-03-17T21:18:00Z,1814.00,91.00,-1723.00,-176.00,169.591
2015-03-17T21:19:00Z,1900.00,85.00,-1815.00,-176.00,183.350
2015-03-17T21:20:00Z,1828.00,39.00,-1789.00,-174.00,171.795
2015-03-17T21:21:00Z,1685.00,-7.00,-1692.00,-174.00,149.923
2015-03-17T21:22:00Z,1602.00,-42.00,-1644.00,-175.00,137.884
2015-03-17T21:23:00Z,1612.00,-18.00,-1630.00,-177.00,139.309
2015-03-17T21:24:00Z,1551.00,38.00,-1513.00,-180.00,130.726
2015-03-17T21:25:00Z,1400.00,87.00,-1313.00,-180.00,110.600
2015-03-17T21:26:00Z,1293.00,120.00,-1173.00,-180.00,97.305
2015-03-17T21:27:00Z,1256.00,133.00,-1123.00,-179.00,92.894
2015-03-17T21:28:00Z,1091.00,97.00,-994.00,-178.00,74.390
2015-03-17T21:29:00Z,924.00,77.00,-847.00,-178.00,57.602
2015-03-17T21:30:00Z,793.00,42.00,-751.00,-177.00,45.800
2015-03-17T21:31:00Z,759.00,14.00,-745.00,-177.00,42.933
2015-03-17T21:32:00Z,790.00,-12.00,-802.00,-177.00,45.543
2015-03-17T21:33:00Z,906.00,-25.00,-931.00,-177.00,55.909
2015-03-17T21:34:00Z,1111.00,-30.00,-1141.00,-179.00,76.531
2015-03-17T21:35:00Z,1179.00,-25.00,-1204.00,-180.00,84.021
2015-03-17T21:36:00Z,1274.00,-18.00,-1292.00,-182.00,95.028
2015-03-17T21:37:00Z,1366.00,-23.00,-1389.00,-183.00,106.288
2015-03-17T21:38:00Z,1316.00,-9.00,-1325.00,-183.00,100.095
2015-03-17T21:39:00Z,1224.00,20.00,-1204.00,-184.00,89.156
2015-03-17T21:40:00Z,998.00,36.00,-962.00,-183.00,64.800
2015-03-17T21:41:00Z,805.00,39.00,-766.00,-183.00,46.831
2015-03-17T21:42:00Z,813.00,59.00,-754.00,-184.00,47.524
2015-03-17T21:43:00Z,836.00,60.00,-776.00,-186.00,49.541
2015-03-17T21:44:00Z,947.00,101.00,-846.00,-187.00,59.798
2015-03-17T21:45:00Z,1166.00,98.00,-1068.00,-189.00,82.564
2015-03-17T21:46:00Z,1335.00,87.00,-1248.00,-190.00,102.428
2015-03-17T21:47:00Z,1303.00,44.00,-1259.00,-191.00,98.513
2015-03-17T21:48:00Z,1283.00,1.00,-1282.00,-193.00,96.103
2015-03-17T21:49:00Z,1227.00,-15.00,-1242.00,-194.00,89.504
2015-03-17T21:50:00Z,1130.00,-15.00,-1145.00,-194.00,78.591
2015-03-17T21:51:00Z,994.00,-3.00,-997.00,-194.00,64.401
2015-03-17T21:52:00Z,749.00,-17.00,-766.00,-193.00,42.105
2015-03-17T21:53:00Z,606.00,-20.00,-626.00,-194.00,31.033
2015-03-17T21:54:00Z,649.00,-9.00,-658.00,-194.00,34.212
2015-03-17T21:55:00Z,676.00,8.00,-668.00,-192.00,36.274
2015-03-17T21:56:00Z,723.00,36.00,-687.00,-192.00,39.986
2015-03-17T21:57:00Z,701.00,23.00,-678.00,-192.00,38.229
2015-03-17T21:58:00Z,696.00,22.00,-674.00,-193.00,37.835
2015-03-17T21:59:00Z,723.00,26.00,-697.00,-195.00,39.986
2015-03-17T22:00:00Z,746.00,20.00,-726.00,-196.00,41.858
2015-03-17T22:01:00Z,769.00,13.00,-756.00,-197.00,43.768
2015-03-17T22:02:00Z,746.00,1.00,-745.00,-199.00,41.858
2015-03-17T22:03:00Z,715.00,7.00,-708.00,-199.00,39.343
2015-03-17T22:04:00Z,653.00,7.00,-646.00,-199.00,34.514
2015-03-17T22:05:00Z,579.00,-18.00,-597.00,-200.00,29.103
2015-03-17T22:06:00Z,582.00,-12.00,-594.00,-200.00,29.315
2015-03-17T22:07:00Z,627.00,35.00,-592.00,-201.00,32.570
2015-03-17T22:08:00Z,630.00,66.00,-564.00,-201.00,32.791
2015-03-17T22:09:00Z,625.00,114.00,-511.00,-201.00,32.422
2015-03-17T22:10:00Z,581.00,158.00,-423.00,-201.00,29.245
2015-03-17T22:11:00Z,515.00,168.00,-347.00,-202.00,24.733
2015-03-17T22:12:00Z,419.00,120.00,-299.00,-202.00,18.715
2015-03-17T22:13:00Z,357.00,91.00,-266.00,-202.00,15.171
2015-03-17T22:14:00Z,314.00,59.00,-255.00,-203.00,12.871
2015-03-17T22:15:00Z,364.00,85.00,-279.00,-204.00,15.557
2015-03-17T22:16:00Z,409.00,118.00,-291.00,-206.00,18.125
2015-03-17T22:17:00Z,428.00,137.00,-291.00,-207.00,19.251
2015-03-17T22:18:00Z,451.00,161.00,-290.00,-209.00,20.649
2015-03-17T22:19:00Z,480.00,187.00,-293.00,-211.00,22.464
2015-03-17T22:20:00Z,516.00,209.00,-307.00,-212.00,24.799
2015-03-17T22:21:00Z,503.00,225.00,-278.00,-213.00,23.945
2015-03-17T22:22:00Z,502.00,225.00,-277.00,-213.00,23.880
2015-03-17T22:23:00Z,475.00,191.00,-284.00,-212.00,22.147
2015-03-17T22:24:00Z,448.00,160.00,-288.00,-213.00,20.465
2015-03-17T22:25:00Z,427.00,138.00,-289.00,-212.00,19.192
2015-03-17T22:26:00Z,429.00,133.00,-296.00,-212.00,19.311
2015-03-17T22:27:00Z,453.00,131.00,-322.00,-212.00,20.772
2015-03-17T22:28:00Z,417.00,108.00,-309.00,-212.00,18.596
2015-03-17T22:29:00Z,425.00,102.00,-323.00,-213.00,19.072
2015-03-17T22:30:00Z,438.00,90.00,-348.00,-215.00,19.855
2015-03-17T22:31:00Z,427.00,81.00,-346.00,-214.00,19.192
2015-03-17T22:32:00Z,457.00,79.00,-378.00,-215.00,21.020
2015-03-17T22:33:00Z,425.00,83.00,-342.00,-215.00,19.072
2015-03-17T22:34:00Z,406.00,77.00,-329.00,-216.00,17.949
2015-03-17T22:35:00Z,399.00,76.00,-323.00,-217.00,17.542
2015-03-17T22:36:00Z,406.00,71.00,-335.00,-218.00,17.949
2015-03-17T22:37:00Z,450.00,77.00,-373.00,-219.00,20.587
2015-03-17T22:38:00Z,468.00,88.00,-380.00,-221.00,21.706
2015-03-17T22:39:00Z,458.00,87.00,-371.00,-222.00,21.082
2015-03-17T22:40:00Z,430.00,66.00,-364.00,-224.00,19.372
2015-03-17T22:41:00Z,458.00,66.00,-392.00,-225.00,21.082
2015-03-17T22:42:00Z,499.00,74.00,-425.00,-224.00,23.685
2015-03-17T22:43:00Z,496.00,71.00,-425.00,-227.00,23.491
2015-03-17T22:44:00Z,466.00,56.00,-410.00,-231.00,21.580
2015-03-17T22:45:00Z,395.00,41.00,-354.00,-233.00,17.311
2015-03-17T22:46:00Z,352.00,47.00,-305.00,-233.00,14.897
2015-03-17T22:47:00Z,331.00,47.00,-284.00,-234.00,13.765
2015-03-17T22:48:00Z,319.00,55.00,-264.00,-233.00,13.132
2015-03-17T22:49:00Z,318.00,67.00,-251.00,-231.00,13.079
2015-03-17T22:50:00Z,329.00,75.00,-254.00,-231.00,13.658
2015-03-17T22:51:00Z,308.00,74.00,-234.00,-231.00,12.560
2015-03-17T22:52:00Z,297.00,72.00,-225.00,-230.00,11.997
2015-03-17T22:53:00Z,307.00,78.00,-229.00,-230.00,12.509
2015-03-17T22:54:00Z,325.00,79.00,-246.00,-229.00,13.447
2015-03-17T22:55:00Z,339.00,81.00,-258.00,-229.00,14.192
2015-03-17T22:56:00Z,353.00,78.00,-275.00,-228.00,14.951
2015-03-17T22:57:00Z,383.00,91.00,-292.00,-229.00,16.624
2015-03-17T22:58:00Z,385.00,81.00,-304.00,-229.00,16.738
2015-03-17T22:59:00Z,383.00,72.00,-311.00,-230.00,16.624
2015-03-17T23:00:00Z,409.00,70.00,-339.00,-231.00,18.125
2015-03-17T23:01:00Z,418.00,67.00,-351.00,-230.00,18.655
2015-03-17T23:02:00Z,463.00,83.00,-380.00,-230.00,21.393
2015-03-17T23:03:00Z,460.00,80.00,-380.00,-230.00,21.206
2015-03-17T23:04:00Z,464.00,66.00,-398.00,-231.00,21.455
2015-03-17T23:05:00Z,490.00,64.00,-426.00,-232.00,23.103
2015-03-17T23:06:00Z,483.00,58.00,-425.00,-231.00,22.655
2015-03-17T23:07:00Z,488.00,60.00,-428.00,-228.00,22.975
2015-03-17T23:08:00Z,513.00,79.00,-434.00,-219.00,24.601
2015-03-17T23:09:00Z,551.00,115.00,-436.00,-219.00,27.156
2015-03-17T23:10:00Z,571.00,132.00,-439.00,-215.00,28.541
2015-03-17T23:11:00Z,558.00,118.00,-440.00,-214.00,27.638
2015-03-17T23:12:00Z,486.00,44.00,-442.00,-211.00,22.847
2015-03-17T23:13:00Z,474.00,21.00,-453.00,-211.00,22.084
2015-03-17T23:14:00Z,1004.00,-3.00,-1007.00,-213.00,65.401
2015-03-17T23:15:00Z,1575.00,56.00,-1519.00,-215.00,134.072
2015-03-17T23:16:00Z,1712.00,62.00,-1650.00,-219.00,153.943
2015-03-17T23:17:00Z,1731.00,57.00,-1674.00,-223.00,156.803
2015-03-17T23:18:00Z,1509.00,-41.00,-1550.00,-224.00,124.968
2015-03-17T23:19:00Z,1386.00,-131.00,-1517.00,-222.00,108.815
2015-03-17T23:20:00Z,1302.00,-64.00,-1366.00,-219.00,98.392
2015-03-17T23:21:00Z,1316.00,7.00,-1309.00,-218.00,100.095
2015-03-17T23:22:00Z,1236.00,0.00,-1236.00,-215.00,90.549
2015-03-17T23:23:00Z,1074.00,-92.00,-1166.00,-212.00,72.592
2015-03-17T23:24:00Z,1055.00,-146.00,-1201.00,-209.00,70.606
2015-03-17T23:25:00Z,1059.00,-158.00,-1217.00,-207.00,71.022
2015-03-17T23:26:00Z,1019.00,-179.00,-1198.00,-203.00,66.913
2015-03-17T23:27:00Z,1171.00,-21.00,-1192.00,-199.00,83.123
2015-03-17T23:28:00Z,1216.00,-35.00,-1251.00,-198.00,88.233
2015-03-17T23:29:00Z,1194.00,-114.00,-1308.00,-198.00,85.717
2015-03-17T23:30:00Z,1273.00,13.00,-1260.00,-199.00,94.909
2015-03-17T23:31:00Z,1466.00,317.00,-1149.00,-199.00,119.200
2015-03-17T23:32:00Z,1536.00,307.00,-1229.00,-199.00,128.655
2015-03-17T23:33:00Z,1542.00,201.00,-1341.00,-198.00,129.482
2015-03-17T23:34:00Z,1587.00,187.00,-1400.00,-198.00,135.760
2015-03-17T23:35:00Z,1655.00,299.00,-1356.00,-199.00,145.516
2015-03-17T23:36:00Z,1488.00,261.00,-1227.00,-200.00,122.135
2015-03-17T23:37:00Z,1490.00,275.00,-1215.00,-199.00,122.403
2015-03-17T23:38:00Z,1396.00,125.00,-1271.00,-199.00,110.089
2015-03-17T23:39:00Z,1335.00,62.00,-1273.00,-198.00,102.428
2015-03-17T23:40:00Z,1616.00,51.00,-1565.00,-198.00,139.881
2015-03-17T23:41:00Z,1785.00,-95.00,-1880.00,-199.00,165.068
2015-03-17T23:42:00Z,2145.00,-49.00,-2194.00,-198.00,225.386
2015-03-17T23:43:00Z,2129.00,-171.00,-2300.00,-197.00,222.512
2015-03-17T23:44:00Z,1965.00,-248.00,-2213.00,-197.00,194.093
2015-03-17T23:45:00Z,1694.00,-221.00,-1915.00,-198.00,151.257
2015-03-17T23:46:00Z,1489.00,-210.00,-1699.00,-198.00,122.269
2015-03-17T23:47:00Z,1381.00,-207.00,-1588.00,-197.00,108.181
2015-03-17T23:48:00Z,1274.00,-208.00,-1482.00,-197.00,95.028
2015-03-17T23:49:00Z,1140.00,-200.00,-1340.00,-197.00,79.686
2015-03-17T23:50:00Z,1124.00,-162.00,-1286.00,-198.00,77.938
2015-03-17T23:51:00Z,1215.00,-134.00,-1349.00,-197.00,88.118
2015-03-17T23:52:00Z,1218.00,-136.00,-1354.00,-198.00,88.463
2015-03-17T23:53:00Z,1161.00,-122.00,-1283.00,-198.00,82.007
2015-03-17T23:54:00Z,1015.00,-106.00,-1121.00,-199.00,66.508
2015-03-17T23:55:00Z,1008.00,-109.00,-1117.00,-200.00,65.802
2015-03-17T23:56:00Z,1084.00,-96.00,-1180.00,-199.00,73.647
2015-03-17T23:57:00Z,1283.00,-76.00,-1359.00,-200.00,96.103
2015-03-17T23:58:00Z,1189.00,-34.00,-1223.00,-200.00,85.150
2015-03-17T23:59:00Z,994.00,-23.00,-1017.00,-200.00,64.401
2015-03-18T00:00:00Z,766.00,-67.00,-833.00,-185.00,43.516
2015-03-18T00:01:00Z,819.00,-38.00,-857.00,-185.00,48.047
2015-03-18T00:02:00Z,860.00,-21.00,-881.00,-185.00,51.686
2015-03-18T00:03:00Z,845.00,38.00,-807.00,-184.00,50.341
2015-03-18T00:04:00Z,829.00,86.00,-743.00,-185.00,48.923
2015-03-18T00:05:00Z,811.00,73.00,-738.00,-185.00,47.350
2015-03-18T00:06:00Z,790.00,57.00,-733.00,-186.00,45.543
2015-03-18T00:07:00Z,830.00,56.00,-774.00,-186.00,49.011
2015-03-18T00:08:00Z,831.00,55.00,-776.00,-187.00,49.100
2015-03-18T00:09:00Z,854.00,82.00,-772.00,-186.00,51.146
2015-03-18T00:10:00Z,818.00,102.00,-716.00,-184.00,47.959
2015-03-18T00:11:00Z,862.00,143.00,-719.00,-183.00,51.867
2015-03-18T00:12:00Z,920.00,199.00,-721.00,-179.00,57.224
2015-03-18T00:13:00Z,872.00,217.00,-655.00,-174.00,52.773
2015-03-18T00:14:00Z,832.00,162.00,-670.00,-172.00,49.188
2015-03-18T00:15:00Z,895.00,144.00,-751.00,-170.00,54.886
2015-03-18T00:16:00Z,916.00,194.00,-722.00,-169.00,56.847
2015-03-18T00:17:00Z,903.00,189.00,-714.00,-170.00,55.629
2015-03-18T00:18:00Z,859.00,203.00,-656.00,-170.00,51.596
2015-03-18T00:19:00Z,765.00,198.00,-567.00,-170.00,43.433
2015-03-18T00:20:00Z,794.00,192.00,-602.00,-171.00,45.885
2015-03-18T00:21:00Z,790.00,211.00,-579.00,-171.00,45.543
2015-03-18T00:22:00Z,723.00,209.00,-514.00,-170.00,39.986
2015-03-18T00:23:00Z,727.00,199.00,-528.00,-173.00,40.309
2015-03-18T00:24:00Z,671.00,185.00,-486.00,-172.00,35.888
2015-03-18T00:25:00Z,672.00,202.00,-470.00,-170.00,35.965
2015-03-18T00:26:00Z,682.00,202.00,-480.00,-169.00,36.739
2015-03-18T00:27:00Z,620.00,142.00,-478.00,-168.00,32.054
2015-03-18T00:28:00Z,583.00,83.00,-500.00,-168.00,29.386
2015-03-18T00:29:00Z,553.00,73.00,-480.00,-169.00,27.293
2015-03-18T00:30:00Z,503.00,76.00,-427.00,-169.00,23.945
2015-03-18T00:31:00Z,495.00,83.00,-412.00,-170.00,23.426
2015-03-18T00:32:00Z,503.00,101.00,-402.00,-170.00,23.945
2015-03-18T00:33:00Z,522.00,121.00,-401.00,-171.00,25.197
2015-03-18T00:34:00Z,517.00,139.00,-378.00,-171.00,24.865
2015-03-18T00:35:00Z,529.00,131.00,-398.00,-170.00,25.664
2015-03-18T00:36:00Z,476.00,85.00,-391.00,-171.00,22.210
2015-03-18T00:37:00Z,452.00,67.00,-385.00,-172.00,20.711
2015-03-18T00:38:00Z,433.00,100.00,-333.00,-173.00,19.552
2015-03-18T00:39:00Z,475.00,207.00,-268.00,-174.00,22.147
2015-03-18T00:40:00Z,592.00,315.00,-277.00,-175.00,30.026
2015-03-18T00:41:00Z,540.00,320.00,-220.00,-174.00,26.406
2015-03-18T00:42:00Z,548.00,297.00,-251.00,-174.00,26.951
2015-03-18T00:43:00Z,563.00,275.00,-288.00,-174.00,27.984
2015-03-18T00:44:00Z,477.00,221.00,-256.00,-175.00,22.274
2015-03-18T00:45:00Z,373.00,167.00,-206.00,-177.00,16.060
2015-03-18T00:46:00Z,317.00,140.00,-177.00,-178.00,13.027
2015-03-18T00:47:00Z,267.00,92.00,-175.00,-178.00,10.505
2015-03-18T00:48:00Z,259.00,82.00,-177.00,-177.00,10.118
2015-03-18T00:49:00Z,281.00,91.00,-190.00,-176.00,11.194
2015-03-18T00:50:00Z,281.00,87.00,-194.00,-176.00,11.194
2015-03-18T00:51:00Z,284.00,69.00,-215.00,-175.00,11.343
2015-03-18T00:52:00Z,270.00,57.00,-213.00,-174.00,10.651
2015-03-18T00:53:00Z,260.00,48.00,-212.00,-173.00,10.166
2015-03-18T00:54:00Z,271.00,67.00,-204.00,-173.00,10.700
2015-03-18T00:55:00Z,282.00,69.00,-213.00,-173.00,11.243
2015-03-18T00:56:00Z,297.00,58.00,-239.00,-173.00,11.997
2015-03-18T00:57:00Z,315.00,66.00,-249.00,-173.00,12.923
2015-03-18T00:58:00Z,314.00,57.00,-257.00,-173.00,12.871
2015-03-18T00:59:00Z,307.00,59.00,-248.00,-173.00,12.509
2015-03-18T01:00:00Z,311.00,73.00,-238.00,-173.00,12.715
2015-03-18T01:01:00Z,290.00,69.00,-221.00,-172.00,11.643
2015-03-18T01:02:00Z,297.00,81.00,-216.00,-171.00,11.997
2015-03-18T01:03:00Z,304.00,89.00,-215.00,-171.00,12.355
2015-03-18T01:04:00Z,355.00,97.00,-258.00,-170.00,15.061
2015-03-18T01:05:00Z,355.00,107.00,-248.00,-169.00,15.061
2015-03-18T01:06:00Z,336.00,108.00,-228.00,-169.00,14.031
2015-03-18T01:07:00Z,357.00,118.00,-239.00,-169.00,15.171
2015-03-18T01:08:00Z,366.00,141.00,-225.00,-169.00,15.668
2015-03-18T01:09:00Z,360.00,150.00,-210.00,-169.00,15.336
2015-03-18T01:10:00Z,358.00,144.00,-214.00,-169.00,15.226
2015-03-18T01:11:00Z,350.00,148.00,-202.00,-169.00,14.787
2015-03-18T01:12:00Z,320.00,127.00,-193.00,-169.00,13.184
2015-03-18T01:13:00Z,265.00,91.00,-174.00,-169.00,10.408
2015-03-18T01:14:00Z,258.00,73.00,-185.00,-170.00,10.070
2015-03-18T01:15:00Z,228.00,51.00,-177.00,-169.00,8.659
2015-03-18T01:16:00Z,193.00,31.00,-162.00,-169.00,7.094
2015-03-18T01:17:00Z,173.00,18.00,-155.00,-168.00,6.238
2015-03-18T01:18:00Z,170.00,21.00,-149.00,-168.00,6.111
2015-03-18T01:19:00Z,189.00,44.00,-145.00,-167.00,6.920
2015-03-18T01:20:00Z,210.00,72.00,-138.00,-166.00,7.843
2015-03-18T01:21:00Z,226.00,74.00,-152.00,-166.00,8.568
2015-03-18T01:22:00Z,261.00,105.00,-156.00,-166.00,10.214
2015-03-18T01:23:00Z,265.00,110.00,-155.00,-165.00,10.408
2015-03-18T01:24:00Z,210.00,79.00,-131.00,-165.00,7.843
2015-03-18T01:25:00Z,200.00,75.00,-125.00,-164.00,7.400
2015-03-18T01:26:00Z,173.00,45.00,-128.00,-164.00,6.238
2015-03-18T01:27:00Z,154.00,32.00,-122.00,-164.00,5.450
2015-03-18T01:28:00Z,138.00,26.00,-112.00,-164.00,4.807
2015-03-18T01:29:00Z,146.00,26.00,-120.00,-164.00,5.126
2015-03-18T01:30:00Z,146.00,37.00,-109.00,-164.00,5.126
2015-03-18T01:31:00Z,192.00,38.00,-154.00,-164.00,7.050
2015-03-18T01:32:00Z,241.00,45.00,-196.00,-163.00,9.263
2015-03-18T01:33:00Z,274.00,43.00,-231.00,-163.00,10.848
2015-03-18T01:34:00Z,274.00,43.00,-231.00,-162.00,10.848
2015-03-18T01:35:00Z,214.00,38.00,-176.00,-162.00,8.023
2015-03-18T01:36:00Z,166.00,25.00,-141.00,-162.00,5.944
2015-03-18T01:37:00Z,172.00,25.00,-147.00,-162.00,6.195
2015-03-18T01:38:00Z,162.00,39.00,-123.00,-162.00,5.779
2015-03-18T01:39:00Z,159.00,38.00,-121.00,-162.00,5.655
2015-03-18T01:40:00Z,170.00,37.00,-133.00,-162.00,6.111
2015-03-18T01:41:00Z,176.00,23.00,-153.00,-161.00,6.364
2015-03-18T01:42:00Z,156.00,22.00,-134.00,-161.00,5.532
2015-03-18T01:43:00Z,171.00,29.00,-142.00,-161.00,6.153
2015-03-18T01:44:00Z,168.00,37.00,-131.00,-161.00,6.028
2015-03-18T01:45:00Z,147.00,38.00,-109.00,-160.00,5.166
2015-03-18T01:46:00Z,131.00,36.00,-95.00,-160.00,4.531
2015-03-18T01:47:00Z,138.00,34.00,-104.00,-160.00,4.807
2015-03-18T01:48:00Z,160.00,44.00,-116.00,-160.00,5.696
2015-03-18T01:49:00Z,173.00,48.00,-125.00,-160.00,6.238
2015-03-18T01:50:00Z,171.00,50.00,-121.00,-160.00,6.153
2015-03-18T01:51:00Z,167.00,48.00,-119.00,-160.00,5.986
2015-03-18T01:52:00Z,175.00,44.00,-131.00,-159.00,6.322
2015-03-18T01:53:00Z,148.00,20.00,-128.00,-159.00,5.207
2015-03-18T01:54:00Z,138.00,12.00,-126.00,-159.00,4.807
2015-03-18T01:55:00Z,129.00,7.00,-122.00,-160.00,4.452
2015-03-18T01:56:00Z,117.00,12.00,-105.00,-159.00,3.989
2015-03-18T01:57:00Z,141.00,13.00,-128.00,-160.00,4.926
2015-03-18T01:58:00Z,142.00,25.00,-117.00,-160.00,4.966
2015-03-18T01:59:00Z,135.00,26.00,-109.00,-159.00,4.688
2015-03-18T02:00:00Z,153.00,31.00,-122.00,-159.00,5.409
2015-03-18T02:01:00Z,126.00,34.00,-92.00,-158.00,4.336
2015-03-18T02:02:00Z,126.00,38.00,-88.00,-157.00,4.336
2015-03-18T02:03:00Z,115.00,30.00,-85.00,-157.00,3.913
2015-03-18T02:04:00Z,107.00,28.00,-79.00,-157.00,3.611
2015-03-18T02:05:00Z,116.00,35.00,-81.00,-157.00,3.951
2015-03-18T02:06:00Z,121.00,45.00,-76.00,-157.00,4.142
2015-03-18T02:07:00Z,153.00,75.00,-78.00,-157.00,5.409
2015-03-18T02:08:00Z,179.00,89.00,-90.00,-157.00,6.491
2015-03-18T02:09:00Z,189.00,90.00,-99.00,-156.00,6.920
2015-03-18T02:10:00Z,192.00,86.00,-106.00,-155.00,7.050
2015-03-18T02:11:00Z,207.00,83.00,-124.00,-154.00,7.710
2015-03-18T02:12:00Z,199.00,81.00,-118.00,-153.00,7.356
2015-03-18T02:13:00Z,174.00,65.00,-109.00,-152.00,6.280
2015-03-18T02:14:00Z,175.00,62.00,-113.00,-151.00,6.322
2015-03-18T02:15:00Z,173.00,68.00,-105.00,-151.00,6.238
2015-03-18T02:16:00Z,295.00,76.00,-219.00,-150.00,11.896
2015-03-18T02:17:00Z,351.00,85.00,-266.00,-150.00,14.842
2015-03-18T02:18:00Z,330.00,91.00,-239.00,-150.00,13.712
2015-03-18T02:19:00Z,313.00,94.00,-219.00,-149.00,12.819
2015-03-18T02:20:00Z,385.00,100.00,-285.00,-148.00,16.738
2015-03-18T02:21:00Z,333.00,91.00,-242.00,-148.00,13.871
2015-03-18T02:22:00Z,292.00,102.00,-190.00,-148.00,11.744
2015-03-18T02:23:00Z,311.00,121.00,-190.00,-148.00,12.715
2015-03-18T02:24:00Z,360.00,131.00,-229.00,-148.00,15.336
2015-03-18T02:25:00Z,373.00,135.00,-238.00,-147.00,16.060
2015-03-18T02:26:00Z,403.00,135.00,-268.00,-147.00,17.774
2015-03-18T02:27:00Z,342.00,128.00,-214.00,-147.00,14.354
2015-03-18T02:28:00Z,394.00,132.00,-262.00,-146.00,17.253
2015-03-18T02:29:00Z,377.00,121.00,-256.00,-145.00,16.285
2015-03-18T02:30:00Z,392.00,114.00,-278.00,-145.00,17.138
2015-03-18T02:31:00Z,372.00,109.00,-263.00,-144.00,16.003
2015-03-18T02:32:00Z,381.00,99.00,-282.00,-143.00,16.511
2015-03-18T02:33:00Z,400.00,103.00,-297.00,-143.00,17.600
2015-03-18T02:34:00Z,440.00,112.00,-328.00,-143.00,19.976
2015-03-18T02:35:00Z,442.00,124.00,-318.00,-143.00,20.098
2015-03-18T02:36:00Z,411.00,122.00,-289.00,-143.00,18.242
2015-03-18T02:37:00Z,409.00,125.00,-284.00,-143.00,18.125
2015-03-18T02:38:00Z,397.00,125.00,-272.00,-144.00,17.426
2015-03-18T02:39:00Z,386.00,115.00,-271.00,-144.00,16.795
2015-03-18T02:40:00Z,381.00,104.00,-277.00,-144.00,16.511
2015-03-18T02:41:00Z,384.00,94.00,-290.00,-145.00,16.681
2015-03-18T02:42:00Z,390.00,101.00,-289.00,-144.00,17.023
2015-03-18T02:43:00Z,405.00,127.00,-278.00,-144.00,17.891
2015-03-18T02:44:00Z,407.00,137.00,-270.00,-144.00,18.008
2015-03-18T02:45:00Z,402.00,135.00,-267.00,-144.00,17.716
2015-03-18T02:46:00Z,407.00,145.00,-262.00,-144.00,18.008
2015-03-18T02:47:00Z,388.00,150.00,-238.00,-144.00,16.909
2015-03-18T02:48:00Z,379.00,162.00,-217.00,-144.00,16.397
2015-03-18T02:49:00Z,378.00,168.00,-210.00,-143.00,16.341
2015-03-18T02:50:00Z,387.00,172.00,-215.00,-144.00,16.852
2015-03-18T02:51:00Z,374.00,166.00,-208.00,-144.00,16.116
2015-03-18T02:52:00Z,380.00,180.00,-200.00,-144.00,16.454
2015-03-18T02:53:00Z,337.00,143.00,-194.00,-144.00,14.085
2015-03-18T02:54:00Z,349.00,139.00,-210.00,-144.00,14.733
2015-03-18T02:55:00Z,362.00,139.00,-223.00,-144.00,15.447
2015-03-18T02:56:00Z,358.00,126.00,-232.00,-144.00,15.226
2015-03-18T02:57:00Z,369.00,127.00,-242.00,-144.00,15.836
2015-03-18T02:58:00Z,385.00,138.00,-247.00,-143.00,16.738
2015-03-18T02:59:00Z,402.00,146.00,-256.00,-143.00,17.716
2015-03-18T03:00:00Z,382.00,144.00,-238.00,-142.00,16.567
2015-03-18T03:01:00Z,342.00,130.00,-212.00,-142.00,14.354
2015-03-18T03:02:00Z,332.00,116.00,-216.00,-141.00,13.818
2015-03-18T03:03:00Z,335.00,99.00,-236.00,-141.00,13.978
2015-03-18T03:04:00Z,344.00,80.00,-264.00,-141.00,14.462
2015-03-18T03:05:00Z,352.00,68.00,-284.00,-140.00,14.897
2015-03-18T03:06:00Z,365.00,63.00,-302.00,-140.00,15.613
2015-03-18T03:07:00Z,388.00,66.00,-322.00,-139.00,16.909
2015-03-18T03:08:00Z,405.00,75.00,-330.00,-137.00,17.891
2015-03-18T03:09:00Z,423.00,88.00,-335.00,-136.00,18.953
2015-03-18T03:10:00Z,401.00,91.00,-310.00,-136.00,17.658
2015-03-18T03:11:00Z,320.00,71.00,-249.00,-135.00,13.184
2015-03-18T03:12:00Z,301.00,75.00,-226.00,-134.00,12.201
2015-03-18T03:13:00Z,316.00,84.00,-232.00,-134.00,12.975
2015-03-18T03:14:00Z,349.00,101.00,-248.00,-134.00,14.733
2015-03-18T03:15:00Z,391.00,146.00,-245.00,-135.00,17.081
2015-03-18T03:16:00Z,404.00,172.00,-232.00,-135.00,17.833
2015-03-18T03:17:00Z,396.00,184.00,-212.00,-135.00,17.369
2015-03-18T03:18:00Z,387.00,177.00,-210.00,-135.00,16.852
2015-03-18T03:19:00Z,367.00,156.00,-211.00,-135.00,15.724
2015-03-18T03:20:00Z,307.00,117.00,-190.00,-136.00,12.509
2015-03-18T03:21:00Z,268.00,96.00,-172.00,-135.00,10.554
2015-03-18T03:22:00Z,259.00,91.00,-168.00,-134.00,10.118
2015-03-18T03:23:00Z,243.00,74.00,-169.00,-133.00,9.357
2015-03-18T03:24:00Z,260.00,78.00,-182.00,-133.00,10.166
2015-03-18T03:25:00Z,302.00,107.00,-195.00,-132.00,12.252
2015-03-18T03:26:00Z,322.00,120.00,-202.00,-131.00,13.289
2015-03-18T03:27:00Z,354.00,149.00,-205.00,-131.00,15.006
2015-03-18T03:28:00Z,372.00,168.00,-204.00,-130.00,16.003
2015-03-18T03:29:00Z,401.00,197.00,-204.00,-129.00,17.658
2015-03-18T03:30:00Z,410.00,201.00,-209.00,-130.00,18.183
2015-03-18T03:31:00Z,396.00,196.00,-200.00,-130.00,17.369
2015-03-18T03:32:00Z,394.00,192.00,-202.00,-130.00,17.253
2015-03-18T03:33:00Z,389.00,182.00,-207.00,-130.00,16.966
2015-03-18T03:34:00Z,364.00,164.00,-200.00,-130.00,15.557
2015-03-18T03:35:00Z,340.00,146.00,-194.00,-130.00,14.246
2015-03-18T03:36:00Z,336.00,149.00,-187.00,-130.00,14.031
2015-03-18T03:37:00Z,314.00,132.00,-182.00,-130.00,12.871
2015-03-18T03:38:00Z,292.00,98.00,-194.00,-130.00,11.744
2015-03-18T03:39:00Z,285.00,77.00,-208.00,-130.00,11.393
2015-03-18T03:40:00Z,303.00,83.00,-220.00,-130.00,12.303
2015-03-18T03:41:00Z,334.00,96.00,-238.00,-130.00,13.924
2015-03-18T03:42:00Z,336.00,99.00,-237.00,-129.00,14.031
2015-03-18T03:43:00Z,316.00,98.00,-218.00,-129.00,12.975
2015-03-18T03:44:00Z,321.00,107.00,-214.00,-129.00,13.236
2015-03-18T03:45:00Z,333.00,115.00,-218.00,-129.00,13.871
2015-03-18T03:46:00Z,321.00,108.00,-213.00,-128.00,13.236
2015-03-18T03:47:00Z,335.00,103.00,-232.00,-128.00,13.978
2015-03-18T03:48:00Z,338.00,96.00,-242.00,-128.00,14.139
2015-03-18T03:49:00Z,375.00,106.00,-269.00,-128.00,16.172
2015-03-18T03:50:00Z,386.00,100.00,-286.00,-128.00,16.795
2015-03-18T03:51:00Z,369.00,89.00,-280.00,-128.00,15.836
2015-03-18T03:52:00Z,339.00,83.00,-256.00,-128.00,14.192
2015-03-18T03:53:00Z,338.00,78.00,-260.00,-128.00,14.139
2015-03-18T03:54:00Z,340.00,73.00,-267.00,-128.00,14.246
2015-03-18T03:55:00Z,331.00,65.00,-266.00,-129.00,13.765
2015-03-18T03:56:00Z,308.00,59.00,-249.00,-129.00,12.560
2015-03-18T03:57:00Z,315.00,65.00,-250.00,-129.00,12.923
2015-03-18T03:58:00Z,315.00,61.00,-254.00,-129.00,12.923
2015-03-18T03:59:00Z,313.00,59.00,-254.00,-128.00,12.819
2015-03-18T04:00:00Z,308.00,59.00,-249.00,-128.00,12.560
2015-03-18T04:01:00Z,309.00,68.00,-241.00,-127.00,12.612
2015-03-18T04:02:00Z,309.00,66.00,-243.00,-127.00,12.612
2015-03-18T04:03:00Z,313.00,69.00,-244.00,-128.00,12.819
2015-03-18T04:04:00Z,306.00,69.00,-237.00,-128.00,12.457
2015-03-18T04:05:00Z,306.00,76.00,-230.00,-128.00,12.457
2015-03-18T04:06:00Z,317.00,88.00,-229.00,-128.00,13.027
2015-03-18T04:07:00Z,319.00,96.00,-223.00,-128.00,13.132
2015-03-18T04:08:00Z,307.00,94.00,-213.00,-127.00,12.509
2015-03-18T04:09:00Z,288.00,83.00,-205.00,-127.00,11.543
2015-03-18T04:10:00Z,284.00,86.00,-198.00,-127.00,11.343
2015-03-18T04:11:00Z,287.00,83.00,-204.00,-126.00,11.493
2015-03-18T04:12:00Z,303.00,93.00,-210.00,-127.00,12.303
2015-03-18T04:13:00Z,308.00,106.00,-202.00,-127.00,12.560
2015-03-18T04:14:00Z,331.00,122.00,-209.00,-128.00,13.765
2015-03-18T04:15:00Z,360.00,135.00,-225.00,-128.00,15.336
2015-03-18T04:16:00Z,359.00,144.00,-215.00,-128.00,15.281
2015-03-18T04:17:00Z,365.00,155.00,-210.00,-129.00,15.613
2015-03-18T04:18:00Z,382.00,157.00,-225.00,-128.00,16.567
2015-03-18T04:19:00Z,378.00,146.00,-232.00,-128.00,16.341
2015-03-18T04:20:00Z,384.00,140.00,-244.00,-128.00,16.681
2015-03-18T04:21:00Z,413.00,148.00,-265.00,-128.00,18.360
2015-03-18T04:22:00Z,410.00,150.00,-260.00,-127.00,18.183
2015-03-18T04:23:00Z,411.00,159.00,-252.00,-126.00,18.242
2015-03-18T04:24:00Z,406.00,155.00,-251.00,-126.00,17.949
2015-03-18T04:25:00Z,398.00,138.00,-260.00,-126.00,17.484
2015-03-18T04:26:00Z,392.00,133.00,-259.00,-126.00,17.138
2015-03-18T04:27:00Z,375.00,132.00,-243.00,-127.00,16.172
2015-03-18T04:28:00Z,344.00,127.00,-217.00,-127.00,14.462
2015-03-18T04:29:00Z,330.00,132.00,-198.00,-126.00,13.712
2015-03-18T04:30:00Z,320.00,133.00,-187.00,-126.00,13.184
2015-03-18T04:31:00Z,308.00,123.00,-185.00,-126.00,12.560
2015-03-18T04:32:00Z,292.00,120.00,-172.00,-126.00,11.744
2015-03-18T04:33:00Z,271.00,112.00,-159.00,-125.00,10.700
2015-03-18T04:34:00Z,251.00,105.00,-146.00,-125.00,9.735
2015-03-18T04:35:00Z,240.00,109.00,-131.00,-125.00,9.216
2015-03-18T04:36:00Z,211.00,101.00,-110.00,-124.00,7.888
2015-03-18T04:37:00Z,186.00,83.00,-103.00,-125.00,6.791
2015-03-18T04:38:00Z,176.00,73.00,-103.00,-124.00,6.364
2015-03-18T04:39:00Z,205.00,76.00,-129.00,-124.00,7.621
2015-03-18T04:40:00Z,185.00,64.00,-121.00,-124.00,6.748
2015-03-18T04:41:00Z,156.00,55.00,-101.00,-124.00,5.532
2015-03-18T04:42:00Z,131.00,49.00,-82.00,-124.00,4.531
2015-03-18T04:43:00Z,128.00,45.00,-83.00,-123.00,4.413
2015-03-18T04:44:00Z,135.00,41.00,-94.00,-122.00,4.688
2015-03-18T04:45:00Z,149.00,40.00,-109.00,-122.00,5.247
2015-03-18T04:46:00Z,149.00,43.00,-106.00,-121.00,5.247
2015-03-18T04:47:00Z,138.00,40.00,-98.00,-121.00,4.807
2015-03-18T04:48:00Z,144.00,31.00,-113.00,-120.00,5.046
2015-03-18T04:49:00Z,139.00,27.00,-112.00,-120.00,4.846
2015-03-18T04:50:00Z,142.00,38.00,-104.00,-120.00,4.966
2015-03-18T04:51:00Z,160.00,45.00,-115.00,-120.00,5.696
2015-03-18T04:52:00Z,181.00,52.00,-129.00,-119.00,6.577
2015-03-18T04:53:00Z,221.00,90.00,-131.00,-119.00,8.339
2015-03-18T04:54:00Z,201.00,74.00,-127.00,-119.00,7.444
2015-03-18T04:55:00Z,213.00,88.00,-125.00,-118.00,7.978
2015-03-18T04:56:00Z,214.00,93.00,-121.00,-118.00,8.023
2015-03-18T04:57:00Z,242.00,110.00,-132.00,-117.00,9.310
2015-03-18T04:58:00Z,278.00,129.00,-149.00,-117.00,11.045
2015-03-18T04:59:00Z,288.00,137.00,-151.00,-115.00,11.543
2015-03-18T05:00:00Z,268.00,140.00,-128.00,-114.00,10.554
2015-03-18T05:01:00Z,286.00,146.00,-140.00,-113.00,11.443
2015-03-18T05:02:00Z,305.00,146.00,-159.00,-113.00,12.406
2015-03-18T05:03:00Z,300.00,159.00,-141.00,-112.00,12.150
2015-03-18T05:04:00Z,286.00,175.00,-111.00,-111.00,11.443
2015-03-18T05:05:00Z,320.00,178.00,-142.00,-111.00,13.184
2015-03-18T05:06:00Z,309.00,166.00,-143.00,-112.00,12.612
2015-03-18T05:07:00Z,318.00,164.00,-154.00,-112.00,13.079
2015-03-18T05:08:00Z,308.00,167.00,-141.00,-112.00,12.560
2015-03-18T05:09:00Z,314.00,172.00,-142.00,-112.00,12.871
2015-03-18T05:10:00Z,325.00,182.00,-143.00,-113.00,13.447
2015-03-18T05:11:00Z,326.00,186.00,-140.00,-113.00,13.500
2015-03-18T05:12:00Z,293.00,183.00,-110.00,-113.00,11.795
2015-03-18T05:13:00Z,323.00,184.00,-139.00,-113.00,13.342
2015-03-18T05:14:00Z,347.00,203.00,-144.00,-112.00,14.624
2015-03-18T05:15:00Z,358.00,218.00,-140.00,-112.00,15.226
2015-03-18T05:16:00Z,372.00,233.00,-139.00,-111.00,16.003
2015-03-18T05:17:00Z,383.00,255.00,-128.00,-111.00,16.624
2015-03-18T05:18:00Z,368.00,253.00,-115.00,-110.00,15.780
2015-03-18T05:19:00Z,322.00,202.00,-120.00,-111.00,13.289
2015-03-18T05:20:00Z,254.00,153.00,-101.00,-111.00,9.878
2015-03-18T05:21:00Z,251.00,126.00,-125.00,-111.00,9.735
2015-03-18T05:22:00Z,229.00,132.00,-97.00,-110.00,8.705
2015-03-18T05:23:00Z,250.00,163.00,-87.00,-110.00,9.688
2015-03-18T05:24:00Z,254.00,190.00,-64.00,-109.00,9.878
2015-03-18T05:25:00Z,247.00,186.00,-61.00,-108.00,9.545
2015-03-18T05:26:00Z,219.00,167.00,-52.00,-106.00,8.249
2015-03-18T05:27:00Z,232.00,180.00,-52.00,-103.00,8.844
2015-03-18T05:28:00Z,199.00,147.00,-52.00,-101.00,7.356
2015-03-18T05:29:00Z,161.00,110.00,-51.00,-100.00,5.737
2015-03-18T05:30:00Z,204.00,145.00,-59.00,-100.00,7.577
2015-03-18T05:31:00Z,217.00,147.00,-70.00,-100.00,8.158
2015-03-18T05:32:00Z,233.00,139.00,-94.00,-102.00,8.890
2015-03-18T05:33:00Z,277.00,163.00,-114.00,-102.00,10.996
2015-03-18T05:34:00Z,280.00,156.00,-124.00,-102.00,11.144
2015-03-18T05:35:00Z,289.00,156.00,-133.00,-102.00,11.593
2015-03-18T05:36:00Z,310.00,167.00,-143.00,-102.00,12.663
2015-03-18T05:37:00Z,306.00,150.00,-156.00,-102.00,12.457
2015-03-18T05:38:00Z,306.00,138.00,-168.00,-103.00,12.457
2015-03-18T05:39:00Z,301.00,136.00,-165.00,-103.00,12.201
2015-03-18T05:40:00Z,332.00,154.00,-178.00,-103.00,13.818
2015-03-18T05:41:00Z,339.00,156.00,-183.00,-104.00,14.192
2015-03-18T05:42:00Z,353.00,172.00,-181.00,-104.00,14.951
2015-03-18T05:43:00Z,342.00,170.00,-172.00,-104.00,14.354
2015-03-18T05:44:00Z,341.00,179.00,-162.00,-105.00,14.300
2015-03-18T05:45:00Z,346.00,178.00,-168.00,-106.00,14.570
2015-03-18T05:46:00Z,344.00,162.00,-182.00,-106.00,14.462
2015-03-18T05:47:00Z,358.00,164.00,-194.00,-107.00,15.226
2015-03-18T05:48:00Z,381.00,180.00,-201.00,-107.00,16.511
2015-03-18T05:49:00Z,394.00,186.00,-208.00,-107.00,17.253
2015-03-18T05:50:00Z,424.00,213.00,-211.00,-108.00,19.012
2015-03-18T05:51:00Z,454.00,238.00,-216.00,-109.00,20.834
2015-03-18T05:52:00Z,483.00,253.00,-230.00,-109.00,22.655
2015-03-18T05:53:00Z,469.00,239.00,-230.00,-110.00,21.769
2015-03-18T05:54:00Z,429.00,225.00,-204.00,-111.00,19.311
2015-03-18T05:55:00Z,404.00,215.00,-189.00,-112.00,17.833
2015-03-18T05:56:00Z,411.00,227.00,-184.00,-112.00,18.242
2015-03-18T05:57:00Z,411.00,228.00,-183.00,-112.00,18.242
2015-03-18T05:58:00Z,400.00,214.00,-186.00,-112.00,17.600
2015-03-18T05:59:00Z,386.00,201.00,-185.00,-113.00,16.795
2015-03-18T06:00:00Z,387.00,201.00,-186.00,-113.00,16.852
2015-03-18T06:01:00Z,386.00,205.00,-181.00,-112.00,16.795
2015-03-18T06:02:00Z,372.00,200.00,-172.00,-112.00,16.003
2015-03-18T06:03:00Z,386.00,197.00,-189.00,-112.00,16.795
2015-03-18T06:04:00Z,386.00,206.00,-180.00,-111.00,16.795
2015-03-18T06:05:00Z,370.00,203.00,-167.00,-111.00,15.892
2015-03-18T06:06:00Z,408.00,197.00,-211.00,-111.00,18.066
2015-03-18T06:07:00Z,467.00,186.00,-281.00,-111.00,21.643
2015-03-18T06:08:00Z,334.00,169.00,-165.00,-110.00,13.924
2015-03-18T06:09:00Z,292.00,146.00,-146.00,-110.00,11.744
2015-03-18T06:10:00Z,284.00,130.00,-154.00,-109.00,11.343
2015-03-18T06:11:00Z,279.00,113.00,-166.00,-109.00,11.094
2015-03-18T06:12:00Z,246.00,99.00,-147.00,-109.00,9.498
2015-03-18T06:13:00Z,223.00,86.00,-137.00,-109.00,8.431
2015-03-18T06:14:00Z,212.00,82.00,-130.00,-108.00,7.933
2015-03-18T06:15:00Z,210.00,86.00,-124.00,-108.00,7.843
2015-03-18T06:16:00Z,227.00,89.00,-138.00,-108.00,8.614
2015-03-18T06:17:00Z,244.00,88.00,-156.00,-107.00,9.404
2015-03-18T06:18:00Z,225.00,92.00,-133.00,-107.00,8.522
2015-03-18T06:19:00Z,196.00,90.00,-106.00,-106.00,7.225
2015-03-18T06:20:00Z,175.00,79.00,-96.00,-106.00,6.322
2015-03-18T06:21:00Z,185.00,71.00,-114.00,-106.00,6.748
2015-03-18T06:22:00Z,186.00,64.00,-122.00,-105.00,6.791
2015-03-18T06:23:00Z,171.00,54.00,-117.00,-105.00,6.153
2015-03-18T06:24:00Z,157.00,51.00,-106.00,-104.00,5.573
2015-03-18T06:25:00Z,145.00,53.00,-92.00,-104.00,5.086
2015-03-18T06:26:00Z,139.00,57.00,-82.00,-104.00,4.846
2015-03-18T06:27:00Z,131.00,59.00,-72.00,-104.00,4.531
2015-03-18T06:28:00Z,125.00,60.00,-65.00,-104.00,4.297
2015-03-18T06:29:00Z,129.00,55.00,-74.00,-104.00,4.452
2015-03-18T06:30:00Z,133.00,61.00,-72.00,-105.00,4.609
2015-03-18T06:31:00Z,131.00,63.00,-68.00,-104.00,4.531
2015-03-18T06:32:00Z,119.00,55.00,-64.00,-104.00,4.066
2015-03-18T06:33:00Z,108.00,53.00,-55.00,-105.00,3.648
2015-03-18T06:34:00Z,115.00,57.00,-58.00,-105.00,3.913
2015-03-18T06:35:00Z,118.00,59.00,-59.00,-105.00,4.027
2015-03-18T06:36:00Z,114.00,51.00,-63.00,-105.00,3.875
2015-03-18T06:37:00Z,118.00,47.00,-71.00,-104.00,4.027
2015-03-18T06:38:00Z,117.00,43.00,-74.00,-104.00,3.989
2015-03-18T06:39:00Z,116.00,43.00,-73.00,-104.00,3.951
2015-03-18T06:40:00Z,128.00,47.00,-81.00,-103.00,4.413
2015-03-18T06:41:00Z,132.00,44.00,-88.00,-103.00,4.570
2015-03-18T06:42:00Z,151.00,42.00,-109.00,-102.00,5.328
2015-03-18T06:43:00Z,163.00,44.00,-119.00,-102.00,5.820
2015-03-18T06:44:00Z,165.00,32.00,-133.00,-101.00,5.903
2015-03-18T06:45:00Z,164.00,23.00,-141.00,-101.00,5.861
2015-03-18T06:46:00Z,157.00,20.00,-137.00,-100.00,5.573
2015-03-18T06:47:00Z,146.00,27.00,-119.00,-100.00,5.126
2015-03-18T06:48:00Z,156.00,39.00,-117.00,-100.00,5.532
2015-03-18T06:49:00Z,160.00,42.00,-118.00,-100.00,5.696
2015-03-18T06:50:00Z,168.00,41.00,-127.00,-101.00,6.028
2015-03-18T06:51:00Z,159.00,42.00,-117.00,-100.00,5.655
2015-03-18T06:52:00Z,151.00,42.00,-109.00,-101.00,5.328
2015-03-18T06:53:00Z,154.00,42.00,-112.00,-100.00,5.450
2015-03-18T06:54:00Z,154.00,40.00,-114.00,-100.00,5.450
2015-03-18T06:55:00Z,166.00,38.00,-128.00,-99.00,5.944
2015-03-18T06:56:00Z,178.00,39.00,-139.00,-99.00,6.449
2015-03-18T06:57:00Z,171.00,40.00,-131.00,-98.00,6.153
2015-03-18T06:58:00Z,149.00,39.00,-110.00,-99.00,5.247
2015-03-18T06:59:00Z,136.00,45.00,-91.00,-98.00,4.727
2015-03-18T07:00:00Z,125.00,48.00,-77.00,-99.00,4.297
2015-03-18T07:01:00Z,147.00,48.00,-99.00,-98.00,5.166
2015-03-18T07:02:00Z,173.00,51.00,-122.00,-97.00,6.238
2015-03-18T07:03:00Z,187.00,53.00,-134.00,-96.00,6.834
2015-03-18T07:04:00Z,188.00,53.00,-135.00,-96.00,6.877
2015-03-18T07:05:00Z,181.00,58.00,-123.00,-95.00,6.577
2015-03-18T07:06:00Z,170.00,65.00,-105.00,-95.00,6.111
2015-03-18T07:07:00Z,151.00,61.00,-90.00,-94.00,5.328
2015-03-18T07:08:00Z,137.00,57.00,-80.00,-93.00,4.767
2015-03-18T07:09:00Z,125.00,56.00,-69.00,-93.00,4.297
2015-03-18T07:10:00Z,148.00,70.00,-78.00,-92.00,5.207
2015-03-18T07:11:00Z,182.00,80.00,-102.00,-93.00,6.619
2015-03-18T07:12:00Z,194.00,81.00,-113.00,-93.00,7.137
2015-03-18T07:13:00Z,193.00,89.00,-104.00,-93.00,7.094
2015-03-18T07:14:00Z,171.00,94.00,-77.00,-93.00,6.153
2015-03-18T07:15:00Z,158.00,98.00,-60.00,-94.00,5.614
2015-03-18T07:16:00Z,164.00,104.00,-60.00,-94.00,5.861
2015-03-18T07:17:00Z,178.00,110.00,-68.00,-95.00,6.449
2015-03-18T07:18:00Z,196.00,117.00,-79.00,-95.00,7.225
2015-03-18T07:19:00Z,204.00,118.00,-86.00,-95.00,7.577
2015-03-18T07:20:00Z,211.00,124.00,-87.00,-96.00,7.888
2015-03-18T07:21:00Z,228.00,135.00,-93.00,-95.00,8.659
2015-03-18T07:22:00Z,225.00,129.00,-96.00,-95.00,8.522
2015-03-18T07:23:00Z,211.00,123.00,-88.00,-94.00,7.888
2015-03-18T07:24:00Z,218.00,124.00,-94.00,-93.00,8.203
2015-03-18T07:25:00Z,235.00,122.00,-113.00,-93.00,8.983
2015-03-18T07:26:00Z,241.00,110.00,-131.00,-92.00,9.263
2015-03-18T07:27:00Z,226.00,95.00,-131.00,-92.00,8.568
2015-03-18T07:28:00Z,222.00,93.00,-129.00,-91.00,8.385
2015-03-18T07:29:00Z,217.00,93.00,-124.00,-92.00,8.158
2015-03-18T07:30:00Z,199.00,101.00,-98.00,-92.00,7.356
2015-03-18T07:31:00Z,190.00,111.00,-79.00,-92.00,6.963
2015-03-18T07:32:00Z,188.00,113.00,-75.00,-92.00,6.877
2015-03-18T07:33:00Z,181.00,104.00,-77.00,-93.00,6.577
2015-03-18T07:34:00Z,169.00,95.00,-74.00,-93.00,6.070
2015-03-18T07:35:00Z,160.00,97.00,-63.00,-93.00,5.696
2015-03-18T07:36:00Z,155.00,102.00,-53.00,-92.00,5.491
2015-03-18T07:37:00Z,154.00,99.00,-55.00,-92.00,5.450
2015-03-18T07:38:00Z,151.00,95.00,-56.00,-91.00,5.328
2015-03-18T07:39:00Z,143.00,93.00,-50.00,-90.00,5.006
2015-03-18T07:40:00Z,130.00,95.00,-35.00,-90.00,4.492
2015-03-18T07:41:00Z,159.00,108.00,-51.00,-89.00,5.655
2015-03-18T07:42:00Z,177.00,117.00,-60.00,-90.00,6.407
2015-03-18T07:43:00Z,206.00,120.00,-86.00,-89.00,7.665
2015-03-18T07:44:00Z,237.00,121.00,-116.00,-88.00,9.076
2015-03-18T07:45:00Z,276.00,147.00,-129.00,-88.00,10.946
2015-03-18T07:46:00Z,316.00,182.00,-134.00,-88.00,12.975
2015-03-18T07:47:00Z,341.00,187.00,-154.00,-88.00,14.300
2015-03-18T07:48:00Z,358.00,178.00,-180.00,-88.00,15.226
2015-03-18T07:49:00Z,395.00,184.00,-211.00,-90.00,17.311
2015-03-18T07:50:00Z,442.00,187.00,-255.00,-92.00,20.098
2015-03-18T07:51:00Z,466.00,185.00,-281.00,-94.00,21.580
2015-03-18T07:52:00Z,473.00,190.00,-283.00,-94.00,22.021
2015-03-18T07:53:00Z,472.00,188.00,-284.00,-94.00,21.957
2015-03-18T07:54:00Z,453.00,180.00,-273.00,-95.00,20.772
2015-03-18T07:55:00Z,431.00,176.00,-255.00,-95.00,19.432
2015-03-18T07:56:00Z,411.00,173.00,-238.00,-95.00,18.242
2015-03-18T07:57:00Z,385.00,165.00,-220.00,-95.00,16.738
2015-03-18T07:58:00Z,390.00,173.00,-217.00,-96.00,17.023
2015-03-18T07:59:00Z,385.00,167.00,-218.00,-96.00,16.738
2015-03-18T08:00:00Z,378.00,160.00,-218.00,-97.00,16.341
2015-03-18T08:01:00Z,364.00,147.00,-217.00,-97.00,15.557
2015-03-18T08:02:00Z,357.00,149.00,-208.00,-97.00,15.171
2015-03-18T08:03:00Z,345.00,149.00,-196.00,-97.00,14.516
2015-03-18T08:04:00Z,346.00,149.00,-197.00,-97.00,14.570
2015-03-18T08:05:00Z,362.00,152.00,-210.00,-97.00,15.447
2015-03-18T08:06:00Z,394.00,161.00,-233.00,-97.00,17.253
2015-03-18T08:07:00Z,409.00,154.00,-255.00,-98.00,18.125
2015-03-18T08:08:00Z,441.00,168.00,-273.00,-98.00,20.037
2015-03-18T08:09:00Z,455.00,180.00,-275.00,-99.00,20.896
2015-03-18T08:10:00Z,447.00,186.00,-261.00,-99.00,20.403
2015-03-18T08:11:00Z,455.00,188.00,-267.00,-99.00,20.896
2015-03-18T08:12:00Z,506.00,204.00,-302.00,-100.00,24.141
2015-03-18T08:13:00Z,498.00,232.00,-266.00,-100.00,23.620
2015-03-18T08:14:00Z,482.00,231.00,-251.00,-101.00,22.591
2015-03-18T08:15:00Z,445.00,206.00,-239.00,-102.00,20.281
2015-03-18T08:16:00Z,417.00,209.00,-208.00,-103.00,18.596
2015-03-18T08:17:00Z,380.00,220.00,-160.00,-103.00,16.454
2015-03-18T08:18:00Z,350.00,202.00,-148.00,-104.00,14.787
2015-03-18T08:19:00Z,370.00,212.00,-158.00,-103.00,15.892
2015-03-18T08:20:00Z,375.00,214.00,-161.00,-103.00,16.172
2015-03-18T08:21:00Z,370.00,209.00,-161.00,-102.00,15.892
2015-03-18T08:22:00Z,384.00,195.00,-189.00,-102.00,16.681
2015-03-18T08:23:00Z,432.00,173.00,-259.00,-102.00,19.492
2015-03-18T08:24:00Z,456.00,166.00,-290.00,-102.00,20.958
2015-03-18T08:25:00Z,432.00,177.00,-255.00,-101.00,19.492
2015-03-18T08:26:00Z,552.00,202.00,-350.00,-101.00,27.225
2015-03-18T08:27:00Z,696.00,215.00,-481.00,-100.00,37.835
2015-03-18T08:28:00Z,839.00,225.00,-614.00,-100.00,49.807
2015-03-18T08:29:00Z,953.00,264.00,-689.00,-100.00,60.377
2015-03-18T08:30:00Z,1010.00,251.00,-759.00,-99.00,66.004
2015-03-18T08:31:00Z,1038.00,250.00,-788.00,-99.00,68.851
2015-03-18T08:32:00Z,1286.00,264.00,-1022.00,-98.00,96.463
2015-03-18T08:33:00Z,1174.00,268.00,-906.00,-98.00,83.460
2015-03-18T08:34:00Z,1065.00,274.00,-791.00,-97.00,71.648
2015-03-18T08:35:00Z,1142.00,259.00,-883.00,-97.00,79.906
2015-03-18T08:36:00Z,1274.00,259.00,-1015.00,-96.00,95.028
2015-03-18T08:37:00Z,1228.00,264.00,-964.00,-96.00,89.619
2015-03-18T08:38:00Z,1118.00,279.00,-839.00,-96.00,77.287
2015-03-18T08:39:00Z,1029.00,272.00,-757.00,-96.00,67.929
2015-03-18T08:40:00Z,906.00,265.00,-641.00,-97.00,55.909
2015-03-18T08:41:00Z,843.00,248.00,-595.00,-97.00,50.163
2015-03-18T08:42:00Z,839.00,254.00,-585.00,-97.00,49.807
2015-03-18T08:43:00Z,868.00,274.00,-594.00,-97.00,52.410
2015-03-18T08:44:00Z,830.00,278.00,-552.00,-97.00,49.011
2015-03-18T08:45:00Z,726.00,261.00,-465.00,-96.00,40.228
2015-03-18T08:46:00Z,691.00,264.00,-427.00,-96.00,37.442
2015-03-18T08:47:00Z,670.00,262.00,-408.00,-95.00,35.811
2015-03-18T08:48:00Z,663.00,266.00,-397.00,-94.00,35.275
2015-03-18T08:49:00Z,622.00,244.00,-378.00,-93.00,32.201
2015-03-18T08:50:00Z,595.00,225.00,-370.00,-93.00,30.241
2015-03-18T08:51:00Z,569.00,215.00,-354.00,-92.00,28.402
2015-03-18T08:52:00Z,629.00,204.00,-425.00,-92.00,32.717
2015-03-18T08:53:00Z,737.00,203.00,-534.00,-91.00,41.121
2015-03-18T08:54:00Z,652.00,191.00,-461.00,-90.00,34.439
2015-03-18T08:55:00Z,621.00,198.00,-423.00,-90.00,32.127
2015-03-18T08:56:00Z,587.00,207.00,-380.00,-90.00,29.670
2015-03-18T08:57:00Z,567.00,209.00,-358.00,-90.00,28.262
2015-03-18T08:58:00Z,529.00,217.00,-312.00,-89.00,25.664
2015-03-18T08:59:00Z,559.00,202.00,-357.00,-89.00,27.707
2015-03-18T09:00:00Z,562.00,187.00,-375.00,-89.00,27.915
2015-03-18T09:01:00Z,524.00,179.00,-345.00,-89.00,25.330
2015-03-18T09:02:00Z,516.00,174.00,-342.00,-89.00,24.799
2015-03-18T09:03:00Z,513.00,182.00,-331.00,-89.00,24.601
2015-03-18T09:04:00Z,521.00,184.00,-337.00,-90.00,25.130
2015-03-18T09:05:00Z,532.00,203.00,-329.00,-90.00,25.866
2015-03-18T09:06:00Z,551.00,231.00,-320.00,-91.00,27.156
2015-03-18T09:07:00Z,587.00,259.00,-328.00,-91.00,29.670
2015-03-18T09:08:00Z,585.00,246.00,-339.00,-91.00,29.528
2015-03-18T09:09:00Z,572.00,235.00,-337.00,-91.00,28.611
2015-03-18T09:10:00Z,558.00,223.00,-335.00,-91.00,27.638
2015-03-18T09:11:00Z,564.00,230.00,-334.00,-91.00,28.053
2015-03-18T09:12:00Z,560.00,229.00,-331.00,-90.00,27.776
2015-03-18T09:13:00Z,529.00,213.00,-316.00,-90.00,25.664
2015-03-18T09:14:00Z,518.00,211.00,-307.00,-90.00,24.931
2015-03-18T09:15:00Z,556.00,257.00,-299.00,-90.00,27.500
2015-03-18T09:16:00Z,590.00,283.00,-307.00,-89.00,29.883
2015-03-18T09:17:00Z,587.00,285.00,-302.00,-89.00,29.670
2015-03-18T09:18:00Z,579.00,287.00,-292.00,-89.00,29.103
2015-03-18T09:19:00Z,580.00,287.00,-293.00,-88.00,29.174
2015-03-18T09:20:00Z,620.00,287.00,-333.00,-88.00,32.054
2015-03-18T09:21:00Z,651.00,295.00,-356.00,-88.00,34.363
2015-03-18T09:22:00Z,640.00,290.00,-350.00,-88.00,33.536
2015-03-18T09:23:00Z,602.00,263.00,-339.00,-88.00,30.744
2015-03-18T09:24:00Z,574.00,245.00,-329.00,-89.00,28.752
2015-03-18T09:25:00Z,589.00,236.00,-353.00,-89.00,29.812
2015-03-18T09:26:00Z,616.00,242.00,-374.00,-89.00,31.761
2015-03-18T09:27:00Z,607.00,232.00,-375.00,-89.00,31.106
2015-03-18T09:28:00Z,594.00,228.00,-366.00,-89.00,30.169
2015-03-18T09:29:00Z,635.00,243.00,-392.00,-89.00,33.163
2015-03-18T09:30:00Z,641.00,249.00,-392.00,-89.00,33.611
2015-03-18T09:31:00Z,652.00,244.00,-408.00,-88.00,34.439
2015-03-18T09:32:00Z,667.00,242.00,-425.00,-89.00,35.581
2015-03-18T09:33:00Z,670.00,235.00,-435.00,-89.00,35.811
2015-03-18T09:34:00Z,658.00,230.00,-428.00,-90.00,34.894
2015-03-18T09:35:00Z,655.00,229.00,-426.00,-90.00,34.666
2015-03-18T09:36:00Z,640.00,222.00,-418.00,-91.00,33.536
2015-03-18T09:37:00Z,644.00,227.00,-417.00,-91.00,33.836
2015-03-18T09:38:00Z,629.00,230.00,-399.00,-91.00,32.717
2015-03-18T09:39:00Z,634.00,222.00,-412.00,-91.00,33.088
2015-03-18T09:40:00Z,655.00,214.00,-441.00,-91.00,34.666
2015-03-18T09:41:00Z,640.00,205.00,-435.00,-91.00,33.536
2015-03-18T09:42:00Z,623.00,201.00,-422.00,-91.00,32.275
2015-03-18T09:43:00Z,617.00,205.00,-412.00,-91.00,31.834
2015-03-18T09:44:00Z,627.00,195.00,-432.00,-90.00,32.570
2015-03-18T09:45:00Z,643.00,197.00,-446.00,-90.00,33.761
2015-03-18T09:46:00Z,626.00,190.00,-436.00,-91.00,32.496
2015-03-18T09:47:00Z,581.00,177.00,-404.00,-90.00,29.245
2015-03-18T09:48:00Z,566.00,176.00,-390.00,-91.00,28.192
2015-03-18T09:49:00Z,547.00,185.00,-362.00,-90.00,26.882
2015-03-18T09:50:00Z,561.00,189.00,-372.00,-90.00,27.845
2015-03-18T09:51:00Z,556.00,180.00,-376.00,-90.00,27.500
2015-03-18T09:52:00Z,538.00,167.00,-371.00,-89.00,26.271
2015-03-18T09:53:00Z,536.00,176.00,-360.00,-89.00,26.135
2015-03-18T09:54:00Z,548.00,192.00,-356.00,-88.00,26.951
2015-03-18T09:55:00Z,571.00,191.00,-380.00,-88.00,28.541
2015-03-18T09:56:00Z,557.00,181.00,-376.00,-89.00,27.569
2015-03-18T09:57:00Z,534.00,193.00,-341.00,-89.00,26.000
2015-03-18T09:58:00Z,514.00,204.00,-310.00,-90.00,24.667
2015-03-18T09:59:00Z,536.00,200.00,-336.00,-91.00,26.135
2015-03-18T10:00:00Z,563.00,188.00,-375.00,-91.00,27.984
2015-03-18T10:01:00Z,549.00,179.00,-370.00,-92.00,27.019
2015-03-18T10:02:00Z,518.00,178.00,-340.00,-91.00,24.931
2015-03-18T10:03:00Z,542.00,175.00,-367.00,-91.00,26.542
2015-03-18T10:04:00Z,566.00,186.00,-380.00,-91.00,28.192
2015-03-18T10:05:00Z,559.00,185.00,-374.00,-92.00,27.707
2015-03-18T10:06:00Z,560.00,181.00,-379.00,-91.00,27.776
2015-03-18T10:07:00Z,541.00,184.00,-357.00,-91.00,26.474
2015-03-18T10:08:00Z,500.00,196.00,-304.00,-91.00,23.750
2015-03-18T10:09:00Z,476.00,192.00,-284.00,-91.00,22.210
2015-03-18T10:10:00Z,510.00,188.00,-322.00,-92.00,24.403
2015-03-18T10:11:00Z,523.00,192.00,-331.00,-92.00,25.264
2015-03-18T10:12:00Z,490.00,188.00,-302.00,-93.00,23.103
2015-03-18T10:13:00Z,540.00,263.00,-277.00,-93.00,26.406
2015-03-18T10:14:00Z,490.00,224.00,-266.00,-93.00,23.103
2015-03-18T10:15:00Z,486.00,205.00,-281.00,-93.00,22.847
2015-03-18T10:16:00Z,487.00,177.00,-310.00,-92.00,22.911
2015-03-18T10:17:00Z,470.00,165.00,-305.00,-91.00,21.831
2015-03-18T10:18:00Z,427.00,173.00,-254.00,-89.00,19.192
2015-03-18T10:19:00Z,399.00,177.00,-222.00,-89.00,17.542
2015-03-18T10:20:00Z,425.00,170.00,-255.00,-90.00,19.072
2015-03-18T10:21:00Z,422.00,165.00,-257.00,-90.00,18.893
2015-03-18T10:22:00Z,351.00,164.00,-187.00,-90.00,14.842
2015-03-18T10:23:00Z,309.00,165.00,-144.00,-90.00,12.612
2015-03-18T10:24:00Z,358.00,170.00,-188.00,-90.00,15.226
2015-03-18T10:25:00Z,406.00,171.00,-235.00,-90.00,17.949
2015-03-18T10:26:00Z,368.00,168.00,-200.00,-90.00,15.780
2015-03-18T10:27:00Z,300.00,153.00,-147.00,-90.00,12.150
2015-03-18T10:28:00Z,297.00,133.00,-164.00,-91.00,11.997
2015-03-18T10:29:00Z,332.00,129.00,-203.00,-90.00,13.818
2015-03-18T10:30:00Z,322.00,124.00,-198.00,-90.00,13.289
2015-03-18T10:31:00Z,271.00,132.00,-139.00,-89.00,10.700
2015-03-18T10:32:00Z,237.00,121.00,-116.00,-89.00,9.076
2015-03-18T10:33:00Z,297.00,107.00,-190.00,-88.00,11.997
2015-03-18T10:34:00Z,374.00,104.00,-270.00,-87.00,16.116
2015-03-18T10:35:00Z,260.00,107.00,-153.00,-87.00,10.166
2015-03-18T10:36:00Z,297.00,107.00,-190.00,-87.00,11.997
2015-03-18T10:37:00Z,296.00,97.00,-199.00,-87.00,11.947
2015-03-18T10:38:00Z,300.00,111.00,-189.00,-86.00,12.150
2015-03-18T10:39:00Z,309.00,128.00,-181.00,-85.00,12.612
2015-03-18T10:40:00Z,417.00,135.00,-282.00,-84.00,18.596
2015-03-18T10:41:00Z,393.00,144.00,-249.00,-83.00,17.196
2015-03-18T10:42:00Z,373.00,126.00,-247.00,-82.00,16.060
2015-03-18T10:43:00Z,472.00,126.00,-346.00,-82.00,21.957
2015-03-18T10:44:00Z,431.00,115.00,-316.00,-81.00,19.432
2015-03-18T10:45:00Z,453.00,125.00,-328.00,-81.00,20.772
2015-03-18T10:46:00Z,515.00,133.00,-382.00,-81.00,24.733
2015-03-18T10:47:00Z,539.00,148.00,-391.00,-80.00,26.338
2015-03-18T10:48:00Z,522.00,170.00,-352.00,-79.00,25.197
2015-03-18T10:49:00Z,515.00,151.00,-364.00,-78.00,24.733
2015-03-18T10:50:00Z,503.00,132.00,-371.00,-77.00,23.945
2015-03-18T10:51:00Z,493.00,142.00,-351.00,-75.00,23.297
2015-03-18T10:52:00Z,511.00,147.00,-364.00,-74.00,24.469
2015-03-18T10:53:00Z,517.00,153.00,-364.00,-74.00,24.865
2015-03-18T10:54:00Z,502.00,134.00,-368.00,-73.00,23.880
2015-03-18T10:55:00Z,517.00,141.00,-376.00,-73.00,24.865
2015-03-18T10:56:00Z,563.00,131.00,-432.00,-72.00,27.984
2015-03-18T10:57:00Z,608.00,153.00,-455.00,-71.00,31.178
2015-03-18T10:58:00Z,628.00,179.00,-449.00,-70.00,32.643
2015-03-18T10:59:00Z,627.00,170.00,-457.00,-69.00,32.570
2015-03-18T11:00:00Z,583.00,143.00,-440.00,-69.00,29.386
2015-03-18T11:01:00Z,610.00,148.00,-462.00,-69.00,31.323
2015-03-18T11:02:00Z,597.00,118.00,-479.00,-69.00,30.384
2015-03-18T11:03:00Z,641.00,128.00,-513.00,-69.00,33.611
2015-03-18T11:04:00Z,649.00,112.00,-537.00,-70.00,34.212
2015-03-18T11:05:00Z,613.00,104.00,-509.00,-71.00,31.542
2015-03-18T11:06:00Z,626.00,125.00,-501.00,-70.00,32.496
2015-03-18T11:07:00Z,665.00,167.00,-498.00,-69.00,35.428
2015-03-18T11:08:00Z,694.00,196.00,-498.00,-68.00,37.677
2015-03-18T11:09:00Z,710.00,183.00,-527.00,-67.00,38.944
2015-03-18T11:10:00Z,721.00,165.00,-556.00,-67.00,39.824
2015-03-18T11:11:00Z,771.00,162.00,-609.00,-67.00,43.935
2015-03-18T11:12:00Z,797.00,165.00,-632.00,-68.00,46.142
2015-03-18T11:13:00Z,786.00,159.00,-627.00,-69.00,45.203
2015-03-18T11:14:00Z,752.00,137.00,-615.00,-70.00,42.353
2015-03-18T11:15:00Z,765.00,127.00,-638.00,-70.00,43.433
2015-03-18T11:16:00Z,791.00,115.00,-676.00,-71.00,45.629
2015-03-18T11:17:00Z,815.00,115.00,-700.00,-72.00,47.698
2015-03-18T11:18:00Z,847.00,109.00,-738.00,-73.00,50.519
2015-03-18T11:19:00Z,870.00,98.00,-772.00,-73.00,52.591
2015-03-18T11:20:00Z,854.00,110.00,-744.00,-74.00,51.146
2015-03-18T11:21:00Z,817.00,112.00,-705.00,-75.00,47.872
2015-03-18T11:22:00Z,712.00,103.00,-609.00,-75.00,39.103
2015-03-18T11:23:00Z,705.00,94.00,-611.00,-76.00,38.546
2015-03-18T11:24:00Z,737.00,85.00,-652.00,-76.00,41.121
2015-03-18T11:25:00Z,700.00,100.00,-600.00,-77.00,38.150
2015-03-18T11:26:00Z,683.00,133.00,-550.00,-78.00,36.817
2015-03-18T11:27:00Z,630.00,137.00,-493.00,-79.00,32.791
2015-03-18T11:28:00Z,591.00,118.00,-473.00,-78.00,29.955
2015-03-18T11:29:00Z,553.00,92.00,-461.00,-78.00,27.293
2015-03-18T11:30:00Z,547.00,101.00,-446.00,-78.00,26.882
2015-03-18T11:31:00Z,484.00,99.00,-385.00,-79.00,22.719
2015-03-18T11:32:00Z,410.00,80.00,-330.00,-80.00,18.183
2015-03-18T11:33:00Z,357.00,59.00,-298.00,-80.00,15.171
2015-03-18T11:34:00Z,370.00,70.00,-300.00,-80.00,15.892
2015-03-18T11:35:00Z,347.00,82.00,-265.00,-80.00,14.624
2015-03-18T11:36:00Z,346.00,53.00,-293.00,-80.00,14.570
2015-03-18T11:37:00Z,331.00,31.00,-300.00,-80.00,13.765
2015-03-18T11:38:00Z,350.00,42.00,-308.00,-79.00,14.787
2015-03-18T11:39:00Z,340.00,57.00,-283.00,-79.00,14.246
2015-03-18T11:40:00Z,309.00,48.00,-261.00,-79.00,12.612
2015-03-18T11:41:00Z,315.00,75.00,-240.00,-80.00,12.923
2015-03-18T11:42:00Z,308.00,86.00,-222.00,-80.00,12.560
2015-03-18T11:43:00Z,362.00,97.00,-265.00,-79.00,15.447
2015-03-18T11:44:00Z,418.00,110.00,-308.00,-79.00,18.655
2015-03-18T11:45:00Z,445.00,122.00,-323.00,-78.00,20.281
2015-03-18T11:46:00Z,458.00,115.00,-343.00,-78.00,21.082
2015-03-18T11:47:00Z,481.00,138.00,-343.00,-77.00,22.528
2015-03-18T11:48:00Z,487.00,140.00,-347.00,-78.00,22.911
2015-03-18T11:49:00Z,451.00,118.00,-333.00,-78.00,20.649
2015-03-18T11:50:00Z,431.00,114.00,-317.00,-78.00,19.432
2015-03-18T11:51:00Z,435.00,124.00,-311.00,-78.00,19.673
2015-03-18T11:52:00Z,468.00,142.00,-326.00,-78.00,21.706
2015-03-18T11:53:00Z,499.00,165.00,-334.00,-78.00,23.685
2015-03-18T11:54:00Z,513.00,178.00,-335.00,-79.00,24.601
2015-03-18T11:55:00Z,505.00,188.00,-317.00,-79.00,24.076
2015-03-18T11:56:00Z,477.00,195.00,-282.00,-79.00,22.274
2015-03-18T11:57:00Z,450.00,205.00,-245.00,-79.00,20.587
2015-03-18T11:58:00Z,449.00,211.00,-238.00,-79.00,20.526
2015-03-18T11:59:00Z,454.00,200.00,-254.00,-79.00,20.834
2015-03-18T12:00:00Z,469.00,192.00,-277.00,-78.00,21.769
2015-03-18T12:01:00Z,447.00,174.00,-273.00,-77.00,20.403
2015-03-18T12:02:00Z,421.00,165.00,-256.00,-76.00,18.833
2015-03-18T12:03:00Z,404.00,153.00,-251.00,-76.00,17.833
2015-03-18T12:04:00Z,408.00,166.00,-242.00,-76.00,18.066
2015-03-18T12:05:00Z,432.00,174.00,-258.00,-75.00,19.492
2015-03-18T12:06:00Z,466.00,173.00,-293.00,-74.00,21.580
2015-03-18T12:07:00Z,456.00,170.00,-286.00,-74.00,20.958
2015-03-18T12:08:00Z,413.00,183.00,-230.00,-73.00,18.360
2015-03-18T12:09:00Z,369.00,171.00,-198.00,-73.00,15.836
2015-03-18T12:10:00Z,441.00,152.00,-289.00,-73.00,20.037
2015-03-18T12:11:00Z,478.00,140.00,-338.00,-73.00,22.337
2015-03-18T12:12:00Z,400.00,147.00,-253.00,-74.00,17.600
2015-03-18T12:13:00Z,368.00,141.00,-227.00,-74.00,15.780
2015-03-18T12:14:00Z,408.00,140.00,-268.00,-74.00,18.066
2015-03-18T12:15:00Z,365.00,145.00,-220.00,-75.00,15.613
2015-03-18T12:16:00Z,320.00,152.00,-168.00,-75.00,13.184
2015-03-18T12:17:00Z,355.00,150.00,-205.00,-76.00,15.061
2015-03-18T12:18:00Z,373.00,157.00,-216.00,-76.00,16.060
2015-03-18T12:19:00Z,338.00,166.00,-172.00,-75.00,14.139
2015-03-18T12:20:00Z,354.00,170.00,-184.00,-76.00,15.006
2015-03-18T12:21:00Z,382.00,181.00,-201.00,-75.00,16.567
2015-03-18T12:22:00Z,360.00,189.00,-171.00,-75.00,15.336
2015-03-18T12:23:00Z,330.00,193.00,-137.00,-75.00,13.712
2015-03-18T12:24:00Z,352.00,190.00,-162.00,-75.00,14.897
2015-03-18T12:25:00Z,396.00,196.00,-200.00,-75.00,17.369
2015-03-18T12:26:00Z,396.00,200.00,-196.00,-75.00,17.369
2015-03-18T12:27:00Z,373.00,206.00,-167.00,-76.00,16.060
2015-03-18T12:28:00Z,378.00,202.00,-176.00,-75.00,16.341
2015-03-18T12:29:00Z,389.00,191.00,-198.00,-75.00,16.966
2015-03-18T12:30:00Z,356.00,184.00,-172.00,-75.00,15.116
2015-03-18T12:31:00Z,327.00,179.00,-148.00,-75.00,13.553
2015-03-18T12:32:00Z,341.00,172.00,-169.00,-75.00,14.300
2015-03-18T12:33:00Z,351.00,176.00,-175.00,-75.00,14.842
2015-03-18T12:34:00Z,337.00,184.00,-153.00,-75.00,14.085
2015-03-18T12:35:00Z,344.00,193.00,-151.00,-76.00,14.462
2015-03-18T12:36:00Z,367.00,198.00,-169.00,-75.00,15.724
2015-03-18T12:37:00Z,359.00,192.00,-167.00,-76.00,15.281
2015-03-18T12:38:00Z,317.00,171.00,-146.00,-76.00,13.027
2015-03-18T12:39:00Z,286.00,153.00,-133.00,-76.00,11.443
2015-03-18T12:40:00Z,289.00,140.00,-149.00,-75.00,11.593
2015-03-18T12:41:00Z,302.00,141.00,-161.00,-75.00,12.252
2015-03-18T12:42:00Z,304.00,151.00,-153.00,-76.00,12.355
2015-03-18T12:43:00Z,288.00,149.00,-139.00,-76.00,11.543
2015-03-18T12:44:00Z,279.00,141.00,-138.00,-75.00,11.094
2015-03-18T12:45:00Z,286.00,142.00,-144.00,-75.00,11.443
2015-03-18T12:46:00Z,301.00,149.00,-152.00,-75.00,12.201
2015-03-18T12:47:00Z,298.00,144.00,-154.00,-75.00,12.048
2015-03-18T12:48:00Z,270.00,128.00,-142.00,-74.00,10.651
2015-03-18T12:49:00Z,231.00,99.00,-132.00,-74.00,8.798
2015-03-18T12:50:00Z,218.00,90.00,-128.00,-74.00,8.203
2015-03-18T12:51:00Z,209.00,89.00,-120.00,-73.00,7.799
2015-03-18T12:52:00Z,195.00,90.00,-105.00,-74.00,7.181
2015-03-18T12:53:00Z,189.00,92.00,-97.00,-72.00,6.920
2015-03-18T12:54:00Z,191.00,82.00,-109.00,-72.00,7.007
2015-03-18T12:55:00Z,215.00,81.00,-134.00,-71.00,8.068
2015-03-18T12:56:00Z,223.00,81.00,-142.00,-70.00,8.431
2015-03-18T12:57:00Z,182.00,75.00,-107.00,-70.00,6.619
2015-03-18T12:58:00Z,148.00,67.00,-81.00,-69.00,5.207
2015-03-18T12:59:00Z,165.00,54.00,-111.00,-69.00,5.903
2015-03-18T13:00:00Z,142.00,56.00,-86.00,-69.00,4.966
2015-03-18T13:01:00Z,182.00,57.00,-125.00,-69.00,6.619
2015-03-18T13:02:00Z,231.00,68.00,-163.00,-70.00,8.798
2015-03-18T13:03:00Z,226.00,74.00,-152.00,-71.00,8.568
2015-03-18T13:04:00Z,259.00,88.00,-171.00,-72.00,10.118
2015-03-18T13:05:00Z,274.00,84.00,-190.00,-72.00,10.848
2015-03-18T13:06:00Z,351.00,98.00,-253.00,-73.00,14.842
2015-03-18T13:07:00Z,412.00,111.00,-301.00,-73.00,18.301
2015-03-18T13:08:00Z,429.00,97.00,-332.00,-73.00,19.311
2015-03-18T13:09:00Z,434.00,95.00,-339.00,-72.00,19.612
2015-03-18T13:10:00Z,428.00,80.00,-348.00,-71.00,19.251
2015-03-18T13:11:00Z,434.00,65.00,-369.00,-70.00,19.612
2015-03-18T13:12:00Z,425.00,60.00,-365.00,-71.00,19.072
2015-03-18T13:13:00Z,410.00,61.00,-349.00,-71.00,18.183
2015-03-18T13:14:00Z,386.00,64.00,-322.00,-71.00,16.795
2015-03-18T13:15:00Z,351.00,65.00,-286.00,-70.00,14.842
2015-03-18T13:16:00Z,331.00,73.00,-258.00,-70.00,13.765
2015-03-18T13:17:00Z,304.00,71.00,-233.00,-71.00,12.355
2015-03-18T13:18:00Z,292.00,54.00,-238.00,-71.00,11.744
2015-03-18T13:19:00Z,277.00,41.00,-236.00,-72.00,10.996
2015-03-18T13:20:00Z,271.00,38.00,-233.00,-72.00,10.700
2015-03-18T13:21:00Z,286.00,46.00,-240.00,-72.00,11.443
2015-03-18T13:22:00Z,297.00,52.00,-245.00,-72.00,11.997
2015-03-18T13:23:00Z,266.00,48.00,-218.00,-72.00,10.456
2015-03-18T13:24:00Z,217.00,38.00,-179.00,-72.00,8.158
2015-03-18T13:25:00Z,182.00,30.00,-152.00,-71.00,6.619
2015-03-18T13:26:00Z,189.00,31.00,-158.00,-70.00,6.920
2015-03-18T13:27:00Z,212.00,27.00,-185.00,-70.00,7.933
2015-03-18T13:28:00Z,238.00,34.00,-204.00,-70.00,9.123
2015-03-18T13:29:00Z,245.00,34.00,-211.00,-70.00,9.451
2015-03-18T13:30:00Z,221.00,33.00,-188.00,-70.00,8.339
2015-03-18T13:31:00Z,209.00,35.00,-174.00,-69.00,7.799
2015-03-18T13:32:00Z,199.00,33.00,-166.00,-69.00,7.356
2015-03-18T13:33:00Z,192.00,29.00,-163.00,-69.00,7.050
2015-03-18T13:34:00Z,199.00,24.00,-175.00,-68.00,7.356
2015-03-18T13:35:00Z,218.00,28.00,-190.00,-69.00,8.203
2015-03-18T13:36:00Z,198.00,19.00,-179.00,-69.00,7.312
2015-03-18T13:37:00Z,180.00,19.00,-161.00,-70.00,6.534
2015-03-18T13:38:00Z,138.00,18.00,-120.00,-70.00,4.807
2015-03-18T13:39:00Z,123.00,24.00,-99.00,-70.00,4.220
2015-03-18T13:40:00Z,139.00,30.00,-109.00,-70.00,4.846
2015-03-18T13:41:00Z,156.00,26.00,-130.00,-70.00,5.532
2015-03-18T13:42:00Z,175.00,27.00,-148.00,-69.00,6.322
2015-03-18T13:43:00Z,192.00,28.00,-164.00,-69.00,7.050
2015-03-18T13:44:00Z,196.00,26.00,-170.00,-69.00,7.225
2015-03-18T13:45:00Z,181.00,24.00,-157.00,-70.00,6.577
2015-03-18T13:46:00Z,169.00,25.00,-144.00,-70.00,6.070
2015-03-18T13:47:00Z,161.00,21.00,-140.00,-70.00,5.737
2015-03-18T13:48:00Z,160.00,17.00,-143.00,-70.00,5.696
2015-03-18T13:49:00Z,168.00,21.00,-147.00,-70.00,6.028
2015-03-18T13:50:00Z,167.00,22.00,-145.00,-69.00,5.986
2015-03-18T13:51:00Z,167.00,24.00,-143.00,-69.00,5.986
2015-03-18T13:52:00Z,162.00,22.00,-140.00,-69.00,5.779
2015-03-18T13:53:00Z,161.00,24.00,-137.00,-69.00,5.737
2015-03-18T13:54:00Z,160.00,21.00,-139.00,-69.00,5.696
2015-03-18T13:55:00Z,161.00,21.00,-140.00,-69.00,5.737
2015-03-18T13:56:00Z,153.00,18.00,-135.00,-69.00,5.409
2015-03-18T13:57:00Z,142.00,14.00,-128.00,-69.00,4.966
2015-03-18T13:58:00Z,137.00,14.00,-123.00,-69.00,4.767
2015-03-18T13:59:00Z,123.00,13.00,-110.00,-69.00,4.220
2015-03-18T14:00:00Z,112.00,7.00,-105.00,-68.00,3.799
2015-03-18T14:01:00Z,120.00,4.00,-116.00,-68.00,4.104
2015-03-18T14:02:00Z,152.00,5.00,-147.00,-69.00,5.369
2015-03-18T14:03:00Z,160.00,7.00,-153.00,-68.00,5.696
2015-03-18T14:04:00Z,146.00,10.00,-136.00,-68.00,5.126
2015-03-18T14:05:00Z,238.00,9.00,-229.00,-68.00,9.123
2015-03-18T14:06:00Z,216.00,6.00,-210.00,-68.00,8.113
2015-03-18T14:07:00Z,195.00,13.00,-182.00,-68.00,7.181
2015-03-18T14:08:00Z,208.00,36.00,-172.00,-67.00,7.754
2015-03-18T14:09:00Z,231.00,40.00,-191.00,-67.00,8.798
2015-03-18T14:10:00Z,259.00,41.00,-218.00,-66.00,10.118
2015-03-18T14:11:00Z,277.00,47.00,-230.00,-66.00,10.996
2015-03-18T14:12:00Z,309.00,65.00,-244.00,-66.00,12.612
2015-03-18T14:13:00Z,337.00,77.00,-260.00,-67.00,14.085
2015-03-18T14:14:00Z,365.00,89.00,-276.00,-67.00,15.613
2015-03-18T14:15:00Z,396.00,102.00,-294.00,-66.00,17.369
2015-03-18T14:16:00Z,424.00,112.00,-312.00,-66.00,19.012
2015-03-18T14:17:00Z,457.00,124.00,-333.00,-66.00,21.020
2015-03-18T14:18:00Z,478.00,131.00,-347.00,-66.00,22.337
2015-03-18T14:19:00Z,515.00,151.00,-364.00,-66.00,24.733
2015-03-18T14:20:00Z,537.00,155.00,-382.00,-67.00,26.203
2015-03-18T14:21:00Z,563.00,150.00,-413.00,-67.00,27.984
2015-03-18T14:22:00Z,608.00,161.00,-447.00,-68.00,31.178
2015-03-18T14:23:00Z,646.00,174.00,-472.00,-68.00,33.986
2015-03-18T14:24:00Z,696.00,196.00,-500.00,-69.00,37.835
2015-03-18T14:25:00Z,734.00,211.00,-523.00,-70.00,40.876
2015-03-18T14:26:00Z,743.00,218.00,-525.00,-71.00,41.612
2015-03-18T14:27:00Z,762.00,223.00,-539.00,-71.00,43.183
2015-03-18T14:28:00Z,780.00,235.00,-545.00,-71.00,44.694
2015-03-18T14:29:00Z,801.00,243.00,-558.00,-72.00,46.486
2015-03-18T14:30:00Z,829.00,244.00,-585.00,-74.00,48.923
2015-03-18T14:31:00Z,878.00,248.00,-630.00,-75.00,53.321
2015-03-18T14:32:00Z,907.00,247.00,-660.00,-75.00,56.003
2015-03-18T14:33:00Z,964.00,258.00,-706.00,-75.00,61.445
2015-03-18T14:34:00Z,985.00,266.00,-719.00,-74.00,63.508
2015-03-18T14:35:00Z,1156.00,269.00,-887.00,-75.00,81.452
2015-03-18T14:36:00Z,1209.00,280.00,-929.00,-76.00,87.429
2015-03-18T14:37:00Z,1214.00,287.00,-927.00,-76.00,88.003
2015-03-18T14:38:00Z,1212.00,299.00,-913.00,-76.00,87.773
2015-03-18T14:39:00Z,1241.00,302.00,-939.00,-77.00,91.133
2015-03-18T14:40:00Z,1193.00,301.00,-892.00,-78.00,85.604
2015-03-18T14:41:00Z,1189.00,299.00,-890.00,-77.00,85.150
2015-03-18T14:42:00Z,1151.00,282.00,-869.00,-77.00,80.898
2015-03-18T14:43:00Z,1140.00,263.00,-877.00,-78.00,79.686
2015-03-18T14:44:00Z,1092.00,233.00,-859.00,-79.00,74.496
2015-03-18T14:45:00Z,1135.00,221.00,-914.00,-80.00,79.138
2015-03-18T14:46:00Z,1100.00,206.00,-894.00,-80.00,75.350
2015-03-18T14:47:00Z,1097.00,206.00,-891.00,-80.00,75.029
2015-03-18T14:48:00Z,1155.00,173.00,-982.00,-80.00,81.341
2015-03-18T14:49:00Z,1155.00,150.00,-1005.00,-81.00,81.341
2015-03-18T14:50:00Z,1181.00,165.00,-1016.00,-81.00,84.247
2015-03-18T14:51:00Z,1072.00,185.00,-887.00,-81.00,72.381
2015-03-18T14:52:00Z,1128.00,167.00,-961.00,-82.00,78.373
2015-03-18T14:53:00Z,1162.00,189.00,-973.00,-82.00,82.119
2015-03-18T14:54:00Z,1290.00,218.00,-1072.00,-83.00,96.944
2015-03-18T14:55:00Z,1367.00,243.00,-1124.00,-82.00,106.414
2015-03-18T14:56:00Z,1435.00,251.00,-1184.00,-83.00,115.123
2015-03-18T14:57:00Z,1647.00,315.00,-1332.00,-83.00,144.351
2015-03-18T14:58:00Z,1610.00,318.00,-1292.00,-83.00,139.024
2015-03-18T14:59:00Z,1445.00,291.00,-1154.00,-83.00,116.431
2015-03-18T15:00:00Z,1310.00,269.00,-1041.00,-83.00,99.363
2015-03-18T15:01:00Z,1186.00,280.00,-906.00,-81.00,84.811
2015-03-18T15:02:00Z,1153.00,272.00,-881.00,-81.00,81.119
2015-03-18T15:03:00Z,1135.00,263.00,-872.00,-80.00,79.138
2015-03-18T15:04:00Z,1233.00,274.00,-959.00,-80.00,90.200
2015-03-18T15:05:00Z,1226.00,303.00,-923.00,-78.00,89.388
2015-03-18T15:06:00Z,1197.00,353.00,-844.00,-77.00,86.058
2015-03-18T15:07:00Z,1262.00,427.00,-835.00,-75.00,93.603
2015-03-18T15:08:00Z,1256.00,379.00,-877.00,-74.00,92.894
2015-03-18T15:09:00Z,1238.00,373.00,-865.00,-73.00,90.783
2015-03-18T15:10:00Z,1265.00,383.00,-882.00,-73.00,93.958
2015-03-18T15:11:00Z,1258.00,372.00,-886.00,-72.00,93.130
2015-03-18T15:12:00Z,1279.00,381.00,-898.00,-71.00,95.624
2015-03-18T15:13:00Z,1319.00,425.00,-894.00,-69.00,100.462
2015-03-18T15:14:00Z,1284.00,430.00,-854.00,-68.00,96.223
2015-03-18T15:15:00Z,1241.00,401.00,-840.00,-67.00,91.133
2015-03-18T15:16:00Z,1229.00,370.00,-859.00,-66.00,89.735
2015-03-18T15:17:00Z,1218.00,340.00,-878.00,-66.00,88.463
2015-03-18T15:18:00Z,1136.00,299.00,-837.00,-66.00,79.247
2015-03-18T15:19:00Z,1061.00,267.00,-794.00,-65.00,71.230
2015-03-18T15:20:00Z,1040.00,253.00,-787.00,-65.00,69.056
2015-03-18T15:21:00Z,1070.00,241.00,-829.00,-65.00,72.172
2015-03-18T15:22:00Z,1070.00,220.00,-850.00,-65.00,72.172
2015-03-18T15:23:00Z,1033.00,210.00,-823.00,-65.00,68.338
2015-03-18T15:24:00Z,948.00,215.00,-733.00,-65.00,59.895
2015-03-18T15:25:00Z,814.00,215.00,-599.00,-65.00,47.611
2015-03-18T15:26:00Z,787.00,213.00,-574.00,-65.00,45.288
2015-03-18T15:27:00Z,824.00,224.00,-600.00,-65.00,48.484
2015-03-18T15:28:00Z,841.00,263.00,-578.00,-65.00,49.985
2015-03-18T15:29:00Z,809.00,270.00,-539.00,-64.00,47.177
2015-03-18T15:30:00Z,793.00,253.00,-540.00,-63.00,45.800
2015-03-18T15:31:00Z,817.00,240.00,-577.00,-63.00,47.872
2015-03-18T15:32:00Z,834.00,254.00,-580.00,-63.00,49.364
2015-03-18T15:33:00Z,803.00,279.00,-524.00,-63.00,46.658
2015-03-18T15:34:00Z,833.00,287.00,-546.00,-63.00,49.276
2015-03-18T15:35:00Z,900.00,288.00,-612.00,-63.00,55.350
2015-03-18T15:36:00Z,958.00,287.00,-671.00,-64.00,60.862
2015-03-18T15:37:00Z,980.00,283.00,-697.00,-64.00,63.014
2015-03-18T15:38:00Z,980.00,303.00,-677.00,-64.00,63.014
2015-03-18T15:39:00Z,972.00,298.00,-674.00,-63.00,62.227
2015-03-18T15:40:00Z,943.00,294.00,-649.00,-63.00,59.414
2015-03-18T15:41:00Z,923.00,302.00,-621.00,-63.00,57.508
2015-03-18T15:42:00Z,964.00,316.00,-648.00,-63.00,61.445
2015-03-18T15:43:00Z,1015.00,299.00,-716.00,-64.00,66.508
2015-03-18T15:44:00Z,1006.00,285.00,-721.00,-64.00,65.601
2015-03-18T15:45:00Z,989.00,274.00,-715.00,-64.00,63.904
2015-03-18T15:46:00Z,971.00,258.00,-713.00,-66.00,62.129
2015-03-18T15:47:00Z,1018.00,270.00,-748.00,-66.00,66.811
2015-03-18T15:48:00Z,995.00,253.00,-742.00,-65.00,64.501
2015-03-18T15:49:00Z,1017.00,248.00,-769.00,-65.00,66.710
2015-03-18T15:50:00Z,955.00,245.00,-710.00,-65.00,60.571
2015-03-18T15:51:00Z,910.00,261.00,-649.00,-65.00,56.283
2015-03-18T15:52:00Z,1065.00,287.00,-778.00,-63.00,71.648
2015-03-18T15:53:00Z,1122.00,295.00,-827.00,-63.00,77.721
2015-03-18T15:54:00Z,1048.00,296.00,-752.00,-63.00,69.881
2015-03-18T15:55:00Z,975.00,298.00,-677.00,-63.00,62.522
2015-03-18T15:56:00Z,965.00,274.00,-691.00,-62.00,61.543
2015-03-18T15:57:00Z,1046.00,259.00,-787.00,-62.00,69.674
2015-03-18T15:58:00Z,1061.00,271.00,-790.00,-62.00,71.230
2015-03-18T15:59:00Z,1014.00,267.00,-747.00,-62.00,66.407
2015-03-18T16:00:00Z,1084.00,300.00,-784.00,-61.00,73.647
2015-03-18T16:01:00Z,1075.00,312.00,-763.00,-61.00,72.697
2015-03-18T16:02:00Z,927.00,297.00,-630.00,-61.00,57.887
2015-03-18T16:03:00Z,875.00,281.00,-594.00,-61.00,53.047
2015-03-18T16:04:00Z,918.00,277.00,-641.00,-61.00,57.035
2015-03-18T16:05:00Z,903.00,274.00,-629.00,-60.00,55.629
2015-03-18T16:06:00Z,831.00,254.00,-577.00,-60.00,49.100
2015-03-18T16:07:00Z,749.00,230.00,-519.00,-60.00,42.105
2015-03-18T16:08:00Z,696.00,227.00,-469.00,-59.00,37.835
2015-03-18T16:09:00Z,677.00,198.00,-479.00,-59.00,36.352
2015-03-18T16:10:00Z,678.00,193.00,-485.00,-59.00,36.429
2015-03-18T16:11:00Z,663.00,190.00,-473.00,-59.00,35.275
2015-03-18T16:12:00Z,660.00,192.00,-468.00,-58.00,35.046
2015-03-18T16:13:00Z,640.00,185.00,-455.00,-58.00,33.536
2015-03-18T16:14:00Z,604.00,180.00,-424.00,-58.00,30.889
2015-03-18T16:15:00Z,600.00,178.00,-422.00,-58.00,30.600
2015-03-18T16:16:00Z,624.00,174.00,-450.00,-58.00,32.348
2015-03-18T16:17:00Z,646.00,174.00,-472.00,-58.00,33.986
2015-03-18T16:18:00Z,648.00,172.00,-476.00,-59.00,34.137
2015-03-18T16:19:00Z,635.00,180.00,-455.00,-59.00,33.163
2015-03-18T16:20:00Z,636.00,181.00,-455.00,-60.00,33.237
2015-03-18T16:21:00Z,639.00,184.00,-455.00,-58.00,33.461
2015-03-18T16:22:00Z,600.00,189.00,-411.00,-57.00,30.600
2015-03-18T16:23:00Z,550.00,192.00,-358.00,-57.00,27.087
2015-03-18T16:24:00Z,552.00,174.00,-378.00,-57.00,27.225
2015-03-18T16:25:00Z,575.00,148.00,-427.00,-56.00,28.822
2015-03-18T16:26:00Z,585.00,152.00,-433.00,-56.00,29.528
2015-03-18T16:27:00Z,562.00,166.00,-396.00,-56.00,27.915
2015-03-18T16:28:00Z,595.00,162.00,-433.00,-57.00,30.241
2015-03-18T16:29:00Z,594.00,162.00,-432.00,-58.00,30.169
2015-03-18T16:30:00Z,554.00,163.00,-391.00,-58.00,27.362
2015-03-18T16:31:00Z,513.00,148.00,-365.00,-58.00,24.601
2015-03-18T16:32:00Z,481.00,131.00,-350.00,-59.00,22.528
2015-03-18T16:33:00Z,464.00,108.00,-356.00,-58.00,21.455
2015-03-18T16:34:00Z,483.00,124.00,-359.00,-58.00,22.655
2015-03-18T16:35:00Z,462.00,129.00,-333.00,-58.00,21.331
2015-03-18T16:36:00Z,397.00,107.00,-290.00,-57.00,17.426
2015-03-18T16:37:00Z,376.00,94.00,-282.00,-56.00,16.228
2015-03-18T16:38:00Z,381.00,105.00,-276.00,-55.00,16.511
2015-03-18T16:39:00Z,372.00,100.00,-272.00,-53.00,16.003
2015-03-18T16:40:00Z,375.00,80.00,-295.00,-53.00,16.172
2015-03-18T16:41:00Z,407.00,85.00,-322.00,-53.00,18.008
2015-03-18T16:42:00Z,441.00,96.00,-345.00,-53.00,20.037
2015-03-18T16:43:00Z,500.00,99.00,-401.00,-52.00,23.750
2015-03-18T16:44:00Z,516.00,95.00,-421.00,-52.00,24.799
2015-03-18T16:45:00Z,495.00,90.00,-405.00,-52.00,23.426
2015-03-18T16:46:00Z,496.00,91.00,-405.00,-53.00,23.491
2015-03-18T16:47:00Z,499.00,86.00,-413.00,-54.00,23.685
2015-03-18T16:48:00Z,476.00,86.00,-390.00,-54.00,22.210
2015-03-18T16:49:00Z,572.00,83.00,-489.00,-54.00,28.611
2015-03-18T16:50:00Z,622.00,80.00,-542.00,-54.00,32.201
2015-03-18T16:51:00Z,568.00,82.00,-486.00,-54.00,28.332
2015-03-18T16:52:00Z,516.00,92.00,-424.00,-54.00,24.799
2015-03-18T16:53:00Z,455.00,100.00,-355.00,-54.00,20.896
2015-03-18T16:54:00Z,486.00,105.00,-381.00,-55.00,22.847
2015-03-18T16:55:00Z,456.00,113.00,-343.00,-55.00,20.958
2015-03-18T16:56:00Z,458.00,118.00,-340.00,-55.00,21.082
2015-03-18T16:57:00Z,418.00,112.00,-306.00,-55.00,18.655
2015-03-18T16:58:00Z,388.00,99.00,-289.00,-55.00,16.909
2015-03-18T16:59:00Z,393.00,100.00,-293.00,-55.00,17.196
2015-03-18T17:00:00Z,394.00,113.00,-281.00,-54.00,17.253
2015-03-18T17:01:00Z,389.00,114.00,-275.00,-54.00,16.966
2015-03-18T17:02:00Z,386.00,112.00,-274.00,-54.00,16.795
2015-03-18T17:03:00Z,376.00,101.00,-275.00,-54.00,16.228
2015-03-18T17:04:00Z,377.00,94.00,-283.00,-53.00,16.285
2015-03-18T17:05:00Z,395.00,96.00,-299.00,-53.00,17.311
2015-03-18T17:06:00Z,409.00,100.00,-309.00,-53.00,18.125
2015-03-18T17:07:00Z,407.00,107.00,-300.00,-52.00,18.008
2015-03-18T17:08:00Z,398.00,110.00,-288.00,-52.00,17.484
2015-03-18T17:09:00Z,413.00,113.00,-300.00,-53.00,18.360
2015-03-18T17:10:00Z,417.00,105.00,-312.00,-53.00,18.596
2015-03-18T17:11:00Z,418.00,100.00,-318.00,-52.00,18.655
2015-03-18T17:12:00Z,416.00,98.00,-318.00,-52.00,18.537
2015-03-18T17:13:00Z,420.00,102.00,-318.00,-52.00,18.774
2015-03-18T17:14:00Z,418.00,107.00,-311.00,-52.00,18.655
2015-03-18T17:15:00Z,412.00,105.00,-307.00,-53.00,18.301
2015-03-18T17:16:00Z,397.00,110.00,-287.00,-53.00,17.426
2015-03-18T17:17:00Z,385.00,124.00,-261.00,-54.00,16.738
2015-03-18T17:18:00Z,404.00,128.00,-276.00,-55.00,17.833
2015-03-18T17:19:00Z,448.00,124.00,-324.00,-54.00,20.465
2015-03-18T17:20:00Z,458.00,119.00,-339.00,-53.00,21.082
2015-03-18T17:21:00Z,406.00,113.00,-293.00,-52.00,17.949
2015-03-18T17:22:00Z,353.00,106.00,-247.00,-53.00,14.951
2015-03-18T17:23:00Z,333.00,100.00,-233.00,-54.00,13.871
2015-03-18T17:24:00Z,319.00,113.00,-206.00,-54.00,13.132
2015-03-18T17:25:00Z,303.00,125.00,-178.00,-54.00,12.303
2015-03-18T17:26:00Z,293.00,134.00,-159.00,-54.00,11.795
2015-03-18T17:27:00Z,302.00,134.00,-168.00,-54.00,12.252
2015-03-18T17:28:00Z,310.00,123.00,-187.00,-55.00,12.663
2015-03-18T17:29:00Z,288.00,116.00,-172.00,-54.00,11.543
2015-03-18T17:30:00Z,280.00,120.00,-160.00,-54.00,11.144
2015-03-18T17:31:00Z,283.00,126.00,-157.00,-53.00,11.293
2015-03-18T17:32:00Z,276.00,125.00,-151.00,-53.00,10.946
2015-03-18T17:33:00Z,252.00,106.00,-146.00,-53.00,9.783
2015-03-18T17:34:00Z,231.00,93.00,-138.00,-53.00,8.798
2015-03-18T17:35:00Z,224.00,97.00,-127.00,-52.00,8.476
2015-03-18T17:36:00Z,223.00,104.00,-119.00,-51.00,8.431
2015-03-18T17:37:00Z,219.00,103.00,-116.00,-52.00,8.249
2015-03-18T17:38:00Z,210.00,104.00,-106.00,-51.00,7.843
2015-03-18T17:39:00Z,214.00,113.00,-101.00,-51.00,8.023
2015-03-18T17:40:00Z,225.00,111.00,-114.00,-51.00,8.522
2015-03-18T17:41:00Z,281.00,114.00,-167.00,-51.00,11.194
2015-03-18T17:42:00Z,326.00,108.00,-218.00,-52.00,13.500
2015-03-18T17:43:00Z,296.00,106.00,-190.00,-53.00,11.947
2015-03-18T17:44:00Z,296.00,108.00,-188.00,-53.00,11.947
2015-03-18T17:45:00Z,237.00,110.00,-127.00,-52.00,9.076
2015-03-18T17:46:00Z,251.00,118.00,-133.00,-54.00,9.735
2015-03-18T17:47:00Z,327.00,201.00,-126.00,-56.00,13.553
2015-03-18T17:48:00Z,256.00,112.00,-144.00,-55.00,9.974
2015-03-18T17:49:00Z,319.00,119.00,-200.00,-54.00,13.132
2015-03-18T17:50:00Z,421.00,117.00,-304.00,-52.00,18.833
2015-03-18T17:51:00Z,360.00,121.00,-239.00,-51.00,15.336
2015-03-18T17:52:00Z,239.00,112.00,-127.00,-50.00,9.169
2015-03-18T17:53:00Z,255.00,105.00,-150.00,-50.00,9.926
2015-03-18T17:54:00Z,266.00,95.00,-171.00,-49.00,10.456
2015-03-18T17:55:00Z,268.00,86.00,-182.00,-49.00,10.554
2015-03-18T17:56:00Z,294.00,97.00,-197.00,-49.00,11.845
2015-03-18T17:57:00Z,342.00,102.00,-240.00,-48.00,14.354
2015-03-18T17:58:00Z,424.00,109.00,-315.00,-48.00,19.012
2015-03-18T17:59:00Z,463.00,106.00,-357.00,-49.00,21.393
2015-03-18T18:00:00Z,436.00,125.00,-311.00,-50.00,19.733
2015-03-18T18:01:00Z,527.00,136.00,-391.00,-51.00,25.531
2015-03-18T18:02:00Z,584.00,118.00,-466.00,-53.00,29.457
2015-03-18T18:03:00Z,571.00,103.00,-468.00,-55.00,28.541
2015-03-18T18:04:00Z,582.00,103.00,-479.00,-57.00,29.315
2015-03-18T18:05:00Z,623.00,109.00,-514.00,-58.00,32.275
2015-03-18T18:06:00Z,588.00,110.00,-478.00,-59.00,29.741
2015-03-18T18:07:00Z,507.00,107.00,-400.00,-60.00,24.207
2015-03-18T18:08:00Z,484.00,106.00,-378.00,-60.00,22.719
2015-03-18T18:09:00Z,475.00,104.00,-371.00,-61.00,22.147
2015-03-18T18:10:00Z,473.00,102.00,-371.00,-61.00,22.021
2015-03-18T18:11:00Z,513.00,96.00,-417.00,-61.00,24.601
2015-03-18T18:12:00Z,520.00,93.00,-427.00,-62.00,25.064
2015-03-18T18:13:00Z,421.00,93.00,-328.00,-62.00,18.833
2015-03-18T18:14:00Z,416.00,91.00,-325.00,-62.00,18.537
2015-03-18T18:15:00Z,423.00,87.00,-336.00,-62.00,18.953
2015-03-18T18:16:00Z,414.00,88.00,-326.00,-62.00,18.419
2015-03-18T18:17:00Z,407.00,89.00,-318.00,-62.00,18.008
2015-03-18T18:18:00Z,418.00,89.00,-329.00,-62.00,18.655
2015-03-18T18:19:00Z,496.00,90.00,-406.00,-62.00,23.491
2015-03-18T18:20:00Z,432.00,91.00,-341.00,-62.00,19.492
2015-03-18T18:21:00Z,405.00,92.00,-313.00,-61.00,17.891
2015-03-18T18:22:00Z,362.00,87.00,-275.00,-62.00,15.447
2015-03-18T18:23:00Z,326.00,79.00,-247.00,-62.00,13.500
2015-03-18T18:24:00Z,325.00,78.00,-247.00,-61.00,13.447
2015-03-18T18:25:00Z,314.00,84.00,-230.00,-61.00,12.871
2015-03-18T18:26:00Z,293.00,87.00,-206.00,-62.00,11.795
2015-03-18T18:27:00Z,339.00,87.00,-252.00,-61.00,14.192
2015-03-18T18:28:00Z,342.00,86.00,-256.00,-60.00,14.354
2015-03-18T18:29:00Z,198.00,86.00,-112.00,-59.00,7.312
2015-03-18T18:30:00Z,216.00,88.00,-128.00,-59.00,8.113
2015-03-18T18:31:00Z,261.00,109.00,-152.00,-59.00,10.214
2015-03-18T18:32:00Z,354.00,124.00,-230.00,-59.00,15.006
2015-03-18T18:33:00Z,385.00,134.00,-251.00,-59.00,16.738
2015-03-18T18:34:00Z,330.00,126.00,-204.00,-59.00,13.712
2015-03-18T18:35:00Z,246.00,129.00,-117.00,-59.00,9.498
2015-03-18T18:36:00Z,264.00,139.00,-125.00,-59.00,10.359
2015-03-18T18:37:00Z,326.00,149.00,-177.00,-59.00,13.500
2015-03-18T18:38:00Z,342.00,159.00,-183.00,-59.00,14.354
2015-03-18T18:39:00Z,351.00,164.00,-187.00,-59.00,14.842
2015-03-18T18:40:00Z,394.00,157.00,-237.00,-58.00,17.253
2015-03-18T18:41:00Z,409.00,149.00,-260.00,-58.00,18.125
2015-03-18T18:42:00Z,360.00,143.00,-217.00,-58.00,15.336
2015-03-18T18:43:00Z,394.00,154.00,-240.00,-57.00,17.253
2015-03-18T18:44:00Z,399.00,155.00,-244.00,-59.00,17.542
2015-03-18T18:45:00Z,396.00,176.00,-220.00,-59.00,17.369
2015-03-18T18:46:00Z,377.00,184.00,-193.00,-57.00,16.285
2015-03-18T18:47:00Z,350.00,168.00,-182.00,-57.00,14.787
2015-03-18T18:48:00Z,364.00,170.00,-194.00,-58.00,15.557
2015-03-18T18:49:00Z,364.00,178.00,-186.00,-59.00,15.557
2015-03-18T18:50:00Z,353.00,195.00,-158.00,-60.00,14.951
2015-03-18T18:51:00Z,442.00,194.00,-248.00,-60.00,20.098
2015-03-18T18:52:00Z,441.00,185.00,-256.00,-59.00,20.037
2015-03-18T18:53:00Z,389.00,174.00,-215.00,-58.00,16.966
2015-03-18T18:54:00Z,357.00,177.00,-180.00,-58.00,15.171
2015-03-18T18:55:00Z,370.00,187.00,-183.00,-58.00,15.892
2015-03-18T18:56:00Z,390.00,198.00,-192.00,-59.00,17.023
2015-03-18T18:57:00Z,393.00,208.00,-185.00,-59.00,17.196
2015-03-18T18:58:00Z,402.00,214.00,-188.00,-59.00,17.716
2015-03-18T18:59:00Z,382.00,221.00,-161.00,-59.00,16.567
2015-03-18T19:00:00Z,374.00,201.00,-173.00,-58.00,16.116
2015-03-18T19:01:00Z,370.00,189.00,-181.00,-58.00,15.892
2015-03-18T19:02:00Z,364.00,199.00,-165.00,-59.00,15.557
2015-03-18T19:03:00Z,395.00,217.00,-178.00,-59.00,17.311
2015-03-18T19:04:00Z,389.00,226.00,-163.00,-59.00,16.966
2015-03-18T19:05:00Z,387.00,227.00,-160.00,-60.00,16.852
2015-03-18T19:06:00Z,386.00,234.00,-152.00,-60.00,16.795
2015-03-18T19:07:00Z,388.00,237.00,-151.00,-61.00,16.909
2015-03-18T19:08:00Z,388.00,222.00,-166.00,-61.00,16.909
2015-03-18T19:09:00Z,391.00,212.00,-179.00,-61.00,17.081
2015-03-18T19:10:00Z,400.00,208.00,-192.00,-61.00,17.600
2015-03-18T19:11:00Z,425.00,215.00,-210.00,-61.00,19.072
2015-03-18T19:12:00Z,450.00,222.00,-228.00,-61.00,20.587
2015-03-18T19:13:00Z,481.00,209.00,-272.00,-61.00,22.528
2015-03-18T19:14:00Z,772.00,186.00,-586.00,-62.00,44.019
2015-03-18T19:15:00Z,982.00,174.00,-808.00,-63.00,63.211
2015-03-18T19:16:00Z,1008.00,187.00,-821.00,-63.00,65.802
2015-03-18T19:17:00Z,949.00,202.00,-747.00,-64.00,59.991
2015-03-18T19:18:00Z,1187.00,211.00,-976.00,-64.00,84.924
2015-03-18T19:19:00Z,967.00,209.00,-758.00,-64.00,61.738
2015-03-18T19:20:00Z,762.00,206.00,-556.00,-63.00,43.183
2015-03-18T19:21:00Z,694.00,200.00,-494.00,-63.00,37.677
2015-03-18T19:22:00Z,731.00,230.00,-501.00,-64.00,40.633
2015-03-18T19:23:00Z,765.00,257.00,-508.00,-64.00,43.433
2015-03-18T19:24:00Z,769.00,251.00,-518.00,-63.00,43.768
2015-03-18T19:25:00Z,752.00,240.00,-512.00,-63.00,42.353
2015-03-18T19:26:00Z,749.00,224.00,-525.00,-63.00,42.105
2015-03-18T19:27:00Z,737.00,213.00,-524.00,-64.00,41.121
2015-03-18T19:28:00Z,774.00,213.00,-561.00,-64.00,44.188
2015-03-18T19:29:00Z,807.00,215.00,-592.00,-66.00,47.004
2015-03-18T19:30:00Z,865.00,224.00,-641.00,-64.00,52.138
2015-03-18T19:31:00Z,907.00,212.00,-695.00,-64.00,56.003
2015-03-18T19:32:00Z,929.00,193.00,-736.00,-65.00,58.076
2015-03-18T19:33:00Z,937.00,195.00,-742.00,-65.00,58.839
2015-03-18T19:34:00Z,929.00,187.00,-742.00,-64.00,58.076
2015-03-18T19:35:00Z,855.00,181.00,-674.00,-64.00,51.236
2015-03-18T19:36:00Z,794.00,171.00,-623.00,-65.00,45.885
2015-03-18T19:37:00Z,829.00,151.00,-678.00,-66.00,48.923
2015-03-18T19:38:00Z,994.00,158.00,-836.00,-67.00,64.401
2015-03-18T19:39:00Z,898.00,166.00,-732.00,-68.00,55.164
2015-03-18T19:40:00Z,903.00,150.00,-753.00,-69.00,55.629
2015-03-18T19:41:00Z,873.00,150.00,-723.00,-68.00,52.865
2015-03-18T19:42:00Z,791.00,137.00,-654.00,-67.00,45.629
2015-03-18T19:43:00Z,754.00,125.00,-629.00,-67.00,42.518
2015-03-18T19:44:00Z,776.00,134.00,-642.00,-67.00,44.356
2015-03-18T19:45:00Z,761.00,148.00,-613.00,-67.00,43.099
2015-03-18T19:46:00Z,736.00,144.00,-592.00,-67.00,41.039
2015-03-18T19:47:00Z,748.00,130.00,-618.00,-67.00,42.023
2015-03-18T19:48:00Z,776.00,113.00,-663.00,-70.00,44.356
2015-03-18T19:49:00Z,765.00,145.00,-620.00,-74.00,43.433
2015-03-18T19:50:00Z,759.00,169.00,-590.00,-72.00,42.933
2015-03-18T19:51:00Z,734.00,154.00,-580.00,-68.00,40.876
2015-03-18T19:52:00Z,683.00,99.00,-584.00,-68.00,36.817
2015-03-18T19:53:00Z,723.00,124.00,-599.00,-69.00,39.986
2015-03-18T19:54:00Z,785.00,169.00,-616.00,-68.00,45.118
2015-03-18T19:55:00Z,755.00,168.00,-587.00,-68.00,42.601
2015-03-18T19:56:00Z,729.00,133.00,-596.00,-70.00,40.470
2015-03-18T19:57:00Z,724.00,142.00,-582.00,-70.00,40.066
2015-03-18T19:58:00Z,698.00,127.00,-571.00,-69.00,37.992
2015-03-18T19:59:00Z,675.00,123.00,-552.00,-69.00,36.197
2015-03-18T20:00:00Z,638.00,116.00,-522.00,-68.00,33.387
2015-03-18T20:01:00Z,629.00,118.00,-511.00,-68.00,32.717
2015-03-18T20:02:00Z,624.00,110.00,-514.00,-69.00,32.348
2015-03-18T20:03:00Z,613.00,112.00,-501.00,-68.00,31.542
2015-03-18T20:04:00Z,637.00,139.00,-498.00,-68.00,33.312
2015-03-18T20:05:00Z,610.00,101.00,-509.00,-68.00,31.323
2015-03-18T20:06:00Z,573.00,92.00,-481.00,-69.00,28.682
2015-03-18T20:07:00Z,550.00,91.00,-459.00,-69.00,27.087
2015-03-18T20:08:00Z,567.00,89.00,-478.00,-69.00,28.262
2015-03-18T20:09:00Z,553.00,95.00,-458.00,-68.00,27.293
2015-03-18T20:10:00Z,575.00,125.00,-450.00,-69.00,28.822
2015-03-18T20:11:00Z,593.00,135.00,-458.00,-69.00,30.098
2015-03-18T20:12:00Z,600.00,135.00,-465.00,-69.00,30.600
2015-03-18T20:13:00Z,653.00,168.00,-485.00,-69.00,34.514
2015-03-18T20:14:00Z,661.00,181.00,-480.00,-68.00,35.122
2015-03-18T20:15:00Z,609.00,158.00,-451.00,-67.00,31.251
2015-03-18T20:16:00Z,639.00,168.00,-471.00,-67.00,33.461
2015-03-18T20:17:00Z,698.00,185.00,-513.00,-66.00,37.992
2015-03-18T20:18:00Z,728.00,200.00,-528.00,-65.00,40.389
2015-03-18T20:19:00Z,706.00,192.00,-514.00,-65.00,38.625
2015-03-18T20:20:00Z,668.00,187.00,-481.00,-65.00,35.658
2015-03-18T20:21:00Z,625.00,167.00,-458.00,-66.00,32.422
2015-03-18T20:22:00Z,629.00,164.00,-465.00,-66.00,32.717
2015-03-18T20:23:00Z,647.00,171.00,-476.00,-65.00,34.061
2015-03-18T20:24:00Z,716.00,218.00,-498.00,-65.00,39.423
2015-03-18T20:25:00Z,741.00,227.00,-514.00,-65.00,41.448
2015-03-18T20:26:00Z,759.00,224.00,-535.00,-66.00,42.933
2015-03-18T20:27:00Z,742.00,192.00,-550.00,-65.00,41.530
2015-03-18T20:28:00Z,687.00,162.00,-525.00,-65.00,37.129
2015-03-18T20:29:00Z,659.00,157.00,-502.00,-65.00,34.970
2015-03-18T20:30:00Z,642.00,165.00,-477.00,-66.00,33.686
2015-03-18T20:31:00Z,651.00,160.00,-491.00,-67.00,34.363
2015-03-18T20:32:00Z,651.00,151.00,-500.00,-68.00,34.363
2015-03-18T20:33:00Z,617.00,126.00,-491.00,-69.00,31.834
2015-03-18T20:34:00Z,586.00,113.00,-473.00,-69.00,29.599
2015-03-18T20:35:00Z,557.00,106.00,-451.00,-69.00,27.569
2015-03-18T20:36:00Z,554.00,113.00,-441.00,-69.00,27.362
2015-03-18T20:37:00Z,547.00,125.00,-422.00,-69.00,26.882
2015-03-18T20:38:00Z,566.00,133.00,-433.00,-69.00,28.192
2015-03-18T20:39:00Z,580.00,130.00,-450.00,-69.00,29.174
2015-03-18T20:40:00Z,523.00,128.00,-395.00,-69.00,25.264
2015-03-18T20:41:00Z,491.00,124.00,-367.00,-70.00,23.168
2015-03-18T20:42:00Z,504.00,125.00,-379.00,-70.00,24.011
2015-03-18T20:43:00Z,496.00,124.00,-372.00,-70.00,23.491
2015-03-18T20:44:00Z,491.00,127.00,-364.00,-70.00,23.168
2015-03-18T20:45:00Z,465.00,127.00,-338.00,-70.00,21.518
2015-03-18T20:46:00Z,469.00,128.00,-341.00,-70.00,21.769
2015-03-18T20:47:00Z,501.00,130.00,-371.00,-70.00,23.815
2015-03-18T20:48:00Z,510.00,131.00,-379.00,-70.00,24.403
2015-03-18T20:49:00Z,508.00,122.00,-386.00,-70.00,24.272
2015-03-18T20:50:00Z,482.00,118.00,-364.00,-70.00,22.591
2015-03-18T20:51:00Z,472.00,120.00,-352.00,-70.00,21.957
2015-03-18T20:52:00Z,510.00,122.00,-388.00,-70.00,24.403
2015-03-18T20:53:00Z,555.00,125.00,-430.00,-70.00,27.431
2015-03-18T20:54:00Z,535.00,125.00,-410.00,-70.00,26.068
2015-03-18T20:55:00Z,498.00,125.00,-373.00,-70.00,23.620
2015-03-18T20:56:00Z,527.00,123.00,-404.00,-70.00,25.531
2015-03-18T20:57:00Z,512.00,110.00,-402.00,-68.00,24.535
2015-03-18T20:58:00Z,500.00,100.00,-400.00,-68.00,23.750
2015-03-18T20:59:00Z,531.00,112.00,-419.00,-67.00,25.799
2015-03-18T21:00:00Z,608.00,132.00,-476.00,-67.00,31.178
2015-03-18T21:01:00Z,628.00,151.00,-477.00,-67.00,32.643
2015-03-18T21:02:00Z,577.00,144.00,-433.00,-67.00,28.963
2015-03-18T21:03:00Z,573.00,126.00,-447.00,-66.00,28.682
2015-03-18T21:04:00Z,585.00,125.00,-460.00,-67.00,29.528
2015-03-18T21:05:00Z,562.00,116.00,-446.00,-67.00,27.915
2015-03-18T21:06:00Z,587.00,115.00,-472.00,-67.00,29.670
2015-03-18T21:07:00Z,660.00,137.00,-523.00,-67.00,35.046
2015-03-18T21:08:00Z,634.00,154.00,-480.00,-68.00,33.088
2015-03-18T21:09:00Z,613.00,155.00,-458.00,-68.00,31.542
2015-03-18T21:10:00Z,610.00,143.00,-467.00,-69.00,31.323
2015-03-18T21:11:00Z,616.00,130.00,-486.00,-69.00,31.761
2015-03-18T21:12:00Z,620.00,123.00,-497.00,-69.00,32.054
2015-03-18T21:13:00Z,591.00,127.00,-464.00,-69.00,29.955
2015-03-18T21:14:00Z,596.00,122.00,-474.00,-70.00,30.313
2015-03-18T21:15:00Z,566.00,115.00,-451.00,-70.00,28.192
2015-03-18T21:16:00Z,544.00,105.00,-439.00,-70.00,26.678
2015-03-18T21:17:00Z,545.00,105.00,-440.00,-69.00,26.746
2015-03-18T21:18:00Z,511.00,103.00,-408.00,-70.00,24.469
2015-03-18T21:19:00Z,507.00,109.00,-398.00,-70.00,24.207
2015-03-18T21:20:00Z,497.00,111.00,-386.00,-71.00,23.555
2015-03-18T21:21:00Z,437.00,101.00,-336.00,-71.00,19.794
2015-03-18T21:22:00Z,392.00,93.00,-299.00,-71.00,17.138
2015-03-18T21:23:00Z,380.00,96.00,-284.00,-71.00,16.454
2015-03-18T21:24:00Z,383.00,103.00,-280.00,-70.00,16.624
2015-03-18T21:25:00Z,394.00,118.00,-276.00,-70.00,17.253
2015-03-18T21:26:00Z,393.00,144.00,-249.00,-70.00,17.196
2015-03-18T21:27:00Z,411.00,160.00,-251.00,-69.00,18.242
2015-03-18T21:28:00Z,436.00,174.00,-262.00,-69.00,19.733
2015-03-18T21:29:00Z,453.00,181.00,-272.00,-68.00,20.772
2015-03-18T21:30:00Z,454.00,183.00,-271.00,-68.00,20.834
2015-03-18T21:31:00Z,446.00,181.00,-265.00,-68.00,20.342
2015-03-18T21:32:00Z,476.00,174.00,-302.00,-68.00,22.210
2015-03-18T21:33:00Z,488.00,169.00,-319.00,-68.00,22.975
2015-03-18T21:34:00Z,480.00,170.00,-310.00,-68.00,22.464
2015-03-18T21:35:00Z,475.00,159.00,-316.00,-69.00,22.147
2015-03-18T21:36:00Z,487.00,160.00,-327.00,-69.00,22.911
2015-03-18T21:37:00Z,469.00,160.00,-309.00,-69.00,21.769
2015-03-18T21:38:00Z,471.00,174.00,-297.00,-69.00,21.894
2015-03-18T21:39:00Z,516.00,188.00,-328.00,-69.00,24.799
2015-03-18T21:40:00Z,561.00,206.00,-355.00,-68.00,27.845
2015-03-18T21:41:00Z,532.00,198.00,-334.00,-67.00,25.866
2015-03-18T21:42:00Z,519.00,199.00,-320.00,-67.00,24.998
2015-03-18T21:43:00Z,538.00,215.00,-323.00,-68.00,26.271
2015-03-18T21:44:00Z,562.00,228.00,-334.00,-68.00,27.915
2015-03-18T21:45:00Z,543.00,231.00,-312.00,-68.00,26.610
2015-03-18T21:46:00Z,530.00,225.00,-305.00,-67.00,25.731
2015-03-18T21:47:00Z,500.00,219.00,-281.00,-67.00,23.750
2015-03-18T21:48:00Z,476.00,205.00,-271.00,-68.00,22.210
2015-03-18T21:49:00Z,453.00,190.00,-263.00,-67.00,20.772
2015-03-18T21:50:00Z,450.00,201.00,-249.00,-67.00,20.587
2015-03-18T21:51:00Z,441.00,208.00,-233.00,-67.00,20.037
2015-03-18T21:52:00Z,427.00,206.00,-221.00,-66.00,19.192
2015-03-18T21:53:00Z,396.00,193.00,-203.00,-66.00,17.369
2015-03-18T21:54:00Z,378.00,189.00,-189.00,-66.00,16.341
2015-03-18T21:55:00Z,375.00,191.00,-184.00,-65.00,16.172
2015-03-18T21:56:00Z,380.00,181.00,-199.00,-65.00,16.454
2015-03-18T21:57:00Z,376.00,185.00,-191.00,-65.00,16.228
2015-03-18T21:58:00Z,364.00,182.00,-182.00,-65.00,15.557
2015-03-18T21:59:00Z,388.00,190.00,-198.00,-65.00,16.909
2015-03-18T22:00:00Z,393.00,190.00,-203.00,-65.00,17.196
2015-03-18T22:01:00Z,376.00,190.00,-186.00,-66.00,16.228
2015-03-18T22:02:00Z,386.00,191.00,-195.00,-66.00,16.795
2015-03-18T22:03:00Z,392.00,192.00,-200.00,-66.00,17.138
2015-03-18T22:04:00Z,387.00,189.00,-198.00,-66.00,16.852
2015-03-18T22:05:00Z,411.00,195.00,-216.00,-66.00,18.242
2015-03-18T22:06:00Z,426.00,206.00,-220.00,-65.00,19.132
2015-03-18T22:07:00Z,447.00,206.00,-241.00,-65.00,20.403
2015-03-18T22:08:00Z,442.00,200.00,-242.00,-65.00,20.098
2015-03-18T22:09:00Z,422.00,203.00,-219.00,-65.00,18.893
2015-03-18T22:10:00Z,444.00,200.00,-244.00,-64.00,20.220
2015-03-18T22:11:00Z,452.00,199.00,-253.00,-65.00,20.711
2015-03-18T22:12:00Z,433.00,204.00,-229.00,-64.00,19.552
2015-03-18T22:13:00Z,443.00,192.00,-251.00,-64.00,20.159
2015-03-18T22:14:00Z,464.00,195.00,-269.00,-63.00,21.455
2015-03-18T22:15:00Z,467.00,201.00,-266.00,-63.00,21.643
2015-03-18T22:16:00Z,437.00,195.00,-242.00,-65.00,19.794
2015-03-18T22:17:00Z,407.00,183.00,-224.00,-65.00,18.008
2015-03-18T22:18:00Z,378.00,166.00,-212.00,-65.00,16.341
2015-03-18T22:19:00Z,420.00,169.00,-251.00,-66.00,18.774
2015-03-18T22:20:00Z,508.00,170.00,-338.00,-67.00,24.272
2015-03-18T22:21:00Z,566.00,176.00,-390.00,-67.00,28.192
2015-03-18T22:22:00Z,654.00,181.00,-473.00,-67.00,34.590
2015-03-18T22:23:00Z,534.00,187.00,-347.00,-67.00,26.000
2015-03-18T22:24:00Z,478.00,196.00,-282.00,-66.00,22.337
2015-03-18T22:25:00Z,539.00,208.00,-331.00,-67.00,26.338
2015-03-18T22:26:00Z,562.00,218.00,-344.00,-66.00,27.915
2015-03-18T22:27:00Z,624.00,225.00,-399.00,-66.00,32.348
2015-03-18T22:28:00Z,656.00,225.00,-431.00,-66.00,34.742
2015-03-18T22:29:00Z,646.00,229.00,-417.00,-66.00,33.986
2015-03-18T22:30:00Z,668.00,228.00,-440.00,-67.00,35.658
2015-03-18T22:31:00Z,612.00,227.00,-385.00,-68.00,31.469
2015-03-18T22:32:00Z,618.00,238.00,-380.00,-68.00,31.907
2015-03-18T22:33:00Z,613.00,226.00,-387.00,-68.00,31.542
2015-03-18T22:34:00Z,585.00,196.00,-389.00,-69.00,29.528
2015-03-18T22:35:00Z,675.00,193.00,-482.00,-70.00,36.197
2015-03-18T22:36:00Z,730.00,223.00,-507.00,-70.00,40.551
2015-03-18T22:37:00Z,776.00,273.00,-503.00,-70.00,44.356
2015-03-18T22:38:00Z,797.00,295.00,-502.00,-71.00,46.142
2015-03-18T22:39:00Z,851.00,290.00,-561.00,-71.00,50.877
2015-03-18T22:40:00Z,990.00,314.00,-676.00,-73.00,64.004
2015-03-18T22:41:00Z,1047.00,311.00,-736.00,-73.00,69.777
2015-03-18T22:42:00Z,1064.00,301.00,-763.00,-73.00,71.543
2015-03-18T22:43:00Z,1033.00,284.00,-749.00,-73.00,68.338
2015-03-18T22:44:00Z,1033.00,278.00,-755.00,-72.00,68.338
2015-03-18T22:45:00Z,1085.00,307.00,-778.00,-71.00,73.753
2015-03-18T22:46:00Z,1126.00,319.00,-807.00,-71.00,78.156
2015-03-18T22:47:00Z,1143.00,302.00,-841.00,-71.00,80.016
2015-03-18T22:48:00Z,1107.00,319.00,-788.00,-71.00,76.101
2015-03-18T22:49:00Z,1031.00,319.00,-712.00,-72.00,68.134
2015-03-18T22:50:00Z,1035.00,332.00,-703.00,-71.00,68.543
2015-03-18T22:51:00Z,998.00,328.00,-670.00,-71.00,64.800
2015-03-18T22:52:00Z,994.00,298.00,-696.00,-70.00,64.401
2015-03-18T22:53:00Z,1036.00,278.00,-758.00,-70.00,68.645
2015-03-18T22:54:00Z,1001.00,268.00,-733.00,-69.00,65.100
2015-03-18T22:55:00Z,920.00,250.00,-670.00,-69.00,57.224
2015-03-18T22:56:00Z,870.00,252.00,-618.00,-69.00,52.591
2015-03-18T22:57:00Z,935.00,261.00,-674.00,-69.00,58.648
2015-03-18T22:58:00Z,946.00,255.00,-691.00,-70.00,59.702
2015-03-18T22:59:00Z,1024.00,274.00,-750.00,-69.00,67.420
2015-03-18T23:00:00Z,1022.00,251.00,-771.00,-69.00,67.217
2015-03-18T23:01:00Z,998.00,207.00,-791.00,-68.00,64.800
2015-03-18T23:02:00Z,897.00,206.00,-691.00,-68.00,55.071
2015-03-18T23:03:00Z,893.00,213.00,-680.00,-68.00,54.701
2015-03-18T23:04:00Z,843.00,237.00,-606.00,-68.00,50.163
2015-03-18T23:05:00Z,832.00,258.00,-574.00,-68.00,49.188
2015-03-18T23:06:00Z,842.00,225.00,-617.00,-68.00,50.074
2015-03-18T23:07:00Z,911.00,227.00,-684.00,-69.00,56.377
2015-03-18T23:08:00Z,923.00,236.00,-687.00,-69.00,57.508
2015-03-18T23:09:00Z,954.00,223.00,-731.00,-68.00,60.474
2015-03-18T23:10:00Z,969.00,197.00,-772.00,-68.00,61.934
2015-03-18T23:11:00Z,897.00,177.00,-720.00,-68.00,55.071
2015-03-18T23:12:00Z,925.00,192.00,-733.00,-67.00,57.697
2015-03-18T23:13:00Z,961.00,193.00,-768.00,-67.00,61.153
2015-03-18T23:14:00Z,916.00,170.00,-746.00,-67.00,56.847
2015-03-18T23:15:00Z,866.00,150.00,-716.00,-67.00,52.228
2015-03-18T23:16:00Z,855.00,145.00,-710.00,-67.00,51.236
2015-03-18T23:17:00Z,844.00,147.00,-697.00,-66.00,50.252
2015-03-18T23:18:00Z,808.00,149.00,-659.00,-66.00,47.090
2015-03-18T23:19:00Z,767.00,147.00,-620.00,-66.00,43.600
2015-03-18T23:20:00Z,750.00,142.00,-608.00,-66.00,42.188
2015-03-18T23:21:00Z,740.00,132.00,-608.00,-66.00,41.366
2015-03-18T23:22:00Z,733.00,127.00,-606.00,-67.00,40.795
2015-03-18T23:23:00Z,764.00,127.00,-637.00,-67.00,43.349
2015-03-18T23:24:00Z,786.00,143.00,-643.00,-68.00,45.203
2015-03-18T23:25:00Z,739.00,143.00,-596.00,-67.00,41.284
2015-03-18T23:26:00Z,712.00,134.00,-578.00,-67.00,39.103
2015-03-18T23:27:00Z,749.00,137.00,-612.00,-67.00,42.105
2015-03-18T23:28:00Z,777.00,133.00,-644.00,-67.00,44.441
2015-03-18T23:29:00Z,777.00,131.00,-646.00,-67.00,44.441
2015-03-18T23:30:00Z,821.00,127.00,-694.00,-67.00,48.221
2015-03-18T23:31:00Z,850.00,136.00,-714.00,-67.00,50.787
2015-03-18T23:32:00Z,834.00,137.00,-697.00,-67.00,49.364
2015-03-18T23:33:00Z,689.00,145.00,-544.00,-67.00,37.285
2015-03-18T23:34:00Z,574.00,129.00,-445.00,-67.00,28.752
2015-03-18T23:35:00Z,573.00,120.00,-453.00,-67.00,28.682
2015-03-18T23:36:00Z,582.00,124.00,-458.00,-68.00,29.315
2015-03-18T23:37:00Z,648.00,133.00,-515.00,-68.00,34.137
2015-03-18T23:38:00Z,661.00,123.00,-538.00,-67.00,35.122
2015-03-18T23:39:00Z,654.00,109.00,-545.00,-67.00,34.590
2015-03-18T23:40:00Z,640.00,105.00,-535.00,-68.00,33.536
2015-03-18T23:41:00Z,628.00,102.00,-526.00,-68.00,32.643
2015-03-18T23:42:00Z,545.00,96.00,-449.00,-68.00,26.746
2015-03-18T23:43:00Z,531.00,89.00,-442.00,-68.00,25.799
2015-03-18T23:44:00Z,553.00,85.00,-468.00,-68.00,27.293
2015-03-18T23:45:00Z,538.00,84.00,-454.00,-68.00,26.271
2015-03-18T23:46:00Z,564.00,86.00,-478.00,-69.00,28.053
2015-03-18T23:47:00Z,586.00,96.00,-490.00,-69.00,29.599
2015-03-18T23:48:00Z,601.00,94.00,-507.00,-69.00,30.672
2015-03-18T23:49:00Z,568.00,94.00,-474.00,-70.00,28.332
2015-03-18T23:50:00Z,594.00,93.00,-501.00,-69.00,30.169
2015-03-18T23:51:00Z,601.00,95.00,-506.00,-70.00,30.672
2015-03-18T23:52:00Z,600.00,97.00,-503.00,-70.00,30.600
2015-03-18T23:53:00Z,588.00,92.00,-496.00,-70.00,29.741
2015-03-18T23:54:00Z,628.00,100.00,-528.00,-70.00,32.643
2015-03-18T23:55:00Z,658.00,99.00,-559.00,-70.00,34.894
2015-03-18T23:56:00Z,702.00,104.00,-598.00,-70.00,38.308
2015-03-18T23:57:00Z,729.00,104.00,-625.00,-71.00,40.470
2015-03-18T23:58:00Z,737.00,107.00,-630.00,-71.00,41.121
2015-03-18T23:59:00Z,764.00,117.00,-647.00,-71.00,43.349
2015-03-19T00:00:00Z,760.00,107.00,-653.00,-71.00,43.016
2015-03-19T00:01:00Z,775.00,101.00,-674.00,-72.00,44.272
2015-03-19T00:02:00Z,770.00,95.00,-675.00,-72.00,43.852
2015-03-19T00:03:00Z,772.00,95.00,-677.00,-72.00,44.019
2015-03-19T00:04:00Z,720.00,81.00,-639.00,-72.00,39.744
2015-03-19T00:05:00Z,660.00,76.00,-584.00,-73.00,35.046
2015-03-19T00:06:00Z,728.00,76.00,-652.00,-73.00,40.389
2015-03-19T00:07:00Z,692.00,69.00,-623.00,-74.00,37.520
2015-03-19T00:08:00Z,558.00,68.00,-490.00,-74.00,27.638
2015-03-19T00:09:00Z,543.00,79.00,-464.00,-74.00,26.610
2015-03-19T00:10:00Z,563.00,83.00,-480.00,-74.00,27.984
2015-03-19T00:11:00Z,580.00,78.00,-502.00,-73.00,29.174
2015-03-19T00:12:00Z,499.00,77.00,-422.00,-73.00,23.685
2015-03-19T00:13:00Z,505.00,74.00,-431.00,-74.00,24.076
2015-03-19T00:14:00Z,543.00,75.00,-468.00,-74.00,26.610
2015-03-19T00:15:00Z,566.00,82.00,-484.00,-74.00,28.192
2015-03-19T00:16:00Z,540.00,78.00,-462.00,-74.00,26.406
2015-03-19T00:17:00Z,532.00,73.00,-459.00,-74.00,25.866
2015-03-19T00:18:00Z,541.00,67.00,-474.00,-74.00,26.474
2015-03-19T00:19:00Z,585.00,85.00,-500.00,-73.00,29.528
2015-03-19T00:20:00Z,585.00,80.00,-505.00,-73.00,29.528
2015-03-19T00:21:00Z,541.00,82.00,-459.00,-72.00,26.474
2015-03-19T00:22:00Z,565.00,80.00,-485.00,-72.00,28.123
2015-03-19T00:23:00Z,570.00,75.00,-495.00,-72.00,28.471
2015-03-19T00:24:00Z,571.00,83.00,-488.00,-72.00,28.541
2015-03-19T00:25:00Z,620.00,90.00,-530.00,-72.00,32.054
2015-03-19T00:26:00Z,647.00,97.00,-550.00,-73.00,34.061
2015-03-19T00:27:00Z,689.00,107.00,-582.00,-73.00,37.285
2015-03-19T00:28:00Z,716.00,103.00,-613.00,-74.00,39.423
2015-03-19T00:29:00Z,696.00,102.00,-594.00,-74.00,37.835
2015-03-19T00:30:00Z,666.00,105.00,-561.00,-74.00,35.504
2015-03-19T00:31:00Z,699.00,114.00,-585.00,-75.00,38.071
2015-03-19T00:32:00Z,686.00,115.00,-571.00,-75.00,37.051
2015-03-19T00:33:00Z,698.00,117.00,-581.00,-76.00,37.992
2015-03-19T00:34:00Z,701.00,117.00,-584.00,-76.00,38.229
2015-03-19T00:35:00Z,672.00,115.00,-557.00,-76.00,35.965
2015-03-19T00:36:00Z,687.00,118.00,-569.00,-76.00,37.129
2015-03-19T00:37:00Z,677.00,110.00,-567.00,-76.00,36.352
2015-03-19T00:38:00Z,664.00,100.00,-564.00,-76.00,35.351
2015-03-19T00:39:00Z,664.00,107.00,-557.00,-75.00,35.351
2015-03-19T00:40:00Z,664.00,112.00,-552.00,-75.00,35.351
2015-03-19T00:41:00Z,649.00,109.00,-540.00,-76.00,34.212
2015-03-19T00:42:00Z,607.00,96.00,-511.00,-76.00,31.106
2015-03-19T00:43:00Z,600.00,85.00,-515.00,-76.00,30.600
2015-03-19T00:44:00Z,565.00,73.00,-492.00,-76.00,28.123
2015-03-19T00:45:00Z,540.00,68.00,-472.00,-75.00,26.406
2015-03-19T00:46:00Z,519.00,65.00,-454.00,-75.00,24.998
2015-03-19T00:47:00Z,505.00,65.00,-440.00,-75.00,24.076
2015-03-19T00:48:00Z,505.00,64.00,-441.00,-75.00,24.076
2015-03-19T00:49:00Z,494.00,63.00,-431.00,-74.00,23.361
2015-03-19T00:50:00Z,461.00,60.00,-401.00,-74.00,21.268
2015-03-19T00:51:00Z,433.00,59.00,-374.00,-73.00,19.552
2015-03-19T00:52:00Z,414.00,60.00,-354.00,-73.00,18.419
2015-03-19T00:53:00Z,393.00,60.00,-333.00,-73.00,17.196
2015-03-19T00:54:00Z,383.00,65.00,-318.00,-73.00,16.624
2015-03-19T00:55:00Z,385.00,68.00,-317.00,-73.00,16.738
2015-03-19T00:56:00Z,383.00,68.00,-315.00,-73.00,16.624
2015-03-19T00:57:00Z,399.00,78.00,-321.00,-73.00,17.542
2015-03-19T00:58:00Z,413.00,79.00,-334.00,-73.00,18.360
2015-03-19T00:59:00Z,412.00,74.00,-338.00,-72.00,18.301
2015-03-19T01:00:00Z,398.00,68.00,-330.00,-72.00,17.484
2015-03-19T01:01:00Z,363.00,65.00,-298.00,-71.00,15.502
2015-03-19T01:02:00Z,358.00,61.00,-297.00,-71.00,15.226
2015-03-19T01:03:00Z,354.00,53.00,-301.00,-71.00,15.006
2015-03-19T01:04:00Z,345.00,47.00,-298.00,-70.00,14.516
2015-03-19T01:05:00Z,329.00,42.00,-287.00,-70.00,13.658
2015-03-19T01:06:00Z,315.00,43.00,-272.00,-71.00,12.923
2015-03-19T01:07:00Z,327.00,48.00,-279.00,-71.00,13.553
2015-03-19T01:08:00Z,339.00,57.00,-282.00,-71.00,14.192
2015-03-19T01:09:00Z,353.00,65.00,-288.00,-71.00,14.951
2015-03-19T01:10:00Z,386.00,69.00,-317.00,-71.00,16.795
2015-03-19T01:11:00Z,412.00,74.00,-338.00,-70.00,18.301
2015-03-19T01:12:00Z,436.00,85.00,-351.00,-70.00,19.733
2015-03-19T01:13:00Z,437.00,76.00,-361.00,-70.00,19.794
2015-03-19T01:14:00Z,444.00,88.00,-356.00,-69.00,20.220
2015-03-19T01:15:00Z,444.00,88.00,-356.00,-70.00,20.220
2015-03-19T01:16:00Z,424.00,79.00,-345.00,-70.00,19.012
2015-03-19T01:17:00Z,422.00,77.00,-345.00,-69.00,18.893
2015-03-19T01:18:00Z,422.00,74.00,-348.00,-69.00,18.893
2015-03-19T01:19:00Z,406.00,72.00,-334.00,-69.00,17.949
2015-03-19T01:20:00Z,385.00,72.00,-313.00,-69.00,16.738
2015-03-19T01:21:00Z,375.00,73.00,-302.00,-69.00,16.172
2015-03-19T01:22:00Z,376.00,73.00,-303.00,-69.00,16.228
2015-03-19T01:23:00Z,375.00,78.00,-297.00,-68.00,16.172
2015-03-19T01:24:00Z,371.00,85.00,-286.00,-68.00,15.947
2015-03-19T01:25:00Z,363.00,83.00,-280.00,-68.00,15.502
2015-03-19T01:26:00Z,357.00,81.00,-276.00,-68.00,15.171
2015-03-19T01:27:00Z,346.00,82.00,-264.00,-68.00,14.570
2015-03-19T01:28:00Z,338.00,83.00,-255.00,-68.00,14.139
2015-03-19T01:29:00Z,326.00,88.00,-238.00,-67.00,13.500
2015-03-19T01:30:00Z,315.00,94.00,-221.00,-67.00,12.923
2015-03-19T01:31:00Z,300.00,94.00,-206.00,-66.00,12.150
2015-03-19T01:32:00Z,274.00,81.00,-193.00,-65.00,10.848
2015-03-19T01:33:00Z,263.00,72.00,-191.00,-65.00,10.311
2015-03-19T01:34:00Z,279.00,82.00,-197.00,-64.00,11.094
2015-03-19T01:35:00Z,298.00,104.00,-194.00,-64.00,12.048
2015-03-19T01:36:00Z,292.00,105.00,-187.00,-64.00,11.744
2015-03-19T01:37:00Z,297.00,116.00,-181.00,-64.00,11.997
2015-03-19T01:38:00Z,319.00,139.00,-180.00,-64.00,13.132
2015-03-19T01:39:00Z,342.00,168.00,-174.00,-63.00,14.354
2015-03-19T01:40:00Z,380.00,196.00,-184.00,-63.00,16.454
2015-03-19T01:41:00Z,401.00,190.00,-211.00,-62.00,17.658
2015-03-19T01:42:00Z,415.00,185.00,-230.00,-63.00,18.478
2015-03-19T01:43:00Z,413.00,164.00,-249.00,-63.00,18.360
2015-03-19T01:44:00Z,427.00,190.00,-237.00,-63.00,19.192
2015-03-19T01:45:00Z,462.00,225.00,-237.00,-63.00,21.331
2015-03-19T01:46:00Z,384.00,157.00,-227.00,-64.00,16.681
2015-03-19T01:47:00Z,351.00,133.00,-218.00,-64.00,14.842
2015-03-19T01:48:00Z,388.00,130.00,-258.00,-64.00,16.909
2015-03-19T01:49:00Z,398.00,116.00,-282.00,-64.00,17.484
2015-03-19T01:50:00Z,376.00,101.00,-275.00,-64.00,16.228
2015-03-19T01:51:00Z,353.00,98.00,-255.00,-65.00,14.951
2015-03-19T01:52:00Z,359.00,91.00,-268.00,-64.00,15.281
2015-03-19T01:53:00Z,357.00,87.00,-270.00,-63.00,15.171
2015-03-19T01:54:00Z,339.00,95.00,-244.00,-63.00,14.192
2015-03-19T01:55:00Z,344.00,108.00,-236.00,-62.00,14.462
2015-03-19T01:56:00Z,313.00,104.00,-209.00,-62.00,12.819
2015-03-19T01:57:00Z,303.00,80.00,-223.00,-62.00,12.303
2015-03-19T01:58:00Z,356.00,109.00,-247.00,-62.00,15.116
2015-03-19T01:59:00Z,394.00,121.00,-273.00,-62.00,17.253
2015-03-19T02:00:00Z,418.00,118.00,-300.00,-62.00,18.655
2015-03-19T02:01:00Z,389.00,95.00,-294.00,-62.00,16.966
2015-03-19T02:02:00Z,393.00,102.00,-291.00,-62.00,17.196
2015-03-19T02:03:00Z,384.00,104.00,-280.00,-61.00,16.681
2015-03-19T02:04:00Z,362.00,99.00,-263.00,-60.00,15.447
2015-03-19T02:05:00Z,623.00,76.00,-547.00,-60.00,32.275
2015-03-19T02:06:00Z,537.00,95.00,-442.00,-60.00,26.203
2015-03-19T02:07:00Z,471.00,117.00,-354.00,-59.00,21.894
2015-03-19T02:08:00Z,427.00,119.00,-308.00,-59.00,19.192
2015-03-19T02:09:00Z,445.00,106.00,-339.00,-57.00,20.281
2015-03-19T02:10:00Z,455.00,84.00,-371.00,-57.00,20.896
2015-03-19T02:11:00Z,414.00,66.00,-348.00,-56.00,18.419
2015-03-19T02:12:00Z,461.00,75.00,-386.00,-56.00,21.268
2015-03-19T02:13:00Z,495.00,83.00,-412.00,-56.00,23.426
2015-03-19T02:14:00Z,448.00,68.00,-380.00,-55.00,20.465
2015-03-19T02:15:00Z,460.00,62.00,-398.00,-54.00,21.206
2015-03-19T02:16:00Z,642.00,71.00,-571.00,-54.00,33.686
2015-03-19T02:17:00Z,624.00,81.00,-543.00,-53.00,32.348
2015-03-19T02:18:00Z,722.00,71.00,-651.00,-52.00,39.905
2015-03-19T02:19:00Z,665.00,74.00,-591.00,-52.00,35.428
2015-03-19T02:20:00Z,644.00,86.00,-558.00,-52.00,33.836
2015-03-19T02:21:00Z,565.00,85.00,-480.00,-52.00,28.123
2015-03-19T02:22:00Z,513.00,70.00,-443.00,-52.00,24.601
2015-03-19T02:23:00Z,471.00,54.00,-417.00,-52.00,21.894
2015-03-19T02:24:00Z,423.00,47.00,-376.00,-51.00,18.953
2015-03-19T02:25:00Z,340.00,46.00,-294.00,-51.00,14.246
2015-03-19T02:26:00Z,328.00,53.00,-275.00,-51.00,13.605
2015-03-19T02:27:00Z,311.00,56.00,-255.00,-52.00,12.715
2015-03-19T02:28:00Z,340.00,72.00,-268.00,-52.00,14.246
2015-03-19T02:29:00Z,395.00,76.00,-319.00,-52.00,17.311
2015-03-19T02:30:00Z,460.00,100.00,-360.00,-52.00,21.206
2015-03-19T02:31:00Z,362.00,93.00,-269.00,-52.00,15.447
2015-03-19T02:32:00Z,318.00,87.00,-231.00,-52.00,13.079
2015-03-19T02:33:00Z,341.00,77.00,-264.00,-52.00,14.300
2015-03-19T02:34:00Z,364.00,84.00,-280.00,-52.00,15.557
2015-03-19T02:35:00Z,501.00,92.00,-409.00,-52.00,23.815
2015-03-19T02:36:00Z,452.00,101.00,-351.00,-52.00,20.711
2015-03-19T02:37:00Z,379.00,97.00,-282.00,-52.00,16.397
2015-03-19T02:38:00Z,337.00,101.00,-236.00,-52.00,14.085
2015-03-19T02:39:00Z,329.00,119.00,-210.00,-51.00,13.658
2015-03-19T02:40:00Z,321.00,100.00,-221.00,-51.00,13.236
2015-03-19T02:41:00Z,368.00,113.00,-255.00,-52.00,15.780
2015-03-19T02:42:00Z,372.00,96.00,-276.00,-51.00,16.003
2015-03-19T02:43:00Z,354.00,98.00,-256.00,-51.00,15.006
2015-03-19T02:44:00Z,339.00,83.00,-256.00,-50.00,14.192
2015-03-19T02:45:00Z,357.00,77.00,-280.00,-51.00,15.171
2015-03-19T02:46:00Z,407.00,96.00,-311.00,-51.00,18.008
2015-03-19T02:47:00Z,399.00,101.00,-298.00,-51.00,17.542
2015-03-19T02:48:00Z,304.00,96.00,-208.00,-50.00,12.355
2015-03-19T02:49:00Z,234.00,76.00,-158.00,-50.00,8.936
2015-03-19T02:50:00Z,240.00,98.00,-142.00,-51.00,9.216
2015-03-19T02:51:00Z,247.00,87.00,-160.00,-51.00,9.545
2015-03-19T02:52:00Z,206.00,91.00,-115.00,-51.00,7.665
2015-03-19T02:53:00Z,316.00,117.00,-199.00,-51.00,12.975
2015-03-19T02:54:00Z,340.00,106.00,-234.00,-52.00,14.246
2015-03-19T02:55:00Z,302.00,50.00,-252.00,-52.00,12.252
2015-03-19T02:56:00Z,347.00,54.00,-293.00,-52.00,14.624
2015-03-19T02:57:00Z,472.00,70.00,-402.00,-52.00,21.957
2015-03-19T02:58:00Z,521.00,114.00,-407.00,-52.00,25.130
2015-03-19T02:59:00Z,474.00,102.00,-372.00,-52.00,22.084
2015-03-19T03:00:00Z,479.00,95.00,-384.00,-53.00,22.400
2015-03-19T03:01:00Z,465.00,83.00,-382.00,-53.00,21.518
2015-03-19T03:02:00Z,446.00,67.00,-379.00,-52.00,20.342
2015-03-19T03:03:00Z,450.00,80.00,-370.00,-52.00,20.587
2015-03-19T03:04:00Z,461.00,92.00,-369.00,-51.00,21.268
2015-03-19T03:05:00Z,461.00,89.00,-372.00,-51.00,21.268
2015-03-19T03:06:00Z,439.00,90.00,-349.00,-51.00,19.915
2015-03-19T03:07:00Z,521.00,121.00,-400.00,-51.00,25.130
2015-03-19T03:08:00Z,537.00,117.00,-420.00,-50.00,26.203
2015-03-19T03:09:00Z,472.00,61.00,-411.00,-50.00,21.957
2015-03-19T03:10:00Z,500.00,51.00,-449.00,-49.00,23.750
2015-03-19T03:11:00Z,550.00,72.00,-478.00,-48.00,27.087
2015-03-19T03:12:00Z,597.00,111.00,-486.00,-48.00,30.384
2015-03-19T03:13:00Z,559.00,125.00,-434.00,-47.00,27.707
2015-03-19T03:14:00Z,515.00,127.00,-388.00,-46.00,24.733
2015-03-19T03:15:00Z,478.00,122.00,-356.00,-46.00,22.337
2015-03-19T03:16:00Z,411.00,114.00,-297.00,-46.00,18.242
2015-03-19T03:17:00Z,352.00,106.00,-246.00,-46.00,14.897
2015-03-19T03:18:00Z,347.00,101.00,-246.00,-45.00,14.624
2015-03-19T03:19:00Z,350.00,93.00,-257.00,-45.00,14.787
2015-03-19T03:20:00Z,329.00,91.00,-238.00,-45.00,13.658
2015-03-19T03:21:00Z,312.00,82.00,-230.00,-46.00,12.767
2015-03-19T03:22:00Z,309.00,85.00,-224.00,-45.00,12.612
2015-03-19T03:23:00Z,291.00,72.00,-219.00,-46.00,11.694
2015-03-19T03:24:00Z,269.00,64.00,-205.00,-46.00,10.603
2015-03-19T03:25:00Z,262.00,75.00,-187.00,-46.00,10.263
2015-03-19T03:26:00Z,286.00,95.00,-191.00,-47.00,11.443
2015-03-19T03:27:00Z,259.00,78.00,-181.00,-47.00,10.118
2015-03-19T03:28:00Z,269.00,78.00,-191.00,-48.00,10.603
2015-03-19T03:29:00Z,325.00,123.00,-202.00,-49.00,13.447
2015-03-19T03:30:00Z,367.00,155.00,-212.00,-49.00,15.724
2015-03-19T03:31:00Z,283.00,91.00,-192.00,-49.00,11.293
2015-03-19T03:32:00Z,209.00,43.00,-166.00,-50.00,7.799
2015-03-19T03:33:00Z,187.00,29.00,-158.00,-50.00,6.834
2015-03-19T03:34:00Z,167.00,22.00,-145.00,-51.00,5.986
2015-03-19T03:35:00Z,198.00,39.00,-159.00,-51.00,7.312
2015-03-19T03:36:00Z,210.00,52.00,-158.00,-52.00,7.843
2015-03-19T03:37:00Z,279.00,113.00,-166.00,-53.00,11.094
2015-03-19T03:38:00Z,227.00,68.00,-159.00,-53.00,8.614
2015-03-19T03:39:00Z,194.00,38.00,-156.00,-54.00,7.137
2015-03-19T03:40:00Z,179.00,38.00,-141.00,-54.00,6.491
2015-03-19T03:41:00Z,201.00,75.00,-126.00,-54.00,7.444
2015-03-19T03:42:00Z,188.00,72.00,-116.00,-54.00,6.877
2015-03-19T03:43:00Z,165.00,60.00,-105.00,-54.00,5.903
2015-03-19T03:44:00Z,145.00,75.00,-70.00,-54.00,5.086
2015-03-19T03:45:00Z,238.00,167.00,-71.00,-54.00,9.123
2015-03-19T03:46:00Z,325.00,244.00,-81.00,-53.00,13.447
2015-03-19T03:47:00Z,244.00,157.00,-87.00,-53.00,9.404
2015-03-19T03:48:00Z,215.00,83.00,-132.00,-52.00,8.068
2015-03-19T03:49:00Z,213.00,61.00,-152.00,-52.00,7.978
2015-03-19T03:50:00Z,288.00,127.00,-161.00,-52.00,11.543
2015-03-19T03:51:00Z,328.00,152.00,-176.00,-52.00,13.605
2015-03-19T03:52:00Z,278.00,101.00,-177.00,-52.00,11.045
2015-03-19T03:53:00Z,239.00,62.00,-177.00,-52.00,9.169
2015-03-19T03:54:00Z,274.00,95.00,-179.00,-51.00,10.848
2015-03-19T03:55:00Z,291.00,107.00,-184.00,-51.00,11.694
2015-03-19T03:56:00Z,272.00,92.00,-180.00,-51.00,10.749
2015-03-19T03:57:00Z,266.00,81.00,-185.00,-51.00,10.456
2015-03-19T03:58:00Z,277.00,86.00,-191.00,-51.00,10.996
2015-03-19T03:59:00Z,298.00,93.00,-205.00,-51.00,12.048
2015-03-19T04:00:00Z,294.00,100.00,-194.00,-52.00,11.845
2015-03-19T04:01:00Z,285.00,94.00,-191.00,-52.00,11.393
2015-03-19T04:02:00Z,300.00,96.00,-204.00,-52.00,12.150
2015-03-19T04:03:00Z,297.00,103.00,-194.00,-52.00,11.997
2015-03-19T04:04:00Z,314.00,111.00,-203.00,-53.00,12.871
2015-03-19T04:05:00Z,342.00,116.00,-226.00,-53.00,14.354
2015-03-19T04:06:00Z,348.00,121.00,-227.00,-53.00,14.679
2015-03-19T04:07:00Z,348.00,122.00,-226.00,-53.00,14.679
2015-03-19T04:08:00Z,344.00,118.00,-226.00,-53.00,14.462
2015-03-19T04:09:00Z,348.00,116.00,-232.00,-53.00,14.679
2015-03-19T04:10:00Z,347.00,111.00,-236.00,-54.00,14.624
2015-03-19T04:11:00Z,345.00,113.00,-232.00,-54.00,14.516
2015-03-19T04:12:00Z,348.00,116.00,-232.00,-54.00,14.679
2015-03-19T04:13:00Z,362.00,113.00,-249.00,-54.00,15.447
2015-03-19T04:14:00Z,375.00,113.00,-262.00,-55.00,16.172
2015-03-19T04:15:00Z,393.00,121.00,-272.00,-56.00,17.196
2015-03-19T04:16:00Z,399.00,125.00,-274.00,-56.00,17.542
2015-03-19T04:17:00Z,388.00,130.00,-258.00,-57.00,16.909
2015-03-19T04:18:00Z,358.00,122.00,-236.00,-57.00,15.226
2015-03-19T04:19:00Z,335.00,99.00,-236.00,-57.00,13.978
2015-03-19T04:20:00Z,345.00,110.00,-235.00,-57.00,14.516
2015-03-19T04:21:00Z,344.00,92.00,-252.00,-57.00,14.462
2015-03-19T04:22:00Z,345.00,72.00,-273.00,-58.00,14.516
2015-03-19T04:23:00Z,348.00,73.00,-275.00,-59.00,14.679
2015-03-19T04:24:00Z,340.00,92.00,-248.00,-60.00,14.246
2015-03-19T04:25:00Z,311.00,101.00,-210.00,-60.00,12.715
2015-03-19T04:26:00Z,292.00,85.00,-207.00,-59.00,11.744
2015-03-19T04:27:00Z,278.00,65.00,-213.00,-59.00,11.045
2015-03-19T04:28:00Z,243.00,51.00,-192.00,-60.00,9.357
2015-03-19T04:29:00Z,197.00,38.00,-159.00,-60.00,7.268
2015-03-19T04:30:00Z,214.00,55.00,-159.00,-61.00,8.023
2015-03-19T04:31:00Z,203.00,58.00,-145.00,-61.00,7.532
2015-03-19T04:32:00Z,189.00,58.00,-131.00,-61.00,6.920
2015-03-19T04:33:00Z,171.00,58.00,-113.00,-61.00,6.153
2015-03-19T04:34:00Z,160.00,56.00,-104.00,-61.00,5.696
2015-03-19T04:35:00Z,153.00,59.00,-94.00,-62.00,5.409
2015-03-19T04:36:00Z,155.00,63.00,-92.00,-62.00,5.491
2015-03-19T04:37:00Z,164.00,73.00,-91.00,-62.00,5.861
2015-03-19T04:38:00Z,160.00,75.00,-85.00,-62.00,5.696
2015-03-19T04:39:00Z,164.00,77.00,-87.00,-62.00,5.861
2015-03-19T04:40:00Z,162.00,71.00,-91.00,-62.00,5.779
2015-03-19T04:41:00Z,169.00,57.00,-112.00,-62.00,6.070
2015-03-19T04:42:00Z,183.00,48.00,-135.00,-62.00,6.662
2015-03-19T04:43:00Z,199.00,52.00,-147.00,-62.00,7.356
2015-03-19T04:44:00Z,190.00,55.00,-135.00,-62.00,6.963
2015-03-19T04:45:00Z,190.00,71.00,-119.00,-62.00,6.963
2015-03-19T04:46:00Z,164.00,70.00,-94.00,-61.00,5.861
2015-03-19T04:47:00Z,163.00,63.00,-100.00,-61.00,5.820
2015-03-19T04:48:00Z,168.00,56.00,-112.00,-61.00,6.028
2015-03-19T04:49:00Z,159.00,47.00,-112.00,-61.00,5.655
2015-03-19T04:50:00Z,157.00,59.00,-98.00,-61.00,5.573
2015-03-19T04:51:00Z,162.00,69.00,-93.00,-61.00,5.779
2015-03-19T04:52:00Z,140.00,63.00,-77.00,-60.00,4.886
2015-03-19T04:53:00Z,137.00,78.00,-59.00,-59.00,4.767
2015-03-19T04:54:00Z,144.00,80.00,-64.00,-59.00,5.046
2015-03-19T04:55:00Z,123.00,47.00,-76.00,-58.00,4.220
2015-03-19T04:56:00Z,170.00,83.00,-87.00,-58.00,6.111
2015-03-19T04:57:00Z,143.00,54.00,-89.00,-58.00,5.006
2015-03-19T04:58:00Z,150.00,61.00,-89.00,-59.00,5.287
2015-03-19T04:59:00Z,144.00,48.00,-96.00,-60.00,5.046
2015-03-19T05:00:00Z,147.00,48.00,-99.00,-60.00,5.166
2015-03-19T05:01:00Z,171.00,72.00,-99.00,-60.00,6.153
2015-03-19T05:02:00Z,191.00,90.00,-101.00,-60.00,7.007
2015-03-19T05:03:00Z,214.00,95.00,-119.00,-59.00,8.023
2015-03-19T05:04:00Z,200.00,84.00,-116.00,-59.00,7.400
2015-03-19T05:05:00Z,201.00,108.00,-93.00,-59.00,7.444
2015-03-19T05:06:00Z,236.00,160.00,-76.00,-58.00,9.029
2015-03-19T05:07:00Z,246.00,180.00,-66.00,-59.00,9.498
2015-03-19T05:08:00Z,225.00,160.00,-65.00,-58.00,8.522
2015-03-19T05:09:00Z,183.00,107.00,-76.00,-57.00,6.662
2015-03-19T05:10:00Z,193.00,108.00,-85.00,-57.00,7.094
2015-03-19T05:11:00Z,234.00,122.00,-112.00,-56.00,8.936
2015-03-19T05:12:00Z,247.00,114.00,-133.00,-57.00,9.545
2015-03-19T05:13:00Z,271.00,131.00,-140.00,-56.00,10.700
2015-03-19T05:14:00Z,385.00,127.00,-258.00,-55.00,16.738
2015-03-19T05:15:00Z,338.00,143.00,-195.00,-54.00,14.139
2015-03-19T05:16:00Z,278.00,141.00,-137.00,-54.00,11.045
2015-03-19T05:17:00Z,221.00,102.00,-119.00,-54.00,8.339
2015-03-19T05:18:00Z,234.00,116.00,-118.00,-54.00,8.936
2015-03-19T05:19:00Z,273.00,164.00,-109.00,-53.00,10.799
2015-03-19T05:20:00Z,324.00,191.00,-133.00,-53.00,13.394
2015-03-19T05:21:00Z,364.00,181.00,-183.00,-53.00,15.557
2015-03-19T05:22:00Z,384.00,164.00,-220.00,-53.00,16.681
2015-03-19T05:23:00Z,263.00,124.00,-139.00,-54.00,10.311
2015-03-19T05:24:00Z,208.00,97.00,-111.00,-54.00,7.754
2015-03-19T05:25:00Z,201.00,76.00,-125.00,-55.00,7.444
2015-03-19T05:26:00Z,267.00,64.00,-203.00,-55.00,10.505
2015-03-19T05:27:00Z,142.00,66.00,-76.00,-54.00,4.966
2015-03-19T05:28:00Z,168.00,106.00,-62.00,-54.00,6.028
2015-03-19T05:29:00Z,207.00,145.00,-62.00,-54.00,7.710
2015-03-19T05:30:00Z,175.00,111.00,-64.00,-53.00,6.322
2015-03-19T05:31:00Z,211.00,149.00,-62.00,-53.00,7.888
2015-03-19T05:32:00Z,201.00,135.00,-66.00,-53.00,7.444
2015-03-19T05:33:00Z,205.00,127.00,-78.00,-53.00,7.621
2015-03-19T05:34:00Z,210.00,114.00,-96.00,-54.00,7.843
2015-03-19T05:35:00Z,211.00,130.00,-81.00,-54.00,7.888
2015-03-19T05:36:00Z,214.00,133.00,-81.00,-54.00,8.023
2015-03-19T05:37:00Z,222.00,134.00,-88.00,-53.00,8.385
2015-03-19T05:38:00Z,241.00,151.00,-90.00,-53.00,9.263
2015-03-19T05:39:00Z,257.00,158.00,-99.00,-53.00,10.022
2015-03-19T05:40:00Z,260.00,162.00,-98.00,-54.00,10.166
2015-03-19T05:41:00Z,244.00,160.00,-84.00,-54.00,9.404
2015-03-19T05:42:00Z,225.00,135.00,-90.00,-54.00,8.522
2015-03-19T05:43:00Z,207.00,120.00,-87.00,-54.00,7.710
2015-03-19T05:44:00Z,195.00,117.00,-78.00,-53.00,7.181
2015-03-19T05:45:00Z,180.00,103.00,-77.00,-53.00,6.534
2015-03-19T05:46:00Z,176.00,85.00,-91.00,-52.00,6.364
2015-03-19T05:47:00Z,166.00,62.00,-104.00,-51.00,5.944
2015-03-19T05:48:00Z,173.00,68.00,-105.00,-52.00,6.238
2015-03-19T05:49:00Z,161.00,65.00,-96.00,-53.00,5.737
2015-03-19T05:50:00Z,162.00,71.00,-91.00,-53.00,5.779
2015-03-19T05:51:00Z,151.00,50.00,-101.00,-53.00,5.328
2015-03-19T05:52:00Z,185.00,77.00,-108.00,-53.00,6.748
2015-03-19T05:53:00Z,150.00,42.00,-108.00,-53.00,5.287
2015-03-19T05:54:00Z,122.00,24.00,-98.00,-53.00,4.181
2015-03-19T05:55:00Z,143.00,44.00,-99.00,-52.00,5.006
2015-03-19T05:56:00Z,162.00,54.00,-108.00,-53.00,5.779
2015-03-19T05:57:00Z,166.00,44.00,-122.00,-53.00,5.944
2015-03-19T05:58:00Z,172.00,38.00,-134.00,-53.00,6.195
2015-03-19T05:59:00Z,208.00,47.00,-161.00,-53.00,7.754
2015-03-19T06:00:00Z,221.00,52.00,-169.00,-54.00,8.339
2015-03-19T06:01:00Z,240.00,66.00,-174.00,-54.00,9.216
2015-03-19T06:02:00Z,262.00,80.00,-182.00,-54.00,10.263
2015-03-19T06:03:00Z,256.00,64.00,-192.00,-55.00,9.974
2015-03-19T06:04:00Z,248.00,68.00,-180.00,-57.00,9.593
2015-03-19T06:05:00Z,264.00,92.00,-172.00,-57.00,10.359
2015-03-19T06:06:00Z,297.00,98.00,-199.00,-56.00,11.997
2015-03-19T06:07:00Z,300.00,75.00,-225.00,-56.00,12.150
2015-03-19T06:08:00Z,243.00,41.00,-202.00,-55.00,9.357
2015-03-19T06:09:00Z,272.00,49.00,-223.00,-55.00,10.749
2015-03-19T06:10:00Z,289.00,56.00,-233.00,-56.00,11.593
2015-03-19T06:11:00Z,344.00,123.00,-221.00,-57.00,14.462
2015-03-19T06:12:00Z,318.00,106.00,-212.00,-58.00,13.079
2015-03-19T06:13:00Z,273.00,50.00,-223.00,-57.00,10.799
2015-03-19T06:14:00Z,295.00,55.00,-240.00,-56.00,11.896
2015-03-19T06:15:00Z,313.00,59.00,-254.00,-56.00,12.819
2015-03-19T06:16:00Z,335.00,90.00,-245.00,-57.00,13.978
2015-03-19T06:17:00Z,319.00,55.00,-264.00,-57.00,13.132
2015-03-19T06:18:00Z,348.00,59.00,-289.00,-56.00,14.679
2015-03-19T06:19:00Z,340.00,58.00,-282.00,-56.00,14.246
2015-03-19T06:20:00Z,302.00,57.00,-245.00,-55.00,12.252
2015-03-19T06:21:00Z,301.00,60.00,-241.00,-56.00,12.201
2015-03-19T06:22:00Z,322.00,68.00,-254.00,-55.00,13.289
2015-03-19T06:23:00Z,344.00,70.00,-274.00,-55.00,14.462
2015-03-19T06:24:00Z,338.00,67.00,-271.00,-54.00,14.139
2015-03-19T06:25:00Z,357.00,70.00,-287.00,-55.00,15.171
2015-03-19T06:26:00Z,355.00,70.00,-285.00,-55.00,15.061
2015-03-19T06:27:00Z,357.00,73.00,-284.00,-56.00,15.171
2015-03-19T06:28:00Z,347.00,85.00,-262.00,-55.00,14.624
2015-03-19T06:29:00Z,335.00,83.00,-252.00,-55.00,13.978
2015-03-19T06:30:00Z,344.00,98.00,-246.00,-56.00,14.462
2015-03-19T06:31:00Z,369.00,137.00,-232.00,-57.00,15.836
2015-03-19T06:32:00Z,380.00,157.00,-223.00,-58.00,16.454
2015-03-19T06:33:00Z,361.00,134.00,-227.00,-58.00,15.391
2015-03-19T06:34:00Z,341.00,107.00,-234.00,-57.00,14.300
2015-03-19T06:35:00Z,326.00,129.00,-197.00,-57.00,13.500
2015-03-19T06:36:00Z,334.00,152.00,-182.00,-58.00,13.924
2015-03-19T06:37:00Z,300.00,141.00,-159.00,-57.00,12.150
2015-03-19T06:38:00Z,267.00,127.00,-140.00,-58.00,10.505
2015-03-19T06:39:00Z,262.00,129.00,-133.00,-57.00,10.263
2015-03-19T06:40:00Z,266.00,141.00,-125.00,-58.00,10.456
2015-03-19T06:41:00Z,278.00,151.00,-127.00,-58.00,11.045
2015-03-19T06:42:00Z,273.00,138.00,-135.00,-57.00,10.799
2015-03-19T06:43:00Z,265.00,115.00,-150.00,-58.00,10.408
2015-03-19T06:44:00Z,243.00,115.00,-128.00,-58.00,9.357
2015-03-19T06:45:00Z,249.00,129.00,-120.00,-57.00,9.640
2015-03-19T06:46:00Z,225.00,118.00,-107.00,-57.00,8.522
2015-03-19T06:47:00Z,221.00,113.00,-108.00,-57.00,8.339
2015-03-19T06:48:00Z,266.00,128.00,-138.00,-56.00,10.456
2015-03-19T06:49:00Z,292.00,121.00,-171.00,-56.00,11.744
2015-03-19T06:50:00Z,332.00,125.00,-207.00,-56.00,13.818
2015-03-19T06:51:00Z,316.00,125.00,-191.00,-55.00,12.975
2015-03-19T06:52:00Z,366.00,131.00,-235.00,-55.00,15.668
2015-03-19T06:53:00Z,360.00,139.00,-221.00,-54.00,15.336
2015-03-19T06:54:00Z,461.00,137.00,-324.00,-54.00,21.268
2015-03-19T06:55:00Z,557.00,138.00,-419.00,-53.00,27.569
2015-03-19T06:56:00Z,553.00,151.00,-402.00,-52.00,27.293
2015-03-19T06:57:00Z,471.00,162.00,-309.00,-52.00,21.894
2015-03-19T06:58:00Z,408.00,165.00,-243.00,-52.00,18.066
2015-03-19T06:59:00Z,402.00,173.00,-229.00,-52.00,17.716
2015-03-19T07:00:00Z,416.00,184.00,-232.00,-52.00,18.537
2015-03-19T07:01:00Z,396.00,180.00,-216.00,-52.00,17.369
2015-03-19T07:02:00Z,400.00,175.00,-225.00,-52.00,17.600
2015-03-19T07:03:00Z,395.00,169.00,-226.00,-52.00,17.311
2015-03-19T07:04:00Z,396.00,164.00,-232.00,-52.00,17.369
2015-03-19T07:05:00Z,416.00,154.00,-262.00,-52.00,18.537
2015-03-19T07:06:00Z,395.00,135.00,-260.00,-53.00,17.311
2015-03-19T07:07:00Z,399.00,117.00,-282.00,-53.00,17.542
2015-03-19T07:08:00Z,562.00,123.00,-439.00,-53.00,27.915
2015-03-19T07:09:00Z,836.00,128.00,-708.00,-53.00,49.541
2015-03-19T07:10:00Z,1266.00,139.00,-1127.00,-53.00,94.076
2015-03-19T07:11:00Z,998.00,185.00,-813.00,-53.00,64.800
2015-03-19T07:12:00Z,918.00,187.00,-731.00,-53.00,57.035
2015-03-19T07:13:00Z,692.00,206.00,-486.00,-53.00,37.520
2015-03-19T07:14:00Z,822.00,221.00,-601.00,-53.00,48.309
2015-03-19T07:15:00Z,845.00,236.00,-609.00,-52.00,50.341
2015-03-19T07:16:00Z,756.00,250.00,-506.00,-52.00,42.684
2015-03-19T07:17:00Z,784.00,241.00,-543.00,-51.00,45.033
2015-03-19T07:18:00Z,920.00,242.00,-678.00,-53.00,57.224
2015-03-19T07:19:00Z,850.00,245.00,-605.00,-54.00,50.787
2015-03-19T07:20:00Z,599.00,243.00,-356.00,-53.00,30.528
2015-03-19T07:21:00Z,620.00,261.00,-359.00,-54.00,32.054
2015-03-19T07:22:00Z,643.00,266.00,-377.00,-54.00,33.761
2015-03-19T07:23:00Z,624.00,254.00,-370.00,-53.00,32.348
2015-03-19T07:24:00Z,622.00,245.00,-377.00,-53.00,32.201
2015-03-19T07:25:00Z,641.00,251.00,-390.00,-53.00,33.611
2015-03-19T07:26:00Z,637.00,232.00,-405.00,-52.00,33.312
2015-03-19T07:27:00Z,605.00,234.00,-371.00,-52.00,30.961
2015-03-19T07:28:00Z,593.00,212.00,-381.00,-52.00,30.098
2015-03-19T07:29:00Z,519.00,157.00,-362.00,-51.00,24.998
2015-03-19T07:30:00Z,518.00,123.00,-395.00,-52.00,24.931
2015-03-19T07:31:00Z,511.00,106.00,-405.00,-51.00,24.469
2015-03-19T07:32:00Z,496.00,101.00,-395.00,-49.00,23.491
2015-03-19T07:33:00Z,493.00,107.00,-386.00,-49.00,23.297
2015-03-19T07:34:00Z,472.00,103.00,-369.00,-48.00,21.957
2015-03-19T07:35:00Z,459.00,104.00,-355.00,-48.00,21.144
2015-03-19T07:36:00Z,441.00,96.00,-345.00,-47.00,20.037
2015-03-19T07:37:00Z,418.00,87.00,-331.00,-47.00,18.655
2015-03-19T07:38:00Z,400.00,79.00,-321.00,-46.00,17.600
2015-03-19T07:39:00Z,382.00,68.00,-314.00,-46.00,16.567
2015-03-19T07:40:00Z,367.00,64.00,-303.00,-46.00,15.724
2015-03-19T07:41:00Z,384.00,67.00,-317.00,-44.00,16.681
2015-03-19T07:42:00Z,392.00,70.00,-322.00,-44.00,17.138
2015-03-19T07:43:00Z,380.00,78.00,-302.00,-44.00,16.454
2015-03-19T07:44:00Z,322.00,80.00,-242.00,-44.00,13.289
2015-03-19T07:45:00Z,318.00,78.00,-240.00,-44.00,13.079
2015-03-19T07:46:00Z,331.00,85.00,-246.00,-43.00,13.765
2015-03-19T07:47:00Z,327.00,88.00,-239.00,-43.00,13.553
2015-03-19T07:48:00Z,347.00,79.00,-268.00,-43.00,14.624
2015-03-19T07:49:00Z,358.00,79.00,-279.00,-43.00,15.226
2015-03-19T07:50:00Z,349.00,88.00,-261.00,-43.00,14.733
2015-03-19T07:51:00Z,357.00,110.00,-247.00,-43.00,15.171
2015-03-19T07:52:00Z,353.00,116.00,-237.00,-43.00,14.951
2015-03-19T07:53:00Z,457.00,100.00,-357.00,-42.00,21.020
2015-03-19T07:54:00Z,415.00,86.00,-329.00,-41.00,18.478
2015-03-19T07:55:00Z,388.00,94.00,-294.00,-41.00,16.909
2015-03-19T07:56:00Z,336.00,111.00,-225.00,-41.00,14.031
2015-03-19T07:57:00Z,331.00,115.00,-216.00,-40.00,13.765
2015-03-19T07:58:00Z,310.00,100.00,-210.00,-40.00,12.663
2015-03-19T07:59:00Z,280.00,84.00,-196.00,-39.00,11.144
2015-03-19T08:00:00Z,299.00,94.00,-205.00,-40.00,12.099
2015-03-19T08:01:00Z,335.00,112.00,-223.00,-40.00,13.978
2015-03-19T08:02:00Z,349.00,115.00,-234.00,-41.00,14.733
2015-03-19T08:03:00Z,330.00,106.00,-224.00,-42.00,13.712
2015-03-19T08:04:00Z,313.00,100.00,-213.00,-42.00,12.819
2015-03-19T08:05:00Z,321.00,110.00,-211.00,-42.00,13.236
2015-03-19T08:06:00Z,391.00,143.00,-248.00,-41.00,17.081
2015-03-19T08:07:00Z,496.00,160.00,-336.00,-42.00,23.491
2015-03-19T08:08:00Z,559.00,153.00,-406.00,-42.00,27.707
2015-03-19T08:09:00Z,492.00,149.00,-343.00,-42.00,23.232
2015-03-19T08:10:00Z,456.00,154.00,-302.00,-42.00,20.958
2015-03-19T08:11:00Z,480.00,174.00,-306.00,-42.00,22.464
2015-03-19T08:12:00Z,522.00,199.00,-323.00,-42.00,25.197
2015-03-19T08:13:00Z,443.00,172.00,-271.00,-43.00,20.159
2015-03-19T08:14:00Z,413.00,143.00,-270.00,-42.00,18.360
2015-03-19T08:15:00Z,412.00,140.00,-272.00,-42.00,18.301
2015-03-19T08:16:00Z,429.00,147.00,-282.00,-43.00,19.311
2015-03-19T08:17:00Z,468.00,170.00,-298.00,-43.00,21.706
2015-03-19T08:18:00Z,485.00,180.00,-305.00,-43.00,22.783
2015-03-19T08:19:00Z,515.00,190.00,-325.00,-43.00,24.733
2015-03-19T08:20:00Z,542.00,209.00,-333.00,-44.00,26.542
2015-03-19T08:21:00Z,550.00,208.00,-342.00,-44.00,27.087
2015-03-19T08:22:00Z,565.00,209.00,-356.00,-44.00,28.123
2015-03-19T08:23:00Z,554.00,200.00,-354.00,-44.00,27.362
2015-03-19T08:24:00Z,529.00,182.00,-347.00,-44.00,25.664
2015-03-19T08:25:00Z,544.00,187.00,-357.00,-44.00,26.678
2015-03-19T08:26:00Z,565.00,200.00,-365.00,-45.00,28.123
2015-03-19T08:27:00Z,557.00,194.00,-363.00,-45.00,27.569
2015-03-19T08:28:00Z,563.00,191.00,-372.00,-46.00,27.984
2015-03-19T08:29:00Z,563.00,182.00,-381.00,-46.00,27.984
2015-03-19T08:30:00Z,566.00,183.00,-383.00,-46.00,28.192
2015-03-19T08:31:00Z,566.00,167.00,-399.00,-46.00,28.192
2015-03-19T08:32:00Z,575.00,161.00,-414.00,-47.00,28.822
2015-03-19T08:33:00Z,588.00,157.00,-431.00,-47.00,29.741
2015-03-19T08:34:00Z,580.00,157.00,-423.00,-47.00,29.174
2015-03-19T08:35:00Z,604.00,164.00,-440.00,-47.00,30.889
2015-03-19T08:36:00Z,596.00,167.00,-429.00,-48.00,30.313
2015-03-19T08:37:00Z,585.00,167.00,-418.00,-48.00,29.528
2015-03-19T08:38:00Z,553.00,160.00,-393.00,-49.00,27.293
2015-03-19T08:39:00Z,497.00,145.00,-352.00,-49.00,23.555
2015-03-19T08:40:00Z,448.00,141.00,-307.00,-49.00,20.465
2015-03-19T08:41:00Z,427.00,132.00,-295.00,-50.00,19.192
2015-03-19T08:42:00Z,432.00,137.00,-295.00,-50.00,19.492
2015-03-19T08:43:00Z,443.00,140.00,-303.00,-50.00,20.159
2015-03-19T08:44:00Z,456.00,149.00,-307.00,-50.00,20.958
2015-03-19T08:45:00Z,457.00,143.00,-314.00,-50.00,21.020
2015-03-19T08:46:00Z,459.00,141.00,-318.00,-50.00,21.144
2015-03-19T08:47:00Z,465.00,135.00,-330.00,-51.00,21.518
2015-03-19T08:48:00Z,474.00,138.00,-336.00,-52.00,22.084
2015-03-19T08:49:00Z,475.00,130.00,-345.00,-52.00,22.147
2015-03-19T08:50:00Z,462.00,123.00,-339.00,-52.00,21.331
2015-03-19T08:51:00Z,508.00,124.00,-384.00,-52.00,24.272
2015-03-19T08:52:00Z,543.00,139.00,-404.00,-53.00,26.610
2015-03-19T08:53:00Z,525.00,136.00,-389.00,-52.00,25.397
2015-03-19T08:54:00Z,480.00,138.00,-342.00,-53.00,22.464
2015-03-19T08:55:00Z,445.00,143.00,-302.00,-53.00,20.281
2015-03-19T08:56:00Z,424.00,153.00,-271.00,-54.00,19.012
2015-03-19T08:57:00Z,396.00,150.00,-246.00,-54.00,17.369
2015-03-19T08:58:00Z,389.00,149.00,-240.00,-54.00,16.966
2015-03-19T08:59:00Z,404.00,157.00,-247.00,-55.00,17.833
2015-03-19T09:00:00Z,388.00,129.00,-259.00,-55.00,16.909
2015-03-19T09:01:00Z,367.00,96.00,-271.00,-55.00,15.724
2015-03-19T09:02:00Z,348.00,81.00,-267.00,-55.00,14.679
2015-03-19T09:03:00Z,317.00,81.00,-236.00,-55.00,13.027
2015-03-19T09:04:00Z,295.00,84.00,-211.00,-55.00,11.896
2015-03-19T09:05:00Z,315.00,85.00,-230.00,-55.00,12.923
2015-03-19T09:06:00Z,353.00,85.00,-268.00,-54.00,14.951
2015-03-19T09:07:00Z,349.00,74.00,-275.00,-54.00,14.733
2015-03-19T09:08:00Z,445.00,76.00,-369.00,-54.00,20.281
2015-03-19T09:09:00Z,567.00,71.00,-496.00,-55.00,28.262
2015-03-19T09:10:00Z,581.00,53.00,-528.00,-55.00,29.245
2015-03-19T09:11:00Z,707.00,46.00,-661.00,-55.00,38.705
2015-03-19T09:12:00Z,802.00,36.00,-766.00,-55.00,46.572
2015-03-19T09:13:00Z,694.00,10.00,-684.00,-55.00,37.677
2015-03-19T09:14:00Z,745.00,-7.00,-752.00,-54.00,41.776
2015-03-19T09:15:00Z,799.00,-10.00,-809.00,-54.00,46.314
2015-03-19T09:16:00Z,832.00,-14.00,-846.00,-53.00,49.188
2015-03-19T09:17:00Z,721.00,-20.00,-741.00,-52.00,39.824
2015-03-19T09:18:00Z,889.00,-13.00,-902.00,-52.00,54.331
2015-03-19T09:19:00Z,949.00,-6.00,-955.00,-52.00,59.991
2015-03-19T09:20:00Z,863.00,-22.00,-885.00,-52.00,51.957
2015-03-19T09:21:00Z,914.00,-25.00,-939.00,-52.00,56.659
2015-03-19T09:22:00Z,775.00,24.00,-751.00,-51.00,44.272
2015-03-19T09:23:00Z,693.00,-2.00,-695.00,-50.00,37.599
2015-03-19T09:24:00Z,654.00,-12.00,-666.00,-50.00,34.590
2015-03-19T09:25:00Z,687.00,7.00,-680.00,-49.00,37.129
2015-03-19T09:26:00Z,679.00,3.00,-676.00,-48.00,36.506
2015-03-19T09:27:00Z,626.00,-35.00,-661.00,-47.00,32.496
2015-03-19T09:28:00Z,585.00,-45.00,-630.00,-47.00,29.528
2015-03-19T09:29:00Z,584.00,-43.00,-627.00,-47.00,29.457
2015-03-19T09:30:00Z,633.00,-32.00,-665.00,-47.00,33.014
2015-03-19T09:31:00Z,629.00,-21.00,-650.00,-47.00,32.717
2015-03-19T09:32:00Z,601.00,-2.00,-603.00,-47.00,30.672
2015-03-19T09:33:00Z,572.00,3.00,-569.00,-47.00,28.611
2015-03-19T09:34:00Z,559.00,-1.00,-560.00,-47.00,27.707
2015-03-19T09:35:00Z,596.00,-12.00,-608.00,-47.00,30.313
2015-03-19T09:36:00Z,603.00,-11.00,-614.00,-47.00,30.816
2015-03-19T09:37:00Z,645.00,4.00,-641.00,-47.00,33.911
2015-03-19T09:38:00Z,690.00,23.00,-667.00,-47.00,37.364
2015-03-19T09:39:00Z,658.00,25.00,-633.00,-47.00,34.894
2015-03-19T09:40:00Z,684.00,34.00,-650.00,-47.00,36.895
2015-03-19T09:41:00Z,695.00,34.00,-661.00,-48.00,37.756
2015-03-19T09:42:00Z,723.00,45.00,-678.00,-47.00,39.986
2015-03-19T09:43:00Z,734.00,46.00,-688.00,-48.00,40.876
2015-03-19T09:44:00Z,703.00,60.00,-643.00,-48.00,38.387
2015-03-19T09:45:00Z,712.00,80.00,-632.00,-48.00,39.103
2015-03-19T09:46:00Z,750.00,95.00,-655.00,-48.00,42.188
2015-03-19T09:47:00Z,742.00,104.00,-638.00,-48.00,41.530
2015-03-19T09:48:00Z,720.00,124.00,-596.00,-49.00,39.744
2015-03-19T09:49:00Z,688.00,158.00,-530.00,-49.00,37.207
2015-03-19T09:50:00Z,702.00,192.00,-510.00,-49.00,38.308
2015-03-19T09:51:00Z,744.00,197.00,-547.00,-50.00,41.694
2015-03-19T09:52:00Z,743.00,185.00,-558.00,-50.00,41.612
2015-03-19T09:53:00Z,723.00,187.00,-536.00,-50.00,39.986
2015-03-19T09:54:00Z,714.00,199.00,-515.00,-51.00,39.263
2015-03-19T09:55:00Z,739.00,190.00,-549.00,-51.00,41.284
2015-03-19T09:56:00Z,782.00,191.00,-591.00,-51.00,44.863
2015-03-19T09:57:00Z,819.00,205.00,-614.00,-51.00,48.047
2015-03-19T09:58:00Z,857.00,215.00,-642.00,-50.00,51.416
2015-03-19T09:59:00Z,893.00,220.00,-673.00,-50.00,54.701
2015-03-19T10:00:00Z,892.00,226.00,-666.00,-50.00,54.608
2015-03-19T10:01:00Z,880.00,216.00,-664.00,-50.00,53.504
2015-03-19T10:02:00Z,853.00,208.00,-645.00,-50.00,51.056
2015-03-19T10:03:00Z,845.00,201.00,-644.00,-50.00,50.341
2015-03-19T10:04:00Z,849.00,191.00,-658.00,-50.00,50.698
2015-03-19T10:05:00Z,867.00,201.00,-666.00,-50.00,52.319
2015-03-19T10:06:00Z,866.00,194.00,-672.00,-50.00,52.228
2015-03-19T10:07:00Z,823.00,175.00,-648.00,-52.00,48.397
2015-03-19T10:08:00Z,750.00,166.00,-584.00,-52.00,42.188
2015-03-19T10:09:00Z,761.00,186.00,-575.00,-53.00,43.099
2015-03-19T10:10:00Z,793.00,185.00,-608.00,-54.00,45.800
2015-03-19T10:11:00Z,757.00,155.00,-602.00,-53.00,42.767
2015-03-19T10:12:00Z,724.00,142.00,-582.00,-54.00,40.066
2015-03-19T10:13:00Z,739.00,149.00,-590.00,-54.00,41.284
2015-03-19T10:14:00Z,747.00,147.00,-600.00,-54.00,41.940
2015-03-19T10:15:00Z,738.00,140.00,-598.00,-54.00,41.203
2015-03-19T10:16:00Z,729.00,117.00,-612.00,-54.00,40.470
2015-03-19T10:17:00Z,743.00,129.00,-614.00,-54.00,41.612
2015-03-19T10:18:00Z,716.00,125.00,-591.00,-55.00,39.423
2015-03-19T10:19:00Z,674.00,110.00,-564.00,-54.00,36.120
2015-03-19T10:20:00Z,647.00,102.00,-545.00,-55.00,34.061
2015-03-19T10:21:00Z,609.00,109.00,-500.00,-55.00,31.251
2015-03-19T10:22:00Z,624.00,129.00,-495.00,-56.00,32.348
2015-03-19T10:23:00Z,592.00,126.00,-466.00,-56.00,30.026
2015-03-19T10:24:00Z,562.00,103.00,-459.00,-57.00,27.915
2015-03-19T10:25:00Z,523.00,127.00,-396.00,-57.00,25.264
2015-03-19T10:26:00Z,483.00,143.00,-340.00,-58.00,22.655
2015-03-19T10:27:00Z,479.00,130.00,-349.00,-59.00,22.400
2015-03-19T10:28:00Z,412.00,114.00,-298.00,-59.00,18.301
2015-03-19T10:29:00Z,404.00,116.00,-288.00,-59.00,17.833
2015-03-19T10:30:00Z,413.00,119.00,-294.00,-57.00,18.360
2015-03-19T10:31:00Z,466.00,124.00,-342.00,-57.00,21.580
2015-03-19T10:32:00Z,448.00,135.00,-313.00,-57.00,20.465
2015-03-19T10:33:00Z,423.00,141.00,-282.00,-56.00,18.953
2015-03-19T10:34:00Z,476.00,143.00,-333.00,-56.00,22.210
2015-03-19T10:35:00Z,492.00,149.00,-343.00,-56.00,23.232
2015-03-19T10:36:00Z,477.00,155.00,-322.00,-56.00,22.274
2015-03-19T10:37:00Z,460.00,147.00,-313.00,-56.00,21.206
2015-03-19T10:38:00Z,463.00,136.00,-327.00,-56.00,21.393
2015-03-19T10:39:00Z,469.00,129.00,-340.00,-57.00,21.769
2015-03-19T10:40:00Z,459.00,132.00,-327.00,-57.00,21.144
2015-03-19T10:41:00Z,496.00,159.00,-337.00,-57.00,23.491
2015-03-19T10:42:00Z,505.00,149.00,-356.00,-56.00,24.076
2015-03-19T10:43:00Z,475.00,127.00,-348.00,-55.00,22.147
2015-03-19T10:44:00Z,452.00,119.00,-333.00,-55.00,20.711
2015-03-19T10:45:00Z,472.00,133.00,-339.00,-54.00,21.957
2015-03-19T10:46:00Z,486.00,150.00,-336.00,-53.00,22.847
2015-03-19T10:47:00Z,494.00,160.00,-334.00,-53.00,23.361
2015-03-19T10:48:00Z,523.00,171.00,-352.00,-53.00,25.264
2015-03-19T10:49:00Z,528.00,187.00,-341.00,-53.00,25.597
2015-03-19T10:50:00Z,495.00,186.00,-309.00,-53.00,23.426
2015-03-19T10:51:00Z,468.00,165.00,-303.00,-52.00,21.706
2015-03-19T10:52:00Z,455.00,157.00,-298.00,-53.00,20.896
2015-03-19T10:53:00Z,467.00,151.00,-316.00,-53.00,21.643
2015-03-19T10:54:00Z,454.00,150.00,-304.00,-54.00,20.834
2015-03-19T10:55:00Z,437.00,146.00,-291.00,-54.00,19.794
2015-03-19T10:56:00Z,434.00,146.00,-288.00,-54.00,19.612
2015-03-19T10:57:00Z,441.00,140.00,-301.00,-53.00,20.037
2015-03-19T10:58:00Z,419.00,125.00,-294.00,-53.00,18.715
2015-03-19T10:59:00Z,410.00,137.00,-273.00,-53.00,18.183
2015-03-19T11:00:00Z,402.00,141.00,-261.00,-53.00,17.716
2015-03-19T11:01:00Z,410.00,138.00,-272.00,-53.00,18.183
2015-03-19T11:02:00Z,431.00,141.00,-290.00,-52.00,19.432
2015-03-19T11:03:00Z,411.00,139.00,-272.00,-52.00,18.242
2015-03-19T11:04:00Z,404.00,145.00,-259.00,-51.00,17.833
2015-03-19T11:05:00Z,416.00,147.00,-269.00,-52.00,18.537
2015-03-19T11:06:00Z,420.00,144.00,-276.00,-53.00,18.774
2015-03-19T11:07:00Z,420.00,141.00,-279.00,-55.00,18.774
2015-03-19T11:08:00Z,430.00,128.00,-302.00,-55.00,19.372
2015-03-19T11:09:00Z,413.00,120.00,-293.00,-55.00,18.360
2015-03-19T11:10:00Z,384.00,114.00,-270.00,-55.00,16.681
2015-03-19T11:11:00Z,370.00,108.00,-262.00,-55.00,15.892
2015-03-19T11:12:00Z,380.00,100.00,-280.00,-55.00,16.454
2015-03-19T11:13:00Z,393.00,89.00,-304.00,-55.00,17.196
2015-03-19T11:14:00Z,336.00,81.00,-255.00,-55.00,14.031
2015-03-19T11:15:00Z,342.00,81.00,-261.00,-55.00,14.354
2015-03-19T11:16:00Z,358.00,94.00,-264.00,-54.00,15.226
2015-03-19T11:17:00Z,368.00,97.00,-271.00,-54.00,15.780
2015-03-19T11:18:00Z,370.00,98.00,-272.00,-54.00,15.892
2015-03-19T11:19:00Z,434.00,104.00,-330.00,-53.00,19.612
2015-03-19T11:20:00Z,464.00,99.00,-365.00,-54.00,21.455
2015-03-19T11:21:00Z,467.00,98.00,-369.00,-54.00,21.643
2015-03-19T11:22:00Z,505.00,91.00,-414.00,-54.00,24.076
2015-03-19T11:23:00Z,555.00,95.00,-460.00,-54.00,27.431
2015-03-19T11:24:00Z,561.00,97.00,-464.00,-54.00,27.845
2015-03-19T11:25:00Z,548.00,102.00,-446.00,-54.00,26.951
2015-03-19T11:26:00Z,514.00,103.00,-411.00,-54.00,24.667
2015-03-19T11:27:00Z,512.00,107.00,-405.00,-55.00,24.535
2015-03-19T11:28:00Z,541.00,108.00,-433.00,-54.00,26.474
2015-03-19T11:29:00Z,614.00,110.00,-504.00,-54.00,31.615
2015-03-19T11:30:00Z,719.00,103.00,-616.00,-54.00,39.664
2015-03-19T11:31:00Z,599.00,101.00,-498.00,-54.00,30.528
2015-03-19T11:32:00Z,624.00,99.00,-525.00,-54.00,32.348
2015-03-19T11:33:00Z,627.00,104.00,-523.00,-54.00,32.570
2015-03-19T11:34:00Z,684.00,104.00,-580.00,-55.00,36.895
2015-03-19T11:35:00Z,670.00,104.00,-566.00,-55.00,35.811
2015-03-19T11:36:00Z,614.00,103.00,-511.00,-55.00,31.615
2015-03-19T11:37:00Z,512.00,105.00,-407.00,-56.00,24.535
2015-03-19T11:38:00Z,533.00,101.00,-432.00,-56.00,25.933
2015-03-19T11:39:00Z,549.00,100.00,-449.00,-57.00,27.019
2015-03-19T11:40:00Z,590.00,102.00,-488.00,-57.00,29.883
2015-03-19T11:41:00Z,563.00,100.00,-463.00,-57.00,27.984
2015-03-19T11:42:00Z,561.00,103.00,-458.00,-57.00,27.845
2015-03-19T11:43:00Z,581.00,100.00,-481.00,-58.00,29.245
2015-03-19T11:44:00Z,584.00,95.00,-489.00,-58.00,29.457
2015-03-19T11:45:00Z,624.00,103.00,-521.00,-58.00,32.348
2015-03-19T11:46:00Z,598.00,102.00,-496.00,-58.00,30.456
2015-03-19T11:47:00Z,532.00,112.00,-420.00,-57.00,25.866
2015-03-19T11:48:00Z,553.00,115.00,-438.00,-57.00,27.293
2015-03-19T11:49:00Z,581.00,115.00,-466.00,-57.00,29.245
2015-03-19T11:50:00Z,610.00,121.00,-489.00,-57.00,31.323
2015-03-19T11:51:00Z,623.00,130.00,-493.00,-57.00,32.275
2015-03-19T11:52:00Z,608.00,130.00,-478.00,-56.00,31.178
2015-03-19T11:53:00Z,583.00,137.00,-446.00,-56.00,29.386
2015-03-19T11:54:00Z,608.00,150.00,-458.00,-56.00,31.178
2015-03-19T11:55:00Z,660.00,172.00,-488.00,-56.00,35.046
2015-03-19T11:56:00Z,711.00,172.00,-539.00,-56.00,39.023
2015-03-19T11:57:00Z,755.00,180.00,-575.00,-57.00,42.601
2015-03-19T11:58:00Z,782.00,180.00,-602.00,-57.00,44.863
2015-03-19T11:59:00Z,800.00,163.00,-637.00,-57.00,46.400
2015-03-19T12:00:00Z,910.00,174.00,-736.00,-57.00,56.283
