# OMNI 1-min, GSM, time-shifted to bow shock nose
# yr mo dy hr mn sc msec  Bx[nT] By[nT] Bz[nT]  Vx[km/s] Vy[km/s] Vz[km/s]  N[/cc] T[K]
#START
2022  2  3  0  0 00 000    2.640    8.870    3.020   -396.00     40.60     23.10   9.980     88701.0
2022  2  3  0  2 00 000    2.950    8.640    3.350   -392.90     33.40     20.10   8.600     63080.0
2022  2  3  0  3 00 000    2.870    8.800    3.180   -392.90     33.40     20.10   8.600     63080.0
2022  2  3  0  5 00 000    3.460    8.730    2.930   -388.80     25.80     16.30  10.000     69856.0
2022  2  3  0  6 00 000    3.960    8.820    1.340   -389.90     26.00     14.50   9.920     71495.0
2022  2  3  0  7 00 000    3.630    9.420    1.430   -395.00     29.40      4.00   9.800     75747.0
2022  2  3  0  8 00 000    4.930    8.950   -3.390   -388.00     33.90     10.60  10.340     60852.0
2022  2  3  0  9 00 000    2.370    9.610    0.770   -400.00     -8.80     -0.30   8.310     81937.0
2022  2  3  0 10 00 000   -2.260    7.700    7.060   -448.10    -37.80     31.90   4.870    110189.0
2022  2  3  0 11 00 000   -2.700    7.100    7.230   -441.70     -9.90     48.40   8.640    127063.0
2022  2  3  0 12 00 000   -0.190   10.930    5.580   -432.70    -20.20     41.60   7.500    154425.0
2022  2  3  0 13 00 000    1.220   11.290    4.710   -429.30    -35.10     33.40   5.190    171341.0
2022  2  3  0 14 00 000    1.680   11.550    4.450   -437.10    -37.80     25.80   4.260    144190.0
2022  2  3  0 15 00 000    1.800   11.550    4.290   -445.00    -36.60      8.60   4.280    130069.0
2022  2  3  0 16 00 000    1.160   11.450    4.160   -440.60    -38.50     13.00   4.220    138356.0
2022  2  3  0 17 00 000    0.440   11.000    2.530   -442.70    -37.70     14.30   5.070    170997.0
2022  2  3  0 18 00 000    0.840   10.340    2.880   -454.90    -32.70     17.10   5.090    153881.0
2022  2  3  0 19 00 000    0.410   11.170    4.050   -459.20    -31.10     24.50   4.390    146421.0
2022  2  3  0 20 00 000    3.640   11.460    1.960   -461.50    -35.40     29.60   4.440    147283.0
2022  2  3  0 22 00 000    2.610   12.760    2.280   -445.20    -19.70     32.30   3.460    130591.0
2022  2  3  0 23 00 000    3.310   12.720    2.540   -444.10    -20.20     29.60   3.280    116984.0
2022  2  3  0 24 00 000    3.470   12.890    2.200   -443.90    -19.20     18.50   2.780     90726.0
2022  2  3  0 25 00 000    2.020   12.150    3.320   -451.60    -15.60      9.90   2.990    118760.0
2022  2  3  0 26 00 000    1.140   12.270    3.000   -451.30    -31.40     21.50   4.240    152965.0
2022  2  3  0 27 00 000    0.660   12.230    3.150   -445.20    -26.70     22.70   3.830    140898.0
2022  2  3  0 28 00 000   -0.020   12.370    2.720   -442.10    -23.90     23.00   3.590    133810.0
2022  2  3  0 29 00 000    0.020   12.640    2.330   -450.10    -28.80      8.70   3.570    127907.0
2022  2  3  0 30 00 000    0.350   12.770    1.900   -451.70    -28.30      4.80   3.630    130235.0
2022  2  3  0 31 00 000    0.440   12.830    1.370   -453.70    -28.00      0.60   3.750    134224.0
2022  2  3  0 32 00 000    0.650   12.600    1.660   -453.40    -31.00      5.80   3.960    143608.0
2022  2  3  0 33 00 000    0.690   12.450    1.770   -454.20    -32.20      1.40   3.610    143125.0
2022  2  3  0 34 00 000    0.080   12.710    1.330   -457.50    -34.60      0.50   3.550    151774.0
2022  2  3  0 35 00 000   -0.310   12.890    1.590   -465.10    -36.50      3.60   3.440    151433.0
2022  2  3  0 36 00 000   -0.490   12.780    1.710   -466.20    -33.50      6.70   3.340    131661.0
2022  2  3  0 37 00 000    0.240   12.670    2.510   -465.00    -26.30     -1.30   3.280    139160.0
2022  2  3  0 38 00 000    0.550   12.920    2.480   -465.00    -26.30     -1.30   3.280    139160.0
2022  2  3  0 39 00 000    1.750   12.830    2.790   -456.20    -40.10     17.20   2.390     84038.0
2022  2  3  0 40 00 000    1.580   12.760    2.810   -456.20    -40.10     17.20   2.390     84038.0
2022  2  3  0 43 00 000    2.350   12.320    3.920   -437.30    -38.00     16.20   3.520    134214.0
2022  2  3  0 44 00 000    1.960   12.820    4.250   -437.50    -32.40     17.60   3.020    107881.0
2022  2  3  0 45 00 000    1.920   12.760    4.410   -437.80    -24.80     19.50   2.350     72219.0
2022  2  3  0 46 00 000    2.040   12.680    4.500   -433.50    -28.40     27.50   2.490     89025.0
2022  2  3  0 47 00 000    2.010   12.760    4.220   -433.50    -28.40     27.50   2.490     89025.0
2022  2  3  0 48 00 000    2.260   12.670    4.160   -435.80    -17.90     17.10   2.810     80116.0
2022  2  3  0 49 00 000    2.160   12.710    4.160   -435.80    -17.90     17.10   2.810     80116.0
2022  2  3  0 50 00 000    2.630   12.520    4.430   -435.80    -17.90     17.10   2.810     80116.0
2022  2  3  0 51 00 000    2.980   12.400    4.580   -422.70    -23.70     22.70   2.310     73310.0
2022  2  3  0 52 00 000    1.910   12.300    4.870   -427.60    -22.60     23.30   2.570     75857.0
2022  2  3  0 53 00 000    1.650   12.320    5.220   -432.40    -22.30     26.20   2.740     78008.0
2022  2  3  0 54 00 000    3.040   10.270    7.330   -434.10    -22.60     28.50   2.750     78709.0
2022  2  3  0 55 00 000    5.360    6.490   10.410   -445.10    -19.30      2.10   2.890    109175.0
2022  2  3  0 56 00 000    5.030    6.910    9.860   -445.10    -19.30      2.10   2.890    109175.0
2022  2  3  0 59 00 000    3.200   10.400    7.140   -448.90    -29.50      9.40   3.440    109124.0
2022  2  3  1  0 00 000    3.150   10.740    6.670   -448.90    -29.50      9.40   3.440    109124.0
2022  2  3  1  1 00 000    3.520   10.920    6.870   -451.00    -34.50     11.70   2.760    117127.0
2022  2  3  1  2 00 000    2.600   11.460    5.590   -454.00    -30.60     12.20   3.120    132474.0
2022  2  3  1  3 00 000    2.080   11.660    4.390   -455.80    -26.50     14.50   3.530    149602.0
2022  2  3  1  4 00 000    2.150   11.760    3.790   -443.80    -27.50     29.80   3.640    153497.0
2022  2  3  1  5 00 000    2.150   11.500    5.170   -443.80    -27.50     29.80   3.640    153497.0
2022  2  3  1  6 00 000    2.950   11.430    5.790   -449.40    -23.70     16.60   2.920    133367.0
2022  2  3  1  7 00 000    4.280    8.940    8.440   -451.60    -22.60     12.90   2.940    132632.0
2022  2  3  1  8 00 000    4.350    9.090    8.230   -463.80    -17.00     -6.10   3.070    130254.0
2022  2  3  1  9 00 000    4.180   10.030    7.180   -460.50    -27.10      0.90   3.250    142801.0
2022  2  3  1 10 00 000    3.760   10.570    5.860   -459.30    -27.20      6.50   3.240    156284.0
2022  2  3  1 12 00 000    4.380   10.610    5.510   -463.90    -46.90     -7.40   3.190    155637.0
2022  2  3  1 13 00 000    4.260   10.880    5.300   -463.90    -46.80     -7.40   3.190    155581.0
2022  2  3  1 14 00 000    4.640   10.980    5.070   -470.30    -22.20     -8.20   2.910    140287.0
2022  2  3  1 15 00 000    4.730   10.820    5.130   -469.80    -22.20     -8.90   2.920    138029.0
2022  2  3  1 16 00 000    5.740   10.140    5.460   -468.80    -23.80     -9.00   2.960    134406.0
2022  2  3  1 17 00 000    3.730   10.550    5.970   -467.30    -28.10     -7.60   2.960    129030.0
2022  2  3  1 18 00 000    2.710   10.900    6.220   -469.90    -23.80    -10.10   2.620    146604.0
2022  2  3  1 19 00 000    3.040   11.160    5.700   -469.90    -23.80    -10.10   2.620    146627.0
2022  2  3  1 20 00 000    2.840   11.090    5.360   -473.10    -22.70     -5.20   2.850    165232.0
2022  2  3  1 21 00 000    2.680   11.040    5.170   -473.10    -22.70     -5.20   2.850    165232.0
2022  2  3  1 24 00 000    1.470   10.880    5.520   -506.40    -25.10    -32.10   2.910    142840.0
2022  2  3  1 25 00 000    1.430   11.160    5.240   -506.40    -25.10    -32.10   2.910    142840.0
2022  2  3  1 27 00 000    1.240   11.500    5.250   -481.30    -30.10    -21.30   2.920    176614.0
2022  2  3  1 28 00 000    0.750   11.830    4.320   -479.70    -30.30    -18.90   2.960    172827.0
2022  2  3  1 29 00 000   -0.400   12.310    2.050   -469.90    -30.20     -2.10   3.210    145040.0
2022  2  3  1 30 00 000   -0.410   12.890    1.070   -475.60    -20.70     -1.20   2.990    134663.0
2022  2  3  1 31 00 000   -0.420   12.920    0.430   -479.50    -24.60     -6.30   2.580    134158.0
2022  2  3  1 32 00 000   -0.610   12.800   -0.720   -479.60    -24.70     -6.40   2.570    134157.0
2022  2  3  1 33 00 000   -0.790   12.950   -0.830   -472.20    -21.70      0.20   2.890    147761.0
2022  2  3  1 34 00 000   -0.720   12.970   -0.870   -472.20    -21.70      0.20   2.890    147761.0
2022  2  3  1 35 00 000   -1.310   12.520    1.260   -472.80    -19.80    -14.40   3.100    160461.0
2022  2  3  1 36 00 000   -1.480   12.290    2.950   -472.80    -19.80    -14.40   3.100    160461.0
2022  2  3  1 37 00 000   -1.920   10.970    5.830   -469.40    -28.40    -37.70   3.700    150827.0
2022  2  3  1 38 00 000   -1.300   11.270    5.290   -472.70    -38.70    -31.50   3.600    148568.0
2022  2  3  1 39 00 000   -0.560   11.480    5.000   -474.70    -38.40    -29.90   3.490    132520.0
2022  2  3  1 40 00 000   -0.230   11.560    4.860   -475.60    -28.20    -32.50   3.340    101700.0
2022  2  3  1 41 00 000   -0.680   11.600    4.670   -480.20    -33.20    -32.80   3.640    114098.0
2022  2  3  1 42 00 000   -0.520   11.680    4.760   -479.20    -33.20    -33.20   3.660    111686.0
2022  2  3  1 43 00 000   -0.600   11.670    5.550   -482.00    -35.90    -35.30   3.450     86186.0
2022  2  3  1 44 00 000   -0.690   12.220    4.950   -486.20    -37.80    -35.70   3.290     74850.0
2022  2  3  1 45 00 000   -0.590   12.240    4.970   -485.70    -42.90    -40.70   2.900     63903.0
2022  2  3  1 46 00 000   -0.330   12.850    1.860   -487.20    -40.60    -34.20   2.860     61585.0
2022  2  3  1 47 00 000   -0.520   12.900    1.890   -491.50    -33.90    -15.10   2.750     54741.0
2022  2  3  1 48 00 000   -0.460   12.810    0.710   -487.90    -50.50    -34.70   2.930     83084.0
2022  2  3  1 49 00 000   -0.190   12.790    0.190   -487.90    -50.70    -34.90   2.930     83363.0
2022  2  3  1 50 00 000    0.400   12.830   -0.840   -492.20    -35.50      4.40   2.360     80017.0
2022  2  3  1 51 00 000    0.820   12.450    0.510   -495.70    -29.20     -9.80   2.930    111129.0
2022  2  3  1 52 00 000    1.280   12.380    0.790   -501.20    -33.40    -27.10   2.960    122441.0
2022  2  3  1 53 00 000    1.150   12.350    0.730   -502.20    -35.50    -29.60   2.890    120722.0
2022  2  3  1 54 00 000    1.260   12.310    0.870   -501.20    -38.00    -33.30   3.080    150223.0
2022  2  3  1 55 00 000    0.860   12.370    1.330   -501.20    -38.00    -33.30   3.080    150223.0
2022  2  3  1 56 00 000    0.680   12.470    0.510   -496.00    -43.00    -36.90   3.250    144018.0
2022  2  3  1 57 00 000    0.930   12.290    1.590   -496.20    -43.30    -36.60   3.240    143516.0
2022  2  3  1 58 00 000    0.610   12.140    2.400   -499.50    -48.90    -29.70   3.120    132963.0
2022  2  3  1 59 00 000    0.500   12.280    1.510   -499.50    -48.90    -29.70   3.120    132963.0
2022  2  3  2  0 00 000    0.490   12.320    1.420   -498.50    -44.30    -33.70   3.120    132113.0
2022  2  3  2  1 00 000    0.740   12.340    0.930   -498.80    -43.00    -33.90   3.120    128222.0
2022  2  3  2  2 00 000    0.070   12.270    1.470   -501.00    -31.10    -35.40   3.070     94061.0
2022  2  3  2  3 00 000   -0.310   12.300    1.250   -501.00    -31.10    -35.40   3.070     94061.0
2022  2  3  2  4 00 000    0.120   12.370    0.520   -496.40    -30.60    -32.70   3.500    128910.0
2022  2  3  2  5 00 000    0.320   12.330    0.420   -496.90    -30.80    -33.00   3.530    130197.0
2022  2  3  2  6 00 000    0.400   12.340    0.700   -505.50    -35.50    -38.50   4.000    154902.0
2022  2  3  2  7 00 000   -0.040   12.320    1.040   -505.50    -35.50    -38.50   4.000    154902.0
2022  2  3  2  9 00 000   -0.510   12.330    1.280   -496.60    -35.60    -43.00   3.580    119321.0
2022  2  3  2 10 00 000   -0.630   12.430    0.570   -496.30    -35.00    -42.10   3.490    117061.0
2022  2  3  2 11 00 000   -1.400   12.400    0.030   -495.00    -32.10    -37.70   3.010    105809.0
2022  2  3  2 12 00 000   -1.430   12.320   -0.180   -493.80    -39.60    -38.10   3.120    128950.0
2022  2  3  2 13 00 000   -1.060   12.370   -0.940   -495.40    -40.80    -36.80   3.140    131671.0
2022  2  3  2 14 00 000   -1.230   12.350   -0.310   -499.20    -34.30    -32.40   3.220    124441.0
2022  2  3  2 15 00 000   -1.130   12.340   -0.040   -500.40    -25.60    -29.70   3.300    114218.0
2022  2  3  2 16 00 000   -0.960   12.260    0.490   -495.30    -42.90    -43.10   2.910     98941.0
2022  2  3  2 17 00 000   -1.610   12.210   -0.430   -495.30    -42.90    -43.10   2.910     98970.0
2022  2  3  2 18 00 000   -1.900   12.110   -0.560   -495.60    -45.10    -39.30   3.180    109474.0
2022  2  3  2 19 00 000   -1.770   12.110   -1.520   -491.60    -39.80    -26.00   3.330    119966.0
2022  2  3  2 20 00 000   -1.260   12.180   -1.990   -494.80    -44.90    -28.40   3.480    118116.0
2022  2  3  2 21 00 000   -1.120   12.150   -2.310   -498.00    -43.40    -24.60   3.250     95770.0
2022  2  3  2 22 00 000   -1.840   12.160   -1.100   -499.30    -41.60    -21.60   3.110     83138.0
2022  2  3  2 23 00 000   -2.170   12.000   -0.270   -495.90    -49.10    -40.30   3.830    134100.0
2022  2  3  2 24 00 000   -2.080   11.940   -0.520   -497.70    -50.50    -38.00   3.650    126749.0
2022  2  3  2 25 00 000   -2.080   11.860   -0.980   -501.30    -50.80    -32.50   3.360    118985.0
2022  2  3  2 26 00 000   -2.010   12.270   -0.930   -502.20    -42.80    -27.60   3.400    135003.0
2022  2  3  2 27 00 000   -2.050   12.180   -1.330   -502.30    -41.10    -21.80   3.090     99548.0
2022  2  3  2 28 00 000   -2.040   12.190   -1.540   -503.60    -38.80    -24.20   3.010    102933.0
2022  2  3  2 29 00 000   -1.920   12.120   -1.610   -504.40    -41.30    -26.20   3.000    108681.0
2022  2  3  2 30 00 000   -2.120   12.120   -1.580   -505.50    -45.30    -29.00   2.980    117288.0
2022  2  3  2 31 00 000   -2.890   12.020   -1.700   -498.20    -44.90    -25.10   3.070    116765.0
2022  2  3  2 32 00 000   -3.400   11.970   -1.320   -498.10    -44.90    -25.00   3.070    116730.0
2022  2  3  2 33 00 000   -3.350   11.810   -1.370   -500.30    -44.50    -24.80   3.100    115171.0
2022  2  3  2 34 00 000   -3.130   11.940   -1.560   -499.70    -44.20    -25.30   3.110    115491.0
2022  2  3  2 35 00 000   -3.390   11.970   -1.770   -495.90    -42.30    -28.20   3.130    117554.0
2022  2  3  2 36 00 000   -3.710   12.060   -2.020   -496.10    -47.90    -26.90   3.010    107238.0
2022  2  3  2 37 00 000   -3.670   12.170   -2.020   -496.10    -49.20    -26.60   2.980    104749.0
2022  2  3  2 38 00 000   -4.060   12.200   -2.370   -489.00    -48.00    -22.90   2.610     87961.0
2022  2  3  2 39 00 000   -3.910   12.420   -2.160   -489.00    -48.00    -22.90   2.610     87963.0
2022  2  3  2 40 00 000   -4.600   12.240   -1.750   -489.00    -51.60    -35.30   2.540     88562.0
2022  2  3  2 41 00 000   -5.590   11.900   -1.150   -489.00    -51.60    -35.30   2.540     88562.0
2022  2  3  2 42 00 000   -5.870   11.750   -1.190   -481.70    -52.40    -34.40   2.710    109741.0
2022  2  3  2 43 00 000   -5.270   11.930   -1.440   -481.70    -52.40    -34.40   2.710    109741.0
2022  2  3  2 45 00 000   -5.000   12.110   -1.660   -477.50    -40.40    -24.80   2.660     92162.0
2022  2  3  2 46 00 000   -4.170   12.500   -1.100   -478.10    -41.90    -25.40   2.690     94633.0
2022  2  3  2 47 00 000   -4.370   12.530   -1.270   -481.30    -49.90    -28.30   2.860    107520.0
2022  2  3  2 48 00 000   -4.050   12.590   -1.750   -479.40    -49.40    -27.00   2.180     74810.0
2022  2  3  2 49 00 000   -3.710   12.750   -1.550   -479.30    -49.30    -26.90   2.160     73605.0
2022  2  3  2 50 00 000   -3.660   12.810   -1.470   -476.00    -50.90    -27.50   2.350     85124.0
2022  2  3  2 51 00 000   -4.300   12.580   -1.580   -476.00    -50.90    -27.50   2.350     85124.0
2022  2  3  2 53 00 000   -4.010   12.560   -1.970   -471.40    -35.10    -21.30   2.280     76962.0
2022  2  3  2 54 00 000   -3.830   12.430   -2.630   -474.00    -42.40    -21.10   2.350     70847.0
2022  2  3  2 55 00 000   -3.610   12.590   -2.270   -477.50    -36.90    -15.00   2.710     76719.0
2022  2  3  2 56 00 000   -3.050   12.970   -1.980   -478.80    -41.40    -16.60   2.650     79902.0
2022  2  3  2 57 00 000   -2.750   12.900   -1.890   -482.30    -48.20    -23.10   2.770     89512.0
2022  2  3  2 58 00 000   -2.680   13.020   -1.380   -484.90    -48.70    -27.90   3.020     95949.0
2022  2  3  2 59 00 000   -3.180   12.860   -1.850   -487.00    -52.00    -28.20   2.780     94013.0
2022  2  3  3  0 00 000   -2.620   13.130   -1.370   -487.90    -49.40    -19.40   2.720     91489.0
2022  2  3  3  1 00 000   -2.970   13.260   -0.630   -488.30    -48.30    -15.90   2.700     90473.0
2022  2  3  3  2 00 000   -2.260   13.100   -0.470   -490.80    -51.80    -14.70   2.540     92496.0
2022  2  3  3  3 00 000   -4.890   11.820    2.390   -490.90    -52.00    -14.60   2.530     92588.0
2022  2  3  3  5 00 000   -4.100   12.530    1.380   -482.70    -40.30    -36.30   2.690     75388.0
2022  2  3  3  6 00 000   -2.840   12.940    0.250   -486.00    -46.10    -30.00   2.740     81299.0
2022  2  3  3  7 00 000   -3.500   12.620    0.470   -492.30    -57.00    -18.10   2.860     92398.0
2022  2  3  3  8 00 000   -3.660   12.260    0.820   -475.70    -47.20    -43.70   3.390    146747.0
2022  2  3  3  9 00 000   -2.710   12.370   -0.130   -475.70    -47.20    -43.70   3.390    146747.0
2022  2  3  3 10 00 000   -2.430   12.150   -1.250   -485.20    -42.00    -29.70   4.070    168402.0
2022  2  3  3 11 00 000   -1.440   12.030   -2.770   -492.40    -40.40    -18.20   4.510    180215.0
2022  2  3  3 12 00 000   -0.280   12.250   -3.660   -498.00    -58.50     -2.70   4.300    150145.0
2022  2  3  3 13 00 000   -1.480   12.250   -1.160   -493.80    -36.70    -27.00   4.080    148848.0
2022  2  3  3 14 00 000   -1.280   12.240   -0.410   -491.90    -43.80    -38.00   4.150    147037.0
2022  2  3  3 15 00 000   -1.280   12.180   -0.510   -491.00    -49.80    -45.00   4.210    146215.0
2022  2  3  3 16 00 000   -0.710   12.160   -0.260   -500.80    -52.20    -42.80   4.230    157484.0
2022  2  3  3 17 00 000   -1.530   12.180   -1.220   -500.80    -52.20    -42.80   4.230    157484.0
2022  2  3  3 18 00 000   -1.120   12.240   -0.840   -494.10    -57.70    -42.40   4.190    118195.0
2022  2  3  3 19 00 000   -1.370   12.210   -1.300   -494.10    -57.70    -42.40   4.190    118195.0
2022  2  3  3 20 00 000   -1.220   12.160   -1.470   -494.10    -57.70    -42.40   4.190    118195.0
2022  2  3  3 21 00 000   -1.350   12.200   -0.510   -493.50    -50.50    -38.50   3.970    137177.0
2022  2  3  3 22 00 000   -0.850   12.210   -0.400   -497.40    -53.40    -50.40   4.280    162038.0
2022  2  3  3 23 00 000   -0.820   12.220   -0.770   -499.80    -54.90    -52.70   4.270    163984.0
2022  2  3  3 24 00 000   -0.400   12.360   -1.360   -500.40    -54.80    -45.50   3.970    144018.0
2022  2  3  3 25 00 000    0.940   12.220   -2.540   -506.70    -58.10    -42.60   3.760    125749.0
2022  2  3  3 26 00 000    0.150   12.100   -3.300   -506.90    -58.20    -42.50   3.750    125140.0
2022  2  3  3 27 00 000    0.020   12.230   -3.200   -506.90    -50.20    -25.10   3.940    139973.0
2022  2  3  3 28 00 000   -0.530   12.100   -3.770   -507.40    -49.70    -28.10   3.950    137057.0
2022  2  3  3 29 00 000    0.080   12.330   -2.490   -510.80    -50.00    -41.50   4.090    134478.0
2022  2  3  3 30 00 000    0.590   12.540   -0.880   -516.50    -55.00    -55.00   4.420    152187.0
2022  2  3  3 31 00 000   -0.030   12.590   -0.880   -514.20    -64.30    -62.90   4.190    145023.0
2022  2  3  3 32 00 000   -0.160   12.590   -1.230   -514.20    -64.30    -62.90   4.190    145023.0
2022  2  3  3 34 00 000   -1.260   12.850   -1.530   -502.50    -67.40    -52.80   3.710    160648.0
2022  2  3  3 35 00 000   -1.150   13.010   -1.760   -502.50    -67.40    -52.80   3.710    160648.0
2022  2  3  3 36 00 000   -1.130   12.840   -2.040   -503.20    -66.40    -48.80   3.070    140614.0
2022  2  3  3 37 00 000   -0.640   12.530   -2.090   -503.80    -67.00    -47.30   3.460    144631.0
2022  2  3  3 38 00 000   -0.200   12.920   -1.460   -508.30    -64.30    -45.40   4.130    146250.0
2022  2  3  3 39 00 000    0.110   12.920   -0.450   -513.50    -58.80    -51.80   4.220    148471.0
2022  2  3  3 40 00 000    0.040   12.820   -0.900   -515.00    -58.00    -55.20   4.550    157237.0
2022  2  3  3 41 00 000   -0.500   12.800   -0.650   -513.50    -54.90    -59.20   3.620     98775.0
2022  2  3  3 42 00 000    0.060   12.660    0.430   -519.30    -53.80    -59.40   4.000    118181.0
2022  2  3  3 44 00 000   -2.150   12.710    2.390   -512.00    -60.70    -58.90   3.650    113169.0
2022  2  3  3 45 00 000   -2.020   12.620    2.990   -512.00    -60.70    -58.90   3.650    113169.0
2022  2  3  3 48 00 000   -1.640   12.120    0.660   -517.60    -53.10    -71.70   3.120    106093.0
2022  2  3  3 49 00 000   -2.610   12.140   -0.160   -510.50    -59.20    -64.00   3.530    112999.0
2022  2  3  3 50 00 000   -2.830   11.830    0.300   -498.50    -60.70    -53.40   3.970    114592.0
2022  2  3  3 51 00 000   -2.990   12.420   -1.000   -499.50    -47.70    -51.80   3.540     94730.0
2022  2  3  3 52 00 000   -3.240   12.430   -1.470   -499.50    -47.70    -51.80   3.540     94730.0
2022  2  3  3 53 00 000   -2.880   12.350   -1.530   -513.90    -63.90    -43.40   3.760    104058.0
2022  2  3  3 54 00 000   -2.840   12.430   -1.790   -508.10    -66.60    -45.20   4.280    115311.0
2022  2  3  3 55 00 000   -2.020   12.530   -3.070   -498.50    -68.70    -43.80   4.590    107554.0
2022  2  3  3 56 00 000   -1.780   12.810   -2.650   -512.20    -68.20    -46.60   3.790    131526.0
2022  2  3  3 57 00 000   -2.630   12.770   -2.380   -505.50    -66.80    -42.40   3.500    141551.0
2022  2  3  3 58 00 000   -2.620   12.880   -2.620   -500.60    -69.00    -46.40   3.590    155669.0
2022  2  3  3 59 00 000   -2.840   12.970   -2.950   -498.90    -70.70    -37.00   3.390    166787.0
2022  2  3  4  8 00 000   -4.980   12.010   -2.180   -487.80    -69.50    -52.30   4.440    114639.0
2022  2  3  4 17 00 000   -4.340   11.990   -3.300   -490.50    -60.20    -39.20   4.570    118142.0
2022  2  3  4 18 00 000   -4.590   11.990   -3.110   -490.50    -60.20    -39.20   4.570    118142.0
2022  2  3  4 24 00 000   -5.310   11.700   -3.090   -479.60    -60.10    -49.40   4.190     91455.0
2022  2  3  4 25 00 000   -4.510   11.890   -3.650   -479.60    -60.10    -49.40   4.190     91455.0
2022  2  3  4 26 00 000   -4.220   11.900   -4.000   -487.40    -61.70    -48.90   4.670    122730.0
2022  2  3  4 27 00 000   -4.620   11.640   -4.240   -487.40    -61.70    -48.90   4.670    122730.0
2022  2  3  4 28 00 000   -4.970   11.330   -4.540   -476.40    -50.90    -39.40   4.360    112594.0
2022  2  3  4 29 00 000   -4.770   11.320   -4.690   -476.40    -50.90    -39.40   4.360    112594.0
2022  2  3  4 30 00 000   -5.280   11.020   -4.980   -471.30    -45.30    -32.20   4.590    121067.0
2022  2  3  4 31 00 000   -4.490   11.480   -4.790   -469.50    -43.30    -29.70   4.670    124042.0
2022  2  3  4 32 00 000   -5.100   10.970   -5.050   -469.50    -43.30    -29.70   4.670    124042.0
2022  2  3  4 36 00 000   -5.170   11.350   -4.680   -463.90    -48.60    -35.30   3.960    130985.0
2022  2  3  4 37 00 000   -4.720   11.540   -4.830   -463.90    -48.60    -35.30   3.960    130985.0
2022  2  3  4 38 00 000   -4.840   11.370   -4.990   -463.90    -48.60    -35.30   3.960    130985.0
2022  2  3  4 39 00 000   -5.080   11.630   -4.970   -467.90    -51.70    -33.30   3.900    151613.0
2022  2  3  4 40 00 000   -5.360   11.810   -5.020   -467.90    -51.70    -33.30   3.900    151613.0
2022  2  3  4 41 00 000   -6.980   11.030   -5.870   -453.00    -49.90    -25.20   2.700     75404.0
2022  2  3  4 42 00 000   -5.500   12.130   -5.180   -450.50    -47.00    -21.20   2.620     67721.0
2022  2  3  4 43 00 000   -3.900   13.360   -4.150   -448.60    -44.90    -16.90   2.560     61475.0
2022  2  3  4 44 00 000   -4.230   13.160   -4.440   -454.30    -58.50    -28.00   2.800     82467.0
2022  2  3  4 45 00 000   -4.000   13.300   -4.360   -454.30    -58.50    -28.00   2.800     82467.0
2022  2  3  4 46 00 000   -3.190   13.640   -3.940   -454.30    -58.50    -28.00   2.800     82467.0
2022  2  3  4 47 00 000   -3.960   13.300   -4.400   -453.40    -57.80    -38.80   2.380     64179.0
2022  2  3  4 48 00 000   -4.760   13.120   -4.550   -453.40    -57.80    -38.80   2.380     64179.0
2022  2  3  4 49 00 000   -4.790   13.140   -4.620   -453.40    -57.80    -38.80   2.380     64179.0
2022  2  3  4 51 00 000   -4.850   12.960   -4.960   -462.20    -77.00    -38.00   2.290     67853.0
2022  2  3  4 52 00 000   -4.150   13.160   -4.870   -457.50    -74.50    -38.90   2.240     65708.0
2022  2  3  4 53 00 000   -4.450   13.100   -4.490   -461.30    -76.50    -46.80   2.460     74431.0
2022  2  3  4 54 00 000   -4.880   13.120   -3.600   -455.60    -81.00    -54.70   2.550     85093.0
2022  2  3  4 55 00 000   -4.720   12.970   -4.230   -445.80    -71.60    -51.20   2.660     97585.0
2022  2  3  4 56 00 000   -4.210   13.200   -4.690   -472.10    -78.10    -33.40   2.330     72582.0
2022  2  3  4 57 00 000   -4.350   13.390   -3.770   -462.40    -63.50    -26.00   2.670     80515.0
2022  2  3  4 58 00 000   -4.410   13.050   -5.390   -448.90    -70.30    -50.10   2.820     87645.0
2022  2  3  4 59 00 000   -4.760   12.180   -6.880   -469.90    -75.60    -42.30   2.300     70722.0
2022  2  3  5  1 00 000   -5.030   11.750   -7.370   -476.20    -72.10    -32.00   2.520     89211.0
2022  2  3  5  2 00 000   -5.540   11.320   -7.600   -476.20    -72.10    -32.00   2.520     89215.0
2022  2  3  5  3 00 000   -5.320   11.790   -7.050   -470.60    -71.20    -24.10   2.770     96281.0
2022  2  3  5  4 00 000   -5.910   10.550   -8.440   -474.70    -73.20    -27.20   2.560     88116.0
2022  2  3  5  5 00 000   -5.180   11.520   -7.340   -475.80    -73.70    -28.00   2.510     85942.0
2022  2  3  5  6 00 000   -4.570   11.880   -7.060   -484.50    -69.20    -24.10   3.020     70515.0
2022  2  3  5  7 00 000   -4.570   11.550   -7.660   -484.50    -69.20    -24.10   3.020     70515.0
2022  2  3  5  8 00 000   -4.930   11.410   -7.660   -484.50    -69.20    -24.10   3.020     70515.0
2022  2  3  5 10 00 000   -5.170   11.260   -7.770   -476.50    -65.00    -23.40   3.210     90657.0
2022  2  3  5 11 00 000   -4.740   11.590   -7.620   -476.50    -65.00    -23.40   3.210     90657.0
2022  2  3  5 12 00 000   -5.110   11.630   -7.380   -476.50    -65.00    -23.40   3.210     90657.0
2022  2  3  5 13 00 000   -4.680   11.910   -7.150   -477.00    -74.40    -28.80   3.330     90423.0
2022  2  3  5 14 00 000   -4.560   12.230   -6.750   -479.20    -77.90    -29.70   3.030     80727.0
2022  2  3  5 15 00 000   -4.640   12.300   -6.630   -480.60    -80.00    -30.30   2.850     74792.0
2022  2  3  5 16 00 000   -4.860   11.930   -7.040   -479.60    -74.40    -32.40   2.730     80288.0
2022  2  3  5 17 00 000   -5.100   11.730   -7.420   -481.10    -74.30    -31.10   3.120     95897.0
2022  2  3  5 18 00 000   -5.330   11.850   -7.210   -477.30    -66.80    -30.80   3.090    115642.0
2022  2  3  5 19 00 000   -5.200   12.160   -6.790   -477.30    -66.80    -30.80   3.090    115642.0
2022  2  3  5 20 00 000   -4.950   12.220   -6.760   -477.30    -66.80    -30.80   3.090    115642.0
2022  2  3  5 21 00 000   -4.300   12.590   -6.530   -481.00    -87.20    -44.90   3.200    110102.0
2022  2  3  5 22 00 000   -4.940   12.380   -6.420   -481.00    -87.20    -44.90   3.200    110102.0
2022  2  3  5 25 00 000   -5.130   12.480   -6.600   -479.00    -86.50    -29.00   2.840     94922.0
2022  2  3  5 26 00 000   -4.580   12.890   -6.260   -479.00    -86.50    -29.00   2.840     94922.0
2022  2  3  5 27 00 000   -3.930   13.560   -5.340   -481.80    -75.30    -33.90   2.760     98306.0
2022  2  3  5 28 00 000   -3.980   13.410   -5.670   -481.80    -75.30    -33.90   2.760     98306.0
2022  2  3  5 29 00 000   -4.050   13.240   -5.900   -478.30    -79.20    -26.90   2.260    103194.0
2022  2  3  5 30 00 000   -3.840   13.260   -6.110   -478.30    -79.20    -26.90   2.260    103194.0
2022  2  3  5 33 00 000   -4.030   13.180   -5.750   -475.60    -59.50    -53.80   2.740    156929.0
2022  2  3  5 34 00 000   -4.130   13.450   -5.050   -475.60    -59.50    -53.80   2.740    156922.0
2022  2  3  5 35 00 000   -4.180   13.620   -4.880   -475.70    -82.50    -29.20   2.280     97576.0
2022  2  3  5 36 00 000   -3.770   13.750   -4.820   -475.70    -82.50    -29.20   2.280     97576.0
2022  2  3  5 38 00 000   -3.990   12.880   -5.990   -478.60    -77.50    -47.00   2.790    111034.0
2022  2  3  5 39 00 000   -3.820   12.790   -6.100   -487.40    -77.20    -46.40   2.820    122281.0
2022  2  3  5 40 00 000   -3.330   12.710   -6.490   -491.70    -77.00    -46.10   2.830    127851.0
2022  2  3  5 46 00 000   -3.040   11.980   -6.860   -486.20    -76.20    -44.80   3.920    127857.0
2022  2  3  5 47 00 000   -2.400   12.320   -6.640   -489.00    -75.70    -38.10   3.770    123626.0
2022  2  3  5 52 00 000   -2.530   12.340   -5.850   -494.30    -73.00    -57.30   4.390    126852.0
2022  2  3  5 53 00 000   -3.370   11.960   -6.570   -494.30    -73.00    -57.30   4.390    126852.0
2022  2  3  5 54 00 000   -3.420   11.780   -6.760   -486.20    -64.20    -47.30   4.310    132064.0
2022  2  3  5 55 00 000   -2.950   12.350   -6.380   -485.90    -63.80    -46.90   4.310    132283.0
2022  2  3  5 58 00 000   -2.790   12.930   -6.050   -499.80    -84.80    -43.70   3.120    109896.0
2022  2  3  5 59 00 000   -3.390   12.790   -6.170   -499.80    -84.80    -43.70   3.120    109896.0
2022  2  3  6  0 00 000   -3.160   12.760   -6.280   -498.90    -84.70    -42.90   3.130    108570.0
2022  2  3  6  1 00 000   -3.770   12.510   -7.250   -481.20    -82.50    -27.80   3.500     83677.0
2022  2  3  6  2 00 000   -3.670   12.300   -7.210   -484.00    -82.30    -32.90   3.420     90064.0
2022  2  3  6  3 00 000   -3.360   12.790   -6.810   -491.10    -81.90    -45.90   3.230    106367.0
2022  2  3  6  4 00 000   -3.610   12.540   -6.880   -483.70    -74.10    -43.10   3.890    111196.0
2022  2  3  6  5 00 000   -4.690   11.980   -7.250   -474.30    -72.00    -42.10   3.870    107364.0
2022  2  3  6  6 00 000   -4.570   11.980   -6.870   -468.50    -70.90    -41.60   3.830    104649.0
2022  2  3  6  7 00 000   -4.600   11.850   -7.780   -472.80    -68.70    -34.40   3.660    101326.0
2022  2  3  6  8 00 000   -4.870   11.650   -7.880   -472.60    -68.00    -37.40   3.830     95046.0
2022  2  3  6  9 00 000   -4.590   11.780   -7.630   -474.50    -69.30    -41.80   3.860     93232.0
2022  2  3  6 10 00 000   -4.940   11.560   -7.860   -489.30    -89.20    -52.10   3.610    112410.0
2022  2  3  6 11 00 000   -4.850   11.550   -7.890   -478.50    -75.20    -36.80   3.830     87479.0
2022  2  3  6 12 00 000   -4.960   11.480   -8.090   -473.90    -72.30    -45.30   3.890     88172.0
2022  2  3  6 13 00 000   -4.770   11.930   -8.470   -472.90    -71.70    -47.20   3.900     88376.0
2022  2  3  6 15 00 000   -5.170   11.300   -8.920   -475.70    -76.10    -34.00   3.120     94156.0
2022  2  3  6 16 00 000   -5.340   11.270   -8.990   -475.70    -76.10    -34.00   3.120     94156.0
2022  2  3  6 17 00 000   -5.450   11.290   -8.900   -475.70    -76.10    -34.00   3.120     94156.0
2022  2  3  6 18 00 000   -5.850   10.930   -9.120   -469.30    -64.70    -28.30   3.180     98697.0
2022  2  3  6 19 00 000   -5.650   10.950   -9.200   -469.30    -64.70    -28.30   3.180     98697.0
2022  2  3  6 20 00 000   -5.490   11.140   -8.890   -472.20    -68.30    -32.20   3.680     78844.0
2022  2  3  6 21 00 000   -5.990   10.840   -9.030   -472.20    -68.30    -32.20   3.680     78844.0
2022  2  3  6 22 00 000   -5.670   11.060   -8.870   -468.10    -57.10    -39.50   3.150     80094.0
2022  2  3  6 23 00 000   -4.800   11.670   -8.750   -469.00    -59.50    -38.00   3.070     83121.0
2022  2  3  6 24 00 000   -4.410   12.160   -8.350   -474.40    -73.90    -29.10   3.070     92953.0
2022  2  3  6 25 00 000   -4.120   12.350   -8.290   -474.70    -74.80    -28.50   3.070     93584.0
2022  2  3  6 26 00 000   -3.820   12.590   -8.200   -489.80    -83.90    -42.40   3.340     82859.0
2022  2  3  6 27 00 000   -4.690   12.140   -8.510   -478.90    -76.10    -31.50   3.180     73100.0
2022  2  3  6 28 00 000   -4.330   12.420   -8.330   -483.50    -70.80    -31.00   2.880     89494.0
2022  2  3  6 29 00 000   -4.090   12.520   -8.320   -482.20    -75.10    -39.00   2.770     80057.0
2022  2  3  6 30 00 000   -4.060   12.680   -8.190   -483.50    -78.90    -35.90   2.540     77087.0
2022  2  3  6 31 00 000   -4.500   12.330   -8.210   -484.60    -79.80    -33.40   2.450     78147.0
2022  2  3  6 37 00 000   -4.600   12.120   -7.960   -480.80    -66.60    -41.80   2.950     84465.0
2022  2  3  6 38 00 000   -6.470    9.890   -9.630   -467.50    -61.30    -31.80   3.830     88036.0
2022  2  3  6 39 00 000   -2.480   13.540   -6.950   -463.40    -57.00    -25.90   4.220     88566.0
2022  2  3  6 41 00 000   -7.170    9.040  -10.400   -462.60    -50.00    -20.20   4.270     78844.0
2022  2  3  6 42 00 000   -7.230    8.770  -10.750   -462.60    -50.00    -20.20   4.270     78844.0
2022  2  3  6 43 00 000   -7.100    9.100  -10.640   -460.00    -46.50    -17.80   4.360     87730.0
2022  2  3  6 44 00 000   -7.380    9.060  -10.430   -460.00    -46.50    -17.80   4.360     87730.0
2022  2  3  6 45 00 000   -7.750    8.700  -10.490   -457.70    -45.00    -20.60   4.250     82244.0
2022  2  3  6 46 00 000   -7.840    8.670  -10.520   -457.70    -45.00    -20.60   4.250     82244.0
2022  2  3  6 47 00 000   -7.610    8.990  -10.460   -457.70    -45.00    -20.60   4.250     82244.0
2022  2  3  6 48 00 000   -6.670   10.000  -10.350   -457.40    -33.50    -23.00   3.880     96703.0
2022  2  3  6 49 00 000   -7.080    9.880  -10.230   -457.40    -33.50    -23.00   3.880     96703.0
2022  2  3  6 50 00 000   -5.420   11.580   -9.780   -457.40    -33.50    -23.00   3.880     96703.0
2022  2  3  6 52 00 000   -9.430    7.480  -10.820   -430.70     -5.40    -20.10   3.040     83138.0
2022  2  3  6 53 00 000   -9.690    7.440  -10.670   -430.70     -5.40    -20.10   3.040     83138.0
2022  2  3  6 54 00 000   -8.850    8.630  -10.550   -443.20    -33.10    -31.50   3.100    103745.0
2022  2  3  6 55 00 000  -10.000    7.090  -10.780   -432.20    -13.90    -24.90   3.510     93929.0
2022  2  3  6 56 00 000  -10.760    6.110  -10.730   -423.40      1.40    -19.60   3.830     86125.0
2022  2  3  6 57 00 000   -9.660    7.500  -10.910   -432.70    -18.30    -31.00   3.830    110723.0
2022  2  3  6 58 00 000   -6.910   11.230  -10.400   -432.70    -18.30    -31.00   3.830    110723.0
2022  2  3  6 59 00 000   -5.840   11.710  -10.850   -468.30    -41.20    -18.40   1.650     55270.0
2022  2  3  7  0 00 000   -6.230   11.810  -10.710   -438.60    -19.90    -25.90   2.550     56551.0
2022  2  3  7  1 00 000   -4.430   13.600  -10.070   -462.40    -40.80    -30.90   2.040     42209.0
2022  2  3  7  2 00 000   -5.360   12.310  -10.860   -489.50    -63.30    -33.10   1.400     30113.0
2022  2  3  7  3 00 000   -4.920   12.750  -10.720   -486.30    -59.90    -29.00   1.540     34170.0
2022  2  3  7  4 00 000   -4.960   13.210  -10.230   -485.70    -59.30    -28.40   1.560     34612.0
2022  2  3  7  5 00 000   -5.770   12.500  -10.500   -486.50    -60.50    -32.80   1.550     28770.0
2022  2  3  7  6 00 000   -5.460   13.160   -9.810   -485.70    -62.10    -34.30   1.600     30849.0
2022  2  3  7  7 00 000   -5.650   12.880  -10.280   -486.10    -72.00    -33.80   1.650     33896.0
2022  2  3  7  8 00 000   -6.300   12.420  -10.520   -485.30    -64.20    -38.70   1.830     36390.0
2022  2  3  7  9 00 000   -5.540   13.000  -10.220   -487.00    -66.40    -41.70   1.790     37013.0
2022  2  3  7 10 00 000   -5.490   12.920  -10.500   -490.40    -77.00    -37.70   1.630     37994.0
2022  2  3  7 11 00 000   -5.610   13.570   -9.750   -494.00    -75.70    -28.70   1.800     42591.0
2022  2  3  7 12 00 000   -5.460   13.940   -9.350   -498.70    -73.80    -32.30   1.820     40124.0
2022  2  3  7 13 00 000   -4.770   12.980   -9.860   -506.40    -87.60    -39.30   1.860     46690.0
2022  2  3  7 14 00 000   -3.010   13.160  -10.930   -506.90    -82.60    -36.60   1.670     38602.0
2022  2  3  7 15 00 000   -5.580   13.190  -10.500   -507.50    -76.10    -33.00   1.410     28018.0
2022  2  3  7 16 00 000   -5.610   13.100  -10.670   -507.50    -76.10    -33.00   1.410     28018.0
2022  2  3  7 18 00 000   -5.790   13.010  -10.640   -486.40    -84.20    -46.80   1.720     38116.0
2022  2  3  7 19 00 000   -6.840   12.700  -10.420   -486.00    -84.70    -45.50   1.750     38317.0
2022  2  3  7 20 00 000   -6.720   13.280   -9.710   -479.70    -91.90    -26.90   2.160     41132.0
2022  2  3  7 21 00 000   -6.760   13.120   -9.780   -479.00    -92.50    -24.20   2.200     41657.0
2022  2  3  7 22 00 000   -6.870   12.780  -10.510   -488.40    -70.70    -20.50   1.930     48044.0
2022  2  3  7 23 00 000   -6.540   13.210  -10.080   -481.10    -78.00    -42.00   1.870     44925.0
2022  2  3  7 24 00 000   -5.890   12.960  -10.650   -486.10    -91.10    -57.10   1.790     38320.0
2022  2  3  7 25 00 000   -6.680   12.840  -10.250   -489.20    -93.50    -41.60   1.730     40448.0
2022  2  3  7 26 00 000   -6.150   14.200   -8.920   -475.10    -93.70    -55.40   1.800     44356.0
2022  2  3  7 27 00 000   -6.300   14.690   -7.740   -467.20    -94.50    -65.80   1.840     46020.0
2022  2  3  7 28 00 000   -6.080   13.450   -9.870   -497.80   -110.10    -59.50   1.310     29255.0
2022  2  3  7 29 00 000   -5.930   13.730   -9.510   -497.80   -110.10    -59.50   1.310     29256.0
2022  2  3  7 30 00 000   -6.410   13.180  -10.410   -496.30   -107.00    -65.20   1.550     35813.0
2022  2  3  7 32 00 000   -6.740   12.460  -11.220   -488.00   -108.60    -38.80   1.580     37420.0
2022  2  3  7 33 00 000   -7.180   11.640  -11.820   -487.00   -106.10    -36.70   1.540     37478.0
2022  2  3  7 34 00 000   -7.770   10.230  -12.830   -481.00    -92.80    -23.90   1.250     37439.0
2022  2  3  7 35 00 000   -5.760   10.100  -13.860   -488.10   -103.40     -7.30   1.260     37572.0
2022  2  3  7 36 00 000   -4.030   11.200  -13.910   -497.90   -103.20      8.70   1.290     40529.0
2022  2  3  7 37 00 000   -4.100   10.530  -14.320   -517.30   -113.20     10.00   1.210     45986.0
2022  2  3  7 38 00 000   -4.070   10.270  -14.490   -517.30   -113.20     10.00   1.210     45986.0
2022  2  3  7 39 00 000   -4.580   10.670  -14.100   -510.80   -116.30      1.90   1.420     43941.0
2022  2  3  7 40 00 000   -4.370   10.710  -14.110   -511.40   -114.90      3.70   1.460     47412.0
2022  2  3  7 41 00 000   -3.820    9.620  -13.810   -515.00   -106.40     14.90   1.720     68587.0
2022  2  3  7 42 00 000   -3.550   10.920   -8.580   -520.60   -129.90    -27.60   2.720    229179.0
2022  2  3  7 43 00 000   -2.870    9.510   -8.150   -520.80   -130.80    -29.20   2.760    235044.0
2022  2  3  7 46 00 000   -2.740    8.190  -10.870   -532.60   -105.50     -8.00   2.600    397627.0
2022  2  3  7 47 00 000   -2.760    7.850   -9.980   -532.60   -105.50     -8.00   2.600    397627.0
2022  2  3  7 48 00 000   -2.560    8.410  -11.370   -532.60   -105.50     -8.00   2.600    397627.0
2022  2  3  7 49 00 000   -3.430    9.310  -11.340   -526.10   -116.20    -16.50   2.540    160461.0
2022  2  3  7 50 00 000   -3.350    8.970  -10.630   -526.10   -116.20    -16.50   2.540    160461.0
2022  2  3  7 57 00 000   -3.940    8.740  -12.120   -509.80   -128.20     -7.70   2.470    212674.0
2022  2  3  7 58 00 000   -4.480    4.710  -13.780   -510.00   -132.20     -7.30   2.490    214805.0
2022  2  3  7 59 00 000   -4.850    4.860  -15.290   -510.00   -134.60     -7.10   2.500    216059.0
2022  2  3  8  0 00 000   -5.560    5.640  -15.280   -482.90    -40.90     32.10   1.530     38971.0
2022  2  3  8  1 00 000   -6.450    3.390  -16.170   -482.90    -38.50     32.20   1.520     38792.0
2022  2  3  8  2 00 000   -5.890    5.990  -15.230   -484.20    -33.70     20.30   1.500     50084.0
2022  2  3  8  3 00 000   -7.300    5.120  -15.560   -487.50    -72.90     -8.70   1.650     79472.0
2022  2  3  8  4 00 000   -5.940    5.060  -16.140   -481.40    -24.20     43.90   1.850     46161.0
2022  2  3  8  5 00 000   -5.040    4.760  -16.620   -478.70    -34.40     38.40   1.800     45092.0
2022  2  3  8  6 00 000   -5.250    4.160  -16.730   -473.90    -52.40     28.90   1.700     43227.0
2022  2  3  8  7 00 000   -5.490    3.500  -16.750   -481.40    -29.40     28.10   1.920     76632.0
2022  2  3  8  8 00 000   -5.850    2.920  -16.830   -481.40    -29.40     28.10   1.920     76632.0
2022  2  3  8  9 00 000   -5.610    3.860  -16.750   -491.60    -31.00     20.00   1.430     44253.0
2022  2  3  8 10 00 000   -4.380    4.950  -16.790   -478.50    -26.40     23.20   1.920     62954.0
2022  2  3  8 11 00 000   -2.500    6.280  -16.730   -490.80    -51.00     31.60   2.140     63508.0
2022  2  3  8 12 00 000   -3.180    4.660  -17.280   -497.70    -60.10     13.90   2.430     61553.0
2022  2  3  8 13 00 000   -3.270    4.480  -17.380   -507.40    -60.30     24.00   2.160     57034.0
2022  2  3  8 14 00 000   -3.550    4.230  -17.460   -508.90    -60.30     31.40   1.990     55860.0
2022  2  3  8 16 00 000   -4.050    1.330  -17.800   -497.50      4.60     32.60   1.660     40709.0
2022  2  3  8 17 00 000   -5.050    2.390  -17.470   -497.50      4.60     32.60   1.660     40709.0
2022  2  3  8 18 00 000   -6.350    1.410  -17.260   -497.50      4.60     32.60   1.660     40709.0
2022  2  3  8 24 00 000   -7.070    2.480  -17.090   -463.40    -16.10     19.60   1.370     29780.0
2022  2  3  8 25 00 000   -6.440    2.010  -17.480   -463.30    -16.50     19.40   1.370     29912.0
2022  2  3  8 26 00 000   -6.290    2.110  -17.580   -468.60    -27.00     26.40   1.860     47761.0
2022  2  3  8 27 00 000   -5.830    1.250  -17.790   -471.00      2.90     35.70   1.860     56499.0
2022  2  3  8 28 00 000   -5.940    1.000  -17.760   -471.80     13.80     39.00   1.850     59461.0
2022  2  3  8 29 00 000   -5.400    0.630  -18.010   -479.30    -10.70     25.80   1.290     28963.0
2022  2  3  8 30 00 000   -4.710    1.330  -17.950   -479.30    -10.70     25.80   1.290     28963.0
2022  2  3  8 31 00 000   -3.030    1.090  -18.260   -485.60      2.10     22.00   1.830     77476.0
2022  2  3  8 32 00 000   -3.140    1.310  -18.340   -487.80      0.10     24.50   1.770     76928.0
2022  2  3  8 33 00 000   -3.650    1.270  -18.220   -488.60     -3.90     27.30   1.630     67613.0
2022  2  3  8 36 00 000   -4.740    0.690  -18.060   -469.40     11.20     19.00   1.690     72386.0
2022  2  3  8 37 00 000   -5.000    1.440  -18.010   -472.90      2.40     19.90   1.660     74430.0
2022  2  3  8 38 00 000   -4.950    1.570  -18.070   -476.10     -5.20     20.90   1.620     74991.0
2022  2  3  8 39 00 000   -5.220    1.230  -18.030   -476.00     -2.90     21.60   1.490     67532.0
2022  2  3  8 40 00 000   -5.170    1.030  -18.020   -475.60      4.90     20.20   1.600     76583.0
2022  2  3  8 41 00 000   -4.590    1.460  -17.970   -478.80      1.50     21.00   1.840    102740.0
2022  2  3  8 42 00 000   -3.970    1.270  -17.990   -482.90     -5.10     23.40   2.170    134733.0
2022  2  3  8 43 00 000   -4.800    0.940  -17.860   -481.60     -7.20     28.90   2.490    136446.0
2022  2  3  8 44 00 000   -5.190    0.810  -17.800   -481.60     -7.20     28.90   2.490    136446.0
2022  2  3  8 45 00 000   -5.340    0.690  -17.890   -477.20      0.60     21.90   2.080    160773.0
2022  2  3  8 46 00 000   -4.300    0.200  -18.030   -478.30      0.10     24.80   2.290    153335.0
2022  2  3  8 47 00 000   -4.310   -0.190  -18.020   -479.50     -0.30     28.30   2.530    144536.0
2022  2  3  8 48 00 000   -4.300   -0.300  -18.000   -483.00      4.40     30.40   2.470    147821.0
2022  2  3  8 49 00 000   -4.530   -0.050  -17.960   -483.00      4.40     30.40   2.470    147821.0
2022  2  3  8 50 00 000   -4.400   -0.340  -18.070   -476.40      2.80     27.90   2.850    147522.0
2022  2  3  8 51 00 000   -4.210   -0.610  -18.100   -476.40      2.80     27.90   2.850    147522.0
2022  2  3  8 52 00 000   -4.470   -1.070  -18.040   -481.90     15.90     21.00   2.490    106773.0
2022  2  3  8 53 00 000   -5.150   -0.520  -17.880   -481.90     15.90     21.00   2.490    106773.0
2022  2  3  8 54 00 000   -4.540   -0.990  -18.050   -477.80      7.40     17.10   2.710    123453.0
2022  2  3  8 55 00 000   -4.320   -1.510  -18.070   -484.50      5.30     16.80   2.630    117920.0
2022  2  3  8 56 00 000   -4.170   -1.820  -18.140   -487.20     10.40     13.90   2.560    119178.0
2022  2  3  8 57 00 000   -4.310   -2.140  -18.100   -485.50     15.10     15.40   2.510    100021.0
2022  2  3  8 58 00 000   -4.580   -2.260  -18.020   -485.50     15.10     15.40   2.510    100021.0
2022  2  3  8 59 00 000   -3.940   -1.880  -18.210   -488.90     17.90     17.80   2.390    137773.0
2022  2  3  9  0 00 000   -2.800   -1.700  -18.510   -491.40     17.60     19.70   2.430    148003.0
2022  2  3  9  1 00 000   -3.040   -2.170  -18.450   -495.70     14.90     21.50   2.240    106113.0
2022  2  3  9  2 00 000   -3.040   -2.570  -18.370   -495.70     14.90     21.50   2.240    106113.0
2022  2  3  9  3 00 000   -3.920   -2.100  -18.130   -495.70     14.90     21.50   2.240    106113.0
2022  2  3  9  4 00 000   -3.870   -1.830  -18.070   -481.10     -5.00     20.70   2.910    213178.0
2022  2  3  9  5 00 000   -3.670   -1.690  -18.180   -481.10     -5.00     20.70   2.910    213178.0
2022  2  3  9  7 00 000   -5.410   -0.130  -18.040   -478.10     10.20      6.90   2.240    129525.0
2022  2  3  9  8 00 000   -5.830   -0.020  -17.870   -480.30      3.10     11.60   2.310    117697.0
2022  2  3  9  9 00 000   -4.680   -1.560  -17.590   -482.30     -3.00     15.70   2.360    107375.0
2022  2  3  9 10 00 000   -4.920   -0.750  -17.720   -485.30     -9.80      4.30   2.830    248040.0
2022  2  3  9 11 00 000   -4.570    1.120  -17.750   -485.30     -9.80      4.30   2.830    248040.0
2022  2  3  9 12 00 000   -3.970   -0.730  -17.840   -488.80    -20.00     12.90   3.090    289852.0
2022  2  3  9 13 00 000   -3.440    0.190  -17.880   -489.50    -21.90     14.50   3.130    297722.0
2022  2  3  9 15 00 000   -4.460    0.450  -17.650   -485.80     -0.10     -8.70   2.850    215989.0
2022  2  3  9 16 00 000   -4.800    0.100  -17.690   -485.80     -0.70     -8.10   2.850    217396.0
2022  2  3  9 17 00 000   -4.960   -0.320  -17.770   -486.20    -18.50      7.90   2.920    257109.0
2022  2  3  9 18 00 000   -5.040   -0.650  -17.850   -486.10    -14.50      9.20   2.870    247102.0
2022  2  3  9 19 00 000   -4.680   -2.960  -17.890   -486.00     -2.50     13.20   2.710    216805.0
2022  2  3  9 20 00 000   -4.400   -3.260  -17.990   -492.40      9.20     13.30   2.310    185882.0
2022  2  3  9 21 00 000   -4.590   -2.810  -17.970   -493.00     10.00     13.60   2.260    182681.0
2022  2  3  9 22 00 000   -4.530   -1.500  -18.180   -488.80     -3.70     24.60   2.410    185282.0
2022  2  3  9 23 00 000   -3.940   -1.470  -18.260   -488.80     -3.70     24.60   2.410    185282.0
2022  2  3  9 25 00 000   -5.220   -3.240  -17.820   -473.10     15.80     19.90   2.160    181353.0
2022  2  3  9 26 00 000   -4.680   -3.820  -17.910   -475.50     18.50     14.80   2.210    184970.0
2022  2  3  9 27 00 000   -5.080   -3.720  -17.980   -480.60     24.10      3.90   2.340    192653.0
2022  2  3  9 28 00 000   -5.220   -4.250  -17.980   -480.60     24.10      3.90   2.340    192653.0
2022  2  3  9 30 00 000   -5.380   -4.810  -17.780   -472.10     34.60     14.00   1.980    192653.0
2022  2  3  9 31 00 000   -4.790   -4.700  -17.940   -472.10     34.60     14.00   1.980    192707.0
2022  2  3  9 32 00 000   -5.180   -5.050  -17.670   -484.30     24.60     15.00   1.920    252163.0
2022  2  3  9 33 00 000   -5.130   -5.010  -17.720   -484.30     24.60     15.00   1.920    252164.0
2022  2  3  9 35 00 000   -4.030   -3.840  -18.130   -486.00     19.10     -3.40   2.020    336784.0
2022  2  3  9 36 00 000   -2.640   -0.670  -18.850   -490.00      7.90      0.20   1.910    291352.0
2022  2  3  9 37 00 000   -1.900   -3.140  -18.860   -498.00      4.80      2.40   1.780    234366.0
2022  2  3  9 38 00 000   -2.540   -4.340  -18.500   -500.00     17.50     11.30   1.990    248505.0
2022  2  3  9 39 00 000   -3.200   -4.780  -18.480   -502.70     16.30     10.50   1.810    253000.0
2022  2  3  9 40 00 000   -4.180   -4.630  -18.440   -506.80     14.30      9.20   1.520    260036.0
2022  2  3  9 41 00 000   -3.850   -4.890  -18.490   -500.10     14.20     -8.70   1.790    336512.0
2022  2  3  9 42 00 000   -4.330   -4.220  -18.610   -500.10     14.20     -8.70   1.790    336512.0
2022  2  3  9 43 00 000   -3.700   -5.560  -18.270   -503.60      8.70     -5.80   1.570    256050.0
2022  2  3  9 44 00 000   -3.660   -7.700  -16.970   -502.90     22.40      5.50   1.620    301576.0
2022  2  3  9 45 00 000   -3.490   -9.080  -15.730   -502.70     31.30     18.30   1.980    369805.0
2022  2  3  9 46 00 000   -3.400   -6.530  -16.910   -505.90     15.40     25.50   2.660    381054.0
2022  2  3  9 47 00 000   -3.540   -5.820  -17.250   -504.50      5.40     22.70   2.400    312716.0
2022  2  3  9 48 00 000   -3.600   -5.300  -17.440   -506.90     15.50     18.80   2.740    273735.0
2022  2  3  9 49 00 000   -3.410   -5.830  -17.510   -507.00     15.90     18.50   2.740    272422.0
2022  2  3  9 50 00 000   -4.270   -6.100  -17.320   -507.00     16.30      2.50   2.270    279587.0
2022  2  3  9 51 00 000   -4.810   -5.960  -17.300   -510.20     23.60     11.50   2.400    206205.0
2022  2  3  9 52 00 000   -4.450   -7.060  -17.090   -511.40     28.30     12.30   2.400    184766.0
2022  2  3  9 53 00 000   -2.570   -8.300  -16.710   -512.60     35.10     12.00   2.390    180127.0
2022  2  3  9 54 00 000   -2.960   -8.320  -16.400   -514.10     33.10     25.40   2.600    163386.0
2022  2  3  9 55 00 000   -3.460   -7.750  -16.620   -505.20     33.10     18.50   2.640    189254.0
2022  2  3  9 56 00 000   -4.150   -7.300  -16.660   -505.20     33.10     18.50   2.640    189254.0
2022  2  3  9 57 00 000   -4.640   -7.000  -16.590   -505.20     33.10     18.50   2.640    189254.0
2022  2  3  9 58 00 000   -3.970   -7.560  -17.240   -495.40     12.90     38.60   2.790     89025.0
2022  2  3  9 59 00 000   -3.330   -7.730  -16.870   -495.40     12.90     38.60   2.790     89025.0
2022  2  3 10  1 00 000   -3.240   -8.110  -16.810   -497.20     26.30     22.60   2.490    230690.0
2022  2  3 10  2 00 000   -3.330   -8.260  -17.060   -497.20     26.30     22.60   2.490    230690.0
2022  2  3 10  3 00 000   -2.910   -8.740  -17.020   -493.60     40.80     33.30   2.010     75642.0
2022  2  3 10  4 00 000   -2.940   -8.870  -17.010   -493.30     42.00     34.20   1.980     62301.0
2022  2  3 10  5 00 000   -3.410   -7.930  -17.310   -488.20     26.90     42.70   2.010     61406.0
2022  2  3 10  6 00 000   -3.360   -8.750  -17.130   -487.10     23.70     44.50   2.020     61219.0
2022  2  3 10  7 00 000   -3.140  -10.330  -16.450   -486.70     27.90     45.20   2.830    104347.0
2022  2  3 10  8 00 000   -2.910  -10.950  -16.100   -486.70     27.90     45.20   2.830    104347.0
2022  2  3 10  9 00 000   -3.030  -10.590  -16.260   -496.50     53.40     21.00   2.520     73690.0
2022  2  3 10 10 00 000   -3.280  -10.160  -16.490   -496.50     53.30     21.10   2.520     73679.0
2022  2  3 10 11 00 000   -3.180  -10.670  -16.060   -492.80     43.30     32.60   2.690     71895.0
2022  2  3 10 12 00 000   -3.450  -10.540  -15.990   -491.10     46.40     33.10   2.490     63993.0
2022  2  3 10 13 00 000   -3.370  -10.360  -16.360   -489.40     49.10     36.00   2.280     54811.0
2022  2  3 10 14 00 000   -3.110  -10.010  -16.690   -490.00     39.00     45.40   2.030     47850.0
2022  2  3 10 15 00 000   -3.090  -10.840  -16.090   -492.60     25.60     41.80   1.800     50522.0
2022  2  3 10 17 00 000   -2.910  -10.790  -16.310   -494.30     25.40     39.30   1.710     36791.0
2022  2  3 10 18 00 000   -0.940  -13.900  -14.100   -494.30     25.40     39.30   1.710     36791.0
2022  2  3 10 19 00 000   -1.400  -13.310  -14.550   -511.90     55.70     18.10   1.300     48385.0
2022  2  3 10 20 00 000   -0.580  -14.000  -13.770   -511.90     55.70     18.10   1.300     48385.0
2022  2  3 10 21 00 000   -2.300  -12.800  -14.690   -494.80     45.00     20.60   1.670     38207.0
2022  2  3 10 22 00 000   -3.160  -11.350  -15.570   -494.80     45.00     20.60   1.670     38207.0
2022  2  3 10 23 00 000   -2.620  -12.070  -15.120   -493.60     43.90     27.70   1.680     54887.0
2022  2  3 10 24 00 000   -1.020  -12.950  -12.590   -492.60     43.00     33.50   1.680     68424.0
2022  2  3 10 25 00 000   -0.770  -12.990  -11.710   -516.60     44.00    -20.30   4.000    610682.0
2022  2  3 10 26 00 000   -0.830  -12.280  -11.860   -516.90     42.40    -20.50   3.760    513552.0
2022  2  3 10 27 00 000   -0.790  -13.270  -12.530   -518.80     44.40    -11.80   2.540    275460.0
2022  2  3 10 28 00 000   -1.660  -13.410  -12.850   -522.70     51.90     -3.20   1.700    257962.0
2022  2  3 10 29 00 000   -1.490  -14.550  -12.410   -517.20     67.20      2.80   1.970    153314.0
2022  2  3 10 30 00 000   -1.500  -14.510  -12.320   -517.40     67.30      2.60   1.970    154698.0
2022  2  3 10 31 00 000   -1.610  -14.620  -12.150   -520.10     67.80      0.40   2.000    169816.0
2022  2  3 10 32 00 000   -1.660  -14.730  -11.960   -522.10     69.20     -9.10   2.050    179311.0
2022  2  3 10 33 00 000   -1.950  -14.790  -11.780   -523.00     69.80    -13.10   2.070    183345.0
2022  2  3 10 34 00 000   -2.220  -14.800  -11.710   -518.80     73.20    -11.80   2.060    200118.0
2022  2  3 10 35 00 000   -2.200  -14.590  -11.950   -516.40     75.20    -11.00   2.060    209745.0
2022  2  3 10 36 00 000   -2.240  -14.570  -12.050   -516.30     75.20    -11.10   2.060    210126.0
2022  2  3 10 37 00 000   -2.300  -14.400  -12.070   -514.10     74.90    -14.50   2.070    220787.0
2022  2  3 10 38 00 000   -2.490  -14.230  -12.050   -517.30     76.90    -17.70   2.170    207560.0
2022  2  3 10 39 00 000   -1.010  -14.960  -11.420   -519.40     78.10    -19.80   2.220    199194.0
2022  2  3 10 40 00 000   -1.110  -15.280  -10.980   -508.80     70.70     -4.00   2.070    133986.0
2022  2  3 10 41 00 000   -1.380  -15.490  -10.640   -510.70     70.20     -3.40   2.030    131224.0
2022  2  3 10 42 00 000   -1.060  -15.480  -10.890   -515.00     68.90     -2.10   1.960    124755.0
2022  2  3 10 43 00 000   -0.900  -15.310  -11.100   -512.00     72.50     -7.80   1.880     98270.0
2022  2  3 10 44 00 000   -1.290  -15.300  -10.820   -512.30     72.00     -7.80   1.900     98787.0
2022  2  3 10 45 00 000   -1.330  -15.110  -11.360   -515.90     66.90     -5.30   2.030    112359.0
2022  2  3 10 46 00 000   -1.390  -14.550  -12.150   -516.00     66.80     -5.30   2.030    112594.0
2022  2  3 10 47 00 000   -1.490  -14.620  -12.030   -512.60     75.00    -14.80   1.960    110464.0
2022  2  3 10 48 00 000   -1.280  -15.060  -11.220   -513.70     73.70     -9.60   1.930    108935.0
2022  2  3 10 49 00 000   -1.530  -15.030  -11.290   -514.60     72.70     -5.70   1.900    107792.0
2022  2  3 10 50 00 000   -1.850  -13.860  -12.740   -519.10     77.00    -13.50   1.720    179502.0
2022  2  3 10 51 00 000   -1.270  -15.160  -11.180   -519.10     77.00    -13.50   1.720    179502.0
2022  2  3 10 52 00 000   -0.900  -15.080  -11.330   -520.40     88.70    -16.30   1.680    181949.0
2022  2  3 10 53 00 000   -1.760  -14.340  -12.130   -520.60     86.00    -15.50   1.660    191195.0
2022  2  3 10 54 00 000   -2.680  -13.870  -12.540   -521.10     80.20    -13.80   1.620    210958.0
2022  2  3 10 55 00 000   -3.430  -13.330  -12.990   -507.60     78.50     -1.40   1.490    247344.0
2022  2  3 10 56 00 000   -1.850  -14.270  -11.800   -507.60     78.50     -1.40   1.490    247344.0
2022  2  3 10 57 00 000   -0.950  -15.090  -11.070   -513.10     79.60     -6.30   2.090    120479.0
2022  2  3 10 58 00 000   -0.400  -15.570  -10.500   -516.70     79.60     -4.50   1.890    119573.0
2022  2  3 10 59 00 000    0.060  -15.510  -10.250   -520.60     81.70     -1.70   1.740    111774.0
2022  2  3 11  0 00 000    2.130  -15.970   -7.400   -522.10     83.20     -0.40   1.700    106570.0
2022  2  3 11  1 00 000    0.290  -14.550  -10.580   -523.90     63.70    -16.20   2.170    177990.0
2022  2  3 11  2 00 000   -0.230  -14.870  -10.710   -512.80     55.40     -2.30   2.250    187090.0
2022  2  3 11  3 00 000    0.200  -15.500  -10.110   -497.60     44.10     16.60   2.350    199541.0
2022  2  3 11  4 00 000    0.100  -15.650   -9.710   -505.40     56.60     15.30   1.990    255691.0
2022  2  3 11  5 00 000   -0.370  -15.480   -9.870   -505.40     56.60     15.30   1.990    255691.0
2022  2  3 11  6 00 000   -0.480  -14.980  -10.580   -505.40     56.60     15.30   1.990    255691.0
2022  2  3 11  7 00 000   -0.520  -15.200  -10.590   -491.90     73.10     28.40   1.920    320200.0
2022  2  3 11  8 00 000   -1.150  -14.010  -12.130   -491.90     73.10     28.40   1.920    320200.0
2022  2  3 11  9 00 000   -0.400  -13.690  -12.040   -489.20     41.70     38.50   1.830    327512.0
2022  2  3 11 10 00 000    0.020  -13.260  -11.120   -488.80     36.60     40.20   1.810    328706.0
2022  2  3 11 11 00 000   -0.370  -13.990  -11.390   -483.80     11.00     25.80   2.680    377066.0
2022  2  3 11 12 00 000   -0.700  -12.960  -11.970   -490.70     19.70     30.40   2.480    386821.0
2022  2  3 11 13 00 000   -0.750  -13.180  -11.560   -498.50     29.50     35.50   2.260    397823.0
2022  2  3 11 15 00 000   -1.040  -12.950  -10.290   -481.30     18.20      7.90   4.300    549812.0
2022  2  3 11 16 00 000   -0.500  -13.850   -8.360   -481.90     19.00      7.10   4.290    542379.0
2022  2  3 11 17 00 000    0.320  -14.780   -6.820   -495.80     37.30    -12.00   4.050    366107.0
2022  2  3 11 18 00 000    0.530  -14.600   -5.620   -505.90     25.90    -44.20   5.090    501544.0
2022  2  3 11 19 00 000    1.140  -14.750   -4.880   -510.00     23.10    -48.80   4.860    385064.0
2022  2  3 11 20 00 000    1.600  -15.230   -3.880   -511.20     22.60    -49.20   4.720    332822.0
2022  2  3 11 21 00 000    0.220  -15.350   -7.130   -502.10     10.50    -37.20   5.050    420090.0
2022  2  3 11 22 00 000   -0.490  -15.310   -9.180   -501.80     24.00    -21.20   3.980    357772.0
2022  2  3 11 23 00 000    0.060  -15.620   -8.380   -500.30     47.20      5.40   2.690    335484.0
2022  2  3 11 24 00 000   -0.290  -15.260   -8.810   -500.20     47.40      5.50   2.700    338590.0
2022  2  3 11 25 00 000   -0.260  -15.210   -8.710   -495.00     36.20     -7.90   2.920    470324.0
2022  2  3 11 26 00 000    0.350  -15.850   -7.470   -495.00     36.20     -7.90   2.920    470324.0
2022  2  3 11 27 00 000    1.360  -16.550   -6.130   -495.00     36.20     -7.90   2.920    470324.0
2022  2  3 11 28 00 000    1.730  -16.170   -6.670   -502.30     45.10    -13.10   2.650    344124.0
2022  2  3 11 29 00 000    0.940  -16.270   -6.780   -501.70     43.50    -15.30   2.680    358666.0
2022  2  3 11 30 00 000   -1.510  -13.310  -10.670   -484.70     28.80      4.80   3.280    422731.0
2022  2  3 11 31 00 000   -1.810  -13.330   -9.850   -484.70     28.80      4.80   3.280    422731.0
2022  2  3 11 32 00 000   -2.180  -13.770   -9.190   -484.70     28.80      4.80   3.280    422731.0
2022  2  3 11 33 00 000   -2.360  -13.800  -10.020   -479.90     37.30     12.90   2.920    479220.0
2022  2  3 11 34 00 000   -0.690  -13.070   -9.030   -485.70     42.90     12.40   4.050    455803.0
2022  2  3 11 35 00 000   -0.030  -13.520   -8.270   -494.80     46.10      6.60   5.200    430763.0
2022  2  3 11 36 00 000   -0.190  -13.510   -7.990   -498.90     40.40     -2.50   4.900    434853.0
2022  2  3 11 37 00 000   -0.520  -11.130   -7.970   -495.30     32.70    -14.80   8.070    406919.0
2022  2  3 11 38 00 000   -0.540   -8.620   -8.710   -496.30     30.40    -12.70   8.790    392127.0
2022  2  3 11 39 00 000   -0.730   -6.910   -5.220   -502.30     20.80      2.70  11.550    323396.0
2022  2  3 11 40 00 000   -0.080   -7.520   -5.700   -503.10     19.60      4.60  11.890    314853.0
2022  2  3 11 41 00 000   -0.850   -7.520   -8.130   -492.20    -11.10     -3.50  18.650    184146.0
2022  2  3 11 42 00 000    0.150   -8.250   -4.230   -492.80    -11.40     -3.30  21.080    172126.0
2022  2  3 11 43 00 000    0.500   -6.690   -2.970   -496.80    -13.20     -2.20  36.380     97285.0
2022  2  3 11 44 00 000   -0.590   -5.900   -5.410   -496.80    -13.20     -2.20  36.380     97285.0
2022  2  3 11 45 00 000   -2.200   -2.380   -6.920   -504.30      5.10     -6.30  32.930     92214.0
2022  2  3 11 46 00 000   -1.820   -3.210   -7.370   -502.70      2.30     -4.50  34.660     92636.0
2022  2  3 11 47 00 000   -1.290   -4.000   -5.870   -499.20      2.90     -1.50  34.950    102888.0
2022  2  3 11 48 00 000   -0.040   -1.900    1.470   -499.10      7.60     -2.10  32.590    109381.0
2022  2  3 11 49 00 000    2.380    2.630   13.540   -499.20      6.00     -2.30  26.910    129460.0
2022  2  3 11 50 00 000    2.360    2.240   14.190   -499.40      2.10     -2.70  10.800    186977.0
2022  2  3 11 51 00 000    2.440    1.880   14.030   -501.00     16.50      4.60  11.730    173117.0
2022  2  3 11 52 00 000    2.200   -0.130   13.980   -502.80     18.30      1.80  12.600    172910.0
2022  2  3 11 53 00 000    2.280    0.190   14.130   -503.90     19.00     -0.50  13.180    173360.0
2022  2  3 11 54 00 000    2.410   -2.140   12.830   -507.60     19.60    -18.20  13.830    186266.0
2022  2  3 11 55 00 000    2.330   -2.680   13.070   -507.70     19.60    -18.70  13.850    186624.0
2022  2  3 11 56 00 000    2.760   -2.260   13.010   -504.20      7.80    -24.70  11.650    305926.0
2022  2  3 11 57 00 000    1.030   -2.190   12.870   -504.20      7.80    -24.70  11.650    305926.0
2022  2  3 11 58 00 000   -0.850   -3.940   12.520   -491.00     17.20    -21.90  12.850    309464.0
2022  2  3 11 59 00 000    1.270   -4.800   12.290   -493.90     16.70    -23.30  12.580    306834.0
2022  2  3 12  0 00 000    0.720   -4.520   12.660   -500.20     15.60    -26.30  12.010    301112.0
2022  2  3 12  1 00 000    0.700   -4.170   12.540   -495.40     20.80    -23.80  13.840    331029.0
2022  2  3 12  2 00 000    1.240   -3.900   12.400   -495.40     20.80    -23.80  13.840    331064.0
2022  2  3 12  3 00 000    2.250   -3.060   11.820   -501.80     18.70    -20.90  13.390    335553.0
2022  2  3 12  4 00 000    3.060   -3.390   11.960   -508.20     20.80    -26.80  14.020    326145.0
2022  2  3 12  5 00 000    2.860   -5.560   11.860   -509.30     25.50    -10.10  12.090    257553.0
2022  2  3 12  6 00 000    2.490   -8.180    9.830   -510.10     24.90    -11.70  11.950    256863.0
2022  2  3 12  7 00 000    2.150   -7.580    8.050   -513.80     19.50    -21.20  12.680    279211.0
2022  2  3 12  8 00 000    0.700   -4.530    6.220   -519.60      7.70     -5.10  15.600    286885.0
2022  2  3 12  9 00 000    1.540   -4.270    3.020   -519.80      7.30     -4.60  15.690    287123.0
2022  2  3 12 11 00 000    1.340   -7.200    5.280   -499.80     12.70    -26.40  18.220    415480.0
2022  2  3 12 12 00 000    1.630   -7.840    6.790   -499.80     12.70    -26.40  18.170    416067.0
2022  2  3 12 13 00 000    1.340   -6.090    6.240   -502.60     13.90    -23.80  14.890    453095.0
2022  2  3 12 14 00 000    0.840   -7.690    4.810   -501.10     13.20    -22.70  15.200    466007.0
2022  2  3 12 15 00 000    1.100   -8.400    4.620   -499.90     14.70    -17.00  15.540    459777.0
2022  2  3 12 16 00 000    1.410   -9.840    4.210   -505.00     26.70      0.70  14.700    335450.0
2022  2  3 12 17 00 000    0.930   -5.450    7.000   -502.90     21.90      6.40  17.090    421787.0
2022  2  3 12 18 00 000    0.820   -5.480    7.370   -502.90     21.80      6.50  17.140    426523.0
2022  2  3 12 19 00 000   -0.330   -5.720    7.630   -506.10     26.50      4.50  14.880    421743.0
2022  2  3 12 20 00 000    0.450   -5.760    7.210   -505.50     26.40      2.60  14.760    420246.0
2022  2  3 12 21 00 000    0.390   -7.230    5.340   -503.90     25.60     -1.20  14.720    417488.0
2022  2  3 12 22 00 000    0.500   -6.950    4.730   -504.30     33.20      6.40  16.670    336594.0
2022  2  3 12 23 00 000    0.970   -5.640    7.010   -504.40     34.80      8.30  17.110    319166.0
2022  2  3 12 24 00 000    1.430   -5.120    8.080   -506.50     33.90     16.50  17.360    324439.0
2022  2  3 12 25 00 000    1.360   -6.570    7.340   -506.20     36.40     16.60  16.940    314712.0
2022  2  3 12 26 00 000    1.360   -7.980    7.700   -506.10     37.00     16.60  16.830    312240.0
2022  2  3 12 27 00 000    1.720   -9.140    9.660   -502.80     43.90      7.00  14.190    282970.0
2022  2  3 12 28 00 000    1.670   -9.960   10.610   -502.80     43.30      6.80  14.080    284135.0
2022  2  3 12 29 00 000    1.610   -9.960    9.970   -503.80     22.40     -0.10  10.310    322228.0
2022  2  3 12 30 00 000    1.450  -10.740    9.840   -506.70     35.60      6.30  10.250    286657.0
2022  2  3 12 31 00 000    1.090   -8.780    7.900   -507.20     38.00      7.30  10.940    287708.0
2022  2  3 12 32 00 000    0.860   -8.200    8.100   -506.80     35.90      5.30  14.360    330224.0
2022  2  3 12 33 00 000    0.120   -6.610    7.520   -506.80     35.90      5.30  14.360    330224.0
2022  2  3 12 34 00 000    0.450   -1.150    5.800   -500.90     35.50     20.40  22.390    246725.0
2022  2  3 12 35 00 000    1.490    5.380    4.900   -500.90     35.50     20.40  22.390    246725.0
2022  2  3 12 36 00 000    0.420    2.780    2.660   -503.50     53.20     11.50  20.180    283839.0
2022  2  3 12 37 00 000    1.520   -5.570    5.340   -504.20     37.20     11.10  19.070    267968.0
2022  2  3 12 38 00 000    2.310   -8.530    7.160   -505.30     32.50      8.00  16.690    309346.0
2022  2  3 12 39 00 000    2.540  -10.700    3.050   -507.40     42.20      0.30  11.930    440871.0
2022  2  3 12 40 00 000    2.330  -10.960    3.570   -515.50     41.70    -13.80  10.790    427366.0
2022  2  3 12 41 00 000    2.670  -10.190    1.730   -520.70     35.00    -14.40  11.260    397422.0
2022  2  3 12 42 00 000    2.690  -10.420    3.430   -527.80     55.60     -9.60  13.500    415201.0
2022  2  3 12 43 00 000    1.950   -9.900    3.300   -527.80     55.70     -9.60  13.510    415279.0
2022  2  3 12 44 00 000    1.660   -9.700    0.880   -520.70     67.30    -29.50  13.480    240124.0
2022  2  3 12 45 00 000   -1.220   -6.520   -4.220   -520.70     67.30    -29.50  13.480    240124.0
2022  2  3 12 46 00 000   -0.300   -7.860   -1.040   -514.70     76.90    -11.00  16.910    212840.0
2022  2  3 12 47 00 000    0.180   -7.730    0.710   -514.60     77.00    -10.80  16.950    212532.0
2022  2  3 12 48 00 000    1.570   -9.800    2.520   -512.00     70.30    -14.50  13.350    284379.0
2022  2  3 12 49 00 000    0.410   -8.930   -0.340   -511.30     73.80     -8.20  14.520    311120.0
2022  2  3 12 50 00 000    0.670  -10.890   -3.440   -513.30     72.90      3.10  14.750    367574.0
2022  2  3 12 51 00 000    1.200  -11.270   -3.040   -517.70     63.70      6.00  12.550    393615.0
2022  2  3 12 53 00 000    1.280  -11.900   -0.990   -510.50     59.00    -24.80  10.550    343861.0
2022  2  3 12 54 00 000    1.340  -12.280   -0.530   -510.50     59.00    -24.80  10.550    343861.0
2022  2  3 12 55 00 000    1.010  -12.750   -1.140   -511.20     56.50    -13.40  10.670    294112.0
2022  2  3 12 56 00 000   -0.020  -12.330   -1.580   -512.00     56.10    -12.50  10.760    290449.0
2022  2  3 12 57 00 000    0.050  -12.260   -1.190   -517.90     54.00     -8.10  11.410    271341.0
2022  2  3 12 58 00 000   -0.070  -12.190   -0.800   -517.90     54.00     -8.10  11.410    271341.0
2022  2  3 12 59 00 000   -0.290  -10.990   -0.280   -514.10     51.40      1.10  11.820    274674.0
2022  2  3 13  0 00 000   -0.150  -11.220   -0.640   -514.00     51.40      0.90  11.820    277022.0
2022  2  3 13  1 00 000   -0.590   -9.840    1.680   -510.10     50.60     -5.00  11.670    366849.0
2022  2  3 13  2 00 000   -0.810   -9.700    1.950   -510.00     50.60     -5.10  11.670    368743.0
2022  2  3 13  3 00 000   -0.890   -9.730    2.050   -500.50     41.20     -8.00  12.720    395961.0
2022  2  3 13  4 00 000   -1.230   -9.390    3.010   -500.50     41.20     -8.00  12.720    395961.0
2022  2  3 13  5 00 000   -0.770   -8.650    3.520   -503.80     33.50      5.70  13.390    377958.0
2022  2  3 13  6 00 000    0.750   -9.680    1.260   -505.20     34.70      8.10  13.510    364327.0
2022  2  3 13  7 00 000    1.020   -9.650   -1.240   -509.70     52.50      1.70  13.700    294340.0
2022  2  3 13  8 00 000    1.070   -8.060    1.530   -515.20     56.50     -6.00  15.890    210939.0
2022  2  3 13  9 00 000    0.700   -7.310   -0.580   -515.30     56.60     -6.10  15.930    209460.0
2022  2  3 13 10 00 000    0.560   -8.520   -2.320   -509.90     59.10     15.10  15.290    270370.0
2022  2  3 13 11 00 000    1.070   -8.360   -2.380   -509.90     59.10     15.10  15.290    270370.0
2022  2  3 13 12 00 000    1.220   -8.490   -2.260   -512.80     63.20     22.80  14.620    262900.0
2022  2  3 13 13 00 000    0.850   -9.640   -0.760   -512.60     51.10     12.50  13.680    299582.0
2022  2  3 13 14 00 000    0.830  -10.950   -0.940   -511.80     40.00      3.50  11.570    341973.0
2022  2  3 13 15 00 000    1.340  -11.040   -1.240   -511.50     33.30     -2.40   9.770    363267.0
2022  2  3 13 16 00 000    1.320  -10.120   -1.040   -513.70     29.70     -8.90   9.100    328172.0
2022  2  3 13 17 00 000    0.860   -7.170    0.280   -513.70     29.70     -8.90   9.100    328172.0
2022  2  3 13 20 00 000    1.880   -9.760   -2.880   -512.70     38.10      2.40   9.440    372379.0
2022  2  3 13 21 00 000    2.270   -7.100   -3.240   -515.10     40.70      1.60   9.740    383220.0
2022  2  3 13 22 00 000    2.570   -5.580   -4.130   -523.60     53.50     11.20  12.120    335803.0
2022  2  3 13 23 00 000    2.160   -3.540   -4.490   -525.70     62.80     21.40  12.680    264307.0
2022  2  3 13 24 00 000    0.850   -1.830   -4.020   -526.20     64.90     23.70  12.800    247885.0
2022  2  3 13 26 00 000    0.810   -5.590   -4.180   -520.90     60.10     14.10  11.370    339678.0
2022  2  3 13 27 00 000    0.400   -6.060   -3.860   -520.90     60.10     14.10  11.370    339678.0
2022  2  3 13 28 00 000    0.920   -6.250   -4.440   -521.70     59.60     11.00  11.610    363344.0
2022  2  3 13 29 00 000    0.700   -5.590   -4.250   -521.60     56.10      6.70  11.860    375245.0
2022  2  3 13 30 00 000    0.550   -4.910   -3.370   -521.30     52.20      2.20  12.140    380072.0
2022  2  3 13 31 00 000    1.970   -5.500    0.590   -523.80     47.20     -3.60  12.930    323200.0
2022  2  3 13 32 00 000    1.560   -5.790   -0.670   -523.80     47.20     -3.60  12.930    323200.0
2022  2  3 13 35 00 000    0.370   -2.900   -3.260   -520.20     44.80     13.30  12.930    252633.0
2022  2  3 13 36 00 000    0.370   -4.040   -3.450   -520.20     44.80     13.30  12.930    252633.0
2022  2  3 13 37 00 000    0.410   -4.860   -4.310   -517.20     52.70      3.70  11.170    304637.0
2022  2  3 13 38 00 000    0.480   -5.110   -5.180   -517.20     52.70      3.70  11.170    304637.0
2022  2  3 13 39 00 000    0.350   -6.860   -4.750   -520.70     66.10      4.00   8.280    335135.0
2022  2  3 13 40 00 000    0.380   -6.170   -4.980   -525.00     61.40      7.20   7.960    317350.0
2022  2  3 13 41 00 000    0.240   -5.900   -5.610   -529.70     55.50     12.00   7.400    303786.0
2022  2  3 13 42 00 000    0.190   -5.430   -5.650   -528.00     54.20     15.90   6.760    333361.0
2022  2  3 13 43 00 000    0.650   -6.020   -5.350   -531.20     54.20     15.00   6.630    315095.0
2022  2  3 13 44 00 000    0.590   -6.460   -5.950   -533.80     54.20     14.30   6.530    300103.0
2022  2  3 13 45 00 000    1.010   -6.210   -5.710   -533.80     54.20     14.30   6.530    300103.0
2022  2  3 13 46 00 000    0.800   -6.230   -5.680   -533.40     54.90     21.40   6.040    292062.0
2022  2  3 13 47 00 000    0.680   -6.020   -5.490   -533.40     54.90     21.40   6.040    292062.0
2022  2  3 13 49 00 000    1.250   -5.960   -4.660   -538.00     53.30     19.70   6.150    270127.0
2022  2  3 13 50 00 000    0.860   -5.200   -5.270   -538.00     53.30     19.70   6.150    270127.0
2022  2  3 13 54 00 000    1.010   -5.660   -5.430   -559.50     49.80     23.60   4.670    235648.0
2022  2  3 13 55 00 000    0.970   -4.990   -4.680   -559.60     50.70     23.50   4.630    233209.0
2022  2  3 13 56 00 000    1.130   -4.600   -4.390   -551.30     50.00     25.40   4.830    236146.0
2022  2  3 13 57 00 000    0.950   -4.430   -4.400   -555.30     49.90     21.70   4.270    222651.0
2022  2  3 13 58 00 000    1.990   -3.090   -4.410   -565.70     56.60      9.40   3.730    186840.0
2022  2  3 13 59 00 000    2.100   -3.200   -3.920   -568.90     56.50      8.20   3.830    189473.0
2022  2  3 14  0 00 000    2.190   -2.720   -3.850   -563.40     49.20     22.00   4.260    247788.0
2022  2  3 14  1 00 000    1.820   -2.670   -3.740   -563.40     49.20     22.10   4.260    248040.0
2022  2  3 14  3 00 000    1.910   -2.980   -3.600   -573.40     62.20     34.20   3.250    169304.0
2022  2  3 14  4 00 000    1.840   -3.020   -3.530   -573.40     62.20     34.20   3.250    169304.0
2022  2  3 14  6 00 000    1.560   -3.190   -3.450   -576.40     46.50     35.60   3.440    197808.0
2022  2  3 14  7 00 000    1.700   -3.010   -3.580   -576.40     46.60     35.40   3.410    195073.0
2022  2  3 14  8 00 000    1.680   -2.780   -3.650   -576.30     47.80     33.00   3.130    168600.0
2022  2  3 14  9 00 000    1.830   -2.900   -3.320   -575.00     48.20     34.40   3.190    172785.0
2022  2  3 14 10 00 000    1.870   -2.660   -3.290   -575.80     44.90     29.80   3.260    167628.0
2022  2  3 14 11 00 000    1.990   -2.360   -3.460   -574.90     50.20     32.90   3.390    184870.0
2022  2  3 14 12 00 000    1.940   -2.660   -3.230   -574.50     52.30     34.60   3.430    191154.0
2022  2  3 14 13 00 000    1.870   -2.570   -3.370   -571.70     53.30     37.20   3.400    203529.0
2022  2  3 14 14 00 000    1.720   -2.890   -3.520   -571.80     52.50     37.00   3.390    200175.0
2022  2  3 14 15 00 000    1.470   -3.200   -3.480   -574.50     39.80     30.60   3.170    139492.0
2022  2  3 14 16 00 000    1.620   -3.010   -3.630   -574.00     40.90     26.30   3.200    137678.0
2022  2  3 14 17 00 000    1.810   -3.010   -3.730   -575.00     38.80     25.30   3.360    139102.0
2022  2  3 14 18 00 000    1.800   -3.010   -3.790   -573.80     44.00     28.50   3.140    135256.0
2022  2  3 14 19 00 000    1.930   -2.780   -3.740   -573.40     45.70     29.50   3.080    134043.0
2022  2  3 14 20 00 000    1.910   -2.690   -3.800   -570.70     46.50     27.00   3.040    179859.0
2022  2  3 14 21 00 000    1.810   -2.600   -3.830   -572.50     48.90     23.50   3.160    144959.0
2022  2  3 14 22 00 000    1.890   -2.180   -3.280   -571.30     52.10     30.70   3.450    154699.0
2022  2  3 14 23 00 000    1.870   -2.100   -3.200   -569.90     50.70     35.40   3.550    161112.0
2022  2  3 14 24 00 000    1.790   -2.360   -3.520   -570.00     45.40     35.00   3.350    144859.0
2022  2  3 14 25 00 000    1.740   -2.380   -3.990   -570.20     45.00     32.60   3.220    144046.0
2022  2  3 14 26 00 000    1.750   -2.220   -4.030   -571.10     44.60     38.80   3.290    140965.0
2022  2  3 14 27 00 000    1.860   -2.340   -3.850   -571.10     44.60     38.80   3.290    140965.0
2022  2  3 14 29 00 000    2.050   -2.340   -3.290   -572.10     47.70     31.30   3.100    152766.0
2022  2  3 14 30 00 000    2.170   -2.390   -3.060   -572.10     47.70     31.30   3.100    152766.0
2022  2  3 14 31 00 000    2.180   -2.410   -3.030   -572.10     47.70     31.30   3.100    152766.0
2022  2  3 14 32 00 000    2.230   -2.380   -3.020   -572.20     52.90     32.60   3.360    144905.0
2022  2  3 14 33 00 000    2.270   -2.320   -3.240   -572.20     52.90     32.60   3.360    144905.0
2022  2  3 14 34 00 000    2.250   -2.290   -3.150   -570.80     46.00     34.00   3.250    125085.0
2022  2  3 14 35 00 000    2.210   -2.270   -3.110   -570.80     46.00     34.00   3.250    125085.0
2022  2  3 14 36 00 000    2.090   -2.400   -3.120   -569.40     46.50     39.90   3.330    139218.0
2022  2  3 14 37 00 000    2.190   -2.230   -3.120   -569.40     46.60     39.60   3.320    138484.0
2022  2  3 14 38 00 000    2.150   -2.130   -3.210   -569.20     48.70     34.50   3.180    125746.0
2022  2  3 14 39 00 000    1.930   -2.020   -3.430   -568.90     46.10     36.70   3.210    130842.0
2022  2  3 14 40 00 000    2.070   -2.050   -3.230   -568.70     44.60     37.90   3.220    133758.0
2022  2  3 14 41 00 000    2.120   -2.100   -3.170   -569.70     45.60     37.90   3.320    123994.0
2022  2  3 14 42 00 000    2.090   -2.240   -2.610   -569.70     45.60     37.90   3.320    123987.0
2022  2  3 14 43 00 000    2.200   -2.680   -2.290   -566.00     42.60     26.00   3.020    146446.0
2022  2  3 14 44 00 000    2.250   -2.570   -2.510   -566.00     42.60     25.90   3.020    146627.0
2022  2  3 14 45 00 000    2.270   -2.460   -2.660   -565.90     42.80     26.10   3.010    144952.0
2022  2  3 14 46 00 000    2.280   -2.570   -2.440   -565.20     44.20     27.50   2.930    134613.0
2022  2  3 14 47 00 000    2.180   -2.200   -2.850   -565.20     44.20     27.50   2.930    134613.0
2022  2  3 14 48 00 000    2.220   -2.240   -2.840   -567.80     46.00     26.40   2.960    154168.0
2022  2  3 14 49 00 000    2.390   -2.080   -2.740   -567.80     46.00     26.40   2.960    154168.0
2022  2  3 14 50 00 000    2.520   -1.760   -2.810   -565.20     45.60     28.60   2.910    126741.0
2022  2  3 14 51 00 000    2.660   -2.020   -2.600   -565.20     45.60     28.60   2.910    126741.0
2022  2  3 14 52 00 000    2.870   -2.200   -2.200   -563.20     42.70     29.30   2.930    142663.0
2022  2  3 14 53 00 000    2.730   -2.300   -2.170   -563.20     42.70     29.30   2.930    142663.0
2022  2  3 14 54 00 000    2.620   -2.380   -1.990   -562.10     45.80     40.50   2.960    123221.0
2022  2  3 14 55 00 000    2.030   -2.290   -2.700   -562.30     45.10     39.50   2.980    123327.0
2022  2  3 14 56 00 000    1.730   -2.180   -2.840   -564.70     37.10     27.40   3.210    124589.0
2022  2  3 14 57 00 000    1.660   -2.170   -3.040   -564.70     37.10     27.40   3.210    124590.0
2022  2  3 14 58 00 000    1.940   -2.310   -2.840   -573.30     41.00     28.10   3.180    154841.0
2022  2  3 14 59 00 000    2.220   -2.510   -2.350   -566.70     56.60     29.60   3.010    141124.0
2022  2  3 15  0 00 000    1.290   -2.190   -3.120   -566.10     58.00     29.80   3.000    139927.0
2022  2  3 15  1 00 000    1.480   -2.340   -2.880   -570.00     44.90     25.60   3.370    138928.0
2022  2  3 15  2 00 000    2.010   -2.340   -2.540   -570.00     44.90     25.60   3.370    138928.0
2022  2  3 15  3 00 000    1.940   -1.900   -3.170   -567.30     46.70     26.80   3.030    143252.0
2022  2  3 15  4 00 000    2.150   -1.740   -2.960   -567.30     46.70     26.80   3.030    143252.0
2022  2  3 15  5 00 000    2.140   -1.400   -2.980   -567.30     46.70     26.80   3.030    143252.0
2022  2  3 15  6 00 000    2.280   -1.640   -2.780   -561.40     48.00     23.80   2.970    139160.0
2022  2  3 15  7 00 000    1.950   -1.820   -3.010   -561.70     47.10     24.20   2.960    136383.0
2022  2  3 15  8 00 000    2.260   -1.820   -2.960   -565.00     36.10     29.50   2.820    100464.0
2022  2  3 15  9 00 000    2.080   -1.780   -2.950   -564.20     38.60     27.10   2.840    110273.0
2022  2  3 15 10 00 000    2.060   -1.620   -3.240   -563.60     40.60     25.30   2.850    117875.0
2022  2  3 15 11 00 000    2.160   -1.950   -3.030   -562.50     40.50     26.00   2.830    119772.0
2022  2  3 15 12 00 000    1.950   -1.740   -3.290   -561.10     40.40     26.90   2.810    122077.0
2022  2  3 15 13 00 000    2.000   -2.100   -3.000   -562.40     40.00     25.70   2.770    118683.0
2022  2  3 15 14 00 000    1.810   -2.230   -2.860   -563.20     39.80     24.90   2.750    116384.0
2022  2  3 15 15 00 000    1.790   -1.900   -2.820   -566.00     41.70     31.70   3.300    115240.0
2022  2  3 15 16 00 000    1.520   -2.100   -2.570   -566.10     41.80     31.90   3.340    114725.0
2022  2  3 15 17 00 000    1.610   -1.790   -2.510   -562.60     40.90     24.40   3.830     94884.0
2022  2  3 15 18 00 000    1.680   -1.440   -2.820   -563.80     36.90     20.40   4.000     89733.0
2022  2  3 15 19 00 000    1.820   -1.420   -2.830   -564.20     36.20     20.50   3.950     89571.0
2022  2  3 15 20 00 000    1.620   -1.690   -2.610   -565.30     34.90     27.90   3.250     92162.0
2022  2  3 15 21 00 000    1.090   -2.470   -2.610   -568.60     35.10     24.10   3.470     94038.0
2022  2  3 15 22 00 000    1.310   -2.710   -2.860   -569.70     35.10     22.90   3.540     94634.0
2022  2  3 15 23 00 000    1.320   -2.880   -2.980   -569.90     34.20     31.30   3.140     76718.0
2022  2  3 15 24 00 000    1.720   -2.700   -3.190   -569.40     33.80     29.50   3.120     72610.0
2022  2  3 15 25 00 000    1.720   -2.680   -3.090   -568.70     33.10     26.70   3.080     66124.0
2022  2  3 15 26 00 000    1.830   -2.510   -2.880   -564.50     36.20     28.40   2.880     68911.0
2022  2  3 15 27 00 000    1.810   -2.600   -2.950   -564.50     36.20     28.40   2.880     68913.0
2022  2  3 15 28 00 000    1.760   -2.640   -2.930   -562.20     41.10     25.50   2.710     78491.0
2022  2  3 15 29 00 000    1.670   -2.790   -2.940   -562.20     41.10     25.50   2.710     78495.0
2022  2  3 15 31 00 000    1.580   -2.710   -2.750   -563.00     42.20     25.20   2.890     85851.0
2022  2  3 15 32 00 000    1.540   -2.720   -2.760   -563.00     42.20     25.20   2.890     85851.0
2022  2  3 15 33 00 000    1.440   -2.790   -2.740   -562.20     48.60     25.50   2.760     87316.0
2022  2  3 15 34 00 000    1.410   -2.870   -2.800   -562.20     48.60     25.50   2.760     87316.0
2022  2  3 15 35 00 000    1.460   -2.810   -2.760   -562.50     45.30     25.50   2.760     87041.0
2022  2  3 15 36 00 000    1.520   -2.840   -2.790   -563.00     39.90     25.50   2.750     86582.0
2022  2  3 15 37 00 000    1.540   -2.770   -2.820   -563.00     39.90     25.50   2.750     86582.0
2022  2  3 15 38 00 000    1.500   -2.750   -2.770   -561.40     42.30     22.40   3.080     92588.0
2022  2  3 15 39 00 000    1.380   -2.850   -2.690   -561.40     42.30     22.40   3.080     92588.0
2022  2  3 15 43 00 000    1.370   -2.760   -2.670   -566.20     46.10     22.20   3.020    103995.0
2022  2  3 15 44 00 000    1.180   -2.920   -2.710   -566.20     46.10     22.20   3.020    103995.0
2022  2  3 15 46 00 000    1.150   -2.940   -2.690   -562.90     34.90     22.40   2.790     81842.0
2022  2  3 15 47 00 000    0.660   -2.800   -2.280   -562.20     34.10     21.60   2.910     82804.0
2022  2  3 15 48 00 000    0.800   -2.770   -2.200   -560.90     32.80     19.50   3.220     91395.0
2022  2  3 15 49 00 000    1.940   -2.190   -2.300   -566.30     32.70     22.90   3.000     79419.0
2022  2  3 15 50 00 000    2.220   -2.660   -2.230   -564.40     33.10     20.60   2.890     79808.0
2022  2  3 15 51 00 000    2.480   -2.440   -1.950   -558.90     34.40     15.00   2.700     87786.0
2022  2  3 15 52 00 000    2.030   -2.410   -1.910   -564.00     34.80     18.60   3.040     99559.0
2022  2  3 15 53 00 000    1.430   -2.730   -1.850   -573.60     30.60     16.70   2.950    103660.0
2022  2  3 15 54 00 000    1.180   -2.640   -1.960   -569.60     34.20     12.50   3.060     86724.0
2022  2  3 15 55 00 000    0.710   -2.630   -1.990   -569.10     34.50     12.30   3.070     85532.0
2022  2  3 15 56 00 000    0.380   -2.720   -2.060   -563.10     35.20     18.60   3.020     85669.0
2022  2  3 15 57 00 000    0.720   -2.560   -2.070   -563.10     35.20     18.60   3.020     85669.0
2022  2  3 15 58 00 000    0.990   -2.610   -1.940   -556.80     38.90     17.10   3.100     81608.0
2022  2  3 15 59 00 000    1.490   -2.710   -1.860   -556.60     38.40     17.10   3.070     82248.0
2022  2  3 16  0 00 000    1.940   -2.630   -2.040   -554.80     33.20     17.10   2.720     89215.0
2022  2  3 16  1 00 000    2.270   -2.420   -2.800   -546.90     21.00      8.70   2.240     77631.0
2022  2  3 16  2 00 000    2.190   -2.270   -2.960   -546.20     20.00      8.00   2.200     76675.0
2022  2  3 16  3 00 000    2.070   -2.530   -2.870   -543.60     45.40      3.10   2.340     84152.0
2022  2  3 16  4 00 000    1.670   -3.420   -2.210   -539.00     43.80      5.90   2.260     85470.0
2022  2  3 16  5 00 000    1.490   -3.620   -2.070   -545.70     35.90      3.90   2.190     82113.0
2022  2  3 16  6 00 000    1.560   -3.610   -1.960   -546.10     33.40      4.40   2.250     95353.0
2022  2  3 16  7 00 000    1.490   -3.650   -1.940   -546.50     27.50      4.30   2.190     85380.0
2022  2  3 16  8 00 000    1.610   -3.070   -2.210   -547.30     28.80      5.00   2.310     81878.0
2022  2  3 16  9 00 000    1.450   -3.130   -1.560   -548.70     41.70      7.80   2.830     86103.0
2022  2  3 16 10 00 000    1.410   -3.220   -1.650   -550.40     31.80     14.50   3.800     59490.0
2022  2  3 16 11 00 000    1.270   -3.200   -1.610   -549.00     33.00      9.00   3.240     70235.0
2022  2  3 16 12 00 000    1.030   -3.300   -1.330   -548.30     31.30      4.80   3.430     64548.0
2022  2  3 16 13 00 000    1.430   -3.240   -1.230   -547.70     29.60      1.20   3.650     58554.0
2022  2  3 16 14 00 000    1.510   -3.310   -1.090   -552.10     39.70      9.70   4.080     44104.0
2022  2  3 16 15 00 000    1.660   -3.330   -1.120   -552.10     39.70      9.70   4.080     44104.0
2022  2  3 16 16 00 000    1.340   -2.700   -0.430   -551.50     45.20      7.60   4.010     51620.0
2022  2  3 16 17 00 000    0.830   -2.620   -0.460   -551.50     45.20      7.60   4.010     51620.0
2022  2  3 16 18 00 000   -0.370    3.000   -0.760   -544.50     37.00     -0.60   5.770     43941.0
2022  2  3 16 19 00 000   -0.510    3.040   -1.180   -544.50     37.00     -0.60   5.770     43941.0
2022  2  3 16 20 00 000   -0.640    2.980   -0.950   -544.80     33.40     -2.20   5.170     53259.0
2022  2  3 16 21 00 000   -0.730    3.060   -0.750   -544.70     33.30     -2.20   5.170     53414.0
2022  2  3 16 22 00 000   -0.900    3.440   -0.610   -541.90     29.70     -0.70   5.290     58028.0
2022  2  3 16 23 00 000   -1.130    3.650   -0.410   -543.00     31.70      1.40   4.590     56561.0
2022  2  3 16 24 00 000   -1.110    3.640   -0.320   -544.20     33.80      3.60   3.870     55069.0
2022  2  3 16 25 00 000   -0.960    3.740   -0.050   -543.80     32.00      4.80   3.790     59935.0
2022  2  3 16 26 00 000   -1.170    3.500   -0.290   -544.00     31.70      4.80   3.810     59684.0
2022  2  3 16 27 00 000   -0.670    3.890   -0.370   -545.10     30.20      4.30   3.980     56539.0
2022  2  3 16 28 00 000   -0.510    4.060   -0.450   -544.80     33.30      2.50   3.430     55313.0
2022  2  3 16 29 00 000   -0.830    3.910   -0.260   -545.20     36.00      3.10   3.390     56949.0
2022  2  3 16 30 00 000   -0.720    3.890   -0.120   -545.30     37.30      3.30   3.390     57810.0
2022  2  3 16 31 00 000   -0.680    3.420   -0.010   -544.50     33.70      2.50   3.580     55877.0
2022  2  3 16 32 00 000   -0.560    3.570    0.050   -544.00     29.20      5.40   4.690     52282.0
2022  2  3 16 33 00 000   -0.740    3.730    0.120   -543.80     30.80      3.00   4.760     51718.0
2022  2  3 16 34 00 000   -0.690    3.740    0.230   -543.10     33.30      2.10   4.320     58643.0
2022  2  3 16 35 00 000   -0.720    3.780    0.150   -542.90     38.80      1.30   3.830     61548.0
2022  2  3 16 36 00 000   -0.710    3.900   -0.020   -543.40     44.10      0.60   3.850     52872.0
2022  2  3 16 37 00 000   -0.780    3.940   -0.270   -541.70     47.30      0.80   3.710     56166.0
2022  2  3 16 38 00 000    0.280    4.170    0.250   -540.80     47.30      2.70   3.610     59818.0
2022  2  3 16 39 00 000    0.190    4.080    0.210   -545.90     42.10     -2.10   3.110     53079.0
2022  2  3 16 40 00 000    0.250    3.950    0.110   -542.60     37.00      1.80   3.470     58117.0
2022  2  3 16 41 00 000   -0.240    3.890   -0.020   -542.40     36.60      2.10   3.500     58479.0
2022  2  3 16 42 00 000   -0.400    3.810   -0.190   -538.20     34.30     -0.50   3.780     56984.0
2022  2  3 16 43 00 000   -0.810    3.650   -0.320   -538.20     34.30     -0.50   3.780     56984.0
2022  2  3 16 44 00 000   -0.630    3.690   -0.360   -533.80     36.90      2.50   4.060     50772.0
2022  2  3 16 45 00 000   -0.810    3.710   -0.320   -532.60     39.40      1.90   4.050     49649.0
2022  2  3 16 49 00 000   -1.120    3.680   -0.250   -533.10     35.00     -1.40   3.870     72135.0
2022  2  3 16 50 00 000   -2.130    3.110   -0.550   -533.10     35.00     -1.40   3.870     72135.0
2022  2  3 16 51 00 000   -1.840    3.240   -0.570   -535.00     42.40      3.00   3.680     52013.0
2022  2  3 16 52 00 000   -1.200    3.480   -0.480   -535.00     42.40      3.00   3.680     51974.0
2022  2  3 16 53 00 000   -1.330    3.310   -0.690   -534.50     39.20      3.50   4.250     63628.0
2022  2  3 16 54 00 000   -0.890    3.480   -0.540   -534.50     39.20      3.50   4.250     63628.0
2022  2  3 16 55 00 000   -0.510    3.550   -0.510   -534.80     34.00      0.70   4.160     49279.0
2022  2  3 16 56 00 000   -0.720    3.260   -0.410   -534.80     34.00      0.70   4.160     49283.0
2022  2  3 16 57 00 000   -0.390    3.650   -0.300   -532.90     33.20      3.60   4.480     56724.0
2022  2  3 16 58 00 000   -0.350    2.580   -0.240   -532.90     33.20      3.60   4.480     56724.0
2022  2  3 16 59 00 000    0.340    2.200    0.980   -538.70     31.80      0.40   5.230     54088.0
2022  2  3 17  0 00 000   -0.030    2.300    0.780   -539.30     31.40     -1.00   5.460     50390.0
2022  2  3 17  1 00 000    0.230    2.600    1.000   -541.20     30.10     -5.10   6.180     39217.0
2022  2  3 17  2 00 000    0.450    2.990    0.940   -538.10     26.60      1.60   5.870     40490.0
2022  2  3 17  3 00 000    0.280    3.230    0.040   -538.10     26.60      1.60   5.870     40490.0
2022  2  3 17  4 00 000    0.010    3.400    0.700   -538.30     33.80      1.00   5.200     42872.0
2022  2  3 17  5 00 000   -0.130    3.530    0.590   -537.30     32.40      0.40   5.090     47523.0
2022  2  3 17  6 00 000    0.120    3.470    0.600   -535.90     30.30     -0.40   4.940     54414.0
2022  2  3 17  7 00 000    0.590    3.410    1.260   -534.70     35.20      2.00   4.080     51197.0
2022  2  3 17  8 00 000    0.810    3.740    1.250   -534.70     35.20      2.00   4.080     51197.0
2022  2  3 17  9 00 000    1.150    3.850    1.660   -534.70     35.20      2.00   4.080     51197.0
2022  2  3 17 10 00 000    1.500    3.710    1.790   -526.20     42.40      3.10   3.300     52829.0
2022  2  3 17 11 00 000    1.560    3.890    1.850   -530.10     42.20      1.00   2.920     50384.0
2022  2  3 17 12 00 000    1.580    2.290    1.920   -533.80     42.00     -0.90   2.570     48078.0
2022  2  3 17 13 00 000    2.420   -0.140    2.740   -528.90     50.00      1.80   6.470     33326.0
2022  2  3 17 14 00 000    1.870   -0.670    2.460   -528.40     47.80      5.60   5.800     33281.0
2022  2  3 17 15 00 000   -1.520    0.950    0.080   -537.20     48.20      8.20   5.700     32101.0
2022  2  3 17 16 00 000   -0.950   -0.150    0.670   -542.50     49.20      8.40   5.870     31423.0
2022  2  3 17 17 00 000   -1.070   -0.640    0.260   -542.70     41.60    -11.70   7.860     33810.0
2022  2  3 17 18 00 000    0.100   -1.330    0.180   -542.70     41.60    -11.70   7.860     33810.0
2022  2  3 17 19 00 000    0.640   -1.590    0.370   -542.70     41.60    -11.70   7.860     33810.0
2022  2  3 17 20 00 000    0.420   -1.000    0.420   -528.80     43.00    -13.80   8.810     41150.0
2022  2  3 17 21 00 000    0.710   -1.600    0.090   -528.80     43.00    -13.80   8.810     41150.0
2022  2  3 17 22 00 000    0.370   -2.340   -0.600   -531.90     39.30    -12.40   8.970     42322.0
2022  2  3 17 23 00 000   -0.660   -1.460   -1.510   -536.10     37.60    -12.00   8.730     40004.0
2022  2  3 17 24 00 000    0.380   -2.840   -0.640   -541.60     40.30    -13.60   7.780     31258.0
2022  2  3 17 25 00 000    0.170   -3.470   -0.320   -536.90     24.50     -2.40   7.600     34327.0
2022  2  3 17 26 00 000    0.300   -3.270   -0.180   -536.80     24.40     -2.60   7.650     33888.0
2022  2  3 17 27 00 000    1.090   -3.100    0.550   -536.70     24.30     -3.00   7.740     32986.0
2022  2  3 17 28 00 000    0.260   -2.990   -0.290   -530.60     28.40      4.60   7.450     32499.0
2022  2  3 17 29 00 000   -1.490   -2.570   -1.820   -533.70     29.00      1.70   7.400     33503.0
2022  2  3 17 30 00 000   -0.780   -3.410   -1.260   -542.50     29.90     -6.40   7.310     36137.0
2022  2  3 17 31 00 000   -0.370   -3.420   -1.370   -539.80     29.00     -6.80   7.190     31428.0
2022  2  3 17 32 00 000   -0.550   -3.320   -1.740   -538.10     28.40     -7.10   7.120     28489.0
2022  2  3 17 33 00 000   -0.590   -3.150   -2.200   -536.50     26.00     -8.40   6.820     29103.0
2022  2  3 17 34 00 000   -0.290   -3.700   -1.300   -536.40     25.20     -6.50   6.830     30121.0
2022  2  3 17 35 00 000    0.080   -4.170   -0.830   -537.40     24.70      0.20   7.120     32788.0
2022  2  3 17 38 00 000   -1.430   -3.800   -1.460   -547.10     26.40     -1.90   5.880     32704.0
2022  2  3 17 39 00 000   -1.430   -3.780   -1.490   -547.10     26.40     -1.90   5.880     32704.0
2022  2  3 17 40 00 000   -0.770   -4.060   -1.330   -547.10     26.40     -1.90   5.880     32704.0
2022  2  3 17 41 00 000   -0.220   -4.160   -1.310   -541.00     23.30     -7.30   6.780     31893.0
2022  2  3 17 42 00 000   -0.590   -4.090   -1.240   -540.70     23.70     -6.20   6.690     33196.0
2022  2  3 17 43 00 000   -0.710   -4.060   -0.740   -540.20     24.30     -4.40   6.540     35428.0
2022  2  3 17 44 00 000    0.220   -3.900   -1.220   -542.10     28.20     -3.10   7.880     34282.0
2022  2  3 17 45 00 000    0.560   -3.850   -1.360   -541.60     28.00     -3.10   7.840     33923.0
2022  2  3 17 46 00 000    0.560   -3.860   -1.450   -537.70     26.50     -3.00   7.480     31120.0
2022  2  3 17 47 00 000    0.290   -3.860   -1.270   -537.70     26.50     -3.00   7.480     31120.0
2022  2  3 17 48 00 000    0.140   -3.660   -1.130   -534.50     27.00     -8.20   8.040     29656.0
2022  2  3 17 49 00 000    0.360   -3.490   -0.950   -534.50     27.00     -8.20   8.040     29656.0
2022  2  3 17 50 00 000    0.460   -3.270   -0.810   -532.70     27.90    -10.70   9.760     30628.0
2022  2  3 17 51 00 000    0.230   -2.670   -0.570   -532.70     27.90    -10.70   9.760     30628.0
2022  2  3 17 52 00 000   -0.060   -2.480   -0.600   -530.30     32.00    -15.50  11.760     38025.0
2022  2  3 17 53 00 000    0.240   -2.550   -0.650   -530.30     32.00    -15.50  11.760     38018.0
2022  2  3 17 54 00 000    0.410   -2.950   -0.620   -528.00     30.30    -11.60  12.070     31131.0
2022  2  3 17 55 00 000    0.360   -3.080   -0.680   -527.30     29.90    -11.20  12.000     30214.0
2022  2  3 17 56 00 000   -0.180   -3.240   -0.820   -526.30     29.50    -11.50  11.660     30234.0
2022  2  3 17 57 00 000   -0.710   -3.720   -0.990   -528.40     31.20     -9.30  11.320     30939.0
2022  2  3 17 58 00 000    0.880   -4.210   -0.360   -527.30     29.10     -8.30  10.580     31218.0
2022  2  3 17 59 00 000    1.320   -4.360   -0.240   -526.90     28.50     -8.00  10.350     31300.0
2022  2  3 18  0 00 000    1.610   -4.290   -0.180   -530.40     29.20     -7.90   8.230     33071.0
2022  2  3 18  1 00 000    0.660   -4.650   -0.370   -530.50     29.00     -8.00   8.230     33212.0
2022  2  3 18  2 00 000    0.460   -4.780   -0.470   -532.90     25.20    -10.60   8.330     35990.0
2022  2  3 18  3 00 000    1.090   -4.480   -0.180   -531.80     26.30     -9.50   8.710     35083.0
2022  2  3 18  4 00 000    1.500   -4.430    0.070   -530.30     27.80     -8.00   9.220     33839.0
2022  2  3 18  5 00 000    0.980   -4.370   -0.070   -528.10     28.10     -6.90   9.810     31697.0
2022  2  3 18  6 00 000    0.840   -4.230   -0.010   -527.60     28.10     -6.70   9.960     31264.0
2022  2  3 18  7 00 000    0.830   -4.040    0.190   -528.70     26.70     -7.60  10.390     32168.0
2022  2  3 18  8 00 000    1.630   -4.100    0.590   -529.70     27.80     -7.50  10.260     38582.0
2022  2  3 18  9 00 000    1.760   -3.740    0.820   -529.70     28.50     -7.20  10.280     40097.0
2022  2  3 18 10 00 000    2.060   -3.220    1.270   -527.60     29.90     -4.60  10.960     33269.0
2022  2  3 18 11 00 000    1.270   -3.590    1.280   -527.60     29.90     -4.60  10.960     33269.0
2022  2  3 18 13 00 000    1.380   -3.280    1.420   -533.60     23.90     -5.80  11.600     32283.0
2022  2  3 18 14 00 000    1.360   -3.250    1.640   -533.60     23.90     -5.80  11.600     32283.0
2022  2  3 18 15 00 000   -2.360   -1.690   -1.030   -534.40     19.90    -11.00   8.790     45920.0
2022  2  3 18 16 00 000   -1.060    0.900   -0.850   -534.40     25.30     -9.70  10.690     44899.0
2022  2  3 18 17 00 000   -3.540   -0.860   -2.360   -534.20     30.10     -5.90  12.160     43550.0
2022  2  3 18 18 00 000    0.130   -3.600   -0.130   -530.50     21.20      3.60   8.030     54746.0
2022  2  3 18 19 00 000    2.440   -3.750    1.800   -523.30     20.10     11.60   7.120     85377.0
2022  2  3 18 20 00 000    2.140   -2.600    1.650   -534.30     12.70      6.80   4.850    116862.0
2022  2  3 18 21 00 000    0.500    0.360    1.210   -535.00     15.80      5.70   4.880    117911.0
2022  2  3 18 22 00 000   -1.810    2.580   -0.670   -538.90     31.50      0.00   5.010    123305.0
2022  2  3 18 23 00 000   -2.050    2.410   -1.190   -538.90     31.60      0.00   5.010    123331.0
2022  2  3 18 24 00 000   -2.380    2.220   -1.290   -543.80     26.90    -10.40   5.440    125967.0
2022  2  3 18 25 00 000   -2.850    2.130   -1.430   -543.80     26.90    -10.40   5.440    125967.0
2022  2  3 18 26 00 000   -2.750    1.110   -2.490   -538.50     26.80     -7.80   5.620    127976.0
2022  2  3 18 27 00 000   -2.460    1.590   -2.320   -537.40     26.80     -7.30   5.660    128408.0
2022  2  3 18 28 00 000   -2.260    1.320   -2.560   -537.90     27.30     -7.40   5.670    126583.0
2022  2  3 18 29 00 000   -4.070   -0.780   -0.640   -545.00     33.60    -11.10   5.780    103991.0
2022  2  3 18 30 00 000   -2.630   -1.820    0.280   -544.60     30.50    -18.50   5.620    112305.0
2022  2  3 18 31 00 000   -1.710   -2.420    0.600   -539.20     36.90    -15.00   5.810    127988.0
2022  2  3 18 32 00 000   -0.860   -2.490    0.780   -539.00     37.10    -14.80   5.820    128408.0
2022  2  3 18 33 00 000   -0.660   -3.080    0.690   -540.20     30.10     -9.00   4.870    135528.0
2022  2  3 18 34 00 000   -0.850   -2.480    1.000   -540.20     30.10     -9.00   4.870    135528.0
2022  2  3 18 35 00 000   -1.130   -1.800    1.740   -542.60     25.70     -8.30   5.170    132283.0
2022  2  3 18 36 00 000   -0.570   -1.880    1.620   -542.60     25.70     -8.30   5.170    132283.0
2022  2  3 18 37 00 000   -0.410   -1.080    1.720   -542.50     25.70     -8.30   5.200    132760.0
2022  2  3 18 38 00 000   -0.660   -1.640    1.050   -541.90     25.20     -8.50   5.550    138175.0
2022  2  3 18 39 00 000   -1.170   -1.270    0.260   -541.40     25.10     -8.40   5.510    132218.0
2022  2  3 18 40 00 000   -1.830    0.730   -0.740   -540.00     23.50     -4.70   5.450    114200.0
2022  2  3 18 41 00 000   -1.410    0.220   -0.630   -540.60     21.70     -1.20   6.090    113781.0
2022  2  3 18 42 00 000   -1.390    0.090   -0.480   -536.20     26.90    -19.40   6.390    114246.0
2022  2  3 18 43 00 000   -1.030    0.760   -0.120   -540.80     35.70    -15.70   5.410    130630.0
2022  2  3 18 44 00 000   -0.800    0.630   -0.490   -541.80     36.50    -13.60   5.250    133833.0
2022  2  3 18 45 00 000   -0.880    0.010   -0.790   -541.50     33.70    -10.90   5.380    132736.0
2022  2  3 18 46 00 000   -1.160   -0.860   -1.190   -541.50     33.70    -10.90   5.380    132736.0
2022  2  3 18 47 00 000   -0.920   -0.910   -0.660   -540.50     46.10    -13.10   5.550    138233.0
2022  2  3 18 48 00 000   -0.620   -1.280   -0.180   -540.50     46.10    -13.00   5.540    138180.0
2022  2  3 18 49 00 000   -0.030   -2.850   -1.070   -538.40     44.80     -8.90   5.050    135814.0
2022  2  3 18 50 00 000    0.010   -3.460   -1.490   -538.40     44.80     -8.90   5.050    135814.0
2022  2  3 18 51 00 000   -0.030   -3.430   -1.050   -536.30     34.00     -9.10   3.670    117661.0
2022  2  3 18 52 00 000   -0.470   -2.850   -1.610   -536.30     34.00     -9.10   3.670    117661.0
2022  2  3 18 54 00 000   -0.270   -2.880   -1.600   -540.00     28.20    -14.80   4.050    142487.0
2022  2  3 18 55 00 000    0.070   -3.260   -0.600   -540.00     28.20    -14.80   4.050    142487.0
2022  2  3 18 56 00 000    0.310   -2.440   -0.460   -539.20     33.80     -5.00   4.470    137078.0
2022  2  3 18 57 00 000   -0.090   -2.550   -0.070   -539.20     33.80     -5.00   4.470    137078.0
2022  2  3 18 58 00 000   -0.440   -2.910   -2.130   -536.50     21.00     -8.40   3.550    136906.0
2022  2  3 18 59 00 000   -0.360   -3.720   -1.260   -536.50     21.00     -8.40   3.550    136906.0
2022  2  3 19  0 00 000   -0.360   -3.420   -1.540   -538.20     16.10     -9.10   3.820    128550.0
2022  2  3 19  1 00 000   -0.350   -1.750   -1.220   -542.30      4.50    -10.70   4.460    109021.0
2022  2  3 19  2 00 000   -0.230   -1.770   -1.120   -542.30      4.50    -10.70   4.460    109021.0
2022  2  3 19  4 00 000   -0.150   -1.990   -0.270   -538.70     -2.50      5.50   5.520    103594.0
2022  2  3 19  5 00 000   -0.150   -1.020    0.140   -538.70      0.10     -0.10   6.040     93654.0
2022  2  3 19  6 00 000   -0.770   -1.280    0.960   -540.50      1.90     -6.60   6.560     79278.0
2022  2  3 19  7 00 000   -0.680   -2.250   -0.920   -546.80     -4.30     -4.10   6.010     72638.0
2022  2  3 19  8 00 000   -0.960   -3.170   -1.630   -543.30      1.40     -4.70   5.050     75216.0
2022  2  3 19  9 00 000   -0.870   -3.120   -1.610   -543.00      1.90     -4.80   4.980     75431.0
2022  2  3 19 10 00 000   -1.230   -3.390   -1.340   -542.50      0.40     -5.40   5.940     76761.0
2022  2  3 19 11 00 000   -1.600   -3.300   -1.410   -542.50      0.40     -5.40   5.940     76761.0
2022  2  3 19 12 00 000   -1.960   -2.190   -0.520   -542.90      4.70      3.10   5.850     72177.0
2022  2  3 19 13 00 000   -1.780   -1.790   -0.320   -542.90      5.10      3.10   5.950     71213.0
2022  2  3 19 14 00 000   -1.910   -2.130   -0.290   -542.90      7.50      3.00   6.620     64811.0
2022  2  3 19 15 00 000   -2.360   -2.000   -0.730   -544.90      7.30      3.90   6.310     64082.0
2022  2  3 19 16 00 000   -2.720   -2.730   -0.670   -545.60      6.80     -2.10   6.260     62271.0
2022  2  3 19 17 00 000   -2.400   -2.920   -0.560   -546.00      6.40     -6.00   6.240     61103.0
2022  2  3 19 18 00 000   -2.670   -2.630   -1.120   -542.50      2.90     -4.50   5.520     75346.0
2022  2  3 19 19 00 000   -2.490   -2.700   -1.100   -542.90      2.50     -4.90   5.520     74241.0
2022  2  3 19 20 00 000   -2.900   -2.780   -0.900   -548.80     -4.10    -10.70   5.580     56428.0
2022  2  3 19 21 00 000   -2.070   -3.150   -0.780   -544.50      2.90    -14.80   5.560     72216.0
2022  2  3 19 22 00 000   -2.330   -3.000   -1.380   -543.30      4.90    -16.00   5.560     76848.0
2022  2  3 19 23 00 000   -2.570   -2.980   -1.390   -547.60     -4.30     -8.60   5.080     88562.0
2022  2  3 19 24 00 000   -2.550   -2.860   -0.790   -547.40     -3.40     -8.50   5.070     88438.0
2022  2  3 19 25 00 000   -1.280   -1.940   -0.420   -545.40      5.00     -7.20   4.990     87316.0
2022  2  3 19 26 00 000   -1.600   -2.050    0.060   -542.60      9.00     -7.50   5.550     98576.0
2022  2  3 19 27 00 000   -2.310   -2.740   -0.420   -541.10     11.10     -7.70   5.860    104699.0
2022  2  3 19 28 00 000   -1.790   -2.270   -0.340   -544.60      8.10     -1.50   5.100     77290.0
2022  2  3 19 29 00 000   -1.320   -1.260   -1.540   -543.40      9.30     -4.60   5.420     78689.0
2022  2  3 19 30 00 000   -1.180   -1.170   -1.010   -538.20     15.20    -17.10   6.680     92329.0
2022  2  3 19 31 00 000   -1.330   -1.190   -0.740   -537.10     18.00    -18.00   6.700     97778.0
2022  2  3 19 32 00 000   -1.220   -1.550   -1.220   -537.10     20.10    -18.80   6.900     87132.0
2022  2  3 19 33 00 000   -1.220   -1.690   -0.970   -537.10     20.10    -18.80   6.900     87132.0
2022  2  3 19 34 00 000   -0.710   -1.890   -1.000   -532.10     14.70    -18.10   6.650     90003.0
2022  2  3 19 35 00 000   -0.870   -2.030   -0.950   -532.10     14.70    -18.10   6.650     90317.0
2022  2  3 19 36 00 000   -0.680   -2.180   -0.720   -532.40     16.80    -19.50   6.660    107894.0
2022  2  3 19 37 00 000   -0.900   -2.220   -0.550   -532.10     16.10    -19.30   6.640    106482.0
2022  2  3 19 38 00 000   -1.170   -1.550   -0.310   -530.50     12.60    -18.40   6.500     98795.0
2022  2  3 19 39 00 000   -0.570   -2.490   -0.710   -531.60     15.70    -16.20   6.530    104828.0
2022  2  3 19 40 00 000   -0.650   -2.080   -0.100   -532.20     17.30    -15.10   6.550    108047.0
2022  2  3 19 41 00 000   -0.320   -1.980   -0.110   -531.70     17.00    -13.30   6.420    114787.0
2022  2  3 19 42 00 000   -0.440   -2.680    0.070   -531.60     17.00    -13.10   6.410    115536.0
2022  2  3 19 43 00 000   -0.450   -2.150    0.200   -532.50     18.30    -13.60   6.250    104273.0
2022  2  3 19 44 00 000   -1.120   -2.230    0.270   -532.60     18.50    -13.70   6.220    102346.0
2022  2  3 19 45 00 000   -0.970   -2.160    0.220   -531.80     17.30     -5.90   6.360    108816.0
2022  2  3 19 46 00 000   -1.060   -2.290    0.470   -531.80     17.30     -5.90   6.360    108816.0
2022  2  3 19 47 00 000   -0.910   -2.580    0.230   -529.90     11.10     -8.10   6.360     85843.0
2022  2  3 19 48 00 000   -1.020   -2.240    0.370   -529.90     11.00     -8.10   6.360     85623.0
2022  2  3 19 49 00 000   -1.320   -1.910    0.490   -528.70     15.60     -4.80   6.420    110102.0
2022  2  3 19 50 00 000   -1.450   -1.510    1.030   -529.70     16.00     -3.40   6.400    114664.0
2022  2  3 19 51 00 000   -1.140   -1.750    1.520   -532.10     16.90      0.00   6.340    125636.0
2022  2  3 19 52 00 000   -1.720   -2.130    1.340   -530.30     17.10     -7.10   5.780     81565.0
2022  2  3 19 53 00 000   -1.840   -2.350    1.140   -530.30     17.10     -7.20   5.780     81221.0
2022  2  3 19 54 00 000   -1.180   -2.500    0.510   -526.30     11.70    -11.30   5.730     79764.0
2022  2  3 19 55 00 000   -1.350   -2.560    1.180   -526.30     11.70    -11.30   5.730     79764.0
2022  2  3 19 56 00 000   -1.580   -2.660    1.090   -527.10     12.50     -6.20   5.720     80390.0
2022  2  3 19 57 00 000   -0.940   -2.320    1.270   -527.20     12.60     -5.50   5.720     80469.0
2022  2  3 19 58 00 000    0.170   -1.230    2.070   -522.50     15.90    -14.10   6.510    101057.0
2022  2  3 19 59 00 000   -1.050   -2.250    0.940   -523.20     16.00    -13.80   6.450     98382.0
2022  2  3 20  0 00 000   -2.400   -2.730   -0.730   -527.70     16.30    -11.90   6.110     81676.0
2022  2  3 20  1 00 000   -2.770   -2.230   -1.470   -533.50      9.90     -8.30   5.810     58928.0
2022  2  3 20  2 00 000   -2.700   -2.220   -0.880   -533.70      9.70     -8.20   5.800     58007.0
2022  2  3 20  3 00 000   -2.380   -2.480   -1.130   -531.80     12.60     -8.50   5.720     57207.0
2022  2  3 20  4 00 000   -2.790   -2.250   -0.550   -531.80     12.60     -8.50   5.720     57207.0
2022  2  3 20  6 00 000   -2.420   -2.260   -0.830   -532.40     11.50     -8.90   5.930     59613.0
2022  2  3 20  7 00 000   -2.580   -2.200   -0.570   -532.40     11.50     -8.90   5.930     59613.0
2022  2  3 20  8 00 000   -2.560   -2.100   -0.390   -532.40     11.50     -8.90   5.930     59613.0
2022  2  3 20  9 00 000   -2.360   -2.500   -0.380   -531.50      9.70     -8.40   5.700     58516.0
2022  2  3 20 10 00 000   -2.450   -2.460   -0.200   -531.50      9.70     -8.40   5.700     58516.0
2022  2  3 20 11 00 000   -2.950   -2.300   -0.330   -531.50      9.70     -8.40   5.700     58570.0
2022  2  3 20 12 00 000   -3.090   -2.010   -0.530   -533.10      9.70     -6.70   6.260     69650.0
2022  2  3 20 13 00 000   -3.340   -1.810   -0.340   -534.10      8.90     -7.80   6.410     78193.0
2022  2  3 20 14 00 000   -3.300   -1.820   -0.050   -536.40      7.10     -8.30   6.580     90163.0
2022  2  3 20 15 00 000   -3.160   -2.060    0.190   -536.70      6.50     -5.70   6.520     83561.0
2022  2  3 20 16 00 000   -3.290   -1.750    0.440   -534.10      7.90    -10.50   6.330     95141.0
2022  2  3 20 17 00 000   -3.130   -2.080    0.490   -533.90      7.50     -7.90   5.940     89884.0
2022  2  3 20 18 00 000   -2.740   -2.520    0.650   -536.10      5.50     -1.70   6.020     75989.0
2022  2  3 20 19 00 000   -2.840   -2.470    0.590   -535.50      1.10      3.90   5.720     66044.0
2022  2  3 20 20 00 000   -3.060   -2.180    0.430   -535.50      1.10      3.90   5.720     66105.0
2022  2  3 20 21 00 000   -2.810   -2.320    0.550   -533.50      4.10     -6.90   6.380     79676.0
2022  2  3 20 22 00 000   -2.910   -2.190    0.820   -532.90      4.70     -5.70   6.510     79272.0
2022  2  3 20 23 00 000   -2.900   -2.210    1.200   -532.70      4.90     -5.20   6.560     79106.0
2022  2  3 20 24 00 000   -2.720   -2.300    1.340   -532.00      6.60      0.70   6.400     75602.0
2022  2  3 20 25 00 000   -2.930   -2.170    0.910   -533.20      6.10     -1.30   6.490     76624.0
2022  2  3 20 26 00 000   -2.980   -1.760    1.110   -533.40      5.50     -3.70   6.610     85231.0
2022  2  3 20 27 00 000   -2.800   -2.090    1.120   -533.10      5.20     -5.20   6.700     93062.0
2022  2  3 20 28 00 000   -2.750   -2.290    1.220   -533.60      7.40     -1.20   6.440     76202.0
2022  2  3 20 29 00 000   -2.700   -2.150    1.500   -533.60      7.40     -1.20   6.440     76202.0
2022  2  3 20 30 00 000   -2.900   -1.890    1.370   -533.20      8.40     -4.20   6.640     81111.0
2022  2  3 20 31 00 000   -2.930   -1.940    1.280   -533.60      9.00     -3.10   6.460     87378.0
2022  2  3 20 32 00 000   -3.200   -1.440    1.330   -533.70      9.60     -3.00   6.430     91654.0
2022  2  3 20 33 00 000   -3.700   -0.700    0.820   -534.30     13.90     -8.40   7.310     93632.0
2022  2  3 20 34 00 000   -2.110   -0.170    0.610   -534.30     13.90     -8.40   7.310     93632.0
2022  2  3 20 35 00 000    0.150   -0.950    0.280   -534.30     13.90     -8.40   7.310     93632.0
2022  2  3 20 37 00 000    2.550   -0.010   -1.030   -514.10     16.50     -6.90   6.780     95353.0
2022  2  3 20 38 00 000    2.550    0.220   -1.250   -514.60     16.50     -6.70   6.760     93537.0
2022  2  3 20 39 00 000    2.220   -0.650   -1.220   -521.10     16.90     -4.50   6.450     71927.0
2022  2  3 20 40 00 000    1.650   -0.300   -0.760   -521.10     16.90     -4.50   6.450     71927.0
2022  2  3 20 41 00 000    1.200    0.380    0.000   -528.70     16.50      1.90   7.350    101431.0
2022  2  3 20 42 00 000    0.240   -0.300    0.990   -528.20     15.60     -2.50   7.120     94182.0
2022  2  3 20 43 00 000   -0.880    0.100    1.180   -526.80     14.90     -5.60   7.010     90112.0
2022  2  3 20 44 00 000   -1.000   -1.480    0.820   -522.50     14.50     -6.80   7.150     92068.0
2022  2  3 20 45 00 000   -0.330   -1.150    0.280   -525.00     18.00     -6.30   7.390    100278.0
2022  2  3 20 46 00 000    0.250   -0.590   -0.260   -526.70     20.40     -5.90   7.530    104329.0
2022  2  3 20 47 00 000    0.150   -1.630   -0.770   -526.80     20.00     -4.90   7.350     90643.0
2022  2  3 20 48 00 000    0.210   -1.490   -0.770   -526.00     17.20     -5.80   6.950     78465.0
2022  2  3 20 49 00 000   -0.700   -0.460   -0.190   -526.20     20.00     -5.40   7.080     94004.0
2022  2  3 20 50 00 000    0.070    0.110   -0.190   -526.10     20.00     -5.70   7.080     94927.0
2022  2  3 20 51 00 000   -0.350    0.030    0.050   -525.40     18.80     -8.20   6.990     96848.0
2022  2  3 20 52 00 000    0.420    0.320   -0.490   -525.40     18.80     -8.20   6.990     96848.0
2022  2  3 20 53 00 000    0.420    0.120    0.190   -518.70     19.10     -9.80   7.130     92304.0
2022  2  3 20 54 00 000    0.520    0.120    0.380   -518.70     19.10     -9.80   7.130     92304.0
2022  2  3 20 55 00 000    0.300    0.210    1.400   -518.50     19.10     -9.60   7.140     91648.0
2022  2  3 20 56 00 000   -0.980   -0.640    0.470   -516.60     19.20     -7.80   7.230     84489.0
2022  2  3 20 57 00 000   -1.340   -0.790    0.130   -519.70     18.30     -7.10   6.890     86443.0
2022  2  3 20 58 00 000   -1.050   -0.440    0.090   -520.80     17.90     -6.90   6.770     87178.0
2022  2  3 20 59 00 000   -0.860    0.740    0.250   -514.20     19.70    -10.70   7.350     94826.0
2022  2  3 21  0 00 000   -1.590    0.540   -0.370   -514.20     19.70    -10.70   7.350     94826.0
2022  2  3 21  1 00 000   -2.220   -0.490   -0.690   -516.40     20.30     -9.10   7.320    105657.0
2022  2  3 21  2 00 000   -2.830   -1.570   -0.510   -522.60     18.40     -7.20   6.140    103952.0
2022  2  3 21  3 00 000   -2.990   -1.600   -0.670   -525.40     17.50     -6.40   5.620    103194.0
2022  2  3 21  4 00 000   -2.830   -1.470   -0.680   -521.40     16.10     -5.00   5.650    101106.0
2022  2  3 21  5 00 000   -2.860   -1.490   -0.690   -521.40     16.10     -5.00   5.650    101106.0
2022  2  3 21  6 00 000   -1.930   -1.240   -0.420   -523.10     13.90     -0.30   5.450    105506.0
2022  2  3 21  7 00 000   -1.240   -0.530   -0.350   -524.70     15.70     -5.70   6.500    119369.0
2022  2  3 21  8 00 000   -1.870   -1.100   -0.500   -527.60     14.50    -10.10   6.700    119191.0
2022  2  3 21  9 00 000   -1.780   -1.260   -0.260   -531.40     10.30    -12.60   5.910    103344.0
2022  2  3 21 10 00 000   -1.850   -0.910   -0.540   -530.50     11.30    -10.30   5.920    104731.0
2022  2  3 21 11 00 000   -2.030   -1.120   -0.550   -530.50     11.40    -10.20   5.920    104800.0
2022  2  3 21 12 00 000   -1.930   -1.110   -0.460   -528.90     13.00    -13.40   5.640    104598.0
2022  2  3 21 13 00 000   -2.240   -1.330   -0.390   -528.90     13.00    -13.40   5.640    104598.0
2022  2  3 21 14 00 000   -2.720   -1.200    0.010   -529.30     10.60    -12.40   5.450     86445.0
2022  2  3 21 15 00 000   -2.360   -0.460    0.180   -527.00     13.90    -12.20   5.730     92082.0
2022  2  3 21 16 00 000   -2.910    0.000    0.280   -519.90     24.10    -11.60   6.600    110071.0
2022  2  3 21 17 00 000   -2.550   -0.090    0.400   -521.40     25.60    -13.70   6.570    117790.0
2022  2  3 21 18 00 000   -2.380    0.000    0.010   -521.40     25.60    -13.70   6.570    117875.0
2022  2  3 21 19 00 000   -2.520    0.050    0.210   -517.70     23.00    -10.80   6.900    105203.0
2022  2  3 21 20 00 000   -2.490    0.080    0.060   -517.70     23.00    -10.80   6.900    105203.0
2022  2  3 21 21 00 000   -2.890   -0.180    0.070   -517.10     19.40    -10.20   6.670    114639.0
2022  2  3 21 22 00 000   -2.630   -0.380    0.220   -517.10     19.40    -10.20   6.670    114639.0
2022  2  3 21 23 00 000   -2.240   -0.080    0.010   -517.00     20.80    -18.40   7.280    112229.0
2022  2  3 21 24 00 000   -1.650   -0.330    0.300   -515.70     22.30    -16.40   7.210    112118.0
2022  2  3 21 25 00 000   -1.850    0.000   -0.650   -515.30     24.10    -14.40   7.170    112219.0
2022  2  3 21 26 00 000   -2.590   -0.710   -0.510   -518.10     26.30    -13.40   7.000    105773.0
2022  2  3 21 27 00 000   -3.260   -1.090   -0.490   -519.80     28.50    -12.30   6.300     84534.0
2022  2  3 21 29 00 000   -3.320   -0.840   -0.630   -519.60     24.80    -16.40   6.430     99039.0
2022  2  3 21 30 00 000   -2.820   -0.720   -0.490   -519.60     24.80    -16.40   6.430     99039.0
2022  2  3 21 32 00 000   -2.270   -0.420   -0.190   -515.30     21.10    -15.20   7.420    125581.0
2022  2  3 21 33 00 000   -2.070   -0.680   -0.240   -514.70     22.50    -14.20   7.270    113399.0
2022  2  3 21 34 00 000   -1.140   -0.580    0.390   -514.40     24.90    -12.70   7.080    107127.0
2022  2  3 21 35 00 000   -0.900   -0.840    0.060   -511.10     30.10    -12.70   6.990     97042.0
2022  2  3 21 36 00 000   -0.950   -0.640    0.710   -511.10     30.10    -12.70   6.990     97042.0
2022  2  3 21 37 00 000   -1.320   -0.920    0.350   -514.20     27.50    -14.40   7.110     96268.0
2022  2  3 21 38 00 000   -1.230   -1.000   -0.160   -514.20     27.50    -14.40   7.110     96268.0
2022  2  3 21 39 00 000   -1.170   -1.040    0.130   -514.30     23.10    -16.80   6.900     86857.0
2022  2  3 21 40 00 000   -1.670   -0.950    0.510   -514.40     24.00    -17.40   6.950     89357.0
2022  2  3 21 41 00 000   -1.790   -1.150    0.460   -514.60     27.50    -19.90   7.150     99711.0
2022  2  3 21 42 00 000   -1.610   -1.380    0.360   -514.70     21.60    -18.30   7.360     97476.0
2022  2  3 21 43 00 000   -1.210   -0.880    0.290   -514.70     20.90    -18.10   7.380     97042.0
2022  2  3 21 44 00 000   -1.730   -1.780   -0.320   -515.20     21.70    -20.60   7.680     94347.0
2022  2  3 21 45 00 000   -1.200   -0.800    1.370   -515.50     23.50    -20.20   7.830     92967.0
2022  2  3 21 46 00 000   -2.060   -1.250    0.480   -516.30     27.70    -18.70   8.140     90143.0
2022  2  3 21 47 00 000   -1.690   -1.840   -2.220   -525.20      6.80    -26.50   6.620     67686.0
2022  2  3 21 48 00 000   -1.380   -1.650   -2.550   -525.50      6.10    -26.80   6.570     66887.0
2022  2  3 21 49 00 000   -1.020   -1.220   -2.180   -523.30      4.80    -30.50   7.220     76417.0
2022  2  3 21 50 00 000   -0.700   -1.250   -2.080   -523.30      4.80    -30.50   7.220     76417.0
2022  2  3 21 51 00 000   -1.410   -1.670   -1.410   -523.80      2.20    -27.70   7.400     88608.0
2022  2  3 21 52 00 000    0.180   -0.770   -2.170   -523.80      2.20    -27.70   7.400     88684.0
2022  2  3 21 53 00 000   -1.100   -1.130   -1.610   -523.50      1.20    -23.10   8.240    103596.0
2022  2  3 21 54 00 000   -0.960   -1.660   -1.650   -528.50      2.50    -25.60   7.700     81932.0
2022  2  3 21 55 00 000   -0.960   -2.300   -1.700   -529.60      2.80    -26.20   7.570     76977.0
2022  2  3 21 56 00 000   -0.680   -2.040   -1.990   -529.00     -1.00    -19.40   7.820     68806.0
2022  2  3 21 57 00 000   -0.940   -1.290   -2.130   -527.80      0.70    -20.20   7.590     69178.0
2022  2  3 21 58 00 000   -0.610   -1.390   -2.760   -528.60      3.90    -21.30   7.740     69661.0
2022  2  3 21 59 00 000   -0.450   -0.790   -2.290   -526.80      4.60    -21.50   8.260     74642.0
2022  2  3 22  0 00 000   -0.470   -0.940   -1.730   -530.50      4.10    -21.00   8.180     75908.0
2022  2  3 22  1 00 000   -1.000   -1.070   -1.260   -531.00      4.20    -20.80   8.160     75421.0
2022  2  3 22  2 00 000   -0.380   -1.110   -1.370   -531.10      7.50    -18.90   8.050     77886.0
2022  2  3 22  3 00 000   -0.890   -0.410   -0.860   -531.10      7.90    -18.70   8.050     77976.0
2022  2  3 22  4 00 000   -0.540    0.420   -0.870   -531.20     11.60    -17.10   8.080     78932.0
2022  2  3 22  5 00 000   -0.690    0.880   -1.420   -530.70     14.70    -21.00   7.990     76400.0
2022  2  3 22  6 00 000   -0.460    1.560   -1.310   -529.80     20.90    -28.80   7.800     71421.0
2022  2  3 22  7 00 000   -0.300    2.330   -0.530   -529.90     32.40    -16.20   9.200     84367.0
2022  2  3 22  8 00 000   -0.900    2.140    0.460   -530.90     30.20    -15.00   8.550     80389.0
2022  2  3 22  9 00 000   -1.010    2.160    0.040   -531.50     27.80    -15.30   8.000     76632.0
2022  2  3 22 10 00 000   -0.460    1.730   -0.210   -528.90     24.30    -18.00   8.530     83767.0
2022  2  3 22 11 00 000   -0.620    1.830    0.210   -528.90     24.30    -18.00   8.530     83767.0
2022  2  3 22 12 00 000   -0.510    2.060    0.440   -529.20     28.00    -20.40   8.370     76848.0
2022  2  3 22 13 00 000   -0.720    2.090    0.130   -529.20     28.00    -20.40   8.370     76848.0
2022  2  3 22 14 00 000   -0.890    2.140    0.410   -529.10     24.60    -19.70   8.270     83857.0
2022  2  3 22 15 00 000   -0.720    2.130    0.540   -529.10     24.60    -19.70   8.270     83795.0
2022  2  3 22 16 00 000   -0.520    1.840    1.310   -525.60     24.20    -17.90   8.310     72470.0
2022  2  3 22 17 00 000    0.180    1.850    1.750   -524.90     24.70    -15.60   8.390     73305.0
2022  2  3 22 18 00 000    0.080    1.380    2.230   -523.80     25.70    -11.50   8.530     74749.0
2022  2  3 22 19 00 000    0.380    1.110    2.320   -521.60     24.30     -9.10   8.560     70363.0
2022  2  3 22 20 00 000    0.140    0.710    2.490   -521.20     24.10     -8.70   8.560     69650.0
2022  2  3 22 21 00 000    0.420    0.340    2.540   -521.20     19.40     -8.50   8.370     68044.0
2022  2  3 22 22 00 000   -0.190    0.950    2.370   -521.20     19.30     -8.50   8.360     68090.0
2022  2  3 22 23 00 000   -0.770    1.250    2.330   -522.20     20.00     -7.40   8.050     71136.0
2022  2  3 22 24 00 000   -1.000    1.410    2.150   -522.30     19.80     -7.50   8.030     72121.0
2022  2  3 22 25 00 000   -0.870    1.650    2.010   -522.40     19.40     -7.70   8.000     73647.0
2022  2  3 22 26 00 000   -0.430    1.330    2.240   -522.10     16.80     -8.00   8.100     72117.0
2022  2  3 22 27 00 000   -1.430    0.730    2.130   -522.10     16.50     -8.00   8.110     71976.0
2022  2  3 22 28 00 000   -1.280    0.950    2.150   -525.50     18.10     -4.90   7.970     88469.0
2022  2  3 22 29 00 000   -1.040    0.610    2.200   -525.30     18.40     -5.50   7.950     87632.0
2022  2  3 22 30 00 000   -1.150    1.150    1.830   -523.90     20.40    -10.70   7.790     80822.0
2022  2  3 22 31 00 000   -1.090    0.600    2.090   -523.80     20.30    -10.80   7.810     82053.0
2022  2  3 22 32 00 000   -0.500    1.030    2.150   -523.30     19.80    -12.00   7.960     92730.0
2022  2  3 22 33 00 000   -0.620    0.550    2.160   -523.30     17.30    -12.20   8.060     86148.0
2022  2  3 22 34 00 000    0.080    0.900    1.700   -523.30     16.50    -12.30   8.090     84038.0
2022  2  3 22 35 00 000   -0.140    0.480    1.480   -518.50     17.20    -14.70   7.710     78713.0
2022  2  3 22 36 00 000   -1.240   -0.420    1.190   -519.90     17.20    -14.40   7.910     81167.0
2022  2  3 22 37 00 000   -1.480   -0.060    1.010   -524.30     17.30    -13.50   8.530     88840.0
2022  2  3 22 38 00 000   -1.320    0.350    1.650   -527.90     18.10     -9.20   8.570     99946.0
2022  2  3 22 39 00 000   -1.140    0.240    1.970   -527.90     18.10     -9.20   8.570    100021.0
2022  2  3 22 44 00 000   -0.610    0.410    2.230   -525.30     21.40    -10.40   8.370     77583.0
2022  2  3 22 49 00 000   -0.710    0.920    1.580   -525.60     22.90     -4.70   9.030     96326.0
2022  2  3 22 50 00 000   -0.520    1.010    1.420   -523.60     25.00     -7.30   8.730     87450.0
2022  2  3 22 51 00 000    0.600    0.770    1.550   -522.20     26.20     -9.30   8.480     81671.0
2022  2  3 22 52 00 000    1.020    0.700    2.000   -517.20     24.90     -6.70   8.290     86399.0
2022  2  3 22 53 00 000    1.630    0.740    0.710   -517.10     25.40     -6.30   8.390     84811.0
2022  2  3 22 54 00 000    1.830    0.630   -1.080   -515.50     25.40    -10.20   8.660     89442.0
2022  2  3 22 55 00 000    1.290    0.010   -0.900   -513.10     23.50    -19.10   8.720    104342.0
2022  2  3 22 56 00 000    1.850   -0.180   -0.930   -513.00     15.10     -9.90   8.760     94730.0
2022  2  3 22 57 00 000    2.270   -0.580   -0.200   -513.20     15.70    -11.10   8.910    100416.0
2022  2  3 22 58 00 000   -0.070    0.290    1.830   -518.40     18.70    -10.00   9.240    101347.0
2022  2  3 22 59 00 000    0.330   -0.440    2.190   -523.70     18.70     -9.50   8.740     81943.0
2022  2  3 23  0 00 000    0.280   -0.580    2.780   -523.60     17.70    -12.50   8.290     75447.0
2022  2  3 23  1 00 000    0.130   -0.890    3.060   -522.60     19.30    -12.20   7.820     64061.0
2022  2  3 23  2 00 000    0.580   -0.910    2.780   -523.40     19.40    -14.40   7.740     65086.0
2022  2  3 23  3 00 000    0.900   -1.200    2.530   -523.40     19.40    -14.50   7.740     65177.0
2022  2  3 23  4 00 000    1.370   -1.110    1.870   -520.50     19.10    -17.00   8.660     80028.0
2022  2  3 23  5 00 000    0.870   -0.840    1.370   -522.50     18.40    -15.90   8.280     80476.0
2022  2  3 23  6 00 000    0.430   -0.500    0.920   -523.30     18.10    -15.50   8.140     80645.0
2022  2  3 23  7 00 000   -0.370   -0.230    0.400   -525.40      8.60    -11.20   8.620     89769.0
2022  2  3 23  8 00 000    0.170   -0.990    1.580   -525.00     12.90    -14.60   8.490     88495.0
2022  2  3 23  9 00 000    1.900   -0.170    2.070   -524.80     16.30    -13.70   8.350     81111.0
2022  2  3 23 10 00 000    1.420   -0.550    2.100   -525.20     15.80     -8.10   8.300     71790.0
2022  2  3 23 11 00 000    1.250   -1.220    2.550   -525.60     13.40     -5.50   8.770     77799.0
2022  2  3 23 12 00 000    1.040   -1.540    2.200   -526.90     15.50    -10.10   8.620     78460.0
2022  2  3 23 13 00 000    0.230   -1.950    1.240   -527.40     16.30    -11.80   8.560     78713.0
2022  2  3 23 14 00 000    2.320    0.250    2.110   -521.10     18.90     -4.70   9.060     85351.0
2022  2  3 23 15 00 000    1.940    1.810    1.660   -521.10     18.90     -4.70   9.060     85351.0
2022  2  3 23 16 00 000    2.060    2.260    1.290   -517.30     20.00     -9.70   8.720     79150.0
2022  2  3 23 17 00 000    2.260    1.670    1.510   -516.40     20.10     -7.80   8.670     83175.0
2022  2  3 23 18 00 000    2.140    1.970    1.380   -515.60     20.40     -5.20   8.590     86474.0
2022  2  3 23 19 00 000    2.320    1.890    1.550   -517.50     20.30     -3.20   8.670     70335.0
2022  2  3 23 20 00 000    2.230    1.070    1.670   -515.50     16.30      4.20   9.130    108215.0
2022  2  3 23 21 00 000    2.800    0.880    1.670   -514.80     15.20      6.70   9.250    121263.0
2022  2  3 23 25 00 000    2.600   -0.320    1.880   -518.20     14.70     -3.40   9.050     91502.0
2022  2  3 23 26 00 000    2.800   -0.710    1.760   -518.20     14.70     -3.40   9.050     91502.0
2022  2  3 23 27 00 000    2.580   -0.560    1.780   -515.00     15.20      5.80   9.410    111605.0
2022  2  3 23 28 00 000    2.350    0.330    1.710   -515.00     15.20      5.80   9.410    111576.0
2022  2  3 23 29 00 000    2.400    0.080    1.870   -517.70     17.30      1.80   9.430     96897.0
2022  2  3 23 30 00 000   -0.080   -1.150    1.550   -517.70     17.30      1.80   9.430     96897.0
2022  2  3 23 31 00 000   -1.330   -2.040    1.960   -526.70     11.90     -1.80   9.930     57691.0
2022  2  3 23 32 00 000   -1.190   -1.990    2.270   -526.70     11.90     -1.80   9.930     57691.0
2022  2  3 23 33 00 000   -1.010   -2.260    1.640   -524.10     10.20     -1.90   9.820     51797.0
2022  2  3 23 34 00 000   -0.290   -2.030    2.160   -524.10     10.20     -1.90   9.820     51797.0
2022  2  3 23 35 00 000    0.390   -2.250    2.510   -524.50     10.50      3.40  10.950     58475.0
2022  2  3 23 36 00 000   -0.230   -2.270    2.510   -524.80     10.20      3.10  11.030     51934.0
2022  2  3 23 37 00 000    0.380   -1.510    2.420   -526.40      9.10      2.20  10.090     62144.0
2022  2  3 23 38 00 000    0.190   -1.820    2.280   -526.20      9.80      2.70   9.940     62309.0
2022  2  3 23 39 00 000    0.430   -1.130    2.900   -528.40      8.10      3.70  10.150     64379.0
2022  2  3 23 40 00 000    0.200   -1.760    2.840   -529.80      9.60     -1.90  10.050     73226.0
2022  2  3 23 41 00 000    0.300   -2.700    2.900   -534.30     11.60     -1.10  11.290     79843.0
2022  2  3 23 42 00 000    1.170   -3.610    2.290   -543.90     10.50      3.00  13.470     92171.0
2022  2  3 23 43 00 000    0.760   -3.740    2.920   -543.70      5.40     -1.10  15.080     89556.0
2022  2  3 23 44 00 000    0.740   -4.040    2.670   -545.20      5.50     -1.10  15.400     83839.0
2022  2  3 23 45 00 000   -0.380   -4.710    1.710   -545.30      0.70      1.80  17.280     76138.0
2022  2  3 23 47 00 000    2.700   -2.980    2.530   -539.60      9.30     -5.00  15.300    102297.0
2022  2  3 23 48 00 000    1.860   -1.880    2.770   -540.00      9.40     -4.70  15.280    100834.0
2022  2  3 23 49 00 000    1.180    0.510    2.610   -547.30     10.60     -5.10  15.580     89946.0
2022  2  3 23 50 00 000    0.040   -3.020    3.850   -552.90     11.00    -14.70  16.830    106322.0
2022  2  3 23 51 00 000   -0.260   -3.980    2.310   -553.90      2.70     -7.00  15.630     96075.0
2022  2  3 23 52 00 000   -0.690   -3.990    2.230   -553.90      2.70     -7.00  15.630     96075.0
2022  2  3 23 53 00 000   -0.720   -3.300    2.970   -553.20      6.60     -7.10  15.070    117394.0
2022  2  3 23 54 00 000    0.090   -0.850    3.420   -553.20      6.60     -7.10  15.070    117394.0
2022  2  3 23 55 00 000    1.570    2.490    2.060   -553.20      6.60     -7.10  15.070    117394.0
2022  2  3 23 57 00 000    1.000    1.740   -0.240   -552.80      9.30    -19.80  17.010    131605.0
2022  2  3 23 58 00 000    1.200    2.730   -5.250   -552.80      9.30    -19.80  17.010    131605.0
2022  2  3 23 59 00 000    1.530    2.590   -5.560   -552.80      9.30    -19.80  17.010    131605.0
2022  2  4  0  4 00 000    1.910    2.120   -6.640   -555.90      7.10    -10.90  13.510     68343.0
2022  2  4  0  5 00 000    1.920    2.280   -5.990   -555.90      7.10    -10.90  13.510     68343.0
2022  2  4  0  6 00 000    1.540    1.360   -6.700   -552.20     10.30     -6.50  13.780     68261.0
2022  2  4  0  7 00 000    0.770    1.590   -6.560   -553.00     11.30     -7.40  14.250     70610.0
2022  2  4  0  8 00 000   -0.140    1.530   -6.070   -555.40     14.30    -10.00  15.630     77669.0
2022  2  4  0  9 00 000   -0.350    0.370   -6.140   -555.40     14.30    -10.00  15.630     77669.0
2022  2  4  0 10 00 000   -2.100   -1.950   -5.770   -556.30     12.20    -18.70  14.650     85487.0
2022  2  4  0 11 00 000   -2.940   -3.080   -4.970   -556.30     12.20    -18.70  14.650     85487.0
2022  2  4  0 12 00 000   -3.540   -3.860   -3.610   -556.90     10.50    -19.10  14.390     93843.0
2022  2  4  0 13 00 000   -4.150   -4.760   -1.950   -557.30      9.50    -19.40  14.240     98501.0
2022  2  4  0 14 00 000   -4.100   -5.270   -1.220   -560.30      4.70    -18.90  14.480     99479.0
2022  2  4  0 15 00 000   -3.660   -5.260   -2.080   -560.30      4.70    -18.90  14.480     99480.0
2022  2  4  0 16 00 000   -3.930   -5.610   -2.790   -556.70      6.20    -22.10  17.440     86949.0
2022  2  4  0 17 00 000   -3.800   -5.690   -1.720   -557.20      5.60    -21.60  16.920     87256.0
2022  2  4  0 18 00 000   -3.730   -5.750   -1.650   -560.20      1.90    -18.80  13.890     89072.0
2022  2  4  0 19 00 000   -3.920   -6.110   -2.180   -559.90      0.50    -22.60  14.220     96354.0
2022  2  4  0 20 00 000   -3.830   -6.140   -2.010   -559.90      0.40    -23.00  14.270     97139.0
2022  2  4  0 21 00 000   -3.220   -5.560   -2.250   -556.60      2.90    -23.30  15.820     91549.0
2022  2  4  0 22 00 000   -3.180   -5.770   -2.410   -556.00      5.00    -24.00  16.280     88575.0
2022  2  4  0 23 00 000   -2.140   -4.290   -4.140   -555.20      7.50    -24.80  16.820     85124.0
2022  2  4  0 25 00 000    2.550    2.850   -4.940   -559.40      9.20    -23.20  19.580     74028.0
2022  2  4  0 26 00 000    1.830   -0.230   -5.570   -559.40      9.20    -23.20  19.580     74028.0
2022  2  4  0 27 00 000   -0.120   -1.880   -6.010   -569.80     -6.00    -10.00  21.770     66927.0
2022  2  4  0 28 00 000   -0.230   -2.320   -4.720   -569.80     -6.00    -10.00  21.770     66927.0
2022  2  4  0 29 00 000   -0.970   -2.800   -3.630   -575.80     -5.70     -0.70  24.330     82467.0
2022  2  4  0 30 00 000   -1.880   -3.420   -2.020   -575.80     -5.70     -0.70  24.330     82467.0
2022  2  4  0 36 00 000   -4.960   -6.320    2.430   -568.90    -13.60    -16.20  15.050     78364.0
2022  2  4  0 37 00 000   -4.740   -6.260    2.120   -570.00    -10.20    -15.20  14.560     78977.0
2022  2  4  0 38 00 000   -4.030   -5.890    0.600   -570.90     -7.20    -14.40  14.140     79501.0
2022  2  4  0 39 00 000   -3.450   -5.990   -0.730   -586.50    -16.90      0.20  16.630    116756.0
2022  2  4  0 40 00 000   -3.640   -5.800    0.720   -586.50    -16.90      0.20  16.630    116756.0
2022  2  4  0 41 00 000   -3.910   -4.190    1.780   -585.00    -18.20     -1.10  17.540    150948.0
2022  2  4  0 42 00 000   -4.900   -4.720    0.920   -585.00    -18.20     -1.10  17.540    150948.0
2022  2  4  0 43 00 000   -5.480   -5.060    2.190   -582.90     -7.50      3.50  15.300    130591.0
2022  2  4  0 44 00 000   -5.610   -5.440    1.270   -582.90     -7.50      3.50  15.300    130591.0
2022  2  4  0 45 00 000   -5.440   -5.760    0.900   -582.00    -22.90     -5.70  14.960    148960.0
2022  2  4  0 46 00 000   -5.400   -5.380    1.130   -582.00    -22.90     -5.70  14.960    148960.0
2022  2  4  0 47 00 000   -5.970   -5.190    2.090   -583.90    -15.00      2.00  14.360    157995.0
2022  2  4  0 48 00 000   -5.920   -5.440    1.940   -583.90    -14.90      2.10  14.350    158164.0
2022  2  4  0 49 00 000   -5.450   -5.210    1.410   -585.90    -18.10     11.60  14.590    148833.0
2022  2  4  0 50 00 000   -5.180   -5.810   -1.460   -586.10    -18.40     12.40  14.610    148001.0
2022  2  4  0 51 00 000   -5.600   -5.780   -1.660   -586.10    -18.40     12.40  14.610    148001.0
2022  2  4  0 52 00 000   -6.350   -5.320   -0.500   -588.40    -12.50    -15.90  12.620    113641.0
2022  2  4  0 53 00 000   -6.510   -5.320   -0.790   -588.40    -12.50    -15.90  12.620    113641.0
2022  2  4  0 54 00 000   -6.580   -4.970   -1.350   -587.70     -9.10    -13.20  13.140    123598.0
2022  2  4  0 55 00 000   -6.380   -5.370   -0.200   -586.90     -5.30    -10.10  13.720    134956.0
2022  2  4  0 56 00 000   -6.330   -5.100   -0.490   -588.60    -13.70     -8.30  14.670    124068.0
2022  2  4  0 57 00 000   -6.140   -5.020   -0.300   -588.70    -14.10     -8.20  14.710    123604.0
2022  2  4  0 58 00 000   -6.080   -4.960   -0.110   -588.70    -14.10     -8.20  14.710    123604.0
2022  2  4  0 59 00 000   -6.050   -5.360    0.060   -586.60     -8.30      4.30  16.270    118302.0
2022  2  4  1  0 00 000   -6.620   -5.230    0.230   -585.20     -8.70     -1.30  15.620    130157.0
2022  2  4  1  1 00 000   -6.450   -5.480    0.190   -583.90     -9.00     -6.30  15.050    140673.0
2022  2  4  1  2 00 000   -6.470   -5.370    0.140   -584.20     -8.30     -3.30  15.570    133020.0
2022  2  4  1  3 00 000   -6.480   -5.400    0.230   -584.20     -8.30     -3.30  15.570    133022.0
2022  2  4  1  4 00 000   -6.460   -5.410    0.170   -583.80     -9.60     -5.00  15.040    133872.0
2022  2  4  1  5 00 000   -6.030   -5.930   -0.240   -583.80     -9.60     -5.00  15.040    133872.0
2022  2  4  1  7 00 000   -5.760   -6.200   -1.160   -581.20    -17.70     -0.20  13.880    119845.0
2022  2  4  1  8 00 000   -5.700   -5.940   -1.770   -582.50    -17.40     -2.80  13.680    107429.0
2022  2  4  1  9 00 000   -5.530   -5.480   -1.720   -581.30    -16.80     -8.40  14.070    117995.0
2022  2  4  1 10 00 000   -5.340   -5.630   -1.980   -581.10    -15.50     -7.40  13.840    111185.0
2022  2  4  1 11 00 000   -5.100   -5.630   -2.090   -581.00    -15.10     -7.10  13.770    109175.0
2022  2  4  1 12 00 000   -4.930   -5.660   -2.360   -579.50    -15.50     -8.60  13.900    107846.0
2022  2  4  1 13 00 000   -4.590   -5.510   -2.550   -579.10    -15.60     -8.90  13.930    107537.0
2022  2  4  1 14 00 000   -4.790   -5.090   -2.000   -580.20    -13.70     -9.20  14.760    103845.0
2022  2  4  1 15 00 000   -5.250   -5.130   -1.430   -580.20    -13.70     -9.20  14.760    103845.0
2022  2  4  1 16 00 000   -4.770   -4.740   -1.040   -577.70    -12.50    -10.10  15.210    114552.0
2022  2  4  1 17 00 000   -4.880   -4.400   -1.410   -578.60    -10.80     -9.80  15.080    106274.0
2022  2  4  1 18 00 000   -5.280   -4.270   -1.840   -577.20     -6.10     -8.20  14.950    109033.0
2022  2  4  1 19 00 000   -4.810   -4.880   -2.420   -576.50     -9.20     -5.90  15.100    112625.0
2022  2  4  1 20 00 000   -4.380   -5.450   -1.820   -576.40    -10.90     -4.20  15.140    113979.0
2022  2  4  1 21 00 000   -4.030   -5.410   -1.580   -576.00    -11.30      0.30  15.120    118891.0
2022  2  4  1 22 00 000   -3.380   -4.940   -1.630   -576.00    -11.30      0.30  15.120    118892.0
2022  2  4  1 23 00 000   -2.830   -4.570   -1.530   -564.40     -5.20     -0.60  16.590    133872.0
2022  2  4  1 24 00 000   -3.050   -4.450   -1.490   -564.40     -5.20     -0.60  16.590    133872.0
2022  2  4  1 25 00 000   -4.110   -5.690   -1.660   -572.30    -10.40      5.00  14.570    104146.0
2022  2  4  1 26 00 000   -3.870   -5.450   -1.220   -572.30    -10.40      5.00  14.570    104146.0
2022  2  4  1 27 00 000   -3.350   -4.350   -1.130   -572.30    -10.40      5.00  14.570    104146.0
2022  2  4  1 29 00 000   -3.530   -4.540   -1.430   -566.20     -6.00     -3.40  15.380    122730.0
2022  2  4  1 30 00 000   -3.810   -4.820   -1.450   -566.20     -6.00     -3.40  15.380    122730.0
2022  2  4  1 31 00 000   -2.730   -5.580   -0.790   -566.20     -6.00     -3.40  15.380    122730.0
2022  2  4  1 32 00 000   -1.870   -5.190   -0.360   -561.50     -8.50      1.10  16.650    117821.0
2022  2  4  1 33 00 000   -2.440   -5.400   -0.380   -561.50     -8.50      1.10  16.650    117821.0
2022  2  4  1 34 00 000   -3.390   -5.910   -0.280   -568.70    -10.40     -3.70  15.120    102496.0
2022  2  4  1 35 00 000   -3.560   -5.670   -0.520   -569.30     -9.60     -2.00  15.310    107910.0
2022  2  4  1 36 00 000   -0.100   -4.650   -1.430   -570.60     -7.80      2.10  15.740    120757.0
2022  2  4  1 38 00 000   -3.060   -4.310   -1.110   -567.00      0.70     -8.20  16.460    120290.0
2022  2  4  1 39 00 000   -3.420   -3.940   -0.830   -567.00      1.00     -7.40  17.090    120918.0
2022  2  4  1 40 00 000   -3.260   -4.200   -1.510   -567.00      1.30     -6.70  17.660    121480.0
2022  2  4  1 42 00 000   -3.020   -3.920   -1.950   -563.50     -1.60    -10.70  16.810    119052.0
2022  2  4  1 43 00 000   -3.620   -1.970   -1.630   -563.50     -1.60    -10.70  16.810    119052.0
2022  2  4  1 46 00 000   -2.820   -4.670   -1.470   -563.50     -7.30     -9.00  16.510    112281.0
2022  2  4  1 47 00 000   -2.500   -4.490   -1.270   -563.50     -7.30     -9.00  16.510    112281.0
2022  2  4  1 48 00 000   -2.540   -4.450   -1.280   -563.50     -7.30     -9.00  16.510    112281.0
2022  2  4  1 49 00 000   -2.560   -4.410   -1.170   -561.70     -6.30    -10.80  16.690    125030.0
2022  2  4  1 50 00 000   -2.210   -4.600   -0.930   -561.70     -6.30    -10.80  16.690    125030.0
2022  2  4  1 51 00 000   -2.210   -4.560   -1.180   -561.50     -8.50     -9.00  16.490    112283.0
2022  2  4  1 52 00 000   -1.800   -4.840   -1.480   -561.50     -8.50     -9.00  16.490    112281.0
2022  2  4  1 53 00 000   -1.690   -4.720   -1.900   -561.20    -10.00    -12.50  16.650    110671.0
2022  2  4  1 54 00 000   -1.280   -4.620   -1.800   -561.20    -10.00    -12.50  16.650    110671.0
2022  2  4  1 55 00 000   -1.010   -4.390    0.080   -554.90     -2.20    -12.90  17.560    101205.0
2022  2  4  1 56 00 000   -0.690   -4.450   -0.030   -554.90     -2.20    -12.90  17.560    101205.0
2022  2  4  1 58 00 000   -1.260   -3.460   -0.870   -553.60      4.50    -17.50  18.830    117394.0
2022  2  4  1 59 00 000   -1.000   -4.610   -2.680   -553.60      4.50    -17.50  18.830    117394.0
2022  2  4  2  0 00 000   -0.540   -2.780   -1.890   -551.10      4.90    -19.40  19.510    114844.0
2022  2  4  2  1 00 000   -1.040   -3.370   -1.050   -551.20      4.90    -19.40  19.480    114744.0
2022  2  4  2  2 00 000   -1.120   -0.240   -3.580   -553.10      4.90    -20.50  18.250    113117.0
2022  2  4  2  3 00 000   -0.960   -4.070   -1.420   -551.60      1.50    -16.10  17.070    111464.0
2022  2  4  2  4 00 000   -0.910   -5.060   -1.630   -550.90     -0.20    -14.00  16.500    110671.0
2022  2  4  2  5 00 000   -1.160   -5.890   -2.710   -550.90     -0.20    -14.00  16.500    110671.0
2022  2  4  2  6 00 000   -1.180   -5.810   -2.800   -550.00     -7.50    -28.80  13.880    110619.0
2022  2  4  2  7 00 000   -1.020   -6.370   -0.860   -550.10     -7.50    -19.10  14.160    104798.0
2022  2  4  2  8 00 000   -1.120   -6.520   -0.060   -551.00     -7.30    -11.30  14.180    105249.0
2022  2  4  2  9 00 000   -1.230   -6.420   -1.480   -552.30     -7.10     -5.50  14.040    109278.0
2022  2  4  2 10 00 000   -1.400   -7.510   -2.140   -550.90    -12.70     -6.80  11.140     91926.0
2022  2  4  2 11 00 000   -1.470   -7.550   -2.640   -550.90    -12.70     -6.80  11.140     91926.0
2022  2  4  2 12 00 000   -1.820   -7.470   -3.240   -551.50    -18.60    -10.60  10.610     91408.0
2022  2  4  2 13 00 000   -2.050   -7.580   -3.430   -552.40    -20.70    -11.60  10.430     89142.0
2022  2  4  2 14 00 000   -2.440   -7.680   -3.910   -556.50    -30.40    -16.40   9.590     78452.0
2022  2  4  2 15 00 000   -2.480   -7.750   -3.830   -557.70    -26.60    -18.80   9.210     75471.0
2022  2  4  2 16 00 000   -3.190   -7.720   -3.530   -559.20    -23.00    -15.90   9.590     85988.0
2022  2  4  2 17 00 000   -1.980   -6.680   -2.910   -559.70    -18.40    -10.10   9.410     84317.0
2022  2  4  2 18 00 000   -2.560   -4.280   -2.250   -558.00    -13.10    -10.70  11.510     98162.0
2022  2  4  2 19 00 000   -1.180   -2.580   -1.150   -554.00     -2.70    -15.80  16.820    133999.0
2022  2  4  2 20 00 000   -2.660   -3.470   -0.500   -551.60      3.00    -14.90  18.400    131469.0
2022  2  4  2 21 00 000   -1.600   -5.310   -1.920   -550.60      0.40    -12.80  18.400    127467.0
2022  2  4  2 23 00 000   -0.610   -5.080   -1.730   -542.90     -6.10    -16.90  16.270    120452.0
2022  2  4  2 24 00 000   -1.060   -7.310   -2.250   -542.90     -6.10    -16.90  16.270    120452.0
2022  2  4  2 25 00 000   -0.390   -7.570   -2.440   -542.90     -6.10    -16.90  16.270    120452.0
2022  2  4  2 27 00 000    0.760   -7.520   -2.400   -532.40    -22.00    -12.50  11.910    111293.0
2022  2  4  2 28 00 000    0.470   -7.450   -2.470   -532.40    -22.00    -12.50  11.910    111293.0
2022  2  4  2 29 00 000    0.930   -7.250   -2.350   -532.40    -22.00    -12.50  11.910    111293.0
2022  2  4  2 30 00 000    1.150   -6.900   -2.280   -527.60    -17.40    -16.40  12.860    110516.0
2022  2  4  2 31 00 000    1.020   -7.090   -2.230   -527.60    -17.40    -16.40  12.860    110516.0
2022  2  4  2 32 00 000    0.380   -7.260   -2.100   -527.60    -17.40    -16.40  12.860    110516.0
2022  2  4  2 35 00 000   -0.910   -8.160   -2.650   -539.90    -25.90    -19.10  10.520     94863.0
2022  2  4  2 36 00 000   -0.990   -8.300   -2.420   -535.70    -24.60    -22.00  11.100     99076.0
2022  2  4  2 37 00 000   -0.150   -8.700   -2.160   -542.00    -25.90    -24.10   9.910     89072.0
2022  2  4  2 38 00 000    0.070   -8.700   -2.550   -539.10    -30.60    -15.90   9.400     81176.0
2022  2  4  2 39 00 000   -0.030   -8.920   -2.310   -539.20    -30.60    -15.90   9.390     80938.0
2022  2  4  2 40 00 000    0.000   -8.770   -2.660   -540.70    -30.50    -14.90   9.240     75303.0
2022  2  4  2 41 00 000   -0.090   -8.480   -2.370   -543.60    -24.50    -15.70   9.010     94636.0
2022  2  4  2 42 00 000    0.290   -8.530   -1.950   -544.20    -23.40    -15.90   8.960     98319.0
2022  2  4  2 43 00 000    0.480   -8.360   -1.910   -539.70    -26.70    -13.50   9.160     93918.0
2022  2  4  2 44 00 000    0.280   -8.730   -2.780   -539.70    -26.70    -13.50   9.160     93918.0
2022  2  4  2 45 00 000    0.600   -8.850   -2.390   -537.10    -32.50    -16.30   8.830     71385.0
2022  2  4  2 46 00 000    0.960   -9.020   -1.880   -537.00    -32.30    -15.80   8.870     71928.0
2022  2  4  2 47 00 000    0.700   -8.980   -1.860   -536.50    -31.30    -12.70   9.070     74980.0
2022  2  4  2 48 00 000    0.440   -8.630   -1.760   -537.20    -28.10    -12.20   9.380     71647.0
2022  2  4  2 49 00 000    0.250   -7.380   -0.240   -537.20    -28.00    -12.20   9.390     71593.0
2022  2  4  2 51 00 000    0.350   -2.900   -1.300   -542.00      1.60    -15.10  19.530     91079.0
2022  2  4  2 52 00 000    0.420   -5.000    0.380   -542.00      1.50    -15.10  19.510     91440.0
2022  2  4  2 53 00 000    1.470   -4.100    0.330   -540.10     -4.90    -14.80  17.880    119593.0
2022  2  4  2 54 00 000    0.970   -0.800   -1.290   -541.90      4.70    -15.10  19.430    122341.0
2022  2  4  2 55 00 000    1.510   -1.460    3.140   -542.10      7.90    -11.00  19.070    105792.0
2022  2  4  2 56 00 000    0.890   -1.640   -1.260   -539.60      5.00     -7.80  18.030    106430.0
2022  2  4  2 57 00 000   -0.400   -2.870    2.380   -541.20      2.70     -5.20  16.330    121961.0
2022  2  4  2 58 00 000   -0.280   -4.180    1.930   -542.20      1.60     -3.90  15.470    130254.0
2022  2  4  2 59 00 000    0.350   -4.530   -0.330   -546.00     -4.80      1.00  15.050    117981.0
2022  2  4  3  0 00 000    1.790   -5.180   -2.440   -546.00     -4.80      1.00  15.050    117981.0
2022  2  4  3  3 00 000    4.670   -0.600   -3.290   -521.00      3.60    -14.90  13.380    109948.0
2022  2  4  3  4 00 000    4.830    0.160   -2.800   -521.00      3.60    -14.90  13.380    109948.0
2022  2  4  3  5 00 000    4.550    1.410   -1.900   -521.00      3.70    -15.00  13.390    109985.0
2022  2  4  3  6 00 000    2.600   -1.780   -3.060   -528.60     15.50    -26.00  14.320    113799.0
2022  2  4  3  7 00 000    0.840   -5.880   -4.180   -528.80     -0.60    -34.50  12.080    106721.0
2022  2  4  3  8 00 000   -0.720   -7.110   -2.880   -528.90     -5.70    -37.10  11.390    104498.0
2022  2  4  3 10 00 000   -2.790   -6.870   -1.310   -549.10    -25.80    -20.90   9.730    124316.0
2022  2  4  3 11 00 000   -2.950   -4.460   -0.130   -549.40    -23.20    -20.50  11.230    115619.0
2022  2  4  3 12 00 000   -3.830   -4.340    0.690   -551.00     -7.40    -17.80  20.420     62885.0
2022  2  4  3 13 00 000   -3.670   -4.880    0.110   -548.00     -9.00    -18.50  20.350     50850.0
2022  2  4  3 14 00 000   -4.590   -4.250    0.590   -547.50     -9.30    -18.60  20.340     48866.0
2022  2  4  3 15 00 000   -4.330   -5.040    0.570   -545.90     -5.20    -13.40  16.060     59196.0
2022  2  4  3 16 00 000   -3.830   -5.630    0.070   -545.90     -5.20    -13.50  16.030     59235.0
2022  2  4  3 17 00 000   -3.710   -5.680   -0.000   -546.40     -8.00    -17.60  14.500     61889.0
2022  2  4  3 18 00 000   -3.880   -5.070    0.480   -550.00    -13.70    -16.60  16.770     54319.0
2022  2  4  3 19 00 000   -3.410   -5.330   -0.080   -551.50    -16.00    -16.10  17.700     51232.0
2022  2  4  3 20 00 000   -3.400   -5.090    0.010   -549.60     -7.00    -13.80  17.090     61991.0
2022  2  4  3 21 00 000   -3.700   -4.460    1.060   -549.60     -7.10    -13.80  17.100     61879.0
2022  2  4  3 22 00 000   -4.220   -4.910    1.110   -548.40    -12.70    -16.50  18.020     52652.0
2022  2  4  3 23 00 000   -4.960   -4.500    1.790   -544.80    -14.50    -20.10  16.580     50750.0
2022  2  4  3 24 00 000   -4.870   -4.640    1.710   -542.70    -15.60    -22.20  15.730     49625.0
2022  2  4  3 25 00 000   -4.550   -3.990    1.580   -546.20    -15.60    -16.10  18.490     47908.0
2022  2  4  3 26 00 000   -3.760   -4.370    0.870   -546.20    -15.30    -16.30  18.520     49312.0
2022  2  4  3 27 00 000   -4.110   -5.560    0.460   -547.10    -13.20    -19.10  17.050     58419.0
2022  2  4  3 28 00 000   -4.220   -3.880    1.110   -548.70    -14.20    -20.90  13.610     50469.0
2022  2  4  3 29 00 000   -4.090   -4.310    0.890   -545.90    -15.70    -16.40  17.870     52686.0
2022  2  4  3 30 00 000   -4.200   -5.420    0.390   -545.90    -15.70    -16.40  17.870     52686.0
2022  2  4  3 31 00 000   -4.870   -5.510    0.260   -546.50    -17.90    -14.00  12.300     52757.0
2022  2  4  3 32 00 000   -5.220   -4.720    0.310   -546.60    -17.70    -13.90  12.340     52722.0
2022  2  4  3 33 00 000   -5.250   -4.520    0.270   -549.20    -12.00    -10.40  13.860     51411.0
2022  2  4  3 34 00 000   -5.530   -4.910    0.290   -546.80    -10.30    -12.20  11.910     48091.0
2022  2  4  3 35 00 000   -5.180   -4.580    0.490   -546.30    -10.00    -12.50  11.530     47432.0
2022  2  4  3 36 00 000   -5.090   -4.250    0.970   -549.70    -10.80    -12.80  14.300     47855.0
2022  2  4  3 37 00 000   -5.640   -3.690    1.870   -550.60    -11.40    -13.30  14.280     46943.0
2022  2  4  3 38 00 000   -5.680   -4.120    2.140   -551.80    -15.10    -11.30  11.070     51797.0
2022  2  4  3 39 00 000   -5.090   -4.740    1.860   -551.80    -15.10    -11.30  11.070     51797.0
2022  2  4  3 43 00 000   -2.380   -7.390    0.140   -550.20      6.40    -16.70   6.660    113798.0
2022  2  4  3 44 00 000   -3.100   -7.520   -0.200   -549.50      6.30    -17.90   6.530    112223.0
2022  2  4  3 45 00 000   -3.630   -7.800    0.660   -544.40      6.00    -26.70   5.620    100817.0
2022  2  4  3 46 00 000   -4.240   -7.580    0.770   -545.30      4.40    -26.80   5.480     97475.0
2022  2  4  3 47 00 000   -3.770   -7.140    1.370   -548.00      2.10    -24.40   5.540     95834.0
2022  2  4  3 48 00 000   -3.410   -7.140    0.750   -549.80     10.60    -27.40   5.830     97687.0
2022  2  4  3 49 00 000   -1.290   -7.490   -1.540   -550.50     13.90    -28.60   5.940     98404.0
2022  2  4  3 50 00 000   -1.540   -7.580   -0.710   -549.40      4.40    -20.10   6.730    103144.0
2022  2  4  3 51 00 000   -1.970   -7.400   -1.650   -549.40      4.40    -20.10   6.730    103144.0
2022  2  4  3 52 00 000   -1.720   -7.160   -0.180   -548.90      0.10    -24.60   6.960     99883.0
2022  2  4  3 53 00 000   -4.270   -6.150    0.160   -548.90     -0.00    -25.00   6.990     99741.0
2022  2  4  3 54 00 000   -2.300   -7.160   -1.000   -538.30     45.20    -27.20   9.030    130704.0
2022  2  4  3 55 00 000   -1.900   -7.320   -1.900   -538.30     45.20    -27.20   9.030    130704.0
2022  2  4  3 56 00 000   -1.960   -7.330   -2.150   -549.40     37.20     -6.70   5.310     88840.0
2022  2  4  3 57 00 000   -1.300   -6.880   -3.170   -549.70     32.90    -12.50   6.210    121570.0
2022  2  4  3 58 00 000   -0.850   -7.490   -2.800   -553.80     29.70    -15.60   6.610    129979.0
2022  2  4  3 59 00 000   -1.030   -7.740   -2.170   -558.10     32.60     -9.90   5.590     82513.0
2022  2  4  4  0 00 000   -1.030   -7.800   -1.900   -557.20     31.70    -10.90   5.600     77596.0
2022  2  4  4  1 00 000   -2.070   -7.510   -3.100   -556.30     35.90     -9.50   5.320     64572.0
2022  2  4  4  2 00 000   -2.370   -7.320   -3.290   -553.50     35.00     -1.90   5.540     75532.0
2022  2  4  4  3 00 000   -1.690   -7.370   -2.980   -554.90     30.80     -7.00   5.590     77994.0
2022  2  4  4  4 00 000   -1.180   -7.260   -3.120   -557.30     32.40     -7.90   5.810     84794.0
2022  2  4  4  5 00 000   -0.680   -7.420   -3.030   -558.10     36.50     -4.40   5.980     89863.0
2022  2  4  4  8 00 000   -0.530   -7.180   -2.600   -561.80     33.80      2.30   6.860    118195.0
2022  2  4  4  9 00 000   -0.660   -7.200   -1.700   -561.80     33.80      2.30   6.860    118195.0
2022  2  4  4 10 00 000   -1.050   -7.250   -1.390   -561.80     33.80      2.30   6.860    118195.0
2022  2  4  4 11 00 000   -0.120   -6.910   -1.690   -562.00     28.30     -7.80   6.700    112542.0
2022  2  4  4 12 00 000   -0.470   -6.750   -1.830   -561.30     27.10     -5.80   6.530    106601.0
2022  2  4  4 13 00 000   -0.610   -6.390   -1.600   -558.10     21.30      3.50   5.740     78713.0
2022  2  4  4 14 00 000    0.180   -7.160   -0.790   -559.00     22.40     -1.50   6.140     89289.0
2022  2  4  4 15 00 000    1.070   -7.090   -0.010   -561.50     25.40    -14.90   7.240    117768.0
2022  2  4  4 16 00 000    0.980   -6.990   -0.240   -568.90     16.20    -15.00   6.160    100976.0
2022  2  4  4 17 00 000   -0.190   -7.290   -0.510   -570.40     14.30    -15.00   5.940     97527.0
2022  2  4  4 18 00 000    0.140   -7.160   -0.850   -547.30     18.40      7.20   6.440    116437.0
2022  2  4  4 19 00 000   -0.530   -6.860   -0.950   -547.30     18.40      7.20   6.440    116437.0
2022  2  4  4 21 00 000    0.160   -7.390   -0.790   -552.80      6.30      5.70   6.280    102994.0
2022  2  4  4 22 00 000    0.530   -7.470   -0.000   -551.70      8.60      7.80   6.400    109094.0
2022  2  4  4 23 00 000   -0.110   -7.660   -0.550   -550.00     12.10     11.00   6.580    118142.0
2022  2  4  4 24 00 000   -0.030   -8.550   -0.320   -550.00     12.10     11.00   6.580    118142.0
2022  2  4  4 25 00 000    0.450   -8.800    1.080   -552.10     27.60     -3.70   4.690     85578.0
2022  2  4  4 26 00 000    0.520   -8.790    0.400   -552.10     27.60     -3.70   4.690     85578.0
2022  2  4  4 27 00 000    0.940   -8.720    0.290   -553.20     27.00    -10.00   4.970     72554.0
2022  2  4  4 28 00 000    1.150   -8.730    0.380   -553.20     27.00    -10.00   4.970     72554.0
2022  2  4  4 29 00 000    1.340   -8.610    0.760   -547.10     33.20    -19.50   5.540     94300.0
2022  2  4  4 30 00 000    0.590   -8.810    0.070   -548.40     32.00    -20.70   5.370     91895.0
2022  2  4  4 31 00 000    0.970   -9.100    0.650   -558.70     22.30    -29.90   4.020     72933.0
2022  2  4  4 32 00 000    1.540   -9.100    1.410   -560.80     23.80    -30.00   4.020     83568.0
2022  2  4  4 33 00 000    1.380   -9.240    0.850   -560.90     24.00    -30.00   4.030     84354.0
2022  2  4  4 35 00 000    1.960   -9.410    0.350   -558.60     23.70    -15.50   6.240    110619.0
2022  2  4  4 36 00 000    2.350   -9.200   -0.410   -558.60     23.70    -15.50   6.240    110619.0
2022  2  4  4 37 00 000    0.310   -7.190   -4.140   -558.60     23.70    -15.50   6.240    110619.0
2022  2  4  4 38 00 000    0.120   -6.350   -5.130   -563.20     31.60     -8.30   6.590    152705.0
2022  2  4  4 39 00 000   -0.150   -6.570   -4.960   -563.20     31.60     -8.30   6.590    152705.0
2022  2  4  4 41 00 000    1.260   -8.380   -2.540   -560.50     25.10     20.10   4.960    147224.0
2022  2  4  4 42 00 000    0.700   -8.090   -3.440   -559.70     27.50     14.20   4.850    116412.0
2022  2  4  4 43 00 000    0.890   -8.480   -2.630   -559.20     29.00     10.30   4.770     96220.0
2022  2  4  4 44 00 000    0.890   -8.440   -2.570   -557.00     27.80     14.50   5.140     79852.0
2022  2  4  4 45 00 000    0.910   -8.000   -3.030   -557.00     27.80     14.50   5.140     79852.0
2022  2  4  4 46 00 000    1.100   -7.740   -3.240   -556.90     23.70      5.90   5.110    104096.0
2022  2  4  4 47 00 000    1.490   -8.550   -2.310   -556.90     23.70      5.90   5.110    104096.0
2022  2  4  4 48 00 000    1.520   -8.460   -2.110   -559.80     28.20     -3.80   4.810    100730.0
2022  2  4  4 49 00 000   -0.250   -6.830   -6.330   -560.40     29.20     -5.80   4.740    100021.0
2022  2  4  4 50 00 000   -0.070   -7.190   -6.460   -551.30     39.10     47.90   4.170     57953.0
2022  2  4  4 51 00 000    0.150   -7.320   -4.840   -551.30     39.10     47.90   4.170     57953.0
2022  2  4  4 52 00 000   -0.210   -7.160   -4.260   -551.30     39.10     47.90   4.170     57953.0
2022  2  4  4 58 00 000    1.120   -9.410   -4.770   -553.00     11.00     21.70   3.050     24904.0
2022  2  4  4 59 00 000    1.260   -9.400   -4.790   -563.40     16.40     18.60   3.120     21905.0
2022  2  4  5  0 00 000    1.510   -9.340   -5.130   -569.50     19.60     16.70   3.170     20128.0
2022  2  4  5  8 00 000    1.030   -9.790   -4.260   -555.80     19.60      5.00   2.610     19104.0
2022  2  4  5  9 00 000    1.010   -9.990   -3.840   -555.80     19.60      5.00   2.610     19104.0
2022  2  4  5 11 00 000    0.930   -9.960   -3.880   -556.30     20.50     16.30   2.710     21657.0
2022  2  4  5 12 00 000    1.240   -9.900   -3.980   -556.30     20.50     16.30   2.710     21657.0
2022  2  4  5 19 00 000    1.200  -10.040   -3.800   -553.90     21.90     14.60   2.550     19886.0
2022  2  4  5 20 00 000    1.200  -10.060   -3.730   -553.90     21.90     14.60   2.550     19886.0
2022  2  4  5 21 00 000    0.950  -10.100   -3.730   -553.90     21.90     14.60   2.550     19886.0
2022  2  4  5 22 00 000    1.390  -10.060   -4.110   -555.30     10.50      6.50   2.570     19506.0
2022  2  4  5 23 00 000    0.980   -9.930   -4.560   -553.30     12.50     10.80   2.480     18597.0
2022  2  4  5 24 00 000    0.680   -9.970   -4.190   -550.60     13.40     12.40   2.510     20996.0
2022  2  4  5 25 00 000    0.830   -9.880   -4.470   -550.90     21.20     12.70   2.550     20902.0
2022  2  4  5 26 00 000    0.580   -9.610   -5.310   -550.30     21.40     14.60   2.550     20247.0
2022  2  4  5 27 00 000    0.740   -9.480   -5.550   -550.10     12.70      7.80   2.710     23184.0
2022  2  4  5 28 00 000    0.930   -9.510   -5.470   -549.60     14.80     16.20   2.470     23105.0
2022  2  4  5 29 00 000    1.500   -9.490   -5.260   -551.80      8.10      2.80   2.160     21270.0
2022  2  4  5 30 00 000    2.100   -9.580   -4.830   -551.80      8.10      2.80   2.160     21270.0
2022  2  4  5 31 00 000    2.030   -9.630   -4.760   -552.90     20.70     10.50   2.350     22240.0
2022  2  4  5 32 00 000    2.620   -9.830   -4.070   -553.10     22.40     11.50   2.380     22372.0
2022  2  4  5 34 00 000    3.200   -9.960   -3.350   -557.80     22.10     -2.30   2.620     21863.0
2022  2  4  5 35 00 000    3.480   -9.830   -3.250   -557.80     22.10     -2.30   2.620     21863.0
2022  2  4  5 36 00 000    3.500   -9.900   -3.010   -557.80     22.10     -2.30   2.620     21863.0
2022  2  4  5 37 00 000    3.150  -10.060   -2.870   -555.40     31.40     20.20   3.090     33839.0
2022  2  4  5 38 00 000    3.300   -9.990   -2.920   -555.40     31.40     20.20   3.090     33839.0
2022  2  4  5 39 00 000    3.180  -10.030   -3.130   -553.80     30.70     15.60   3.190     29495.0
2022  2  4  5 40 00 000    3.060  -10.000   -3.380   -553.80     30.70     15.60   3.190     29495.0
2022  2  4  5 41 00 000    2.800   -9.860   -4.160   -553.80     30.70     15.60   3.190     29495.0
2022  2  4  5 42 00 000    2.790   -9.900   -4.190   -553.80     27.90     15.50   2.830     26528.0
2022  2  4  5 43 00 000    2.670   -9.920   -4.370   -553.80     27.90     15.50   2.830     26528.0
2022  2  4  5 44 00 000    2.930   -9.910   -4.220   -555.40     26.90     12.50   2.440     20283.0
2022  2  4  5 45 00 000    3.040   -9.890   -4.160   -555.40     26.90     12.50   2.440     20288.0
2022  2  4  5 46 00 000    3.150   -9.800   -4.310   -555.60     28.60     13.40   2.370     20461.0
2022  2  4  5 47 00 000    2.660   -9.810   -4.570   -555.30     26.50     12.50   2.550     20461.0
2022  2  4  5 48 00 000    2.790   -9.840   -4.510   -555.10     24.50     11.60   2.730     20461.0
2022  2  4  5 49 00 000    2.860   -9.880   -4.450   -556.30     25.60     11.00   2.650     19606.0
2022  2  4  5 50 00 000    2.880   -9.880   -4.460   -556.50     25.60     11.10   2.630     19561.0
2022  2  4  5 51 00 000    2.750  -10.000   -4.340   -557.90     25.80     12.00   2.510     19406.0
2022  2  4  5 52 00 000    2.750  -10.000   -4.350   -557.90     25.80     12.00   2.510     19406.0
2022  2  4  5 54 00 000    3.290  -10.020   -4.040   -557.40     21.10     11.70   2.230     22233.0
2022  2  4  5 55 00 000    3.200  -10.040   -4.060   -557.40     21.10     11.70   2.230     22233.0
2022  2  4  5 56 00 000    3.070  -10.020   -4.220   -557.90     19.90     15.00   2.300     31755.0
2022  2  4  5 57 00 000    2.460   -9.600   -5.440   -558.60     21.90     16.50   2.340     30749.0
2022  2  4  5 58 00 000    3.370   -9.680   -4.590   -561.90     30.90     23.10   2.520     26326.0
2022  2  4  5 59 00 000    2.890   -9.540   -5.340   -561.90     30.90     23.10   2.520     26326.0
2022  2  4  6  0 00 000    2.530   -9.500   -5.750   -558.50     26.50     34.30   2.310     27114.0
2022  2  4  6  1 00 000    2.860   -9.540   -5.460   -559.20     27.00     33.50   2.500     27494.0
2022  2  4  6  2 00 000    3.030   -9.470   -5.370   -559.90     27.70     32.90   2.680     27777.0
2022  2  4  6  3 00 000    3.440   -9.510   -4.990   -560.10     28.40     33.70   2.590     27189.0
2022  2  4  6  4 00 000    3.050   -9.550   -5.370   -564.50     26.20     31.70   2.840     26133.0
2022  2  4  6  5 00 000    3.070   -9.520   -5.310   -564.10     25.60     32.10   2.720     27021.0
2022  2  4  6  6 00 000    3.110   -9.600   -5.100   -564.00     25.60     32.20   2.710     27114.0
2022  2  4  6  9 00 000    3.310   -9.620   -4.990   -557.80     24.40     20.80   2.480     23814.0
2022  2  4  6 10 00 000    3.220   -9.700   -4.960   -557.80     24.40     20.80   2.480     23814.0
2022  2  4  6 11 00 000    3.710   -9.410   -5.260   -561.00     10.10     26.10   2.540     21724.0
2022  2  4  6 12 00 000    3.570   -9.570   -5.060   -561.80      6.40     27.50   2.560     21179.0
2022  2  4  6 15 00 000    3.650   -9.700   -4.730   -558.30     23.10     17.70   2.460     24370.0
2022  2  4  6 16 00 000    4.020   -9.930   -3.910   -558.30     23.10     17.70   2.460     24370.0
2022  2  4  6 17 00 000    3.690   -9.750   -4.510   -556.20     25.80     22.60   2.620     25824.0
2022  2  4  6 18 00 000    3.630   -9.750   -4.580   -556.20     25.80     22.60   2.620     25824.0
2022  2  4  6 19 00 000    3.810   -9.710   -4.500   -559.70     25.60     36.80   2.700     27422.0
2022  2  4  6 20 00 000    3.900   -9.670   -4.490   -559.70     25.60     36.80   2.700     27422.0
2022  2  4  6 21 00 000    3.700   -9.720   -4.580   -562.20     24.60     38.00   2.910     26402.0
2022  2  4  6 22 00 000    3.980   -9.470   -4.870   -562.20     24.60     38.00   2.910     26402.0
2022  2  4  6 23 00 000    4.180   -9.310   -5.040   -562.20     24.60     38.00   2.910     26402.0
2022  2  4  6 24 00 000    4.350   -9.280   -4.960   -560.00     28.30     32.10   3.250     26275.0
2022  2  4  6 25 00 000    4.310   -9.210   -5.130   -560.00     28.30     32.10   3.250     26275.0
2022  2  4  6 26 00 000    4.560   -9.220   -4.900   -560.00     28.30     32.10   3.250     26275.0
2022  2  4  6 29 00 000    4.570   -9.080   -5.240   -560.20     27.70     30.40   3.340     28175.0
2022  2  4  6 30 00 000    4.000   -9.170   -5.580   -560.20     27.70     30.40   3.340     28175.0
2022  2  4  6 33 00 000    3.980   -9.100   -5.730   -556.10     26.70     40.10   2.670     25724.0
2022  2  4  6 34 00 000    3.990   -9.200   -5.570   -556.10     26.70     40.10   2.670     25724.0
2022  2  4  6 35 00 000    4.390   -9.310   -5.050   -554.30     30.20     38.30   2.730     27258.0
2022  2  4  6 36 00 000    4.440   -9.260   -5.130   -552.60     33.50     36.60   2.800     28726.0
2022  2  4  6 37 00 000    4.450   -8.990   -5.380   -552.30     33.60     37.00   2.870     28916.0
2022  2  4  6 38 00 000    4.880   -8.430   -5.850   -549.20     34.30     41.10   3.560     30846.0
2022  2  4  6 39 00 000    4.310   -8.860   -5.590   -549.20     34.30     41.10   3.560     30846.0
2022  2  4  6 40 00 000    4.300   -8.300   -6.270   -550.60     38.70     34.10   4.500     42840.0
2022  2  4  6 41 00 000    4.740   -7.670   -6.520   -550.60     38.70     34.10   4.500     42840.0
2022  2  4  6 42 00 000    3.770   -9.330   -4.940   -550.90     38.70     29.20   4.190     44917.0
2022  2  4  6 43 00 000    3.910   -8.940   -5.190   -551.00     38.10     27.20   4.140     46678.0
2022  2  4  6 44 00 000    4.150   -8.650   -5.470   -550.80     32.80     28.90   4.970     53618.0
2022  2  4  6 45 00 000    4.150   -8.430   -5.690   -550.10     29.60     30.30   5.170     55168.0
2022  2  4  6 46 00 000    4.120   -8.280   -5.910   -549.50     26.70     31.60   5.350     56539.0
2022  2  4  6 47 00 000    4.070   -8.140   -6.200   -549.50     27.20     31.70   5.320     56031.0
2022  2  4  6 48 00 000    4.160   -8.180   -6.310   -549.70     33.20     33.40   4.990     49383.0
2022  2  4  6 49 00 000    4.200   -8.130   -6.380   -550.60     34.70     32.20   4.710     50930.0
2022  2  4  6 50 00 000    4.380   -8.190   -6.150   -552.50     37.70     29.90   4.180     53979.0
2022  2  4  6 51 00 000    4.420   -8.280   -5.780   -550.50     33.40     32.80   4.610     57940.0
2022  2  4  6 52 00 000    4.580   -8.200   -5.820   -549.80     32.60     32.20   4.710     56442.0
2022  2  4  6 53 00 000    4.480   -8.250   -5.840   -546.70     29.90     28.40   5.110     47500.0
2022  2  4  6 54 00 000    4.470   -8.360   -5.740   -546.70     29.90     28.40   5.110     47500.0
2022  2  4  6 56 00 000    4.390   -8.360   -5.840   -543.90     35.50     31.90   5.380     49903.0
2022  2  4  6 57 00 000    4.360   -8.240   -5.690   -543.90     35.50     31.90   5.380     49903.0
2022  2  4  6 58 00 000    4.260   -8.170   -5.710   -544.70     34.10     30.50   5.810     66669.0
2022  2  4  6 59 00 000    4.280   -8.120   -5.770   -544.70     34.00     30.40   5.830     67572.0
2022  2  4  7  0 00 000    4.410   -8.170   -5.830   -543.60     37.90     32.00   6.320     69199.0
2022  2  4  7  1 00 000    4.550   -8.210   -5.660   -543.70     34.00     30.20   6.010     65488.0
2022  2  4  7  2 00 000    4.430   -8.170   -5.780   -543.80     29.90     28.30   5.690     61604.0
2022  2  4  7  4 00 000    4.370   -8.210   -5.820   -543.70     28.90     31.90   5.690     66766.0
2022  2  4  7  5 00 000    4.430   -8.310   -5.630   -543.70     28.90     31.90   5.690     66766.0
2022  2  4  7  6 00 000    4.470   -8.170   -5.770   -542.30     31.90     28.50   5.840     73244.0
2022  2  4  7  7 00 000    4.330   -8.160   -6.060   -542.30     32.00     28.40   5.850     73479.0
2022  2  4  7  8 00 000    4.380   -8.120   -6.070   -543.00     31.20     27.50   5.380     69914.0
2022  2  4  7  9 00 000    4.410   -8.220   -5.890   -543.00     31.10     27.40   5.340     69650.0
2022  2  4  7 10 00 000    4.330   -8.350   -5.640   -542.40     29.20     28.70   5.300     72094.0
2022  2  4  7 11 00 000    4.570   -8.130   -5.650   -543.30     32.40     28.00   5.350     67727.0
2022  2  4  7 12 00 000    4.550   -8.390   -5.430   -544.40     33.60     26.80   5.220     60577.0
2022  2  4  7 13 00 000    5.250   -7.480   -6.510   -545.00     25.90     25.10   4.660     53031.0
2022  2  4  7 14 00 000    4.940   -8.220   -5.970   -550.30     40.20     30.30   4.800     44605.0
2022  2  4  7 15 00 000    4.910   -8.230   -6.070   -548.30     40.60     29.00   4.620     44035.0
2022  2  4  7 16 00 000    5.050   -8.290   -5.890   -546.10     41.00     27.40   4.410     43389.0
2022  2  4  7 17 00 000    5.060   -8.270   -5.980   -546.20     38.60     31.20   4.370     36161.0
2022  2  4  7 18 00 000    5.080   -8.330   -5.840   -545.50     38.20     30.20   4.440     41552.0
2022  2  4  7 19 00 000    5.110   -8.080   -6.300   -544.80     37.80     29.10   4.530     47771.0
2022  2  4  7 20 00 000    5.030   -8.020   -6.440   -543.00     36.80     28.90   3.840     49868.0
2022  2  4  7 21 00 000    5.030   -7.970   -6.520   -543.10     36.60     28.40   3.810     47848.0
2022  2  4  7 22 00 000    5.180   -7.850   -6.510   -543.50     36.00     26.40   3.680     39903.0
2022  2  4  7 23 00 000    4.980   -7.990   -6.520   -545.00     35.50     30.40   3.720     38114.0
2022  2  4  7 24 00 000    5.190   -7.880   -6.540   -544.20     35.20     30.10   3.690     37466.0
2022  2  4  7 25 00 000    5.230   -7.730   -6.680   -543.00     34.50     29.50   3.630     36392.0
2022  2  4  7 26 00 000    5.220   -7.720   -6.700   -545.40     33.30     29.40   3.670     37406.0
2022  2  4  7 27 00 000    5.090   -7.680   -6.820   -546.30     34.90     28.30   3.730     35770.0
2022  2  4  7 28 00 000    4.950   -7.750   -6.860   -545.90     34.90     28.60   3.740     35965.0
2022  2  4  7 29 00 000    4.880   -7.900   -6.760   -542.40     33.60     31.50   3.760     38725.0
2022  2  4  7 30 00 000    4.790   -8.010   -6.610   -542.20     36.50     30.60   3.920     40498.0
2022  2  4  7 31 00 000    4.900   -7.980   -6.510   -542.00     37.10     30.60   3.990     41005.0
2022  2  4  7 32 00 000    4.800   -8.110   -6.450   -541.10     37.50     31.40   4.190     42262.0
2022  2  4  7 33 00 000    4.960   -8.020   -6.460   -539.80     36.70     33.90   4.350     51256.0
2022  2  4  7 34 00 000    5.040   -7.970   -6.430   -539.70     38.10     32.00   4.230     47719.0
2022  2  4  7 35 00 000    5.320   -7.840   -6.380   -539.70     39.80     29.50   4.070     42743.0
2022  2  4  7 36 00 000    5.110   -7.980   -6.420   -534.90     41.00     30.30   4.590     40880.0
2022  2  4  7 37 00 000    4.610   -8.290   -6.610   -537.20     37.60     30.40   4.280     42173.0
2022  2  4  7 38 00 000    4.770   -8.190   -6.600   -537.80     35.50     33.00   4.210     40919.0
2022  2  4  7 39 00 000    4.700   -8.190   -6.660   -538.00     36.20     28.30   3.920     39698.0
2022  2  4  7 40 00 000    4.740   -8.240   -6.670   -534.80     36.60     33.30   3.830     40668.0
2022  2  4  7 41 00 000    4.770   -8.230   -6.620   -534.70     37.90     31.80   3.830     39411.0
2022  2  4  7 42 00 000    4.580   -8.090   -6.650   -534.20     36.40     31.70   4.420     44037.0
2022  2  4  7 48 00 000    5.110   -8.110   -6.250   -532.20     34.70     33.40   4.500     32535.0
2022  2  4  7 49 00 000    5.160   -8.060   -6.430   -532.20     34.70     33.40   4.500     32535.0
2022  2  4  7 50 00 000    5.100   -8.050   -6.540   -531.60     34.40     33.80   4.220     36709.0
2022  2  4  7 51 00 000    5.310   -8.050   -6.360   -531.10     34.10     34.10   3.990     40146.0
2022  2  4  7 52 00 000    4.800   -8.070   -6.660   -531.10     34.10     34.10   3.990     40146.0
2022  2  4  7 54 00 000    5.420   -8.020   -6.260   -529.10     35.30     34.20   4.080     35519.0
2022  2  4  7 55 00 000    5.280   -7.920   -6.480   -529.10     35.30     34.20   4.080     35519.0
2022  2  4  7 57 00 000    5.050   -7.940   -6.650   -524.80     33.60     36.70   4.090     36642.0
2022  2  4  7 58 00 000    5.170   -7.980   -6.550   -524.90     33.60     36.70   4.090     36723.0
2022  2  4  7 59 00 000    5.630   -8.120   -6.010   -530.20     37.90     33.90   3.800     43811.0
2022  2  4  8  0 00 000    6.020   -8.520   -5.120   -531.30     39.70     32.60   3.480     40900.0
2022  2  4  8  1 00 000    5.780   -8.410   -5.680   -528.90     36.70     32.30   3.020     40474.0
2022  2  4  8  2 00 000    5.950   -8.540   -5.260   -527.60     36.20     35.70   2.900     33577.0
2022  2  4  8  3 00 000    5.870   -8.520   -5.270   -529.20     36.80     35.20   2.990     31702.0
2022  2  4  8  4 00 000    5.780   -8.390   -5.460   -535.00     37.50     28.10   3.300     35548.0
2022  2  4  8  5 00 000    5.040   -8.340   -5.820   -535.00     37.50     28.10   3.300     35548.0
2022  2  4  8  6 00 000    4.680   -8.030   -6.000   -523.00     36.70     33.60   5.360     70639.0
2022  2  4  8  7 00 000    4.410   -8.070   -6.370   -523.00     36.70     33.60   5.360     70639.0
2022  2  4  8  8 00 000    3.420   -8.110   -6.560   -533.40     35.70     33.90   5.100     60635.0
2022  2  4  8  9 00 000    3.660   -7.700   -6.900   -537.20     35.30     34.00   5.020     56946.0
2022  2  4  8 12 00 000    3.830   -7.890   -6.660   -522.80     38.40     26.20   5.400     72344.0
2022  2  4  8 13 00 000    4.730   -7.540   -6.440   -522.80     38.40     26.20   5.400     72344.0
2022  2  4  8 17 00 000    3.830   -7.680   -6.860   -531.60     42.50     14.40   5.490     59309.0
2022  2  4  8 18 00 000    2.180   -6.760   -8.460   -531.60     42.50     14.40   5.490     59309.0
2022  2  4  8 19 00 000    1.590   -6.200   -8.990   -531.60     42.50     14.40   5.490     59309.0
2022  2  4  8 20 00 000    1.410   -5.980   -9.100   -532.10     37.30      9.00   6.210     77107.0
2022  2  4  8 21 00 000    1.620   -6.100   -9.000   -532.10     37.30      9.00   6.210     77107.0
2022  2  4  8 25 00 000    2.120   -5.930   -9.050   -526.90     35.20     12.30   6.760     43227.0
2022  2  4  8 26 00 000    2.080   -6.150   -8.920   -526.90     35.30     12.30   6.760     43501.0
2022  2  4  8 27 00 000    2.070   -6.280   -8.850   -526.00     38.10     12.00   6.670     51903.0
2022  2  4  8 28 00 000    2.310   -6.420   -8.670   -526.00     38.10     12.00   6.670     51903.0
2022  2  4  8 33 00 000    2.250   -6.080   -9.090   -524.60     31.60     10.30   6.030     43746.0
2022  2  4  8 34 00 000    2.330   -6.160   -9.170   -524.60     31.60     10.30   6.030     43746.0
2022  2  4  8 35 00 000    2.260   -6.420   -8.910   -524.60     33.90      9.20   5.800     49383.0
2022  2  4  8 36 00 000    2.150   -6.550   -8.840   -525.00     33.70      9.40   5.830     50537.0
2022  2  4  8 37 00 000    1.550   -6.520   -8.770   -531.10     31.10     12.10   6.290     68383.0
2022  2  4  8 38 00 000    1.610   -5.890   -9.200   -531.10     31.10     12.10   6.290     68383.0
2022  2  4  8 40 00 000    1.930   -6.100   -9.300   -528.30     36.70      1.50   5.480     41119.0
2022  2  4  8 41 00 000    1.690   -5.940   -9.520   -528.30     36.70      1.50   5.480     41119.0
2022  2  4  8 42 00 000    1.660   -5.960   -9.460   -528.30     36.70      1.50   5.480     41119.0
2022  2  4  8 43 00 000    2.220   -6.250   -9.180   -521.10     34.70     10.90   5.350     43454.0
2022  2  4  8 44 00 000    2.170   -6.650   -8.660   -521.10     34.70     10.90   5.350     43454.0
2022  2  4  8 45 00 000    2.320   -7.870   -7.400   -524.40     37.30     27.70   6.660     61103.0
2022  2  4  8 46 00 000    2.340   -7.920   -7.440   -524.40     37.30     27.70   6.660     61103.0
2022  2  4  8 47 00 000    2.430   -7.560   -7.680   -521.80     43.10     27.30   6.100     56946.0
2022  2  4  8 48 00 000    2.070   -7.390   -8.000   -522.00     42.60     27.40   6.060     56568.0
2022  2  4  8 49 00 000    1.820   -7.800   -7.690   -523.80     37.50     28.60   5.670     52258.0
2022  2  4  8 50 00 000    1.940   -7.770   -7.620   -523.80     37.50     28.60   5.670     52258.0
2022  2  4  8 51 00 000    3.120   -5.140   -9.690   -511.30     37.90      9.50   5.300     64258.0
2022  2  4  8 52 00 000    2.960   -5.250   -9.810   -511.40     39.00      9.10   5.250     64263.0
2022  2  4  8 53 00 000    2.610   -5.770   -9.340   -512.90     54.00      4.00   4.540     64336.0
2022  2  4  8 54 00 000    2.750   -5.820   -9.110   -512.90     54.00      4.00   4.540     64336.0
2022  2  4  8 55 00 000    1.960   -6.940   -8.600   -518.40     35.30     19.90   5.630     58366.0
2022  2  4  8 56 00 000    1.640   -7.320   -8.300   -518.40     35.30     19.90   5.630     58366.0
2022  2  4  8 58 00 000    2.520   -6.430   -8.720   -519.50     41.20     14.70   5.940     52081.0
2022  2  4  8 59 00 000    2.780   -5.930   -8.930   -519.30     41.70     14.20   5.980     52223.0
2022  2  4  9  0 00 000    2.930   -5.970   -8.830   -517.60     46.40      9.10   6.400     53582.0
2022  2  4  9  1 00 000    3.150   -5.950   -8.770   -517.60     46.40      9.10   6.400     53582.0
2022  2  4  9  2 00 000    2.880   -5.770   -9.030   -514.60     47.20     12.60   6.220     55912.0
2022  2  4  9  3 00 000    3.150   -5.820   -8.860   -514.60     47.20     12.60   6.220     55912.0
2022  2  4  9  5 00 000    3.370   -5.700   -8.890   -513.90     47.20     13.20   5.890     53799.0
2022  2  4  9  6 00 000    3.230   -5.550   -8.940   -513.90     47.20     13.20   5.890     53803.0
2022  2  4  9  7 00 000    3.220   -5.410   -9.000   -512.20     50.60     13.30   6.560     55436.0
2022  2  4  9  8 00 000    2.810   -5.290   -9.160   -515.70     51.10     10.00   6.440     55027.0
2022  2  4  9  9 00 000    2.790   -5.080   -9.290   -516.60     51.20      9.20   6.410     54923.0
2022  2  4  9 10 00 000    3.220   -5.070   -9.150   -513.10     50.20     11.20   6.510     60988.0
2022  2  4  9 11 00 000    3.570   -4.900   -9.080   -511.50     47.90     14.60   6.490     59501.0
2022  2  4  9 12 00 000    3.140   -4.950   -9.160   -511.30     45.40     15.40   6.550     58588.0
2022  2  4  9 13 00 000    2.920   -4.960   -9.200   -514.00     45.50     10.20   6.680     59955.0
2022  2  4  9 15 00 000    3.230   -5.150   -9.000   -506.60     39.10     16.70   6.600     60834.0
2022  2  4  9 16 00 000    2.720   -5.400   -9.310   -506.60     39.10     16.70   6.600     60834.0
2022  2  4  9 19 00 000    2.430   -5.020   -9.770   -510.10     35.70     15.70   4.580     50705.0
2022  2  4  9 20 00 000    2.380   -5.000   -9.800   -510.10     35.70     15.70   4.580     50705.0
2022  2  4  9 21 00 000    2.370   -5.020   -9.800   -509.20     35.20     16.10   4.720     44712.0
2022  2  4  9 22 00 000    2.490   -5.160   -9.680   -509.10     35.20     16.10   4.730     44170.0
2022  2  4  9 23 00 000    2.600   -5.070   -9.720   -507.30     34.20     21.20   4.740     43914.0
2022  2  4  9 24 00 000    2.640   -5.080   -9.720   -507.30     34.20     21.30   4.740     43909.0
2022  2  4  9 27 00 000    2.380   -5.120   -9.890   -505.30     33.60     17.80   4.290     44007.0
2022  2  4  9 28 00 000    2.360   -5.100   -9.850   -505.20     33.80     18.40   4.360     44307.0
2022  2  4  9 29 00 000    2.360   -5.070   -9.880   -505.50     34.30     19.90   4.610     45137.0
2022  2  4  9 30 00 000    2.420   -4.780  -10.110   -506.50     34.00     18.60   4.560     44477.0
2022  2  4  9 34 00 000    2.340   -4.970  -10.030   -508.10     38.00     16.40   4.300     44268.0
2022  2  4  9 35 00 000    2.480   -5.250   -9.860   -508.10     38.00     16.40   4.300     44268.0
2022  2  4  9 36 00 000    2.790   -5.670   -9.460   -512.00     39.30      9.50   4.400     48317.0
2022  2  4  9 37 00 000    2.700   -5.360   -9.630   -512.00     39.30      9.50   4.400     48317.0
2022  2  4  9 38 00 000    2.280   -5.020   -9.900   -512.00     39.30      9.50   4.400     48317.0
2022  2  4  9 39 00 000    1.310   -4.620  -10.260   -508.10     34.60     13.90   4.620     63275.0
2022  2  4  9 40 00 000    1.490   -4.910  -10.170   -508.10     34.60     13.90   4.620     63275.0
2022  2  4  9 41 00 000    1.350   -4.960  -10.190   -505.60     36.90     17.80   4.200     55585.0
2022  2  4  9 42 00 000    1.470   -5.050  -10.120   -504.40     38.10     19.80   3.990     51726.0
2022  2  4  9 43 00 000    1.750   -5.500   -9.700   -503.00     37.00     20.40   4.080     50043.0
2022  2  4  9 44 00 000    2.510   -6.580   -8.590   -505.20     37.60     20.20   4.180     52125.0
2022  2  4  9 45 00 000    2.830   -6.550   -8.510   -505.40     28.10     29.40   5.230     41584.0
2022  2  4  9 46 00 000    3.090   -6.570   -8.380   -505.80     33.70     26.60   4.800     47108.0
2022  2  4  9 47 00 000    3.190   -6.590   -8.290   -506.20     40.30     23.90   4.380     52303.0
2022  2  4  9 48 00 000    3.720   -6.580   -8.110   -506.10     40.20     25.90   4.590     49395.0
2022  2  4  9 51 00 000    3.730   -6.540   -8.140   -506.70     42.20     18.80   4.790     46455.0
2022  2  4  9 52 00 000    3.820   -6.620   -8.050   -506.70     42.20     18.80   4.790     46455.0
2022  2  4  9 53 00 000    3.910   -6.640   -8.020   -506.70     42.20     18.80   4.790     46455.0
2022  2  4  9 58 00 000    3.760   -6.350   -8.280   -504.30     44.40     17.50   4.760     45853.0
2022  2  4  9 59 00 000    3.600   -6.330   -8.330   -504.30     44.40     17.50   4.760     45853.0
2022  2  4 10  0 00 000    3.620   -6.340   -8.320   -506.70     43.20     19.30   4.620     39495.0
2022  2  4 10  1 00 000    3.550   -6.090   -8.530   -506.80     43.40     19.20   4.610     39557.0
2022  2  4 10  2 00 000    3.550   -5.980   -8.580   -507.30     45.30     18.60   4.570     40053.0
2022  2  4 10  3 00 000    3.470   -5.850   -8.670   -507.00     44.70     18.20   4.600     40388.0
2022  2  4 10  4 00 000    3.420   -5.730   -8.680   -506.70     44.10     17.90   4.620     40709.0
2022  2  4 10  5 00 000    3.430   -5.890   -8.560   -507.80     42.20     20.10   5.180     40981.0
2022  2  4 10  6 00 000    3.200   -5.800   -8.720   -507.80     42.60     20.30   5.150     41481.0
2022  2  4 10  7 00 000    2.940   -5.770   -8.830   -508.00     45.00     20.70   4.910     43941.0
2022  2  4 10  8 00 000    3.400   -6.010   -8.530   -510.40     44.80     19.80   4.400     41195.0
2022  2  4 10  9 00 000    3.490   -5.880   -8.570   -510.70     44.80     19.70   4.340     40804.0
2022  2  4 10 12 00 000    3.590   -5.870   -8.480   -506.90     42.30     17.80   4.380     55544.0
2022  2  4 10 13 00 000    3.630   -5.800   -8.490   -506.90     42.30     17.80   4.380     55544.0
2022  2  4 10 14 00 000    3.740   -5.780   -8.480   -510.60     40.50     18.70   4.250     44333.0
2022  2  4 10 15 00 000    3.760   -5.710   -8.510   -510.60     40.50     18.70   4.250     44333.0
2022  2  4 10 16 00 000    3.880   -5.770   -8.420   -510.60     40.50     18.70   4.250     44333.0
2022  2  4 10 18 00 000    3.940   -5.490   -8.630   -510.00     42.30     15.60   4.040     45886.0
2022  2  4 10 19 00 000    3.990   -5.580   -8.430   -510.00     42.30     15.60   4.040     45886.0
2022  2  4 10 23 00 000    2.360   -5.760   -8.980   -509.10     42.60     15.90   4.320     45720.0
2022  2  4 10 24 00 000    2.910   -5.860   -8.730   -509.10     42.60     15.90   4.320     45720.0
2022  2  4 10 25 00 000    2.640   -6.000   -8.780   -503.80     39.40     13.00   4.210     38389.0
2022  2  4 10 26 00 000    2.610   -6.250   -8.600   -505.60     36.90     12.70   4.230     44491.0
2022  2  4 10 27 00 000    2.630   -6.070   -8.660   -507.70     33.80     12.30   4.250     51903.0
2022  2  4 10 29 00 000    3.580   -5.600   -8.470   -502.50     43.60     13.50   4.720     39835.0
2022  2  4 10 30 00 000    3.600   -5.800   -8.330   -502.10     41.90     15.20   4.790     39632.0
2022  2  4 10 31 00 000    3.700   -5.860   -8.250   -501.80     40.30     16.80   4.860     39433.0
2022  2  4 10 32 00 000    3.600   -5.580   -8.500   -500.30     42.00     18.10   4.800     41911.0
2022  2  4 10 33 00 000    3.740   -5.940   -8.170   -500.30     42.00     18.10   4.800     41901.0
2022  2  4 10 34 00 000    3.740   -5.730   -8.300   -501.70     41.50     14.80   4.600     40271.0
2022  2  4 10 35 00 000    3.630   -6.120   -8.060   -501.70     41.50     14.80   4.600     40271.0
2022  2  4 10 36 00 000    3.530   -5.950   -8.140   -495.00     40.70     25.40   4.300     34877.0
2022  2  4 10 37 00 000    3.300   -6.010   -8.190   -495.00     40.70     25.40   4.300     34877.0
2022  2  4 10 38 00 000    3.270   -6.170   -8.080   -496.10     46.50     19.10   4.730     44563.0
2022  2  4 10 39 00 000    3.570   -5.990   -8.100   -496.10     46.50     19.10   4.730     44563.0
2022  2  4 10 41 00 000    3.580   -5.790   -8.380   -502.10     51.10     17.80   4.250     53690.0
2022  2  4 10 42 00 000    3.570   -5.780   -8.420   -502.70     50.00     17.90   4.220     55456.0
2022  2  4 10 43 00 000    3.600   -5.850   -8.350   -504.10     47.20     18.00   4.130     59803.0
2022  2  4 10 44 00 000    3.350   -5.810   -8.450   -504.40     48.70     14.30   4.170     49690.0
2022  2  4 10 45 00 000    3.270   -5.710   -8.570   -504.50     48.90     14.30   4.170     49577.0
2022  2  4 10 46 00 000    3.170   -6.130   -8.180   -505.20     50.60     15.10   4.230     51315.0
2022  2  4 10 47 00 000    3.100   -6.340   -7.930   -506.60     43.50     16.50   4.380     57656.0
2022  2  4 10 48 00 000    3.060   -6.600   -7.770   -508.60     44.60     17.70   4.690     61084.0
2022  2  4 10 49 00 000    3.020   -6.550   -7.910   -508.80     44.60     18.10   4.690     61123.0
2022  2  4 10 50 00 000    3.070   -6.580   -7.960   -508.80     42.90     21.40   4.400     58742.0
2022  2  4 10 51 00 000    2.910   -6.090   -8.380   -511.60     41.40     15.20   3.580     51298.0
2022  2  4 10 52 00 000    3.290   -6.410   -7.900   -511.90     41.30     14.60   3.510     50600.0
2022  2  4 10 53 00 000    2.490   -5.270   -8.910   -509.10     42.20     14.70   3.920     53295.0
2022  2  4 10 54 00 000    2.410   -5.500   -8.750   -509.50     42.60     14.30   4.030     54441.0
2022  2  4 10 55 00 000    2.460   -5.100   -8.980   -512.10     45.20     11.20   4.750     62223.0
2022  2  4 10 56 00 000    2.290   -5.470   -8.780   -512.00     41.00     12.70   4.680     55506.0
2022  2  4 10 57 00 000    2.290   -5.370   -8.850   -512.00     40.10     13.00   4.660     54160.0
2022  2  4 10 58 00 000    2.260   -5.320   -8.880   -510.00     40.30     11.40   4.740     63942.0
2022  2  4 10 59 00 000    2.170   -5.430   -8.860   -510.00     40.30     11.40   4.740     63942.0
2022  2  4 11  0 00 000    1.990   -5.640   -8.720   -510.00     40.30     11.40   4.740     63937.0
2022  2  4 11  1 00 000    2.140   -5.550   -8.730   -514.00     40.50     11.60   4.590     51267.0
2022  2  4 11  2 00 000    2.110   -5.660   -8.700   -514.00     40.50     11.60   4.590     51267.0
2022  2  4 11  3 00 000    2.080   -5.560   -8.770   -514.20     41.80     10.80   4.930     55361.0
2022  2  4 11  4 00 000    2.190   -5.460   -8.840   -514.20     41.80     10.80   4.930     55361.0
2022  2  4 11  5 00 000    2.210   -5.530   -8.760   -514.20     41.80     10.80   4.930     55361.0
2022  2  4 11  6 00 000    1.980   -5.580   -8.790   -513.90     37.60     12.00   4.570     48180.0
2022  2  4 11  7 00 000    2.360   -5.350   -8.890   -513.90     37.60     12.00   4.570     48180.0
2022  2  4 11  8 00 000    2.690   -5.240   -8.910   -513.60     37.90     11.90   4.550     48246.0
2022  2  4 11  9 00 000    2.730   -5.130   -8.940   -509.90     42.20     11.00   4.350     49072.0
2022  2  4 11 10 00 000    2.750   -5.090   -8.930   -509.90     42.20     11.00   4.350     49072.0
2022  2  4 11 12 00 000    2.740   -5.070   -9.000   -513.30     41.80      8.60   4.500     43001.0
2022  2  4 11 13 00 000    2.360   -5.380   -8.960   -513.30     41.60      8.50   4.490     43250.0
2022  2  4 11 14 00 000    2.200   -5.550   -8.890   -513.20     39.70      7.90   4.400     46086.0
2022  2  4 11 15 00 000    2.020   -5.540   -8.930   -513.40     40.60      6.60   4.480     46112.0
2022  2  4 11 16 00 000    2.010   -5.510   -8.960   -513.70     40.40      6.60   4.500     45781.0
2022  2  4 11 17 00 000    2.010   -5.450   -9.020   -513.90     38.70      8.20   4.490     47949.0
2022  2  4 11 18 00 000    2.320   -5.410   -9.070   -512.00     41.20      7.40   4.100     43751.0
2022  2  4 11 19 00 000    2.480   -5.280   -9.250   -513.40     39.40      7.10   3.640     34657.0
2022  2  4 11 20 00 000    2.280   -5.400   -9.230   -513.20     40.10      6.30   3.550     34718.0
2022  2  4 11 21 00 000    2.270   -5.350   -9.240   -512.30     42.10      4.50   3.460     36910.0
2022  2  4 11 22 00 000    2.210   -5.720   -8.980   -513.30     41.50      7.30   3.950     34039.0
2022  2  4 11 23 00 000    2.190   -6.090   -8.790   -513.40     41.00      7.60   3.970     33822.0
2022  2  4 11 24 00 000    2.200   -6.590   -8.560   -513.00     36.20      8.20   3.730     34183.0
2022  2  4 11 25 00 000    2.300   -6.570   -8.600   -513.20     32.60      5.40   3.360     37093.0
2022  2  4 11 26 00 000    2.280   -6.580   -8.640   -513.20     31.70      4.70   3.270     37812.0
2022  2  4 11 27 00 000    2.280   -6.880   -8.440   -512.60     31.10      4.40   2.760     33810.0
2022  2  4 11 28 00 000    2.200   -6.650   -8.560   -512.60     31.10      4.40   2.760     33810.0
2022  2  4 11 33 00 000    2.590   -6.390   -8.850   -520.30     20.40      7.70   2.720     29763.0
2022  2  4 11 34 00 000    2.380   -6.540   -8.780   -520.30     20.40      7.70   2.720     29763.0
2022  2  4 11 35 00 000    2.150   -6.360   -9.000   -518.00     20.80      8.50   2.710     29309.0
2022  2  4 11 36 00 000    2.160   -6.130   -9.030   -518.00     20.90      8.60   2.750     29300.0
2022  2  4 11 37 00 000    2.260   -6.050   -9.050   -517.90     23.90     10.90   3.720     29096.0
2022  2  4 11 38 00 000    2.240   -6.170   -8.990   -517.30     24.40      9.90   3.670     29457.0
2022  2  4 11 39 00 000    2.010   -6.630   -8.720   -516.70     24.90      8.90   3.630     29790.0
2022  2  4 11 40 00 000    2.480   -5.760   -9.160   -516.70     24.90      8.90   3.630     29790.0
2022  2  4 11 42 00 000    2.290   -6.090   -9.000   -516.30     30.70     11.50   4.020     33525.0
2022  2  4 11 43 00 000    2.330   -6.010   -9.110   -515.90     31.60      9.90   3.810     32961.0
2022  2  4 11 44 00 000    2.210   -6.380   -8.960   -514.50     34.60      4.30   3.050     30956.0
2022  2  4 11 45 00 000    2.200   -6.540   -8.900   -514.20     28.40      7.20   2.550     26274.0
2022  2  4 11 46 00 000    2.270   -6.410   -8.870   -514.20     27.90      7.40   2.510     25853.0
2022  2  4 11 47 00 000    2.380   -5.930   -9.120   -515.50     35.00      1.70   2.700     29844.0
2022  2  4 11 48 00 000    2.360   -5.860   -9.170   -515.50     35.10      1.80   2.710     30033.0
2022  2  4 11 49 00 000    2.350   -6.290   -8.630   -515.20     39.80      4.20   3.140     37270.0
2022  2  4 11 50 00 000    2.380   -6.470   -8.480   -515.20     39.80      4.20   3.140     37270.0
2022  2  4 11 51 00 000    2.310   -6.960   -8.350   -513.00     30.50      4.70   3.120     33440.0
2022  2  4 11 52 00 000    2.340   -7.050   -8.360   -513.00     30.50      4.70   3.120     33440.0
2022  2  4 11 53 00 000    2.320   -6.900   -8.510   -514.40     25.70      6.20   2.800     30936.0
2022  2  4 11 54 00 000    2.310   -6.830   -8.520   -515.30     22.50      7.10   2.600     29309.0
2022  2  4 11 55 00 000    2.390   -6.730   -8.590   -513.20     28.90      2.80   2.930     30901.0
2022  2  4 11 56 00 000    2.270   -6.860   -8.500   -513.20     28.90      2.80   2.930     30901.0
2022  2  4 11 57 00 000    2.360   -6.870   -8.470   -515.40     23.30      5.80   2.630     28595.0
2022  2  4 11 58 00 000    2.480   -6.820   -8.490   -515.40     23.30      5.80   2.630     28594.0
2022  2  4 12  0 00 000    2.550   -6.670   -8.570   -512.20     25.60      5.30   2.850     31313.0
2022  2  4 12  1 00 000    2.560   -6.500   -8.690   -512.20     25.60      5.30   2.850     31313.0
2022  2  4 12  2 00 000    2.550   -6.480   -8.700   -512.20     25.60      5.30   2.850     31313.0
2022  2  4 12  4 00 000    2.460   -6.570   -8.690   -512.70     27.40      2.80   2.670     32004.0
2022  2  4 12  5 00 000    2.450   -6.600   -8.660   -512.70     27.40      2.80   2.670     32004.0
2022  2  4 12  6 00 000    2.610   -6.480   -8.700   -512.90     25.70      4.50   2.640     36187.0
2022  2  4 12  7 00 000    2.620   -6.490   -8.680   -513.10     23.30      6.60   2.600     41444.0
2022  2  4 12  8 00 000    2.560   -6.640   -8.610   -512.00     19.50      6.60   2.700     33995.0
2022  2  4 12  9 00 000    2.610   -6.670   -8.600   -512.00     19.40      6.60   2.700     33839.0
2022  2  4 12 10 00 000    2.660   -6.560   -8.680   -510.70     26.00      0.20   2.300     36049.0
2022  2  4 12 11 00 000    2.780   -6.520   -8.670   -510.70     26.00      0.20   2.300     36049.0
2022  2  4 12 12 00 000    2.540   -6.670   -8.650   -506.30     25.80      3.90   2.300     27533.0
2022  2  4 12 13 00 000    2.070   -7.010   -8.540   -506.30     25.80      3.90   2.300     27474.0
2022  2  4 12 14 00 000    2.050   -7.160   -8.410   -504.80     26.50      0.90   2.380     25130.0
2022  2  4 12 15 00 000    2.170   -7.330   -8.240   -504.50     27.20      1.10   2.390     25169.0
2022  2  4 12 16 00 000    2.090   -7.380   -8.210   -502.60     32.50      3.40   2.480     25816.0
2022  2  4 12 17 00 000    1.950   -7.450   -8.190   -505.30     27.70     -1.40   2.420     23745.0
2022  2  4 12 18 00 000    1.950   -7.560   -8.070   -504.80     28.20     -0.60   2.400     23770.0
2022  2  4 12 19 00 000    1.990   -7.640   -7.950   -502.70     30.80      2.50   2.370     24307.0
2022  2  4 12 20 00 000    2.150   -7.490   -7.930   -502.40     34.20      1.60   2.810     21332.0
2022  2  4 12 21 00 000    2.170   -7.530   -7.760   -506.70     32.30      2.30   3.240     31829.0
2022  2  4 12 22 00 000    2.120   -7.590   -7.560   -507.90     34.50      6.00   3.610     30720.0
2022  2  4 12 23 00 000    2.060   -7.690   -7.480   -508.60     38.20     11.20   4.070     26630.0
2022  2  4 12 24 00 000    2.130   -7.640   -7.520   -508.60     40.30      9.10   3.480     27032.0
2022  2  4 12 25 00 000    2.190   -7.590   -7.430   -508.60     40.30      9.10   3.470     27037.0
2022  2  4 12 26 00 000    2.230   -7.460   -7.530   -508.20     39.30     11.70   4.170     26427.0
2022  2  4 12 27 00 000    2.320   -7.330   -7.750   -508.40     38.50     12.20   4.080     26159.0
2022  2  4 12 28 00 000    2.190   -7.790   -7.070   -509.10     34.70     14.90   3.610     24858.0
2022  2  4 12 29 00 000    1.960   -8.300   -6.360   -510.40     43.80      3.80   4.380     43847.0
2022  2  4 12 30 00 000    1.960   -8.620   -6.030   -510.60     44.90      2.50   4.470     46120.0
2022  2  4 12 35 00 000    1.810   -9.210   -5.360   -507.80     39.80    -11.50   3.290     38573.0
2022  2  4 12 36 00 000    1.680   -9.310   -4.990   -507.80     39.80    -11.50   3.290     38573.0
2022  2  4 12 37 00 000    1.660   -9.230   -4.680   -507.80     39.80    -11.50   3.290     38573.0
2022  2  4 12 38 00 000    1.780   -9.410   -4.620   -505.60     41.50     -9.40   3.520     53871.0
2022  2  4 12 39 00 000    1.680   -9.710   -4.180   -506.70     40.50     -7.70   3.500     50866.0
2022  2  4 12 40 00 000    1.600   -9.810   -3.880   -509.40     38.00     -3.40   3.440     43001.0
2022  2  4 12 41 00 000    2.190   -8.830   -4.920   -513.00     42.80      4.40   4.380     54771.0
2022  2  4 12 42 00 000    2.500   -8.430   -5.390   -513.10     43.00      4.60   4.410     54991.0
2022  2  4 12 43 00 000    2.560   -8.590   -5.290   -513.80     41.60     -0.20   4.100     36612.0
2022  2  4 12 44 00 000    2.380   -8.580   -5.390   -513.20     41.60     -0.80   4.080     36480.0
2022  2  4 12 45 00 000    1.960   -8.950   -4.820   -506.60     41.20     -7.70   3.740     35081.0
2022  2  4 12 46 00 000    2.210   -8.830   -4.930   -510.40     42.10     -3.20   4.080     37956.0
2022  2  4 12 47 00 000    2.130   -8.740   -5.100   -511.80     42.50     -1.40   4.210     39072.0
2022  2  4 12 48 00 000    2.210   -8.710   -5.170   -510.30     41.40     -4.60   4.370     40178.0
2022  2  4 12 49 00 000    2.060   -8.690   -5.140   -510.30     41.40     -4.60   4.370     40178.0
2022  2  4 12 51 00 000    2.100   -8.930   -5.390   -507.00     34.40    -11.50   3.160     30574.0
2022  2  4 12 52 00 000    2.380   -8.430   -5.850   -507.00     34.40    -11.50   3.160     30574.0
2022  2  4 12 53 00 000    2.720   -8.070   -6.220   -512.40     32.10     -0.50   3.480     41879.0
2022  2  4 12 54 00 000    2.720   -7.920   -6.420   -512.40     32.00     -0.40   3.470     41769.0
2022  2  4 12 55 00 000    2.610   -7.950   -6.440   -512.30     29.90      3.20   3.170     38055.0
2022  2  4 12 56 00 000    2.700   -7.970   -6.440   -511.60     29.00      2.50   3.060     37517.0
2022  2  4 12 57 00 000    2.720   -7.790   -6.280   -510.90     28.10      1.70   2.930     36970.0
2022  2  4 12 58 00 000    2.810   -7.840   -6.110   -510.90     28.10      1.70   2.930     36970.0
2022  2  4 13  0 00 000    2.990   -7.960   -6.310   -509.00     23.10      0.60   3.870     29202.0
2022  2  4 13  1 00 000    2.880   -7.810   -6.630   -509.00     23.10      0.60   3.870     29202.0
2022  2  4 13  8 00 000    3.520   -4.740   -7.910   -513.00     30.90      4.90   7.870     35461.0
2022  2  4 13  9 00 000    3.620   -4.930   -7.750   -513.00     30.90      4.90   7.870     35461.0
2022  2  4 13 11 00 000    3.260   -5.530   -7.500   -513.30     34.10      5.60   8.160     31644.0
2022  2  4 13 12 00 000    3.090   -5.680   -7.370   -513.30     34.10      5.60   8.160     31644.0
2022  2  4 13 13 00 000    3.060   -5.710   -7.320   -513.30     34.10      5.60   8.160     31644.0
2022  2  4 13 15 00 000    3.180   -5.730   -7.600   -511.00     34.50      0.40   6.960     30764.0
2022  2  4 13 16 00 000    3.230   -5.890   -7.450   -511.00     34.50      0.20   6.960     30400.0
2022  2  4 13 17 00 000    3.200   -6.290   -7.130   -510.90     33.80     -2.70   6.880     24516.0
2022  2  4 13 18 00 000    3.380   -5.750   -7.460   -510.90     33.80     -2.70   6.880     24516.0
2022  2  4 13 19 00 000    3.260   -5.900   -7.350   -512.90     30.10      2.80   7.410     27012.0
2022  2  4 13 20 00 000    3.480   -5.710   -7.470   -512.90     30.10      2.80   7.410     27012.0
2022  2  4 13 21 00 000    3.930   -5.520   -7.830   -512.90     30.10      2.80   7.410     27012.0
2022  2  4 13 22 00 000    4.090   -5.410   -7.810   -507.10     26.00     -4.00   6.080     14629.0
2022  2  4 13 23 00 000    3.120   -5.960   -7.470   -509.60     26.90     -3.40   6.590     17360.0
2022  2  4 13 24 00 000    3.190   -5.880   -7.450   -513.50     28.20     -2.40   7.370     21543.0
2022  2  4 13 25 00 000    3.360   -5.800   -7.550   -511.30     27.20     -1.00   6.700     30086.0
2022  2  4 13 26 00 000    3.640   -5.790   -7.590   -511.30     27.20     -1.00   6.700     30086.0
2022  2  4 13 28 00 000    3.820   -5.530   -7.620   -507.60     30.60     -7.70   6.260     20040.0
2022  2  4 13 29 00 000    3.850   -5.500   -7.730   -507.60     30.60     -7.70   6.260     20040.0
2022  2  4 13 30 00 000    3.800   -5.550   -7.680   -507.80     24.70     -6.40   6.040     20350.0
2022  2  4 13 31 00 000    3.790   -5.370   -7.870   -508.00     27.40     -7.90   6.070     20248.0
2022  2  4 13 32 00 000    4.020   -5.230   -7.950   -508.10     29.90     -9.30   6.090     20150.0
2022  2  4 13 33 00 000    3.160   -5.880   -7.470   -514.90     30.10     -4.50   6.640     26402.0
2022  2  4 13 34 00 000    3.260   -5.650   -7.700   -514.90     30.10     -4.50   6.640     26402.0
2022  2  4 13 35 00 000    3.520   -5.370   -7.830   -514.90     30.10     -4.50   6.640     26402.0
2022  2  4 13 39 00 000    3.750   -5.770   -7.530   -508.30     22.10    -10.20   5.670     32311.0
2022  2  4 13 40 00 000    3.650   -6.050   -7.210   -508.40     22.00     -9.90   5.710     31664.0
2022  2  4 13 41 00 000    3.580   -6.060   -7.100   -509.70     20.70     -4.60   6.240     21887.0
2022  2  4 13 42 00 000    3.710   -5.990   -7.150   -509.20     21.40     -4.70   6.250     21590.0
2022  2  4 13 43 00 000    3.710   -5.850   -7.310   -505.40     26.40     -5.80   6.300     19363.0
2022  2  4 13 44 00 000    3.580   -5.830   -7.310   -508.00     29.50    -10.60   5.750     19419.0
2022  2  4 13 45 00 000    2.800   -6.200   -6.930   -509.90     31.50    -11.10   6.370     20881.0
2022  2  4 13 46 00 000    2.930   -6.070   -6.880   -511.30     32.90    -10.80   7.030     22233.0
2022  2  4 13 47 00 000    3.220   -5.690   -7.220   -511.30     32.90    -10.80   7.030     22233.0
2022  2  4 13 48 00 000    2.960   -5.840   -7.060   -511.30     34.10    -11.50   7.060     24394.0
2022  2  4 13 49 00 000    3.300   -5.670   -7.250   -510.20     31.90    -13.30   6.770     21872.0
2022  2  4 13 50 00 000    3.400   -5.680   -7.130   -509.70     30.70    -14.60   6.560     20071.0
2022  2  4 13 51 00 000    3.260   -5.760   -6.990   -511.00     32.20    -14.40   6.670     20712.0
2022  2  4 13 52 00 000    3.620   -5.670   -6.980   -512.00     33.40    -11.80   6.910     21972.0
2022  2  4 13 53 00 000    3.620   -5.930   -6.830   -511.50     32.00    -10.00   6.630     27313.0
2022  2  4 13 54 00 000    3.750   -5.860   -6.920   -510.90     30.80     -8.50   6.370     31530.0
2022  2  4 13 55 00 000    3.780   -5.890   -6.790   -509.10     30.80    -13.20   5.970     18989.0
2022  2  4 13 56 00 000    3.830   -6.010   -6.350   -508.00     31.20    -13.00   5.800     25700.0
2022  2  4 13 57 00 000    3.690   -5.950   -6.690   -506.20     31.90    -12.70   5.520     36256.0
2022  2  4 13 58 00 000    3.580   -5.710   -6.910   -508.20     33.00    -15.00   5.320     28282.0
2022  2  4 13 59 00 000    3.180   -6.090   -6.420   -508.50     33.10    -14.80   5.310     27609.0
2022  2  4 14  0 00 000    3.400   -6.150   -6.060   -513.30     32.30      3.20   6.070     36731.0
2022  2  4 14  1 00 000    3.680   -6.180   -5.830   -513.10     32.70      2.80   6.160     35591.0
2022  2  4 14  2 00 000    3.790   -6.190   -5.720   -511.60     36.40     -1.20   6.970     25153.0
2022  2  4 14  3 00 000    3.670   -6.270   -5.880   -511.10     36.20     -1.70   6.830     26757.0
2022  2  4 14  4 00 000    3.860   -6.200   -5.900   -510.20     35.80     -2.50   6.580     29656.0
2022  2  4 14  5 00 000    3.700   -6.240   -6.010   -508.40     30.90     -1.30   6.400     25451.0
2022  2  4 14  6 00 000    3.620   -6.210   -6.050   -508.20     30.30     -1.20   6.380     24982.0
2022  2  4 14  7 00 000    3.540   -6.200   -5.940   -511.00     34.20     -3.60   6.480     30221.0
2022  2  4 14  8 00 000    3.610   -6.960   -4.430   -511.60     35.10     -3.00   6.870     33861.0
2022  2  4 14  9 00 000    3.690   -7.610   -1.970   -514.40     38.70     -0.60   8.540     49279.0
2022  2  4 14 10 00 000    3.760   -7.260   -3.070   -514.50     40.20      9.40   7.860     44706.0
2022  2  4 14 11 00 000    3.590   -7.030   -3.370   -514.40     40.40     10.00   7.800     44097.0
2022  2  4 14 12 00 000    3.520   -7.250   -2.880   -513.70     39.50      3.50   8.080     42803.0
2022  2  4 14 13 00 000    3.360   -6.340   -4.640   -513.80     37.80      4.60   7.960     41096.0
2022  2  4 14 14 00 000    3.120   -6.110   -5.130   -512.20     36.20     -1.10   7.890     38817.0
2022  2  4 14 15 00 000    2.670   -6.050   -5.750   -512.20     36.20     -1.10   7.890     38817.0
2022  2  4 14 16 00 000    2.700   -6.520   -5.050   -510.80     31.30      4.20   6.040     38985.0
2022  2  4 14 17 00 000    2.950   -6.440   -5.180   -510.70     30.80      4.70   5.860     39001.0
2022  2  4 14 18 00 000    3.120   -6.810   -4.540   -509.20     47.90     -2.10   5.500     52365.0
2022  2  4 14 19 00 000    3.490   -6.820   -4.120   -512.80     43.20     -5.10   5.810     49885.0
2022  2  4 14 20 00 000    3.130   -6.810   -4.420   -516.90     38.10     -8.50   6.160     47131.0
2022  2  4 14 21 00 000    2.730   -6.240   -5.430   -514.40     38.10     -4.70   5.940     43324.0
2022  2  4 14 22 00 000    3.120   -6.410   -4.980   -517.60     36.90     -5.30   6.040     48464.0
2022  2  4 14 23 00 000    2.410   -6.440   -5.560   -520.60     35.80     -5.90   6.130     53331.0
2022  2  4 14 24 00 000    2.310   -6.490   -5.850   -517.00     35.50     -1.50   4.730     45355.0
2022  2  4 14 25 00 000    2.700   -5.960   -6.190   -517.00     35.50     -1.50   4.730     45355.0
2022  2  4 14 26 00 000    2.830   -5.890   -6.120   -513.10     37.30     -2.60   5.000     45355.0
2022  2  4 14 27 00 000    2.420   -5.840   -6.600   -513.90     37.00     -3.20   4.650     44976.0
2022  2  4 14 28 00 000    2.370   -5.830   -6.660   -516.00     36.10     -4.70   3.730     43974.0
2022  2  4 14 29 00 000    2.750   -5.830   -6.480   -512.00     38.30     -1.40   3.750     46067.0
2022  2  4 14 30 00 000    2.690   -5.700   -6.590   -511.50     38.60     -1.00   3.750     46354.0
2022  2  4 14 31 00 000    2.570   -5.570   -6.760   -511.90     38.40     -0.30   3.770     46938.0
2022  2  4 14 32 00 000    2.300   -5.580   -6.800   -512.90     37.90      1.30   3.800     48214.0
2022  2  4 14 33 00 000    2.640   -5.380   -6.800   -512.40     38.40      1.00   3.830     48114.0
2022  2  4 14 34 00 000    2.980   -5.540   -6.410   -511.10     39.60      0.20   3.900     47873.0
2022  2  4 14 35 00 000    2.460   -5.260   -6.690   -509.80     36.50      0.90   3.990     54298.0
2022  2  4 14 36 00 000    2.660   -5.070   -6.760   -508.80     34.00      1.40   4.060     59651.0
2022  2  4 14 37 00 000    2.180   -4.920   -6.960   -507.80     32.80      0.70   3.550     53531.0
2022  2  4 14 38 00 000    1.570   -5.390   -6.690   -507.80     32.80      0.70   3.540     53402.0
2022  2  4 14 40 00 000    2.760   -4.950   -6.830   -503.50     31.80      1.60   4.260     53338.0
2022  2  4 14 41 00 000    3.030   -4.820   -6.910   -508.10     34.00      3.40   3.880     63074.0
2022  2  4 14 42 00 000    3.430   -4.750   -6.540   -511.70     33.40     -0.50   3.700     62839.0
2022  2  4 14 43 00 000    3.410   -4.560   -6.490   -512.50     32.80     -2.40   3.680     61257.0
2022  2  4 14 44 00 000    1.090    1.160   -6.540   -491.70      3.70     -0.50   5.610     92398.0
2022  2  4 14 45 00 000    1.130   -0.130   -7.260   -491.70      3.70     -0.50   5.610     92398.0
2022  2  4 14 46 00 000    1.480   -1.840   -7.070   -495.10      2.80    -17.00   5.380    115061.0
2022  2  4 14 47 00 000    1.000    0.240   -7.420   -495.10      2.80    -17.00   5.380    115061.0
2022  2  4 14 49 00 000    0.980    3.000   -6.830   -497.10    -17.10     -4.40   5.520     95353.0
2022  2  4 14 50 00 000    1.400    4.090   -6.220   -495.60    -16.70     -6.80   5.430     99088.0
2022  2  4 14 51 00 000    1.770    4.710   -5.770   -491.70    -15.70    -13.10   5.200    108883.0
2022  2  4 14 53 00 000    0.620    3.320   -6.850   -501.50     -7.40    -11.80   4.310     73732.0
2022  2  4 14 54 00 000    0.510    2.760   -7.080   -501.50     -7.40    -11.80   4.310     73732.0
2022  2  4 14 55 00 000   -0.380    0.850   -7.480   -494.80      1.40    -14.00   4.970    119644.0
2022  2  4 14 56 00 000   -0.570    0.750   -7.450   -494.80      1.40    -14.00   4.970    119644.0
2022  2  4 14 57 00 000   -0.340    1.020   -7.460   -490.50     10.80     -5.20   6.020    111805.0
2022  2  4 14 58 00 000   -0.130    1.060   -7.410   -493.50     11.20    -13.60   5.210    133431.0
2022  2  4 14 59 00 000   -0.350    1.650   -7.300   -494.70      3.50    -20.10   5.470    132812.0
2022  2  4 15  0 00 000   -0.270    1.250   -7.490   -494.90      1.40    -14.20   5.140    136304.0
2022  2  4 15  1 00 000   -0.590    1.230   -7.580   -493.80      8.10     -9.00   4.790    132534.0
2022  2  4 15  2 00 000   -0.630    1.340   -7.540   -491.90      8.90    -12.50   4.650    128792.0
2022  2  4 15  3 00 000    0.650    0.460   -7.720   -491.50      7.90    -14.00   4.620    129525.0
2022  2  4 15  5 00 000    1.030    0.490   -8.080   -492.40     16.20     -3.60   5.700    122567.0
2022  2  4 15  6 00 000    1.970   -0.090   -8.080   -492.40     16.20     -3.60   5.700    122567.0
2022  2  4 15  7 00 000    2.360   -0.490   -8.130   -492.40     16.20     -3.60   5.700    122567.0
2022  2  4 15  9 00 000    3.030    0.290   -8.040   -500.40      2.40    -15.50   5.380    100711.0
2022  2  4 15 10 00 000    4.070    0.130   -7.570   -500.40      2.40    -15.50   5.380    100711.0
2022  2  4 15 12 00 000    3.290   -0.090   -8.230   -508.40     -6.30    -19.30   5.730     90563.0
2022  2  4 15 13 00 000    2.990   -0.820   -8.520   -508.40     -6.30    -19.30   5.730     90563.0
2022  2  4 15 15 00 000    2.500   -2.520   -8.230   -494.30     28.90    -21.60   5.110     86582.0
2022  2  4 15 16 00 000    1.320   -4.290   -7.010   -494.30     28.90    -21.60   5.110     86582.0
2022  2  4 15 17 00 000    0.490   -5.150   -7.100   -494.20     29.00    -21.50   5.080     86433.0
2022  2  4 15 18 00 000    0.830   -4.270   -7.630   -491.30     31.40    -17.90   3.790     79457.0
2022  2  4 15 19 00 000    1.180   -3.910   -8.030   -493.70     28.80    -12.70   3.780     74340.0
2022  2  4 15 20 00 000    1.430   -3.660   -8.180   -497.30     24.50     -7.90   3.750     69809.0
2022  2  4 15 21 00 000    1.690   -3.150   -8.290   -502.30     19.80     -6.20   3.650     67477.0
2022  2  4 15 22 00 000    1.720   -2.980   -8.310   -502.80     22.10     -8.00   3.590     67532.0
2022  2  4 15 23 00 000    1.000   -3.230   -8.310   -499.90     21.30    -19.90   3.640    102745.0
2022  2  4 15 24 00 000    1.250   -2.460   -8.590   -499.90     20.50    -16.80   3.790     96360.0
2022  2  4 15 25 00 000    1.460   -1.210   -8.480   -500.20     16.40     -8.50   4.020     76171.0
2022  2  4 15 26 00 000    1.330    0.350   -6.820   -500.80     10.20     -5.20   3.760     61776.0
2022  2  4 15 27 00 000    0.790    2.690   -5.660   -489.70    -23.80    -37.40   6.570    167071.0
2022  2  4 15 28 00 000   -0.160    4.040   -4.720   -490.50    -17.60    -42.60   6.990    155611.0
2022  2  4 15 29 00 000   -0.340    4.430   -4.270   -491.60     -9.30    -49.40   7.560    140381.0
2022  2  4 15 30 00 000   -0.590    5.240   -2.920   -489.90    -15.50    -54.60   7.530    146431.0
2022  2  4 15 31 00 000   -1.610    5.060   -1.310   -489.10    -17.80    -55.90   7.690    138657.0
2022  2  4 15 32 00 000   -2.920    6.510    2.810   -487.50    -22.90    -58.90   8.030    121534.0
2022  2  4 15 33 00 000   -3.270    6.560    3.850   -493.40      3.10    -53.70   6.000     54909.0
2022  2  4 15 34 00 000   -3.140    6.390    4.340   -494.00      5.70    -53.20   5.800     48385.0
2022  2  4 15 35 00 000   -3.250    6.540    4.010   -494.20      7.00    -57.20   5.530     48147.0
2022  2  4 15 36 00 000   -3.270    6.620    3.640   -494.20      7.00    -57.20   5.530     48146.0
2022  2  4 15 37 00 000   -2.940    6.020    4.540   -492.70      3.10    -46.30   5.640     47330.0
2022  2  4 15 38 00 000   -3.030    6.690    3.240   -492.70      3.10    -46.30   5.640     47330.0
2022  2  4 15 39 00 000   -2.980    7.050    3.070   -495.10      2.60    -53.50   4.840     44007.0
2022  2  4 15 40 00 000   -3.050    7.010    2.930   -495.10      2.60    -53.50   4.840     44007.0
2022  2  4 15 41 00 000   -2.970    6.950    2.910   -490.20    -21.30    -47.30   5.800     63942.0
2022  2  4 15 42 00 000   -2.250    6.430    2.240   -490.20    -21.30    -47.30   5.800     63942.0
2022  2  4 15 43 00 000   -1.160    2.570   -1.320   -490.20    -21.30    -47.30   5.800     63942.0
2022  2  4 15 44 00 000   -1.060   -0.050   -0.080   -496.60     37.90    -43.20   4.490    122839.0
2022  2  4 15 45 00 000   -0.070   -3.780   -2.280   -495.40     29.20    -46.20   4.710    108520.0
2022  2  4 15 46 00 000   -0.080   -3.880   -2.430   -491.00     -1.60    -57.10   5.530     57579.0
2022  2  4 15 47 00 000    0.640   -7.420   -2.710   -495.00     35.20    -46.20   4.260     98730.0
2022  2  4 15 48 00 000    0.390   -6.500   -3.870   -495.40     38.90    -45.10   4.130    102845.0
2022  2  4 15 49 00 000    0.460   -7.620   -3.030   -495.40     38.90    -45.10   4.130    102845.0
2022  2  4 15 50 00 000    0.440   -7.230   -3.530   -492.90     30.40    -41.20   4.040    103995.0
2022  2  4 15 51 00 000    0.290   -6.360   -4.100   -493.50     24.00    -27.50   4.150    114359.0
2022  2  4 15 52 00 000    1.110   -8.000   -0.670   -494.80     14.10    -11.00   4.350    126914.0
2022  2  4 15 53 00 000    1.130   -7.600    0.680   -495.90     28.80    -69.70   4.150     82674.0
2022  2  4 15 54 00 000   -1.470   -6.490   -4.620   -495.90     28.90    -70.00   4.150     82467.0
2022  2  4 15 55 00 000    0.140   -7.930   -1.440   -477.90     27.00    -29.60   5.140     90751.0
2022  2  4 15 56 00 000    0.170   -8.380   -1.080   -477.90     27.00    -29.60   5.140     90751.0
2022  2  4 15 57 00 000    1.310   -8.370    0.820   -492.40     23.00    -64.10   4.100     69369.0
2022  2  4 15 58 00 000    1.050   -8.620    0.870   -498.00     25.40    -67.70   3.940     65543.0
2022  2  4 15 59 00 000    1.180   -8.500    0.030   -497.90     32.20    -58.30   4.020     65618.0
2022  2  4 16  0 00 000    1.730   -8.430    0.010   -499.20     34.10    -49.40   4.230     79866.0
2022  2  4 16  1 00 000    1.360   -8.540   -1.800   -505.40     33.70    -45.40   4.380     98477.0
2022  2  4 16  2 00 000    0.590   -8.990    0.830   -500.40     36.30    -37.10   2.650     49937.0
2022  2  4 16  3 00 000    1.680   -8.810    0.540   -500.40     36.30    -37.10   2.650     49937.0
2022  2  4 16  6 00 000   -0.180   -9.020   -1.980   -479.80     15.20    -46.60   3.250     70715.0
2022  2  4 16  7 00 000    0.100   -8.900   -3.010   -482.20     26.40    -31.80   2.750     67142.0
2022  2  4 16  8 00 000    0.440   -8.840   -3.260   -485.20     36.80     -2.60   2.540     73010.0
2022  2  4 16  9 00 000    0.280   -9.190   -2.830   -490.60     37.80    -16.70   2.120     63002.0
2022  2  4 16 10 00 000    0.180   -9.080   -3.400   -490.50     39.10    -17.80   2.120     60858.0
2022  2  4 16 11 00 000    0.400   -8.790   -4.000   -489.90     48.50    -25.80   2.090     45853.0
2022  2  4 16 12 00 000    0.110   -8.680   -4.180   -489.90     48.50    -25.80   2.090     45853.0
2022  2  4 16 13 00 000   -0.880   -8.370   -4.760   -482.60     51.00    -19.40   2.020     38817.0
2022  2  4 16 14 00 000   -0.710   -7.860   -5.540   -481.60     46.30    -11.50   2.080     44030.0
2022  2  4 16 15 00 000    0.260   -6.190   -7.240   -484.10     40.60      6.70   2.170     62858.0
2022  2  4 16 16 00 000   -0.740   -6.850   -6.510   -488.70     41.90     14.30   2.190     75676.0
2022  2  4 16 18 00 000   -0.630   -7.260   -6.110   -475.40     34.60     -4.00   2.220     44901.0
2022  2  4 16 19 00 000   -0.480   -7.000   -6.450   -481.40     36.00     -0.10   2.210     51961.0
2022  2  4 16 20 00 000   -1.080   -6.810   -6.620   -486.90     37.40      3.50   2.210     58516.0
2022  2  4 16 22 00 000   -1.670   -7.080   -5.480   -471.70     36.80     -9.50   2.100     69544.0
2022  2  4 16 23 00 000   -0.840   -6.430   -6.170   -478.20     23.20     -8.30   2.540    111386.0
2022  2  4 16 24 00 000   -1.910   -6.310   -5.270   -489.60     -1.90     -0.40   3.150    196887.0
2022  2  4 16 25 00 000   -2.380   -6.050   -5.270   -490.30     -3.50      0.50   3.180    202821.0
2022  2  4 16 26 00 000   -2.720   -5.960   -5.200   -482.20      8.50    -18.60   3.090    173101.0
2022  2  4 16 27 00 000   -2.310   -5.830   -5.570   -482.80      7.90    -17.60   3.060    172626.0
2022  2  4 16 28 00 000   -0.940   -6.070   -5.590   -486.00      5.20    -12.30   2.900    167871.0
2022  2  4 16 29 00 000   -0.810    4.870   -2.740   -490.10      8.40     -7.00   2.800    139040.0
2022  2  4 16 30 00 000   -0.160    8.520    2.270   -490.20      8.40     -6.90   2.800    138638.0
2022  2  4 16 31 00 000   -1.010    9.240    0.090   -496.90    -20.10    -49.60   2.810     74622.0
2022  2  4 16 32 00 000   -1.310    9.490   -1.210   -496.80    -20.30    -48.80   2.820     73199.0
2022  2  4 16 33 00 000   -1.130    9.400   -1.790   -495.70    -22.20    -39.60   2.970     57575.0
2022  2  4 16 34 00 000   -1.020    8.950   -1.600   -494.40    -17.90    -31.50   2.890     51279.0
2022  2  4 16 35 00 000   -1.090    9.200   -2.440   -493.30    -14.50    -25.10   2.820     46354.0
2022  2  4 16 36 00 000   -1.290    9.300   -2.910   -493.40    -14.00    -25.50   2.820     46234.0
2022  2  4 16 37 00 000   -1.100    9.300   -3.070   -496.30      2.10    -36.40   2.910     42652.0
2022  2  4 16 38 00 000   -0.750    9.390   -3.240   -497.50      0.60    -39.40   2.460     47549.0
2022  2  4 16 39 00 000   -0.630    8.560   -4.030   -499.90     -1.90    -44.70   2.460     50694.0
2022  2  4 16 40 00 000   -0.700    8.500   -4.320   -500.20     -3.00    -43.80   2.590     54317.0
2022  2  4 16 41 00 000    0.480    9.060   -3.190   -502.60     -9.80    -34.00   3.190     71879.0
2022  2  4 16 42 00 000    0.230    8.930   -3.890   -508.10    -17.50    -31.80   3.480     80078.0
2022  2  4 16 43 00 000   -0.700    8.410   -4.880   -501.10      1.00    -39.60   3.390     76159.0
2022  2  4 16 44 00 000   -0.680    8.360   -5.110   -501.20     -0.60    -38.90   3.320     73357.0
2022  2  4 16 45 00 000   -0.890    8.050   -5.330   -501.70     -6.10    -36.30   3.070     63746.0
2022  2  4 16 46 00 000   -0.530    8.160   -5.430   -495.90    -10.40    -33.30   3.220     69566.0
2022  2  4 16 47 00 000   -0.040    8.140   -5.570   -496.90     -9.30    -31.80   3.190     70313.0
2022  2  4 16 48 00 000    0.380    7.780   -6.100   -502.30     -9.00    -29.00   3.090     76110.0
2022  2  4 16 49 00 000    0.900    7.610   -6.530   -507.40    -14.40    -27.10   3.050     88099.0
2022  2  4 16 50 00 000    0.730    6.980   -7.280   -500.80    -12.20    -23.10   3.350     89723.0
2022  2  4 16 51 00 000    1.600    6.990   -7.410   -500.80    -12.20    -23.10   3.350     89723.0
2022  2  4 16 52 00 000    2.480    6.200   -8.090   -507.40     -3.50    -14.60   3.760     92777.0
2022  2  4 16 53 00 000    3.150    3.650   -9.310   -508.80     -4.00    -16.70   3.850    100084.0
2022  2  4 16 54 00 000    3.300    4.220   -9.190   -509.00    -14.30    -33.80   3.850    127570.0
2022  2  4 16 55 00 000    3.290    2.990   -9.330   -511.50    -12.00    -33.30   3.160    100741.0
2022  2  4 16 56 00 000    3.700    1.790   -8.890   -512.80     -7.60    -33.90   3.200    120225.0
2022  2  4 16 57 00 000    2.170    1.980   -7.120   -509.10    -14.40    -42.00   3.420    146601.0
2022  2  4 16 58 00 000    0.490    7.340   -5.890   -488.00    -66.60    -63.40   3.800     92857.0
2022  2  4 16 59 00 000    0.880    6.280   -7.170   -490.70    -54.80    -60.20   4.520    105656.0
2022  2  4 17  0 00 000    0.980    5.460   -8.020   -493.20    -53.10    -56.50   4.230    102235.0
2022  2  4 17  1 00 000    0.600    5.800   -7.670   -499.90    -48.80    -47.00   3.480     93299.0
2022  2  4 17  2 00 000    0.490    5.600   -7.620   -495.20    -47.70    -50.30   4.020    123276.0
2022  2  4 17  3 00 000    0.290    5.570   -7.740   -495.20    -47.70    -50.30   4.020    123276.0
2022  2  4 17  4 00 000    0.500    5.540   -8.050   -495.20    -47.70    -50.30   4.020    123276.0
2022  2  4 17  5 00 000    0.200    5.010   -8.290   -493.30    -39.90    -48.30   3.810    113536.0
2022  2  4 17  6 00 000    0.420    5.300   -8.120   -493.30    -39.90    -48.30   3.810    113536.0
2022  2  4 17  7 00 000    0.490    5.350   -8.340   -494.70    -39.90    -52.20   3.820    112504.0
2022  2  4 17  8 00 000    0.460    4.960   -8.590   -497.00    -39.80    -59.00   3.830    110723.0
2022  2  4 17  9 00 000    0.670    5.360   -8.790   -497.00    -39.80    -59.00   3.830    110723.0
2022  2  4 17 10 00 000    0.680    5.290   -9.030   -499.40    -39.30    -42.00   2.620     75388.0
2022  2  4 17 11 00 000    0.690    5.050   -9.290   -499.40    -39.30    -42.00   2.620     75388.0
2022  2  4 17 12 00 000    0.800    4.790   -9.370   -503.70    -23.20    -25.80   3.000     91126.0
2022  2  4 17 13 00 000    1.030    4.860   -9.350   -503.70    -23.20    -25.80   3.000     91126.0
2022  2  4 17 14 00 000    1.180    4.600   -9.500   -504.00    -23.10    -26.60   2.970     91261.0
2022  2  4 17 15 00 000    1.150    4.150   -9.730   -506.00    -22.00    -32.10   2.770     92209.0
2022  2  4 17 16 00 000    1.110    4.390   -9.690   -504.70    -21.70    -42.50   2.880     92077.0
2022  2  4 17 17 00 000    1.830    4.040   -9.740   -504.10    -21.50    -47.00   2.920     92020.0
2022  2  4 17 18 00 000    1.500    4.180   -9.760   -503.40    -12.30    -32.00   2.580     70896.0
2022  2  4 17 19 00 000    1.000    3.890   -9.970   -503.40    -12.30    -32.00   2.580     70887.0
2022  2  4 17 20 00 000    1.350    3.700  -10.040   -499.30     -3.20    -33.60   2.720     82154.0
2022  2  4 17 21 00 000    1.050    4.430   -9.760   -499.30     -3.20    -33.60   2.720     82154.0
2022  2  4 17 22 00 000    0.840    0.290  -10.770   -493.10     37.90    -20.60   1.710    103356.0
2022  2  4 17 23 00 000    0.050   -1.920  -10.800   -493.10     38.20    -20.50   1.700    103494.0
2022  2  4 17 24 00 000    0.250   -2.190  -10.710   -491.60      8.00    -10.60   1.510     84942.0
2022  2  4 17 25 00 000    0.420   -2.220  -10.360   -492.10      8.30     -9.10   1.510     85228.0
2022  2  4 17 26 00 000    0.140   -2.790  -10.280   -500.20     13.10     15.10   1.470     89981.0
2022  2  4 17 27 00 000   -0.080   -3.150  -10.010   -498.20     18.60     10.20   1.610     98327.0
2022  2  4 17 28 00 000    0.200   -3.270  -10.060   -497.10     21.20      7.20   1.690    102297.0
2022  2  4 17 29 00 000    0.640   -3.010   -9.590   -492.90     36.00    -16.90   1.810    125400.0
2022  2  4 17 30 00 000   -1.300   -5.480   -7.780   -492.80     36.30    -17.10   1.820    125892.0
2022  2  4 17 31 00 000    0.560   -2.040   -9.530   -496.60     35.20     -2.90   2.280    134328.0
2022  2  4 17 32 00 000    0.710   -1.230   -9.850   -496.60     35.20     -2.90   2.280    134328.0
2022  2  4 17 33 00 000    0.690   -1.420   -9.710   -493.30     17.10     -9.60   2.260    121643.0
2022  2  4 17 34 00 000    0.020   -1.390   -9.720   -495.10     26.60    -10.70   2.240    125595.0
2022  2  4 17 35 00 000   -0.790   -0.700   -9.950   -496.20     32.70    -10.60   2.220    129798.0
2022  2  4 17 36 00 000   -0.300   -1.330   -9.890   -496.60     37.40      3.40   2.150    165675.0
2022  2  4 17 37 00 000    0.520   -1.920   -9.840   -496.60     37.40      3.40   2.150    165675.0
2022  2  4 17 39 00 000    0.080   -2.320   -9.390   -483.50     21.00      6.90   2.280    167198.0
2022  2  4 17 40 00 000   -0.450   -1.380   -9.690   -483.50     21.00      6.90   2.280    167198.0
2022  2  4 17 41 00 000   -0.840   -1.260   -9.680   -478.00     22.80     -8.40   1.920    171487.0
2022  2  4 17 42 00 000   -0.960   -1.290   -9.640   -478.00     22.80     -8.40   1.920    171487.0
2022  2  4 17 43 00 000   -0.850   -1.170   -9.630   -477.00     22.00     -6.50   1.900    162191.0
2022  2  4 17 44 00 000   -1.260   -2.060   -9.360   -475.10     20.50     -0.20   1.870    136545.0
2022  2  4 17 45 00 000   -1.300   -1.680   -9.430   -480.50     24.90     -1.60   1.920    162826.0
2022  2  4 17 46 00 000   -1.000   -1.620   -9.410   -483.50     31.20     -0.40   2.020    176733.0
2022  2  4 17 47 00 000   -1.510   -1.670   -9.210   -483.50     31.20     -0.40   2.020    176745.0
2022  2  4 17 48 00 000   -1.430   -1.630   -9.160   -475.90     32.00      1.80   2.280    167325.0
2022  2  4 17 49 00 000   -1.740   -2.090   -8.980   -475.90     32.00      1.80   2.280    167325.0
2022  2  4 17 50 00 000   -1.520   -1.610   -9.060   -479.70     27.40      6.90   2.350    182415.0
2022  2  4 17 51 00 000   -1.040   -2.180   -9.050   -481.50     28.70      4.30   2.250    164191.0
2022  2  4 17 52 00 000   -0.900   -1.900   -9.170   -483.00     30.40      1.30   2.140    144787.0
2022  2  4 17 53 00 000    1.610   -1.440   -8.930   -486.50     23.00     -0.80   2.030    161036.0
2022  2  4 17 54 00 000    0.220   -0.500   -9.300   -498.00     18.60     -9.00   1.700    138969.0
2022  2  4 17 55 00 000   -0.300   -1.000   -9.270   -490.00     16.70    -13.00   1.870    133354.0
2022  2  4 17 56 00 000    2.530   -3.050   -8.360   -476.90     13.90    -16.90   2.070    136676.0
2022  2  4 18  0 00 000    1.090   -2.040   -9.420   -484.90     20.80     -8.50   1.890     32564.0
2022  2  4 18  1 00 000    1.240   -2.320   -9.550   -492.50     24.20     -4.40   1.900     42396.0
2022  2  4 18  2 00 000    1.550   -2.640   -9.390   -500.50     27.80     -0.10   1.910     52722.0
2022  2  4 18  3 00 000    1.430   -3.170   -8.860   -498.60     31.80     -8.30   2.000     57355.0
2022  2  4 18  4 00 000    1.490   -1.940   -9.090   -498.60     31.70     -8.30   2.000     57477.0
2022  2  4 18  5 00 000    1.290    0.350   -9.290   -494.00      3.40     -4.00   2.160     84534.0
2022  2  4 18  6 00 000    0.760    1.590   -9.270   -491.60     -6.20     -5.60   2.330     88833.0
2022  2  4 18  7 00 000    0.690    0.360   -9.230   -482.60    -42.30    -11.70   2.970    104900.0
2022  2  4 18  8 00 000    0.230    1.050   -9.100   -483.50    -39.20     -9.80   3.000    107157.0
2022  2  4 18  9 00 000    0.420    2.690   -8.210   -483.40    -42.00    -17.80   3.380    110959.0
2022  2  4 18 10 00 000    0.410    3.140   -8.030   -482.50    -55.30    -51.50   4.890    124755.0
2022  2  4 18 11 00 000    0.540    2.550   -8.160   -482.50    -55.30    -51.50   4.890    124755.0
2022  2  4 18 12 00 000    0.210    3.390   -7.930   -476.00    -53.60    -32.50   4.390    121318.0
2022  2  4 18 13 00 000   -0.070    4.200   -7.340   -476.00    -53.70    -32.50   4.390    121376.0
2022  2  4 18 14 00 000    0.320    2.930   -8.070   -473.80    -69.80    -24.70   4.180    134976.0
2022  2  4 18 15 00 000    0.360    3.620   -7.850   -473.40    -72.70    -23.30   4.140    137424.0
2022  2  4 18 16 00 000    0.040    3.720   -7.830   -475.20    -67.40    -16.40   3.630    149440.0
2022  2  4 18 17 00 000    0.310    3.620   -8.280   -476.50    -79.90     -7.10   3.220    140397.0
2022  2  4 18 18 00 000    0.440    3.330   -8.460   -475.90    -95.70     -2.90   2.980    131822.0
2022  2  4 18 19 00 000    0.700    3.510   -9.190   -470.90    -91.90    -21.30   3.690    140614.0
2022  2  4 18 20 00 000    0.370    2.430   -9.720   -472.50    -81.80     31.90   1.590     64692.0
2022  2  4 18 21 00 000    0.350    1.100   -9.950   -472.50    -81.80     31.90   1.590     64692.0
2022  2  4 18 22 00 000    0.510    2.510   -9.660   -472.50    -99.10     29.80   2.010    112073.0
2022  2  4 18 23 00 000    0.470    2.670   -9.680   -478.60    -88.80     16.70   1.590     67637.0
2022  2  4 18 24 00 000    0.330    2.450   -9.760   -481.00    -82.40     16.90   1.360     44263.0
2022  2  4 18 25 00 000    0.800    1.270   -9.740   -478.20    -80.40     37.50   1.360     47737.0
2022  2  4 18 26 00 000    2.130   -3.250   -9.140   -478.20    -80.40     37.50   1.360     47737.0
2022  2  4 18 27 00 000    0.840   -0.570  -10.080   -491.70    -26.00     20.80   1.310     63158.0
2022  2  4 18 28 00 000    0.350    1.730   -9.850   -491.70    -26.00     20.80   1.310     63158.0
2022  2  4 18 29 00 000   -0.090    2.100   -9.920   -491.70    -26.00     20.80   1.310     63158.0
2022  2  4 18 30 00 000    0.980    0.960  -10.080   -488.80    -46.70     30.80   1.500     60108.0
2022  2  4 18 31 00 000    1.500   -0.710  -10.120   -484.50    -54.70     31.90   1.500     63838.0
2022  2  4 18 35 00 000    1.350   -2.490   -9.750   -495.20    -14.40     24.00   1.390     78495.0
2022  2  4 18 36 00 000    0.930   -2.340   -9.830   -494.30    -13.40     22.30   1.390     78940.0
2022  2  4 18 37 00 000    1.330   -2.830   -9.500   -493.40     -2.30      0.70   1.330     99658.0
2022  2  4 18 38 00 000    1.510   -2.340   -9.510   -496.30     -1.70     -1.40   1.330    105894.0
2022  2  4 18 39 00 000    1.930   -2.180   -9.480   -503.60     -9.50     11.20   1.250    164537.0
2022  2  4 18 40 00 000    1.710   -2.280   -9.510   -503.60     -9.50     11.20   1.250    164537.0
2022  2  4 18 41 00 000    1.090   -3.360   -9.180   -497.90     29.80    -18.20   1.380    116425.0
2022  2  4 18 42 00 000    2.000   -2.730   -9.400   -502.90     23.30     -1.00   1.220     83993.0
2022  2  4 18 43 00 000    2.720   -2.610   -9.260   -508.80      3.60     14.50   1.450     53920.0
2022  2  4 18 44 00 000    2.480   -2.230   -9.400   -509.40     -4.40     13.60   1.690     54814.0
2022  2  4 18 46 00 000    1.500   -2.210   -9.600   -492.60      3.30     22.20   1.560     45355.0
2022  2  4 18 47 00 000    1.670   -2.060   -9.590   -495.80     -6.80     27.70   1.650     61312.0
2022  2  4 18 48 00 000    0.770   -2.230   -9.630   -499.10    -17.30     33.30   1.730     77799.0
2022  2  4 18 49 00 000    1.080   -2.400   -9.550   -487.80     -8.50     33.40   1.770     97527.0
2022  2  4 18 50 00 000    1.120   -2.040   -9.630   -487.80     -8.50     33.40   1.770     97527.0
2022  2  4 18 51 00 000    1.540   -2.140   -9.530   -492.20     -3.70     25.10   1.690     59956.0
2022  2  4 18 52 00 000    0.730   -1.240   -9.810   -492.50     -3.40     24.60   1.680     57542.0
2022  2  4 18 53 00 000    1.260   -1.460   -9.710   -480.90    -14.30     31.80   1.300     92068.0
2022  2  4 18 54 00 000    1.170   -1.250   -9.740   -480.90    -14.20     32.00   1.300     91303.0
2022  2  4 18 55 00 000    1.440   -1.140   -9.710   -486.80    -10.90     40.40   1.450     55415.0
2022  2  4 18 56 00 000    1.910   -1.230   -9.630   -490.70    -10.40     40.40   1.490     53498.0
2022  2  4 18 57 00 000    2.120   -1.250   -9.650   -493.30     -8.70     41.30   1.540     50356.0
2022  2  4 18 58 00 000    1.810   -0.920   -9.750   -491.30    -13.00     41.50   1.510     49374.0
2022  2  4 18 59 00 000    2.140   -1.240   -9.590   -491.60    -13.60     41.60   1.500     48802.0
2022  2  4 19  0 00 000    2.100   -1.050   -9.670   -498.10    -12.50     42.20   1.490     44389.0
2022  2  4 19  1 00 000    2.320   -1.040   -9.650   -504.50    -11.70     26.50   1.240     45807.0
2022  2  4 19  2 00 000    2.360   -1.140   -9.610   -505.00    -11.60     25.20   1.220     45920.0
2022  2  4 19  3 00 000    2.470   -1.060   -9.480   -504.00     -3.20     31.60   1.710     53223.0
2022  2  4 19  4 00 000    3.040   -2.910   -9.000   -509.00     -1.90     29.50   1.590     50023.0
2022  2  4 19  5 00 000    2.700   -4.410   -8.520   -517.80      0.30     25.70   1.390     44360.0
2022  2  4 19  6 00 000    2.990   -4.890   -8.090   -516.40     20.90     -7.00   1.380     44268.0
2022  2  4 19  7 00 000    3.300   -5.850   -7.230   -516.40     20.90     -7.00   1.380     44268.0
2022  2  4 19  8 00 000    3.360   -5.900   -7.150   -517.50     34.70      1.20   1.770     40858.0
2022  2  4 19  9 00 000    3.300   -5.880   -7.120   -517.50     34.80      1.30   1.770     40835.0
2022  2  4 19 10 00 000    2.830   -6.250   -7.000   -517.50     34.80      1.30   1.770     40835.0
2022  2  4 19 11 00 000    2.900   -6.280   -6.950   -510.40     33.10     -2.80   1.350     44925.0
2022  2  4 19 12 00 000    2.800   -6.320   -6.930   -510.40     33.10     -2.80   1.350     44925.0
2022  2  4 19 14 00 000    2.730   -5.330   -7.790   -493.30     26.40     28.20   1.520     51868.0
2022  2  4 19 15 00 000    2.590   -6.640   -6.690   -499.30     25.60     23.40   1.590     50711.0
2022  2  4 19 16 00 000    2.840   -7.180   -5.970   -505.30     24.80     18.40   1.660     48794.0
2022  2  4 19 17 00 000    2.140   -6.880   -6.590   -500.80     27.00     13.30   1.260     27577.0
2022  2  4 19 18 00 000    2.380   -6.910   -6.420   -500.00     27.40     14.20   1.270     30002.0
2022  2  4 19 19 00 000    2.130   -6.260   -7.130   -494.80     29.80     20.20   1.320     46187.0
2022  2  4 19 20 00 000    1.990   -6.130   -7.250   -492.50     30.30     25.90   1.560     50041.0
2022  2  4 19 21 00 000    2.280   -6.280   -7.100   -494.90     27.30     25.10   1.720     40966.0
2022  2  4 19 22 00 000    2.750   -6.730   -6.530   -500.60     22.40     18.40   1.750     24011.0
2022  2  4 19 23 00 000    3.130   -6.800   -6.170   -502.80     27.30     11.20   1.630     27140.0
2022  2  4 19 24 00 000    3.140   -6.480   -6.530   -502.80     27.30     11.20   1.630     27140.0
2022  2  4 19 25 00 000    3.210   -6.080   -6.940   -504.50     30.30     27.50   1.700     26250.0
2022  2  4 19 26 00 000    2.440   -4.620   -8.140   -504.40     29.50     25.90   1.650     24727.0
2022  2  4 19 27 00 000    2.470   -5.010   -7.980   -496.10     22.60     28.50   1.590     20190.0
2022  2  4 19 28 00 000    3.110   -5.120   -7.820   -505.00     14.40     32.80   1.620     22047.0
2022  2  4 19 29 00 000    4.080   -6.240   -6.340   -502.80     12.50     38.30   1.630     23094.0
2022  2  4 19 30 00 000    4.000   -6.400   -6.430   -525.20     29.20     -4.60   1.290     24956.0
2022  2  4 19 31 00 000    3.790   -6.440   -6.530   -525.20     29.20     -4.60   1.290     24956.0
2022  2  4 19 33 00 000    3.510   -7.580   -5.260   -518.80     33.20    -29.40   1.250     26150.0
2022  2  4 19 34 00 000    3.160   -6.620   -6.670   -518.20     33.10    -25.10   1.260     24779.0
2022  2  4 19 35 00 000    3.250   -5.820   -7.410   -514.90     32.40      0.30   1.340     16611.0
2022  2  4 19 36 00 000    3.180   -6.270   -7.010   -515.30     29.40      3.40   1.230     15970.0
2022  2  4 19 37 00 000    2.930   -7.100   -6.280   -515.30     29.10      3.80   1.220     15897.0
2022  2  4 19 38 00 000    3.030   -7.510   -5.750   -515.80     32.90    -42.30   1.300     18528.0
2022  2  4 19 39 00 000    3.080   -7.220   -6.090   -515.80     32.90    -42.30   1.300     18528.0
2022  2  4 19 40 00 000    2.570   -4.730   -7.890   -512.30     42.40    -16.70   1.740     29924.0
2022  2  4 19 41 00 000    3.090   -3.750   -8.510   -506.10     15.20      9.00   1.810     30881.0
2022  2  4 19 42 00 000    2.970   -5.080   -7.860   -498.20    -19.20     41.30   1.880     32088.0
2022  2  4 19 43 00 000    2.810   -5.540   -7.630   -506.50      2.70     25.60   1.610     22536.0
2022  2  4 19 44 00 000    3.000   -5.610   -7.540   -507.70      4.50     22.30   1.620     22633.0
2022  2  4 19 45 00 000    2.920   -5.530   -7.630   -512.20     11.20      9.60   1.640     23005.0
2022  2  4 19 46 00 000    2.940   -5.380   -7.760   -510.40      9.70     14.50   1.370     21984.0
2022  2  4 19 47 00 000    2.920   -5.270   -7.840   -510.40      9.70     14.60   1.360     21956.0
2022  2  4 19 49 00 000    2.560   -4.820   -8.190   -503.40     11.00     21.80   1.460     30302.0
2022  2  4 19 50 00 000    2.710   -4.780   -8.120   -503.70     10.10     21.00   1.520     27770.0
2022  2  4 19 51 00 000    2.790   -4.430   -8.250   -504.20      8.70     19.60   1.600     23646.0
2022  2  4 19 52 00 000    2.480   -4.520   -8.310   -508.00      6.50     17.00   1.580     21979.0
2022  2  4 19 53 00 000    2.340   -4.700   -8.280   -508.00      6.50     17.00   1.580     21979.0
2022  2  4 19 54 00 000    2.130   -4.470   -8.440   -503.20      9.70     15.80   1.490     19493.0
2022  2  4 19 55 00 000    2.160   -4.450   -8.440   -503.20      9.70     15.80   1.490     19493.0
2022  2  4 19 57 00 000    2.250   -4.190   -8.520   -498.90      4.40     24.20   1.700     22723.0
2022  2  4 19 58 00 000    2.490   -4.380   -8.310   -501.80      5.40     22.10   1.640     22110.0
2022  2  4 19 59 00 000    2.450   -4.360   -8.310   -505.70      6.80     19.20   1.560     21270.0
2022  2  4 20  0 00 000    2.470   -4.380   -8.280   -501.70      9.90     20.60   1.520     22137.0
2022  2  4 20  1 00 000    2.500   -4.330   -8.270   -501.70      9.90     20.60   1.520     22144.0
2022  2  4 20  2 00 000    2.580   -4.190   -8.310   -503.70     13.30     23.10   1.610     22840.0
2022  2  4 20  3 00 000    2.540   -4.010   -8.430   -503.70     13.30     23.10   1.610     22840.0
2022  2  4 20  4 00 000    2.420   -3.550   -8.680   -497.30      6.30     37.00   1.420     20438.0
2022  2  4 20  5 00 000    2.370   -3.620   -8.650   -497.30      6.30     37.00   1.420     20438.0
2022  2  4 20  6 00 000    2.380   -3.210   -8.830   -498.10      3.70     41.60   1.290     27397.0
2022  2  4 20  7 00 000    2.360   -3.230   -8.810   -498.10      3.70     41.60   1.290     27397.0
2022  2  4 20  8 00 000    2.210   -3.370   -8.790   -498.10      3.70     41.60   1.290     27397.0
2022  2  4 20  9 00 000    2.290   -3.330   -8.760   -496.50      3.10     37.10   1.510     22002.0
2022  2  4 20 10 00 000    2.190   -3.380   -8.770   -496.50      3.10     37.10   1.510     22002.0
2022  2  4 20 11 00 000    2.130   -3.500   -8.730   -496.50      3.10     37.10   1.510     22002.0
2022  2  4 20 13 00 000    2.060   -3.420   -8.760   -493.10      1.70     38.30   1.600     23432.0
2022  2  4 20 14 00 000    2.290   -3.500   -8.660   -493.10      1.70     38.30   1.600     23432.0
2022  2  4 20 15 00 000    2.080   -3.470   -8.730   -493.10      1.70     38.30   1.600     23432.0
2022  2  4 20 18 00 000    2.100   -3.310   -8.770   -491.30      3.50     42.10   1.850     23527.0
2022  2  4 20 19 00 000    2.030   -3.300   -8.780   -491.30      3.50     42.10   1.850     23527.0
2022  2  4 20 20 00 000    1.900   -3.540   -8.710   -491.30      3.50     42.10   1.850     23527.0
2022  2  4 20 23 00 000    1.790   -3.570   -8.710   -491.80      0.50     45.20   1.860     21451.0
2022  2  4 20 24 00 000    1.870   -3.530   -8.740   -491.80      0.50     45.20   1.860     21451.0
2022  2  4 20 25 00 000    2.300   -3.150   -8.770   -498.70     -9.70     42.50   1.600     23235.0
2022  2  4 20 26 00 000    2.570   -2.950   -8.750   -501.00    -11.00     43.20   1.680     23242.0
2022  2  4 20 27 00 000    2.280   -2.980   -8.770   -491.00     -6.40     38.90   1.820     25106.0
2022  2  4 20 28 00 000    2.030   -3.200   -8.760   -487.60     -5.00     38.00   1.850     24843.0
2022  2  4 20 29 00 000    1.780   -3.620   -8.720   -483.80     -0.50     34.30   1.700     26187.0
2022  2  4 20 30 00 000    2.100   -3.500   -8.630   -486.00     -1.60     32.60   1.540     23533.0
2022  2  4 20 31 00 000    2.290   -3.730   -8.510   -487.40     -3.70     32.70   1.570     22126.0
2022  2  4 20 32 00 000    2.130   -3.750   -8.540   -489.10     -0.70     20.60   1.430     22116.0
2022  2  4 20 33 00 000    2.080   -3.630   -8.590   -484.50     -4.40     27.20   1.530     23540.0
2022  2  4 20 34 00 000    2.060   -3.690   -8.570   -484.20     -2.90     27.40   1.490     23412.0
2022  2  4 20 35 00 000    2.420   -3.290   -8.580   -484.40      4.00     22.50   1.380     23437.0
2022  2  4 20 36 00 000    2.340   -3.270   -8.580   -485.90      2.10     14.30   1.500     25100.0
2022  2  4 20 37 00 000    2.070   -3.680   -8.500   -477.80      7.60     31.00   1.510     21588.0
2022  2  4 20 38 00 000    2.240   -3.620   -8.470   -479.00      6.60     29.90   1.510     22006.0
2022  2  4 20 39 00 000    2.170   -3.240   -8.620   -481.50      3.50     28.30   1.510     24585.0
2022  2  4 20 40 00 000    2.220   -2.830   -8.730   -480.80     -4.00     35.30   1.510     26687.0
2022  2  4 20 41 00 000    2.390   -3.310   -8.500   -481.70     -6.00     38.50   1.470     23111.0
2022  2  4 20 42 00 000    2.330   -3.300   -8.490   -484.10     -0.70     34.80   1.460     23519.0
2022  2  4 20 43 00 000    2.390   -3.370   -8.440   -485.80     -1.40     39.70   1.550     22233.0
2022  2  4 20 44 00 000    2.550   -2.890   -8.470   -485.80     -1.40     39.70   1.550     22233.0
2022  2  4 20 45 00 000    2.710   -3.620   -8.240   -488.90    -25.70     28.90   1.850     16173.0
2022  2  4 20 46 00 000    2.760   -3.750   -8.150   -488.90    -25.70     28.90   1.850     16173.0
2022  2  4 20 47 00 000    2.790   -3.660   -8.170   -485.10     -9.90     16.90   1.850     16094.0
2022  2  4 20 48 00 000    2.750   -3.570   -8.190   -485.10     -9.90     16.90   1.850     16094.0
2022  2  4 20 49 00 000    2.770   -3.560   -8.150   -483.70    -18.60     23.00   1.730     18395.0
2022  2  4 20 50 00 000    2.450   -2.780   -8.360   -483.40    -20.40     24.20   1.710     18868.0
2022  2  4 20 51 00 000    1.700   -1.430   -8.520   -479.10    -23.30     11.80   2.300     36180.0
2022  2  4 20 52 00 000    2.920   -5.530   -4.710   -478.70    -23.60     10.50   2.350     37934.0
2022  2  4 20 54 00 000    2.910   -7.520   -2.240   -474.90     -3.20      0.80   1.960    167262.0
2022  2  4 20 55 00 000    3.080   -7.160   -1.340   -480.10     -2.50      1.40   2.120    150578.0
2022  2  4 20 56 00 000    3.340   -6.570   -0.980   -487.70     -8.90      5.90   2.650    140004.0
2022  2  4 20 57 00 000    3.590   -6.200   -1.390   -481.70    -26.70      3.00   2.580     71300.0
2022  2  4 20 58 00 000    2.870   -6.670   -0.300   -481.00    -27.20      2.30   2.530     65366.0
2022  2  4 20 59 00 000    2.940   -6.880   -0.170   -481.90    -20.50     -1.10   3.060     82244.0
2022  2  4 21  0 00 000    1.760   -5.890   -0.730   -488.00     -6.50    -10.50   4.030     97334.0
2022  2  4 21  1 00 000    1.700   -5.970    0.190   -492.50      0.00    -15.90   4.420     96407.0
2022  2  4 21  2 00 000    1.370   -5.770    0.520   -487.00      5.50    -25.20   4.690    110568.0
2022  2  4 21  3 00 000    1.060   -4.460    0.620   -487.00      5.50    -25.20   4.690    110568.0
2022  2  4 21  4 00 000    0.880   -4.760    0.450   -492.90     10.70    -21.00   6.140     97442.0
2022  2  4 21  5 00 000    0.130   -4.520    1.420   -493.70     11.40    -20.40   6.330     95704.0
2022  2  4 21  6 00 000    1.140   -4.490    0.840   -496.30     10.10    -13.40   6.490    109690.0
2022  2  4 21  7 00 000    1.320   -4.630   -0.400   -496.30     10.10    -13.40   6.490    109690.0
2022  2  4 21  8 00 000    2.010   -4.810   -1.160   -490.10      1.00    -16.00   6.910     99427.0
2022  2  4 21  9 00 000    2.160   -4.770   -1.210   -489.70     -1.00    -16.30   6.840     97594.0
2022  2  4 21 10 00 000    2.310   -4.910   -1.230   -487.60    -11.30    -17.70   6.470     87904.0
2022  2  4 21 11 00 000    2.100   -4.810   -1.920   -483.90    -13.80     -5.90   5.750     87132.0
2022  2  4 21 12 00 000    2.440   -5.110   -1.960   -485.20    -11.50     -9.20   5.580     84533.0
2022  2  4 21 13 00 000    2.630   -5.180   -1.520   -487.20     -7.90    -14.20   5.330     80601.0
2022  2  4 21 14 00 000    2.530   -4.350   -1.830   -483.30     -4.90    -18.30   6.440     72559.0
2022  2  4 21 15 00 000    2.820   -5.180   -1.030   -483.60     -9.60    -12.00   6.200     76934.0
2022  2  4 21 16 00 000    2.970   -5.130   -0.760   -483.70    -13.40     -6.80   6.000     80569.0
2022  2  4 21 17 00 000    2.950   -4.980   -0.170   -482.40    -11.00     -9.60   5.800     79720.0
2022  2  4 21 18 00 000    2.890   -4.820    0.610   -482.70    -11.90     -4.10   6.070     87419.0
2022  2  4 21 19 00 000    2.490   -4.260    0.910   -482.80    -12.20     -2.60   6.150     89536.0
2022  2  4 21 20 00 000    2.310   -3.490    1.220   -488.10     -3.30    -15.20   7.460     70680.0
2022  2  4 21 21 00 000    1.990   -2.820    1.350   -488.10     -3.30    -15.20   7.460     70680.0
2022  2  4 21 22 00 000    2.000   -2.430    1.070   -490.10      6.60    -12.20   9.530    100711.0
2022  2  4 21 23 00 000    2.330   -1.800    1.410   -490.10      6.60    -12.20   9.530    100711.0
2022  2  4 21 24 00 000    2.440   -1.890    1.510   -484.10     -0.10     -8.80   9.710     88376.0
2022  2  4 21 25 00 000    2.710   -2.090    1.600   -484.10     -0.10     -8.80   9.710     88376.0
2022  2  4 21 26 00 000    2.810   -2.410    1.330   -487.60      6.70    -15.40  10.230     79676.0
2022  2  4 21 27 00 000    2.900   -2.440    0.970   -487.60      6.70    -15.40  10.230     79676.0
2022  2  4 21 28 00 000    2.810   -2.550    0.710   -487.60      6.70    -15.40  10.230     79676.0
2022  2  4 21 29 00 000    2.290   -2.810    0.920   -488.00      9.40    -16.80  10.030     65845.0
2022  2  4 21 30 00 000    2.060   -2.960    0.820   -488.00      9.40    -16.80  10.030     65845.0
2022  2  4 21 31 00 000    1.910   -3.460    0.650   -488.00      9.40    -16.80  10.030     65845.0
2022  2  4 21 32 00 000    2.210   -2.980    0.910   -487.20      2.10    -14.30  10.440     68913.0
2022  2  4 21 33 00 000    1.980   -3.230    0.840   -484.70      0.70    -14.90  10.540     64610.0
2022  2  4 21 34 00 000    2.050   -3.010    0.980   -483.40      1.00    -15.50  10.830     63975.0
2022  2  4 21 35 00 000    2.330   -2.980    0.600   -483.70      0.50    -16.10  11.180     61105.0
2022  2  4 21 36 00 000    2.590   -2.590    0.470   -483.80      0.30    -16.10  11.190     60604.0
2022  2  4 21 38 00 000    2.330   -2.950   -0.110   -483.00     -2.70    -16.60  11.270     65327.0
2022  2  4 21 39 00 000    2.360   -3.010   -0.090   -483.00     -2.70    -16.60  11.270     65327.0
2022  2  4 21 40 00 000    2.400   -3.120   -0.290   -480.90     -1.40    -17.90  10.460     66525.0
2022  2  4 21 41 00 000    2.290   -3.490    0.010   -480.90     -1.40    -17.90  10.460     66525.0
2022  2  4 21 42 00 000    2.150   -3.830    0.310   -481.40      1.30    -15.90   9.480     71171.0
2022  2  4 21 43 00 000    2.050   -3.660    0.120   -481.60      2.70    -14.90   9.020     73498.0
2022  2  4 21 44 00 000    1.580   -3.470   -0.150   -484.10      0.50    -15.60   9.890     75602.0
2022  2  4 21 45 00 000    1.700   -3.680   -0.310   -484.10      0.50    -15.60   9.890     75602.0
2022  2  4 21 46 00 000    2.050   -3.840   -0.600   -481.70      1.50    -17.80   9.800     65366.0
2022  2  4 21 47 00 000    2.160   -3.640   -0.400   -481.70      1.50    -17.80   9.750     65886.0
2022  2  4 21 48 00 000    3.070   -3.510   -0.340   -481.50      1.10    -18.40   8.820     76718.0
2022  2  4 21 49 00 000    3.440   -3.990   -0.110   -481.50      1.10    -18.40   8.820     76718.0
2022  2  4 21 50 00 000    4.050   -3.980    0.190   -479.70      7.80    -20.30   7.630    117235.0
2022  2  4 21 51 00 000    4.260   -4.170   -0.150   -479.70      7.80    -20.30   7.630    117235.0
2022  2  4 21 53 00 000    2.630   -3.750    0.430   -479.60      3.40    -19.50   7.620     98209.0
2022  2  4 21 54 00 000    2.110   -3.030    0.230   -481.00      3.20    -19.30   7.980    100855.0
2022  2  4 21 55 00 000    2.430   -3.210    0.270   -484.50      2.80    -18.80   8.910    107792.0
2022  2  4 21 56 00 000    2.300   -3.330    0.300   -483.60      6.10    -20.60   8.420     98059.0
2022  2  4 21 57 00 000    2.750   -3.820    0.100   -483.60      6.10    -20.60   8.420     98014.0
2022  2  4 21 58 00 000    3.380   -4.870   -0.110   -474.40     -7.80    -16.20   6.760     91973.0
2022  2  4 21 59 00 000    3.200   -4.650   -0.060   -474.40     -7.80    -16.20   6.760     91973.0
2022  2  4 22  0 00 000    2.690   -6.710   -2.080   -477.30    -45.20    -25.10   2.340     32564.0
2022  2  4 22  1 00 000    4.270   -6.970   -0.640   -472.20    -38.50    -17.70   2.830     42585.0
2022  2  4 22  2 00 000    3.850   -7.410   -0.830   -468.30    -31.80    -11.30   3.190     50597.0
2022  2  4 22  3 00 000    3.750   -7.590   -0.430   -468.60    -24.80     -7.20   3.120     51935.0
2022  2  4 22  4 00 000    3.630   -7.530   -0.440   -470.00    -23.50     -3.90   2.970     48862.0
2022  2  4 22  5 00 000    3.630   -7.540   -0.590   -471.10    -24.50     -4.40   3.460     51432.0
2022  2  4 22  6 00 000    3.540   -7.650   -0.820   -471.10    -24.50     -4.40   3.470     51479.0
2022  2  4 22  7 00 000    3.630   -7.640   -0.840   -470.60    -25.60     -8.20   3.130     47500.0
2022  2  4 22  8 00 000    3.720   -7.600   -0.780   -470.60    -25.60     -8.20   3.130     47500.0
2022  2  4 22  9 00 000    3.580   -7.650   -0.690   -469.70    -26.40     -5.40   3.310     64771.0
2022  2  4 22 10 00 000    3.250   -7.590   -1.030   -472.20    -27.20     -6.40   3.440     53813.0
2022  2  4 22 11 00 000    2.900   -7.680   -0.890   -475.10    -31.90     -4.40   3.740     51457.0
2022  2  4 22 12 00 000    3.300   -7.560   -0.700   -476.10    -34.50     -2.90   3.870     53008.0
2022  2  4 22 13 00 000    3.220   -7.650   -0.770   -471.60    -34.20      0.10   3.830     58140.0
2022  2  4 22 14 00 000    3.080   -7.740   -0.650   -472.20    -33.50     -0.20   3.830     58076.0
2022  2  4 22 15 00 000    3.020   -7.750   -0.720   -474.40    -30.70     -1.20   3.800     57841.0
2022  2  4 22 16 00 000    2.780   -7.830   -0.700   -475.50    -32.40     -3.30   3.860     50338.0
2022  2  4 22 17 00 000    3.670   -7.530   -0.400   -475.60    -32.60     -3.50   3.870     49556.0
2022  2  4 22 18 00 000    3.270   -7.690   -0.400   -469.30    -29.60      3.50   4.180     54996.0
2022  2  4 22 19 00 000    2.890   -7.830   -0.490   -469.60    -29.90      3.60   4.200     54692.0
2022  2  4 22 20 00 000    2.460   -7.980   -0.290   -473.10    -33.20      5.40   4.470     50811.0
2022  2  4 22 21 00 000    2.750   -7.980   -0.420   -475.20    -29.80     -0.00   4.460     59311.0
2022  2  4 22 22 00 000    2.670   -8.010   -0.800   -476.80    -28.80     -0.80   4.330     60596.0
2022  2  4 22 23 00 000    3.160   -7.860   -0.710   -484.20    -26.30     -0.10   3.600     60336.0
2022  2  4 22 24 00 000    3.140   -7.820   -0.800   -475.70    -34.30     -1.90   4.120     52676.0
2022  2  4 22 25 00 000    2.820   -7.950   -0.960   -474.70    -35.30     -2.20   4.180     51552.0
2022  2  4 22 26 00 000    2.840   -7.840   -1.000   -479.20    -32.20     -9.40   3.780     46389.0
2022  2  4 22 27 00 000    3.120   -7.880   -0.760   -479.10    -32.40     -8.80   3.760     46543.0
2022  2  4 22 28 00 000    2.830   -7.820   -0.830   -476.00    -34.60     -0.40   3.690     49383.0
2022  2  4 22 29 00 000    2.790   -7.850   -0.600   -475.80    -34.60      0.50   3.740     50235.0
2022  2  4 22 30 00 000    2.970   -7.850   -0.510   -474.90    -34.50      4.30   3.970     54051.0
2022  2  4 22 31 00 000    3.020   -7.770   -0.580   -473.50    -34.70      2.70   4.010     50250.0
2022  2  4 22 32 00 000    2.950   -7.780   -0.420   -472.60    -34.80      1.60   4.030     47737.0
2022  2  4 22 33 00 000    2.990   -7.800   -0.510   -470.20    -35.20      1.10   4.210     44590.0
2022  2  4 22 34 00 000    2.820   -7.850   -0.480   -470.10    -35.20      1.10   4.220     44448.0
2022  2  4 22 35 00 000    2.740   -7.930    0.060   -472.00    -36.30      2.50   4.220     42294.0
2022  2  4 22 36 00 000    2.770   -7.930    0.120   -472.30    -36.10      2.40   4.170     41920.0
2022  2  4 22 37 00 000    3.600   -7.360   -1.950   -473.00    -35.80      2.20   4.090     41213.0
2022  2  4 22 38 00 000    3.290   -7.610   -1.650   -472.10    -34.80     -1.50   3.980     44306.0
2022  2  4 22 39 00 000    3.270   -7.740   -0.950   -469.50    -31.80    -12.30   3.690     53187.0
2022  2  4 22 40 00 000    2.910   -7.590    0.430   -471.90    -25.80      5.90   4.560     65743.0
2022  2  4 22 41 00 000    3.510   -7.360   -1.100   -473.30    -22.30     16.60   5.060     73100.0
2022  2  4 22 42 00 000    3.400   -7.630   -0.740   -466.70    -33.70     -3.70   4.420     55728.0
2022  2  4 22 43 00 000    2.870   -7.770   -2.050   -467.60    -33.20     -6.30   4.310     59899.0
2022  2  4 22 44 00 000    2.740   -7.780   -2.340   -474.00    -29.60    -25.60   3.500     90330.0
2022  2  4 22 45 00 000    2.750   -7.760   -2.410   -473.90    -29.60    -26.50   2.970     70140.0
2022  2  4 22 46 00 000    2.680   -7.710   -2.530   -473.90    -29.60    -26.60   2.900     67128.0
2022  2  4 22 47 00 000    2.820   -7.680   -2.490   -474.70    -31.70    -23.20   2.700     55691.0
2022  2  4 22 48 00 000    3.460   -7.430   -2.300   -474.70    -31.70    -23.20   2.700     55691.0
2022  2  4 22 49 00 000    3.660   -7.320   -2.360   -463.30    -35.80    -23.70   3.220     78452.0
2022  2  4 22 50 00 000    3.100   -7.540   -2.480   -463.50    -35.50    -23.60   3.220     78224.0
2022  2  4 22 51 00 000    2.670   -7.600   -2.640   -472.20    -21.10    -20.10   3.010     67168.0
2022  2  4 22 52 00 000    2.950   -7.560   -2.450   -471.60    -25.10    -22.40   3.090     70748.0
2022  2  4 22 53 00 000    2.980   -7.530   -2.520   -470.60    -29.90    -25.00   3.180     74962.0
2022  2  4 22 54 00 000    3.010   -7.530   -2.530   -470.10    -30.60    -25.00   2.780     57869.0
2022  2  4 22 55 00 000    3.110   -7.540   -2.400   -470.10    -30.60    -25.00   2.760     56984.0
2022  2  4 22 56 00 000    3.220   -7.500   -2.360   -465.70    -27.60    -21.80   3.030     64890.0
2022  2  4 22 57 00 000    3.240   -7.580   -1.690   -465.80    -27.20    -20.80   3.030     65514.0
2022  2  4 22 58 00 000    3.200   -7.530   -1.650   -466.80    -19.90     -5.50   2.950     75559.0
2022  2  4 22 59 00 000    3.210   -7.430   -1.980   -466.60    -24.10    -12.20   3.070     77404.0
2022  2  4 23  0 00 000    3.190   -7.310   -2.550   -466.20    -30.30    -22.20   3.230     80160.0
2022  2  4 23  1 00 000    3.330   -7.330   -2.400   -466.20    -30.30    -22.20   3.230     80160.0
2022  2  4 23  2 00 000    3.500   -7.310   -2.260   -462.90    -28.90    -31.10   3.020     64376.0
2022  2  4 23  3 00 000    3.520   -7.140   -2.710   -462.90    -28.90    -31.10   3.020     64376.0
2022  2  4 23  4 00 000    3.370   -7.230   -2.590   -462.20    -26.50    -33.20   3.300     76805.0
2022  2  4 23  5 00 000    3.100   -7.230   -2.600   -463.40    -24.60    -33.10   3.250     75428.0
2022  2  4 23  6 00 000    3.130   -7.220   -2.540   -469.10    -15.50    -32.90   3.030     68668.0
2022  2  4 23  7 00 000    3.170   -7.010   -2.950   -469.10    -15.50    -32.90   3.030     68668.0
2022  2  4 23  8 00 000    3.450   -6.980   -2.610   -465.60    -21.90    -45.20   2.780     56576.0
2022  2  4 23  9 00 000    3.120   -7.080   -2.490   -467.00    -21.00    -38.10   2.890     62966.0
2022  2  4 23 10 00 000    3.490   -6.970   -2.250   -467.80    -20.50    -33.90   2.940     66726.0
2022  2  4 23 11 00 000    3.340   -6.910   -2.640   -463.10    -18.40    -39.20   3.520     95401.0
2022  2  4 23 12 00 000    3.330   -6.860   -2.800   -463.10    -18.40    -39.20   3.520     95401.0
2022  2  4 23 13 00 000    3.520   -6.740   -2.760   -467.20    -17.90    -39.00   3.290     83385.0
2022  2  4 23 14 00 000    3.790   -6.580   -2.630   -467.50    -17.90    -39.00   3.270     82377.0
2022  2  4 23 16 00 000    4.710   -6.350   -1.880   -453.20     -3.00    -28.60   3.570     84263.0
2022  2  4 23 17 00 000    4.190   -6.510   -2.570   -453.20     -3.00    -28.60   3.570     84263.0
2022  2  4 23 18 00 000    4.100   -6.460   -2.800   -459.30    -11.80    -41.30   3.550     85305.0
2022  2  4 23 19 00 000    4.310   -6.310   -2.830   -459.20    -11.70    -41.40   3.540     84840.0
2022  2  4 23 20 00 000    4.340   -6.180   -2.770   -458.00    -10.50    -42.70   3.340     75342.0
2022  2  4 23 21 00 000    3.600   -6.380   -2.420   -458.90    -11.00    -35.50   3.950     94904.0
2022  2  4 23 22 00 000    3.520   -6.480   -2.250   -462.30    -16.60    -34.40   3.720    106009.0
2022  2  4 23 23 00 000    3.500   -6.650   -1.930   -464.20    -14.30    -30.20   3.690    103052.0
2022  2  4 23 24 00 000    3.510   -6.360   -2.340   -464.50    -13.80    -29.50   3.690    102446.0
2022  2  4 23 25 00 000    3.540   -6.380   -2.170   -462.60    -19.90    -32.50   3.570    105253.0
2022  2  4 23 26 00 000    3.720   -6.430   -2.080   -462.60    -19.90    -32.50   3.570    105253.0
2022  2  4 23 27 00 000    4.180   -6.210   -1.690   -453.70    -10.40    -29.10   3.970    103244.0
2022  2  4 23 28 00 000    4.050   -6.450   -1.370   -453.70    -10.40    -29.10   3.970    103244.0
2022  2  4 23 29 00 000    3.900   -6.450   -1.400   -454.40     -7.80    -28.90   4.060    100363.0
2022  2  4 23 30 00 000    4.220   -6.550   -0.830   -455.60     -6.30    -22.70   3.800    101610.0
2022  2  4 23 31 00 000    4.080   -6.630   -0.720   -456.10     -6.90    -16.50   3.470    105168.0
2022  2  4 23 32 00 000    4.060   -6.530   -1.250   -454.60    -10.90    -19.70   3.570     87961.0
2022  2  4 23 33 00 000    4.090   -6.550   -1.360   -454.60    -10.90    -19.70   3.570     87961.0
2022  2  4 23 34 00 000    4.150   -6.390   -1.810   -454.70     -7.80    -29.90   3.820     91690.0
2022  2  4 23 35 00 000    4.140   -6.290   -2.050   -454.70     -7.80    -29.90   3.820     91690.0
2022  2  4 23 36 00 000    4.120   -6.510   -1.150   -455.50    -10.30    -28.00   3.690     90387.0
2022  2  4 23 37 00 000    4.150   -6.500   -1.000   -455.30     -8.20    -26.60   3.620     88816.0
2022  2  4 23 38 00 000    4.170   -6.430   -1.390   -454.70     -2.40    -23.50   3.490     85305.0
2022  2  4 23 39 00 000    4.370   -6.280   -1.280   -453.40     -6.20    -25.50   3.630     83694.0
2022  2  4 23 40 00 000    4.560   -6.100   -1.580   -453.20     -6.90    -25.80   3.660     83408.0
2022  2  4 23 41 00 000    4.450   -6.190   -1.330   -453.00     -8.40    -27.50   3.800     85846.0
2022  2  4 23 42 00 000    4.560   -6.130   -1.340   -453.00     -8.80    -27.90   3.830     86476.0
2022  2  4 23 43 00 000    4.520   -6.080   -1.370   -455.90     -6.90    -26.20   3.610     87659.0
2022  2  4 23 44 00 000    4.660   -6.040   -1.380   -456.00     -6.90    -26.20   3.610     87684.0
2022  2  4 23 45 00 000    4.110   -6.280   -1.640   -454.10    -12.80    -28.20   3.640     90107.0
2022  2  4 23 46 00 000    3.570   -6.660   -1.590   -456.20    -13.40    -27.20   3.630     91252.0
2022  2  4 23 47 00 000    3.500   -6.710   -1.490   -457.80    -10.20    -24.80   3.710     94704.0
2022  2  4 23 48 00 000    3.560   -6.590   -1.270   -457.70    -10.10    -24.80   3.710     94730.0
2022  2  4 23 50 00 000    4.300   -6.200   -1.410   -453.30     -1.90    -26.00   3.790     96558.0
2022  2  4 23 51 00 000    4.540   -5.880   -1.450   -453.30     -1.90    -26.00   3.790     96558.0
2022  2  4 23 53 00 000    4.340   -6.080   -1.580   -449.00     -2.30    -31.10   3.610     92493.0
2022  2  4 23 54 00 000    4.030   -5.920   -1.600   -449.00     -2.30    -31.10   3.610     92493.0
2022  2  4 23 55 00 000    4.110   -6.080   -1.640   -449.40     -0.20    -32.60   3.810    106846.0
2022  2  4 23 56 00 000    4.340   -6.070   -1.380   -449.40     -0.20    -32.60   3.810    106875.0
2022  2  4 23 57 00 000    4.690   -5.000   -0.780   -450.70      2.10    -28.40   4.470    133574.0
2022  2  4 23 58 00 000    4.600   -4.840   -0.290   -454.10      0.30    -27.40   4.680    142534.0
2022  2  4 23 59 00 000    4.340   -4.780   -0.240   -449.60     10.90    -27.40   4.610    136105.0
